f1,f2,f3,f4,f5,f6,f7,f8,f9,f10,f11,f12,f13,f14,f15,f16,path_spec,class
0.0017204542,-0.0021373313,0.6864137,0.53846335,0.68641585,-0.45723325,0.52317834,0.9804115816950798,0.009359162,1.9692996,-0.2974936677224288,-4765625.0,4.799433e-07,9.7884694e-08,0.90215463737949,0.0027811431964059065,/content/drive/MyDrive/N-MON/ALTRO/spectograms/HOOKED-SAWTOOTH-3-20/0.npy,HOOKED-SAWTOOTH-3-20
0.008254435,0.0136191165,0.68264496,0.52534515,0.68269485,-0.49419504,0.49999017,0.9941851794719696,-0.019647133,2.0005996,-0.38409644847876134,4550781.25,4.5188625e-07,9.010327e-08,0.8972595475394609,0.0021238037492738292,/content/drive/MyDrive/N-MON/ALTRO/spectograms/HOOKED-SAWTOOTH-3-20/1.npy,HOOKED-SAWTOOTH-3-20
-0.004467403,-0.0021231724,0.683121,0.52683765,0.6831356,-0.5178091,0.4509044,0.9687134996056557,0.020670017,1.9939098,-0.3600776742579789,-4707031.25,4.648428e-07,9.744477e-08,0.8960295600071393,0.0031831747652554523,/content/drive/MyDrive/N-MON/ALTRO/spectograms/HOOKED-SAWTOOTH-3-20/2.npy,HOOKED-SAWTOOTH-3-20
-0.0054370025,-0.0019575853,0.6763861,0.51745284,0.676408,-0.44722995,0.39844766,0.8456776216626167,0.023337608,2.0360918,-0.3688816503134965,4550781.25,4.896847e-07,9.098116e-08,0.895809439964957,0.0035955591923762823,/content/drive/MyDrive/N-MON/ALTRO/spectograms/HOOKED-SAWTOOTH-3-20/3.npy,HOOKED-SAWTOOTH-3-20
-0.004464885,-0.0021986968,0.713528,0.5683633,0.7135419,-0.746444,0.67944294,1.4258868992328644,0.006273075,1.8324902,-0.3996978818979856,-4765625.0,5.317369e-07,9.845684e-08,0.8975997847581987,0.004034718994738608,/content/drive/MyDrive/N-MON/ALTRO/spectograms/HOOKED-SAWTOOTH-3-20/4.npy,HOOKED-SAWTOOTH-3-20
0.0011841302,0.0055845985,0.681159,0.5249663,0.68116003,-0.4943985,0.46839225,0.9627907797694206,-0.010007839,2.0024414,-0.35928155695874253,4550781.25,4.362902e-07,9.1075655e-08,0.8969631935243381,0.0027071963263761004,/content/drive/MyDrive/N-MON/ALTRO/spectograms/HOOKED-SAWTOOTH-3-20/5.npy,HOOKED-SAWTOOTH-3-20
0.00026166058,0.005645138,0.6901107,0.5329852,0.6901108,-0.55484414,0.5154965,1.0703406035900116,-0.0056227925,1.9685911,-0.41472701599689377,4667968.75,4.976045e-07,9.970924e-08,0.8991257812503344,0.00476489700822322,/content/drive/MyDrive/N-MON/ALTRO/spectograms/HOOKED-SAWTOOTH-3-20/6.npy,HOOKED-SAWTOOTH-3-20
-0.004751459,-0.0025813947,0.6808516,0.52444375,0.6808681,-0.4868607,0.4604385,0.9472991898655891,0.008362449,2.006613,-0.3650695972514849,4550781.25,4.0938605e-07,9.167503e-08,0.8978033004929896,0.00249145134135681,/content/drive/MyDrive/N-MON/ALTRO/spectograms/HOOKED-SAWTOOTH-3-20/7.npy,HOOKED-SAWTOOTH-3-20
-0.006388347,-0.0020664027,0.68826705,0.5341323,0.6882967,-0.53523564,0.5038027,1.0390383079648018,0.030391483,1.9692496,-0.3659044672031949,4667968.75,5.295521e-07,9.9476026e-08,0.8977535695809391,0.002532735565835233,/content/drive/MyDrive/N-MON/ALTRO/spectograms/HOOKED-SAWTOOTH-3-20/8.npy,HOOKED-SAWTOOTH-3-20
-0.006079364,-0.0019377705,0.6793117,0.5228585,0.67933893,-0.5508357,0.40434244,0.9551781639456749,0.002375114,2.0088685,-0.32949200706125226,-2539062.5,5.1443254e-07,9.6039365e-08,0.8942389404828848,0.005419998506505486,/content/drive/MyDrive/N-MON/ALTRO/spectograms/HOOKED-SAWTOOTH-3-20/9.npy,HOOKED-SAWTOOTH-3-20
-0.00022170901,0.005766522,0.686778,0.5308229,0.686778,-0.5332777,0.48425034,1.0175280347466469,-0.0033504663,1.9775947,-0.3787873955263673,4667968.75,5.650181e-07,1.00040396e-07,0.8968421032457052,0.002649241123132482,/content/drive/MyDrive/N-MON/ALTRO/spectograms/HOOKED-SAWTOOTH-3-20/10.npy,HOOKED-SAWTOOTH-3-20
-0.0068767737,-0.00214453,0.6734838,0.5158184,0.6735189,-0.4552178,0.41390556,0.8691233694553375,0.031163594,2.0431118,-0.322647000278134,-2539062.5,5.810676e-07,9.447321e-08,0.896198237494223,0.004637456596138202,/content/drive/MyDrive/N-MON/ALTRO/spectograms/HOOKED-SAWTOOTH-3-20/11.npy,HOOKED-SAWTOOTH-3-20
-0.0038544498,0.005513712,0.68763304,0.5307241,0.6876438,-0.55881834,0.49980375,1.058622069656849,-0.0065840776,1.9783864,-0.4120914989393959,4667968.75,5.8457397e-07,1.010689e-07,0.8953800569101067,0.003636684252528782,/content/drive/MyDrive/N-MON/ALTRO/spectograms/HOOKED-SAWTOOTH-3-20/12.npy,HOOKED-SAWTOOTH-3-20
0.0016054244,-0.010119571,0.6804899,0.5245337,0.6804918,-0.44182104,0.5094038,0.9512248560786247,0.01113395,2.0049694,-0.33834347977240065,-2539062.5,5.227562e-07,9.519436e-08,0.8929375710854898,0.0031689287326175423,/content/drive/MyDrive/N-MON/ALTRO/spectograms/HOOKED-SAWTOOTH-3-20/13.npy,HOOKED-SAWTOOTH-3-20
-0.0009833765,-0.0022525543,0.67850673,0.52148354,0.67850745,-0.5043201,0.4429661,0.9472861811518669,-0.008724578,2.014229,-0.329000922350451,-3203125.0,4.633334e-07,8.702934e-08,0.8936241057299706,0.004066434430711387,/content/drive/MyDrive/N-MON/ALTRO/spectograms/HOOKED-SAWTOOTH-3-20/14.npy,HOOKED-SAWTOOTH-3-20
0.0014206142,0.005321036,0.6827429,0.5266231,0.6827444,-0.5023815,0.48581213,0.9881936609745026,0.00041478014,1.9947858,-0.37058010799427976,-3203125.0,5.460999e-07,9.3210375e-08,0.8910373179359878,0.003874596305720199,/content/drive/MyDrive/N-MON/ALTRO/spectograms/HOOKED-SAWTOOTH-3-20/15.npy,HOOKED-SAWTOOTH-3-20
0.008734266,0.005708472,0.68520516,0.5289661,0.68526083,-0.48063844,0.5389283,1.0195666700601578,-0.0061962325,1.9877567,-0.38864774393542867,4667968.75,4.8750644e-07,8.759079e-08,0.8904310235789351,0.002327908101932153,/content/drive/MyDrive/N-MON/ALTRO/spectograms/HOOKED-SAWTOOTH-3-20/16.npy,HOOKED-SAWTOOTH-3-20
0.0005467162,-0.0017921648,0.6900191,0.5339889,0.6900193,-0.5330486,0.5390805,1.0721291154623032,-0.00200208,1.9661219,-0.422283761647,-4785156.25,4.1380508e-07,8.9358764e-08,0.8885505421180493,0.003965539042077218,/content/drive/MyDrive/N-MON/ALTRO/spectograms/HOOKED-SAWTOOTH-3-20/17.npy,HOOKED-SAWTOOTH-3-20
-0.00572096,-0.010125518,0.68914557,0.5324534,0.6891693,-0.5805281,0.49177226,1.0723003521561623,0.03205458,1.9713061,-0.4139031294197243,4667968.75,5.7439365e-07,8.762041e-08,0.8916832990563736,0.0028739727838991438,/content/drive/MyDrive/N-MON/ALTRO/spectograms/HOOKED-SAWTOOTH-3-20/18.npy,HOOKED-SAWTOOTH-3-20
-0.0027557954,-0.0024289703,0.6858134,0.5290725,0.685819,-0.5219515,0.4918552,1.0138066932559013,0.013336714,1.9854251,-0.3942867339658981,-4785156.25,3.8115417e-07,8.974801e-08,0.8883047813151674,0.003674289278360612,/content/drive/MyDrive/N-MON/ALTRO/spectograms/HOOKED-SAWTOOTH-3-20/19.npy,HOOKED-SAWTOOTH-3-20
-0.0032201447,-0.009881562,0.6759778,0.5167796,0.67598546,-0.44937113,0.42758936,0.8769604861736298,0.021685863,2.0353117,-0.35798106020142406,-3203125.0,4.7790815e-07,8.734329e-08,0.8946441808019558,0.003607124305446722,/content/drive/MyDrive/N-MON/ALTRO/spectograms/HOOKED-SAWTOOTH-3-20/20.npy,HOOKED-SAWTOOTH-3-20
0.00012430287,-0.009623616,0.6809486,0.5249091,0.6809486,-0.45502558,0.52145314,0.9764787405729294,0.0059384718,2.0071926,-0.3738518444401021,4492187.5,4.49721e-07,9.040093e-08,0.8924455320277359,0.005012490094098704,/content/drive/MyDrive/N-MON/ALTRO/spectograms/HOOKED-SAWTOOTH-3-20/21.npy,HOOKED-SAWTOOTH-3-20
0.0015736065,-0.0022289932,0.7345963,0.59711844,0.73459804,-0.8713822,0.85322046,1.7246026694774628,-0.0018028852,1.736439,-0.44781255180944257,4667968.75,5.1452116e-07,1.059134e-07,0.9248301870226797,0.012433688989583884,/content/drive/MyDrive/N-MON/ALTRO/spectograms/HOOKED-SAWTOOTH-3-20/22.npy,HOOKED-SAWTOOTH-3-20
0.001024461,0.005406228,0.75574636,0.6258794,0.75574714,-0.9944819,0.9975652,1.992047131061554,0.00074638193,1.6503314,-0.5235276102095653,-2519531.25,1.949323e-06,1.2169497e-07,0.88625494416591,0.013247318554966803,/content/drive/MyDrive/N-MON/ALTRO/spectograms/HOOKED-SAWTOOTH-3-20/23.npy,HOOKED-SAWTOOTH-3-20
-0.005731921,-0.002409187,0.68980604,0.53363836,0.6898299,-0.5569608,0.4859757,1.0429365560412407,0.019135633,1.9689198,-0.41730345477402164,4667968.75,5.8317823e-07,9.8556924e-08,0.8921735820522072,0.003623529698691734,/content/drive/MyDrive/N-MON/ALTRO/spectograms/HOOKED-SAWTOOTH-3-20/24.npy,HOOKED-SAWTOOTH-3-20
0.007959201,-0.002460959,0.6732087,0.5175752,0.67325574,-0.40079433,0.4527545,0.8535488322377205,0.011612649,2.0395494,-0.3038576478492959,-2539062.5,5.0382636e-07,9.661672e-08,0.8905908271355639,0.005532382087188023,/content/drive/MyDrive/N-MON/ALTRO/spectograms/HOOKED-SAWTOOTH-3-20/25.npy,HOOKED-SAWTOOTH-3-20
-0.013017718,-0.010058304,0.6891111,0.53625125,0.689234,-0.5979941,0.5074929,1.10548697412014,0.030482033,1.9543809,-0.34363139416482913,-2656250.0,5.5159325e-07,8.9006804e-08,0.8911645993036821,0.010485575056710213,/content/drive/MyDrive/N-MON/ALTRO/spectograms/HOOKED-SAWTOOTH-3-20/26.npy,HOOKED-SAWTOOTH-3-20
0.0092855925,0.0055377893,0.6769972,0.52055347,0.67706084,-0.40072745,0.4742602,0.8749876320362091,-0.024097238,2.0284154,-0.333958101819806,-2539062.5,5.1209156e-07,9.615913e-08,0.8911949902587033,0.005493606536390217,/content/drive/MyDrive/N-MON/ALTRO/spectograms/HOOKED-SAWTOOTH-3-20/27.npy,HOOKED-SAWTOOTH-3-20
-0.0059743435,-0.0023765,0.6870663,0.5295753,0.68709224,-0.53569824,0.4703002,1.0059984400868416,0.002969452,1.9789163,-0.4149505265754404,4667968.75,6.328874e-07,9.964568e-08,0.8894203474466182,0.0030100942682028072,/content/drive/MyDrive/N-MON/ALTRO/spectograms/HOOKED-SAWTOOTH-3-20/28.npy,HOOKED-SAWTOOTH-3-20
-0.0026816346,-0.0022705707,0.6903724,0.53401065,0.6903776,-0.53560716,0.55238056,1.087987706065178,0.01766118,1.963291,-0.42655370589409813,-3203125.0,5.181553e-07,9.5180674e-08,0.8848609861198287,0.003335814252616608,/content/drive/MyDrive/N-MON/ALTRO/spectograms/HOOKED-SAWTOOTH-3-20/29.npy,HOOKED-SAWTOOTH-3-20
-0.0038552827,-0.002271997,0.72607356,0.5854117,0.7260838,-0.78352046,0.8102953,1.5938157439231873,0.020404108,1.7760552,-0.4393072166463493,4667968.75,5.6834426e-07,1.0029937e-07,0.8876282861684357,0.004820638915527712,/content/drive/MyDrive/N-MON/ALTRO/spectograms/HOOKED-SAWTOOTH-3-20/30.npy,HOOKED-SAWTOOTH-3-20
-0.0023610683,-0.0023249427,0.6866099,0.52856636,0.68661404,-0.5257624,0.49762043,1.0233828201889992,-0.0026072895,1.9906654,-0.4253462761880106,-2539062.5,5.2013854e-07,9.463133e-08,0.8847336895746654,0.002956876351690564,/content/drive/MyDrive/N-MON/ALTRO/spectograms/HOOKED-SAWTOOTH-3-20/31.npy,HOOKED-SAWTOOTH-3-20
-0.0052387877,-0.010209031,0.6878602,0.5310206,0.6878801,-0.54932886,0.5073211,1.0566500276327133,0.023423366,1.9761531,-0.4025586627181693,-3203125.0,5.8536205e-07,1.0027776e-07,0.8860319815708784,0.003844838146434892,/content/drive/MyDrive/N-MON/ALTRO/spectograms/HOOKED-SAWTOOTH-3-20/32.npy,HOOKED-SAWTOOTH-3-20
0.0024614332,0.0056327367,0.6874989,0.53069955,0.68750334,-0.52768165,0.48411122,1.0117928758263588,-0.0058012526,1.9778289,-0.39250537083897996,-2988281.25,4.475971e-07,9.434074e-08,0.8858983389756446,0.003779918472127877,/content/drive/MyDrive/N-MON/ALTRO/spectograms/HOOKED-SAWTOOTH-3-20/33.npy,HOOKED-SAWTOOTH-3-20
0.0057366793,-0.002261651,0.6883497,0.5332069,0.6883736,-0.50432,0.5523882,1.0567082315683365,0.005169866,1.9687049,-0.39114500409872754,-3203125.0,5.702435e-07,1.0027786e-07,0.8890956480261156,0.003071973762443685,/content/drive/MyDrive/N-MON/ALTRO/spectograms/HOOKED-SAWTOOTH-3-20/34.npy,HOOKED-SAWTOOTH-3-20
-0.0076498785,-0.0022498616,0.6936311,0.539518,0.6936733,-0.6528182,0.52309,1.1759081929922104,0.01785297,1.9439669,-0.4089520775432566,-4785156.25,3.8334022e-07,9.3927504e-08,0.9106206635122536,0.020851329113859125,/content/drive/MyDrive/N-MON/ALTRO/spectograms/HOOKED-SAWTOOTH-3-20/35.npy,HOOKED-SAWTOOTH-3-20
0.0017439537,0.005682403,0.6735672,0.5158837,0.67356944,-0.4317221,0.44523144,0.8769535347819328,-0.0067934366,2.0388129,-0.3163268709372594,-3378906.25,5.886625e-07,9.878209e-08,0.8898747323225674,0.0027923973160104156,/content/drive/MyDrive/N-MON/ALTRO/spectograms/HOOKED-SAWTOOTH-3-20/36.npy,HOOKED-SAWTOOTH-3-20
0.0054116365,0.009231182,0.67822975,0.5232861,0.6782513,-0.50242686,0.46239614,0.964822992682457,-0.015729107,2.0119302,-0.31104819111680826,-2988281.25,5.098352e-07,9.207473e-08,0.887916470511123,0.002965372933920368,/content/drive/MyDrive/N-MON/ALTRO/spectograms/HOOKED-SAWTOOTH-3-20/37.npy,HOOKED-SAWTOOTH-3-20
0.0074436413,0.0054637995,0.6857398,0.5280573,0.6857802,-0.45934874,0.5621866,1.0215353593230247,-0.008721083,1.9861141,-0.40433181536622975,-3378906.25,5.3812846e-07,9.8338575e-08,0.8864901984448024,0.003579970752530365,/content/drive/MyDrive/N-MON/ALTRO/spectograms/HOOKED-SAWTOOTH-3-20/38.npy,HOOKED-SAWTOOTH-3-20
0.0111010475,0.0057831686,0.675806,0.518908,0.6758972,-0.36924452,0.4745455,0.8437900170683861,-0.02028503,2.03322,-0.31871650631128123,-2656250.0,3.9604194e-07,9.634853e-08,0.8859884117582624,0.0040296596454195656,/content/drive/MyDrive/N-MON/ALTRO/spectograms/HOOKED-SAWTOOTH-3-20/39.npy,HOOKED-SAWTOOTH-3-20
-0.0056503345,-0.0023951689,0.6802185,0.5232673,0.680242,-0.48667276,0.42934036,0.9160131290555,0.013957141,2.0107532,-0.3534797829181474,-2539062.5,5.6627135e-07,9.800259e-08,0.8860626742944999,0.0028649506985486697,/content/drive/MyDrive/N-MON/ALTRO/spectograms/HOOKED-SAWTOOTH-3-20/40.npy,HOOKED-SAWTOOTH-3-20
-0.0047662905,-0.0023341079,0.67708516,0.5209022,0.6771019,-0.46511024,0.4195537,0.8846639469265938,0.016650042,2.0237424,-0.3367424025177882,-4433593.75,4.3435352e-07,9.7644914e-08,0.8893537258476147,0.00616263209822556,/content/drive/MyDrive/N-MON/ALTRO/spectograms/HOOKED-SAWTOOTH-3-20/41.npy,HOOKED-SAWTOOTH-3-20
-0.004141166,-0.0022373225,0.6754987,0.5247501,0.6755114,-0.4553931,0.44303337,0.8984264805912971,0.015144736,2.0190995,-0.2642390942906908,-3203125.0,5.606656e-07,9.760974e-08,0.8851817957339453,0.0035613455878038473,/content/drive/MyDrive/N-MON/ALTRO/spectograms/HOOKED-SAWTOOTH-3-20/42.npy,HOOKED-SAWTOOTH-3-20
0.002398838,-0.002251147,0.6778735,0.5230719,0.6778777,-0.4005856,0.43734545,0.8379310071468353,0.0020436235,2.0266533,-0.3375561970414759,-4785156.25,3.6575938e-07,9.4128154e-08,0.8970366871507106,0.017012931450249572,/content/drive/MyDrive/N-MON/ALTRO/spectograms/HOOKED-SAWTOOTH-3-20/43.npy,HOOKED-SAWTOOTH-3-20
0.003378129,-0.0021717884,0.6870174,0.5305719,0.68702567,-0.49828357,0.50550705,1.0037906393408775,-0.00035374655,1.9797589,-0.39863469141271424,-3203125.0,5.8656775e-07,9.638122e-08,0.8874150247141088,0.0028969530872979257,/content/drive/MyDrive/N-MON/ALTRO/spectograms/HOOKED-SAWTOOTH-3-20/44.npy,HOOKED-SAWTOOTH-3-20
0.0065407506,0.0056766737,0.6781622,0.5199424,0.67819375,-0.46503994,0.49000588,0.9550458267331123,-0.003718014,2.015011,-0.35375227408357557,-2539062.5,5.362669e-07,8.985593e-08,0.8935297811823066,0.004391027290120147,/content/drive/MyDrive/N-MON/ALTRO/spectograms/HOOKED-SAWTOOTH-3-20/45.npy,HOOKED-SAWTOOTH-3-20
-0.0112628145,-0.010238089,0.68866456,0.53058416,0.68875664,-0.58052826,0.45063865,1.031166896224022,0.022413794,1.9759115,-0.4309306131961669,-2539062.5,4.632311e-07,8.752862e-08,0.887387309786484,0.0026164394221583585,/content/drive/MyDrive/N-MON/ALTRO/spectograms/HOOKED-SAWTOOTH-3-20/46.npy,HOOKED-SAWTOOTH-3-20
-0.000955802,-0.0020309777,0.6894337,0.5348582,0.6894344,-0.55269015,0.5136226,1.0663127601146698,-0.0017694933,1.9617094,-0.3774375615619282,-2988281.25,4.8752605e-07,8.921228e-08,0.8879518283344489,0.004796943686704302,/content/drive/MyDrive/N-MON/ALTRO/spectograms/HOOKED-SAWTOOTH-3-20/47.npy,HOOKED-SAWTOOTH-3-20
-0.0053058756,-0.0096968915,0.6793697,0.5232408,0.6793905,-0.4940958,0.44341925,0.9375150501728058,0.026880097,2.0122952,-0.33712569158760364,-2539062.5,5.6807806e-07,9.517605e-08,0.892070468040354,0.0031005742707029865,/content/drive/MyDrive/N-MON/ALTRO/spectograms/HOOKED-SAWTOOTH-3-20/48.npy,HOOKED-SAWTOOTH-3-20
0.0024698253,-0.00976084,0.679556,0.5227052,0.6795605,-0.4394706,0.50582767,0.9452982470393181,0.02535191,2.0130146,-0.357860520718691,-3203125.0,5.03473e-07,8.8286484e-08,0.8968750748475436,0.002992803928613397,/content/drive/MyDrive/N-MON/ALTRO/spectograms/HOOKED-SAWTOOTH-3-20/49.npy,HOOKED-SAWTOOTH-3-20
0.006150944,-0.0018820586,0.68362147,0.52521616,0.6836492,-0.44143698,0.5391112,0.9805481731891632,0.007964464,1.9986835,-0.40869828451947143,-3203125.0,5.5930354e-07,9.493773e-08,0.8900474477915374,0.003383215616256176,/content/drive/MyDrive/N-MON/ALTRO/spectograms/HOOKED-SAWTOOTH-3-20/50.npy,HOOKED-SAWTOOTH-3-20
0.0047613527,0.00558512,0.6803696,0.5226145,0.68038625,-0.42611668,0.48399603,0.910112701356411,-0.012848689,2.0151205,-0.36398964107627674,-3203125.0,4.1006138e-07,8.65223e-08,0.8915709990720687,0.0033191527373647007,/content/drive/MyDrive/N-MON/ALTRO/spectograms/HOOKED-SAWTOOTH-3-20/51.npy,HOOKED-SAWTOOTH-3-20
0.0007376108,0.005890009,0.6763176,0.51830083,0.676318,-0.44133613,0.45500866,0.8963447734713554,-0.005998634,2.031595,-0.35058672880112784,-2656250.0,5.5728634e-07,9.324753e-08,0.8942496313943306,0.006248816551515016,/content/drive/MyDrive/N-MON/ALTRO/spectograms/HOOKED-SAWTOOTH-3-20/52.npy,HOOKED-SAWTOOTH-3-20
0.0050249826,-0.009571321,0.6779239,0.5199841,0.6779425,-0.41580576,0.45913208,0.8749378249049187,-6.152523e-05,2.0236697,-0.36969712404799193,-3203125.0,5.0481964e-07,1.00256045e-07,0.8965432212794027,0.0040522698817377295,/content/drive/MyDrive/N-MON/ALTRO/spectograms/HOOKED-SAWTOOTH-3-20/53.npy,HOOKED-SAWTOOTH-3-20
0.0015894298,-0.0020200647,0.67590964,0.51790285,0.6759115,-0.4316834,0.4785052,0.9101886078715324,0.011914694,2.0335734,-0.35312123538090934,-3203125.0,5.495055e-07,9.364001e-08,0.8938293542594486,0.0028308812603592627,/content/drive/MyDrive/N-MON/ALTRO/spectograms/HOOKED-SAWTOOTH-3-20/54.npy,HOOKED-SAWTOOTH-3-20
0.006154992,-0.010186315,0.6762871,0.5193696,0.6763151,-0.39497453,0.55231965,0.9472941532731056,0.017860243,2.0284958,-0.35107368083922197,-3203125.0,5.4867724e-07,9.966985e-08,0.8956956059275238,0.004000188081713694,/content/drive/MyDrive/N-MON/ALTRO/spectograms/HOOKED-SAWTOOTH-3-20/55.npy,HOOKED-SAWTOOTH-3-20
0.004997813,0.0055520292,0.68100727,0.5230299,0.6810256,-0.4416472,0.49973726,0.9413844645023346,-0.012928402,2.0100374,-0.37398924794297195,-3203125.0,5.3110574e-07,9.232391e-08,0.8936621823287642,0.003488713049347236,/content/drive/MyDrive/N-MON/ALTRO/spectograms/HOOKED-SAWTOOTH-3-20/56.npy,HOOKED-SAWTOOTH-3-20
-0.008132879,-0.009967196,0.6842676,0.52832705,0.6843159,-0.49431428,0.4586523,0.952966570854187,0.033521097,1.997287,-0.3831829772482599,-3203125.0,5.594994e-07,9.849005e-08,0.8928347641959986,0.002961907653110469,/content/drive/MyDrive/N-MON/ALTRO/spectograms/HOOKED-SAWTOOTH-3-20/57.npy,HOOKED-SAWTOOTH-3-20
-0.0030135452,-0.0020114323,0.6874848,0.5319613,0.6874914,-0.5487898,0.49017227,1.0389620661735535,0.01957378,1.9748683,-0.3887070125417448,-3203125.0,5.707442e-07,9.133805e-08,0.9039658603831733,0.016248420485705416,/content/drive/MyDrive/N-MON/ALTRO/spectograms/HOOKED-SAWTOOTH-3-20/58.npy,HOOKED-SAWTOOTH-3-20
0.0062521603,0.0054897415,0.6760822,0.5186225,0.67611116,-0.4007375,0.46056306,0.8613005578517914,-0.01584123,2.0308032,-0.3503805671760444,-3203125.0,5.4872555e-07,9.7638775e-08,0.8993581913744731,0.0023810821824270484,/content/drive/MyDrive/N-MON/ALTRO/spectograms/HOOKED-SAWTOOTH-3-20/59.npy,HOOKED-SAWTOOTH-3-20
0.004510196,-0.001987107,0.68335307,0.52730495,0.68336797,-0.46294585,0.5057387,0.9686845391988754,0.0071323286,1.9936954,-0.3559021799581502,4667968.75,4.9564653e-07,9.774428e-08,0.8973186932793134,0.002673694617404051,/content/drive/MyDrive/N-MON/ALTRO/spectograms/HOOKED-SAWTOOTH-3-20/60.npy,HOOKED-SAWTOOTH-3-20
-0.004870924,-0.010136492,0.6843166,0.5281895,0.68433386,-0.49259833,0.4449541,0.9375524073839188,0.016308956,1.9938151,-0.36968144012172577,-2539062.5,5.494422e-07,9.7951855e-08,0.8993206587300878,0.002388479267557807,/content/drive/MyDrive/N-MON/ALTRO/spectograms/HOOKED-SAWTOOTH-3-20/61.npy,HOOKED-SAWTOOTH-3-20
-0.0025756173,-0.0025057374,0.6907096,0.5367831,0.69071436,-0.5279287,0.5600223,1.0879510343074799,0.020162923,1.9545466,-0.38085852707732315,-2988281.25,5.3710477e-07,1.0120114e-07,0.9160259236674422,0.020664218304485768,/content/drive/MyDrive/N-MON/ALTRO/spectograms/HOOKED-SAWTOOTH-3-20/62.npy,HOOKED-SAWTOOTH-3-20
-0.0017312703,0.005666309,0.6769454,0.5205487,0.6769476,-0.50991,0.45487642,0.9647863954305649,0.0090384595,2.0218165,-0.33948219510716104,-3203125.0,5.7431157e-07,9.664815e-08,0.897732584251992,0.003097161731603753,/content/drive/MyDrive/N-MON/ALTRO/spectograms/HOOKED-SAWTOOTH-3-20/63.npy,HOOKED-SAWTOOTH-3-20
-0.003942777,-0.0026058787,0.6772924,0.519889,0.67730397,-0.46554193,0.43680054,0.9023424685001373,0.00071787176,2.0193558,-0.34841355542622054,-2656250.0,5.723476e-07,8.995856e-08,0.8999013688139197,0.002910061405009947,/content/drive/MyDrive/N-MON/ALTRO/spectograms/HOOKED-SAWTOOTH-3-20/64.npy,HOOKED-SAWTOOTH-3-20
0.0060695074,0.0014266521,0.68284184,0.52725023,0.68286884,-0.44976252,0.52090704,0.9706695526838303,-0.0070694042,1.9969829,-0.3631617357794338,-2539062.5,5.365547e-07,9.604672e-08,0.898232897074539,0.0030962875440815833,/content/drive/MyDrive/N-MON/ALTRO/spectograms/HOOKED-SAWTOOTH-3-20/65.npy,HOOKED-SAWTOOTH-3-20
0.004505875,-0.0024352197,0.6817425,0.5240448,0.68175733,-0.4106981,0.48971933,0.9004174098372459,0.0035173001,2.0111547,-0.37496793292802366,-2539062.5,4.824078e-07,8.830475e-08,0.8965347387187937,0.0040507033575360556,/content/drive/MyDrive/N-MON/ALTRO/spectograms/HOOKED-SAWTOOTH-3-20/66.npy,HOOKED-SAWTOOTH-3-20
-0.01137956,-0.010189225,0.6778438,0.51997536,0.6779393,-0.49461395,0.3843183,0.8789322376251221,0.026630364,2.0247524,-0.35338422754066123,-4667968.75,4.4083527e-07,8.675831e-08,0.8941807493645656,0.003016880867502174,/content/drive/MyDrive/N-MON/ALTRO/spectograms/HOOKED-SAWTOOTH-3-20/67.npy,HOOKED-SAWTOOTH-3-20
-0.008493032,-0.010184645,0.67804,0.5194778,0.67809325,-0.4945026,0.4215061,0.916008710861206,0.025883269,2.0258641,-0.37594029913470284,-3203125.0,5.229703e-07,8.756892e-08,0.8953547921257445,0.0031791481391454626,/content/drive/MyDrive/N-MON/ALTRO/spectograms/HOOKED-SAWTOOTH-3-20/68.npy,HOOKED-SAWTOOTH-3-20
-0.011141256,-0.0022698895,0.6787864,0.522416,0.67887783,-0.57253903,0.4196509,0.9921899363398552,0.02198267,2.0117545,-0.34453905942888696,4609375.0,4.7694226e-07,8.697231e-08,0.8901687020621196,0.0032225217601914214,/content/drive/MyDrive/N-MON/ALTRO/spectograms/HOOKED-SAWTOOTH-3-20/69.npy,HOOKED-SAWTOOTH-3-20
-0.009768557,-0.009597493,0.6784123,0.52025086,0.67848265,-0.5096702,0.39846173,0.9081319347023964,0.022012394,2.0294836,-0.3823431773682239,-2656250.0,4.2166877e-07,8.6984414e-08,0.8953294085049067,0.005536335814212941,/content/drive/MyDrive/N-MON/ALTRO/spectograms/HOOKED-SAWTOOTH-3-20/70.npy,HOOKED-SAWTOOTH-3-20
0.0029445859,-0.009894906,0.68287426,0.52733546,0.68288064,-0.49236125,0.54479915,1.0371603965759277,0.009177054,1.9905746,-0.36018830487065945,-2539062.5,5.977182e-07,9.589223e-08,0.888156039513837,0.004530934346284793,/content/drive/MyDrive/N-MON/ALTRO/spectograms/HOOKED-SAWTOOTH-3-20/71.npy,HOOKED-SAWTOOTH-3-20
0.0002326975,-0.0106364265,0.6810743,0.52387893,0.6810743,-0.4091455,0.5361815,0.9453269988298416,0.023738852,2.0124207,-0.37493263837301616,-4277343.75,4.0583316e-07,8.739087e-08,0.890081509863196,0.00424171060972188,/content/drive/MyDrive/N-MON/ALTRO/spectograms/HOOKED-SAWTOOTH-3-20/72.npy,HOOKED-SAWTOOTH-3-20
-0.0006680846,0.0060174046,0.68984926,0.5334346,0.68984956,-0.56624484,0.5293443,1.0955891907215118,0.0012095962,1.9630768,-0.39508655096069945,-3203125.0,6.16413e-07,9.288646e-08,0.8872788069455892,0.0030162546026400155,/content/drive/MyDrive/N-MON/ALTRO/spectograms/HOOKED-SAWTOOTH-3-20/73.npy,HOOKED-SAWTOOTH-3-20
0.0033137125,-0.0022673388,0.6901189,0.53402674,0.6901269,-0.4965444,0.5465066,1.0430509820580482,0.00014633907,1.9627206,-0.4158280151130739,-4785156.25,4.396786e-07,8.76169e-08,0.8834384626697683,0.0030633458108296845,/content/drive/MyDrive/N-MON/ALTRO/spectograms/HOOKED-SAWTOOTH-3-20/74.npy,HOOKED-SAWTOOTH-3-20
-0.0032677378,0.005991338,0.6747077,0.5183744,0.6747156,-0.48821235,0.3965963,0.8848086521029472,0.0017415705,2.0340223,-0.3232204596583782,-3203125.0,5.512951e-07,9.210262e-08,0.8827022735586495,0.0037106843799464342,/content/drive/MyDrive/N-MON/ALTRO/spectograms/HOOKED-SAWTOOTH-3-20/75.npy,HOOKED-SAWTOOTH-3-20
-0.005227453,-0.0021262527,0.67652386,0.5203401,0.676544,-0.46311218,0.4059979,0.8691100552678108,-0.00089879567,2.023591,-0.3289107385052096,-2988281.25,4.2937526e-07,8.666456e-08,0.8898187424742198,0.005971236525833341,/content/drive/MyDrive/N-MON/ALTRO/spectograms/HOOKED-SAWTOOTH-3-20/76.npy,HOOKED-SAWTOOTH-3-20
-0.00024201942,0.005405804,0.68616897,0.52908534,0.68616897,-0.4652831,0.5210154,0.9862985089421272,0.009686452,1.9853101,-0.39827399794226814,-3203125.0,5.740861e-07,9.160845e-08,0.8873548990366834,0.0028676065829108086,/content/drive/MyDrive/N-MON/ALTRO/spectograms/HOOKED-SAWTOOTH-3-20/77.npy,HOOKED-SAWTOOTH-3-20
-0.004033735,-0.0022557862,0.6791634,0.52325964,0.6791754,-0.49441504,0.41382498,0.908240020275116,0.010307773,2.0132873,-0.32941906389567255,-3203125.0,4.7359043e-07,8.697985e-08,0.8911196323984758,0.004725596627802301,/content/drive/MyDrive/N-MON/ALTRO/spectograms/HOOKED-SAWTOOTH-3-20/78.npy,HOOKED-SAWTOOTH-3-20
-0.006120979,-0.00246787,0.6778606,0.52267444,0.6778882,-0.47305208,0.47418356,0.9472356513142586,0.027061226,2.01708,-0.31499548396737265,-3203125.0,6.190567e-07,9.121264e-08,0.8912340072687163,0.004461118694176765,/content/drive/MyDrive/N-MON/ALTRO/spectograms/HOOKED-SAWTOOTH-3-20/79.npy,HOOKED-SAWTOOTH-3-20
0.008020786,0.0054493677,0.847497,0.764422,0.8475349,-0.99447715,0.9976162,1.992093339562416,-0.008553823,1.3273503,-0.840578191999649,-2480468.75,3.4267368e-06,1.5437367e-07,0.8128685093831183,0.032565721369670585,/content/drive/MyDrive/N-MON/ALTRO/spectograms/HOOKED-SAWTOOTH-3-20/80.npy,HOOKED-SAWTOOTH-3-20
0.009641334,0.0060983053,0.67944163,0.5217385,0.67951006,-0.4177369,0.5217726,0.9395094811916351,-0.01781214,2.0155673,-0.3730296515221233,-3203125.0,5.592612e-07,8.962631e-08,0.8959179696270588,0.003426221566339443,/content/drive/MyDrive/N-MON/ALTRO/spectograms/HOOKED-SAWTOOTH-3-20/81.npy,HOOKED-SAWTOOTH-3-20
0.0105475085,0.01306373,0.6739035,0.5169408,0.673986,-0.41077518,0.45258424,0.8633594214916229,-0.023693902,2.0384386,-0.32903473924474913,-2988281.25,4.622557e-07,8.673007e-08,0.8981918714542212,0.004458825715647033,/content/drive/MyDrive/N-MON/ALTRO/spectograms/HOOKED-SAWTOOTH-3-20/82.npy,HOOKED-SAWTOOTH-3-20
0.0061574434,-0.0023098623,0.680391,0.520849,0.68041885,-0.4438187,0.4663529,0.9101715981960297,0.0016931607,2.0163836,-0.40341994117122415,-2539062.5,5.208435e-07,8.971031e-08,0.8989197816832661,0.0031844771686357176,/content/drive/MyDrive/N-MON/ALTRO/spectograms/HOOKED-SAWTOOTH-3-20/83.npy,HOOKED-SAWTOOTH-3-20
0.0125361765,0.013299983,0.7087894,0.56091404,0.7089002,-0.6505375,0.71655846,1.3670959025621414,-0.029836413,1.8601527,-0.39839432873007763,-2988281.25,7.129074e-07,1.0558011e-07,0.9240247241998287,0.011420688348652066,/content/drive/MyDrive/N-MON/ALTRO/spectograms/HOOKED-SAWTOOTH-3-20/84.npy,HOOKED-SAWTOOTH-3-20
0.0036993704,-0.010319391,0.67655385,0.52142453,0.676564,-0.39299965,0.48199603,0.874995693564415,0.020121576,2.029487,-0.31584041395463924,-2539062.5,5.0323706e-07,8.94118e-08,0.8996810069272454,0.0035629929559042434,/content/drive/MyDrive/N-MON/ALTRO/spectograms/HOOKED-SAWTOOTH-3-20/85.npy,HOOKED-SAWTOOTH-3-20
0.0035994593,0.009087397,0.6787722,0.521937,0.6787818,-0.4733758,0.43686157,0.9102374017238617,-0.0136885205,2.018683,-0.3484538236774438,-2539062.5,4.4973763e-07,8.6940375e-08,0.8986213441181732,0.002254415117352782,/content/drive/MyDrive/N-MON/ALTRO/spectograms/HOOKED-SAWTOOTH-3-20/86.npy,HOOKED-SAWTOOTH-3-20
0.007625728,0.0054637655,0.6798321,0.522846,0.67987484,-0.4242029,0.5152331,0.9394359663128853,0.0041738856,2.0141954,-0.36347108718311383,-3378906.25,4.8237143e-07,8.816961e-08,0.9022166322853841,0.0025323501646247397,/content/drive/MyDrive/N-MON/ALTRO/spectograms/HOOKED-SAWTOOTH-3-20/87.npy,HOOKED-SAWTOOTH-3-20
-0.00603847,-0.0100612575,0.6848697,0.52898866,0.68489635,-0.53741276,0.4684412,1.0058539286255836,0.028641848,1.9896653,-0.3808516601990731,4609375.0,4.5109746e-07,8.679818e-08,0.8961106784558011,0.0025863708575282404,/content/drive/MyDrive/N-MON/ALTRO/spectograms/HOOKED-SAWTOOTH-3-20/88.npy,HOOKED-SAWTOOTH-3-20
0.011666019,0.0060333046,0.67654514,0.51937693,0.6766457,-0.42368582,0.4904366,0.9141224324703217,-0.018550942,2.0280714,-0.3393613414888349,-3378906.25,4.7939307e-07,8.718421e-08,0.8950604742258386,0.0036160121286533606,/content/drive/MyDrive/N-MON/ALTRO/spectograms/HOOKED-SAWTOOTH-3-20/89.npy,HOOKED-SAWTOOTH-3-20
-0.00039803743,-0.0023484426,0.68179697,0.52583873,0.6817971,-0.44965884,0.472357,0.9220158457756042,0.009472488,1.9995803,-0.33937970828939357,4609375.0,4.684036e-07,8.7144116e-08,0.8919537662134889,0.002966852575905868,/content/drive/MyDrive/N-MON/ALTRO/spectograms/HOOKED-SAWTOOTH-3-20/90.npy,HOOKED-SAWTOOTH-3-20
0.00044259263,-0.0020740973,0.7080927,0.5611978,0.7080928,-0.6738211,0.6854069,1.3592280596494675,0.005857391,1.8603338,-0.3792710393128874,-2539062.5,4.8608564e-07,9.726527e-08,0.8965853559618309,0.005999514560944311,/content/drive/MyDrive/N-MON/ALTRO/spectograms/HOOKED-SAWTOOTH-3-20/91.npy,HOOKED-SAWTOOTH-3-20
-0.007155308,-0.010146931,0.6866285,0.52961046,0.6866658,-0.54140425,0.47814056,1.0195448473095894,0.02489494,1.9788008,-0.39686081177813837,-4667968.75,4.6085643e-07,8.8632376e-08,0.8889809622433158,0.003560287443636962,/content/drive/MyDrive/N-MON/ALTRO/spectograms/HOOKED-SAWTOOTH-3-20/92.npy,HOOKED-SAWTOOTH-3-20
0.0006341693,-0.010074509,0.6879441,0.5302564,0.6879444,-0.49433425,0.5368937,1.0312279537320137,0.032237377,1.9781059,-0.41835543951266463,-3203125.0,4.0553323e-07,9.640516e-08,0.8852975760111041,0.0054955525555955365,/content/drive/MyDrive/N-MON/ALTRO/spectograms/HOOKED-SAWTOOTH-3-20/93.npy,HOOKED-SAWTOOTH-3-20
0.0071330033,0.0051966747,0.69452655,0.5450353,0.69456315,-0.5437117,0.60676694,1.150478646159172,-0.020338789,1.9206905,-0.32617056235182507,-2539062.5,5.4486605e-07,9.461222e-08,0.9171821533828373,0.01932064767471199,/content/drive/MyDrive/N-MON/ALTRO/spectograms/HOOKED-SAWTOOTH-3-20/94.npy,HOOKED-SAWTOOTH-3-20
-0.011491235,-0.010010017,0.6770639,0.5210809,0.67716134,-0.51979274,0.41182488,0.9316176250576973,0.03016392,2.019165,-0.31482427883003805,-4785156.25,4.2450603e-07,9.602462e-08,0.8893701075760738,0.008047440058242861,/content/drive/MyDrive/N-MON/ALTRO/spectograms/HOOKED-SAWTOOTH-3-20/95.npy,HOOKED-SAWTOOTH-3-20
-0.0003704815,-0.009970811,0.68401444,0.52686745,0.6840146,-0.47881746,0.49198073,0.9707981795072556,0.012332696,1.996386,-0.3957804467193783,4667968.75,4.3883117e-07,8.9337476e-08,0.8890959962590838,0.0025377566019553085,/content/drive/MyDrive/N-MON/ALTRO/spectograms/HOOKED-SAWTOOTH-3-20/96.npy,HOOKED-SAWTOOTH-3-20
-0.0041349055,-0.010185313,0.6811628,0.5262052,0.6811753,-0.47107786,0.5074309,0.9785088002681732,0.030629411,1.996964,-0.33200401043647,-4726562.5,4.5695685e-07,9.6420855e-08,0.8943306568279163,0.00544170799838756,/content/drive/MyDrive/N-MON/ALTRO/spectograms/HOOKED-SAWTOOTH-3-20/97.npy,HOOKED-SAWTOOTH-3-20
-0.009990058,-0.0025001604,0.6799641,0.5212405,0.6800375,-0.5279068,0.38032696,0.9082337394356728,0.012479586,2.0157642,-0.380827006911841,-4609375.0,4.051921e-07,9.0623814e-08,0.8918416368150289,0.002829224842711381,/content/drive/MyDrive/N-MON/ALTRO/spectograms/HOOKED-SAWTOOTH-3-20/98.npy,HOOKED-SAWTOOTH-3-20
-0.0048095654,-0.0098456405,0.71305275,0.56940013,0.7130689,-0.73855287,0.65600175,1.3945546001195908,0.014732714,1.8343949,-0.3897103075200762,4550781.25,4.8763314e-07,9.888538e-08,0.9183330902174757,0.01950741504385411,/content/drive/MyDrive/N-MON/ALTRO/spectograms/HOOKED-SAWTOOTH-3-20/99.npy,HOOKED-SAWTOOTH-3-20
-0.0024657226,-0.0020032148,0.6832277,0.52577585,0.6832322,-0.48834473,0.48815092,0.9764956682920456,0.00672047,1.9968636,-0.3864482344574923,-4765625.0,4.138769e-07,9.1314746e-08,0.8946375775926412,0.0026888891416142154,/content/drive/MyDrive/N-MON/ALTRO/spectograms/HOOKED-SAWTOOTH-3-20/100.npy,HOOKED-SAWTOOTH-3-20
0.0066272127,0.020986497,0.687926,0.5354755,0.6879579,-0.5101638,0.523065,1.0332287698984146,-0.027855136,1.9642531,-0.3430755074504629,-2988281.25,5.57137e-07,9.050238e-08,0.9086081538543251,0.012025086718026079,/content/drive/MyDrive/N-MON/ALTRO/spectograms/HOOKED-SAWTOOTH-3-20/101.npy,HOOKED-SAWTOOTH-3-20
-0.007803083,-0.010133499,0.6838005,0.52826065,0.68384504,-0.51008713,0.4762011,0.9862881973385811,0.017085163,1.996111,-0.3718019549887296,-4765625.0,4.0563282e-07,9.215934e-08,0.9010509206332737,0.0029080911011223638,/content/drive/MyDrive/N-MON/ALTRO/spectograms/HOOKED-SAWTOOTH-3-20/102.npy,HOOKED-SAWTOOTH-3-20
0.0009476752,0.0052625835,0.6797916,0.522404,0.67979234,-0.45758998,0.49159136,0.9491813704371452,-0.010170342,2.0148993,-0.3631226747166859,-3203125.0,4.8882123e-07,8.617907e-08,0.9257569105998766,0.015419212827207096,/content/drive/MyDrive/N-MON/ALTRO/spectograms/HOOKED-SAWTOOTH-3-20/103.npy,HOOKED-SAWTOOTH-3-20
0.0064889602,-0.0059121763,0.681737,0.52557456,0.681768,-0.42586643,0.49011055,0.9159769639372826,-0.005284666,2.003421,-0.354854330728685,-2656250.0,4.396589e-07,9.2859814e-08,0.8950707836867853,0.00330892502208713,/content/drive/MyDrive/N-MON/ALTRO/spectograms/HOOKED-SAWTOOTH-3-20/104.npy,HOOKED-SAWTOOTH-3-20
-0.002906922,-0.001995996,0.677218,0.5185588,0.6772242,-0.4629562,0.44320965,0.9061658531427383,0.010863466,2.0253196,-0.3633088424267853,-2539062.5,4.6051358e-07,8.687917e-08,0.8927364099351863,0.0033387017224683073,/content/drive/MyDrive/N-MON/ALTRO/spectograms/HOOKED-SAWTOOTH-3-20/105.npy,HOOKED-SAWTOOTH-3-20
-0.0013974418,-0.00185863,0.6779216,0.518535,0.67792296,-0.47833395,0.4454699,0.9238038435578346,0.01216215,2.029886,-0.38698348465171073,-2539062.5,4.1449084e-07,9.384841e-08,0.8992192077537897,0.002888287454558377,/content/drive/MyDrive/N-MON/ALTRO/spectograms/HOOKED-SAWTOOTH-3-20/106.npy,HOOKED-SAWTOOTH-3-20
0.004157987,-0.002525373,0.6778595,0.52121395,0.67787224,-0.4692156,0.49365342,0.9628690183162689,0.006927425,2.0185008,-0.3560218552844471,-2539062.5,5.659959e-07,1.0019378e-07,0.8895322303874366,0.0040129446676993655,/content/drive/MyDrive/N-MON/ALTRO/spectograms/HOOKED-SAWTOOTH-3-20/107.npy,HOOKED-SAWTOOTH-3-20
-0.0018063026,-0.0024462917,0.68187827,0.5265207,0.68188065,-0.45755526,0.4759982,0.9335534572601318,0.010080162,1.9999658,-0.34724580598980215,-2656250.0,4.29412e-07,9.457933e-08,0.8900263745076069,0.00289867643978765,/content/drive/MyDrive/N-MON/ALTRO/spectograms/HOOKED-SAWTOOTH-3-20/108.npy,HOOKED-SAWTOOTH-3-20
-0.0032289405,0.005614808,0.67334706,0.51430535,0.67335486,-0.4865132,0.3982483,0.8847614899277687,0.00077363936,2.0454926,-0.3504597148324048,4609375.0,4.5447962e-07,8.7345924e-08,0.8908458150220457,0.005707778707646546,/content/drive/MyDrive/N-MON/ALTRO/spectograms/HOOKED-SAWTOOTH-3-20/109.npy,HOOKED-SAWTOOTH-3-20
-0.0010780175,0.0052145785,0.6752364,0.5184939,0.6752373,-0.4792315,0.41535518,0.8945866748690605,0.0038677359,2.0292602,-0.32604581377823394,-2988281.25,4.027399e-07,9.4486e-08,0.8934564520409211,0.004309306864017681,/content/drive/MyDrive/N-MON/ALTRO/spectograms/HOOKED-SAWTOOTH-3-20/110.npy,HOOKED-SAWTOOTH-3-20
0.0036772527,0.005598294,0.6796045,0.5236298,0.6796144,-0.46316242,0.49969167,0.9628541022539139,-0.011832387,2.0103836,-0.3430827325280178,4609375.0,4.712246e-07,8.79841e-08,0.8916802494248159,0.004198872451448465,/content/drive/MyDrive/N-MON/ALTRO/spectograms/HOOKED-SAWTOOTH-3-20/111.npy,HOOKED-SAWTOOTH-3-20
0.0057534063,-0.0021719965,0.6842668,0.5273348,0.684291,-0.47279087,0.4919494,0.9647402614355087,-0.0009744664,1.9917386,-0.371199516213233,-3203125.0,4.0457562e-07,9.568965e-08,0.8857566215524582,0.003360205323282655,/content/drive/MyDrive/N-MON/ALTRO/spectograms/HOOKED-SAWTOOTH-3-20/112.npy,HOOKED-SAWTOOTH-3-20
0.004652994,0.005531227,0.6740013,0.51524025,0.67401737,-0.43191984,0.45083556,0.882755383849144,0.0028558625,2.0382543,-0.33179239253346726,-3203125.0,4.375657e-07,8.886087e-08,0.8924246124004745,0.002748391948647455,/content/drive/MyDrive/N-MON/ALTRO/spectograms/HOOKED-SAWTOOTH-3-20/113.npy,HOOKED-SAWTOOTH-3-20
-0.0032266602,-0.00992795,0.6836336,0.5281627,0.6836412,-0.48049498,0.48230565,0.9628006294369698,0.019235784,1.9933674,-0.35416238997597216,-4726562.5,4.692087e-07,9.624254e-08,0.8990772132587952,0.010919673000023236,/content/drive/MyDrive/N-MON/ALTRO/spectograms/HOOKED-SAWTOOTH-3-20/114.npy,HOOKED-SAWTOOTH-3-20
-0.0051199426,-0.009855508,0.6738,0.5157717,0.6738195,-0.400622,0.4432564,0.8438784405589104,0.01610636,2.0428784,-0.33587879153376676,-4765625.0,4.070552e-07,8.947998e-08,0.8955075274259238,0.00239675179825236,/content/drive/MyDrive/N-MON/ALTRO/spectograms/HOOKED-SAWTOOTH-3-20/115.npy,HOOKED-SAWTOOTH-3-20
0.00637187,-0.001906971,0.675347,0.5180989,0.675377,-0.41797304,0.46684915,0.8848221823573112,-0.007698507,2.0329573,-0.3393297644897678,-4726562.5,5.38073e-07,9.680352e-08,0.8977282565874386,0.002903597471791859,/content/drive/MyDrive/N-MON/ALTRO/spectograms/HOOKED-SAWTOOTH-3-20/116.npy,HOOKED-SAWTOOTH-3-20
-0.007269826,-0.0017887587,0.6808489,0.5234343,0.6808877,-0.49583802,0.4690114,0.9648494049906731,0.010781823,2.0090852,-0.3793697376428834,-4707031.25,3.8711806e-07,9.064731e-08,0.8966645608605635,0.004474638846168374,/content/drive/MyDrive/N-MON/ALTRO/spectograms/HOOKED-SAWTOOTH-3-20/117.npy,HOOKED-SAWTOOTH-3-20
-0.007793817,-0.0021858609,0.6775715,0.5198964,0.6776163,-0.4865519,0.3981882,0.8847401216626167,0.01753317,2.0269563,-0.36721661125461236,4609375.0,5.664547e-07,9.729217e-08,0.8970555457961147,0.0030296009839156954,/content/drive/MyDrive/N-MON/ALTRO/spectograms/HOOKED-SAWTOOTH-3-20/118.npy,HOOKED-SAWTOOTH-3-20
-0.003525821,-0.0022123782,0.6847583,0.52774984,0.68476737,-0.5197385,0.5076076,1.0273460745811462,0.016444553,1.9880134,-0.3809405675416394,-4707031.25,4.1344708e-07,9.156797e-08,0.8951537665126681,0.005091696336103674,/content/drive/MyDrive/N-MON/ALTRO/spectograms/HOOKED-SAWTOOTH-3-20/119.npy,HOOKED-SAWTOOTH-3-20
0.012561039,0.005834004,0.67797863,0.52093434,0.678095,-0.41817045,0.5212961,0.9394665285944939,-0.018823162,2.0212774,-0.3559211160819241,-3203125.0,4.811089e-07,8.690983e-08,0.898287485223888,0.003335597405959221,/content/drive/MyDrive/N-MON/ALTRO/spectograms/HOOKED-SAWTOOTH-3-20/120.npy,HOOKED-SAWTOOTH-3-20
-0.0014930873,-0.0022168392,0.6847502,0.52843046,0.6847518,-0.48277456,0.50546634,0.9882408678531647,-0.002038632,1.9900916,-0.3698740752175783,-4707031.25,4.2119098e-07,9.218e-08,0.8885180463531659,0.0036918264451300305,/content/drive/MyDrive/N-MON/ALTRO/spectograms/HOOKED-SAWTOOTH-3-20/121.npy,HOOKED-SAWTOOTH-3-20
0.0038068094,-0.0024424305,0.67403495,0.51732737,0.67404574,-0.40489948,0.4661926,0.8710920885205269,0.005114885,2.033462,-0.3114811978602924,4609375.0,4.853549e-07,8.6903654e-08,0.8948314770119609,0.002757710487918913,/content/drive/MyDrive/N-MON/ALTRO/spectograms/HOOKED-SAWTOOTH-3-20/122.npy,HOOKED-SAWTOOTH-3-20
0.003155772,-0.0022160471,0.6777055,0.52070135,0.67771286,-0.42025363,0.4743821,0.8946357518434525,0.0033731745,2.017593,-0.33573881142584405,-2539062.5,3.6043141e-07,9.2823896e-08,0.892879683194445,0.004574787117485883,/content/drive/MyDrive/N-MON/ALTRO/spectograms/HOOKED-SAWTOOTH-3-20/123.npy,HOOKED-SAWTOOTH-3-20
0.0046658893,-0.0023208852,0.6727373,0.51589954,0.67275345,-0.43014723,0.45850635,0.8886535689234734,0.000703432,2.0427265,-0.2930065281182489,-4609375.0,4.4560363e-07,8.744095e-08,0.8885430480435585,0.0027721468386243944,/content/drive/MyDrive/N-MON/ALTRO/spectograms/HOOKED-SAWTOOTH-3-20/124.npy,HOOKED-SAWTOOTH-3-20
-0.0066875815,-0.010225419,0.6782279,0.5207707,0.67826086,-0.5024012,0.45069844,0.9530996009707451,0.030036237,2.0186393,-0.3488482645168195,-3203125.0,5.1409353e-07,8.797577e-08,0.890669964098052,0.005873997442740969,/content/drive/MyDrive/N-MON/ALTRO/spectograms/HOOKED-SAWTOOTH-3-20/125.npy,HOOKED-SAWTOOTH-3-20
-0.006246166,-0.0021671166,0.6764038,0.51915723,0.67643267,-0.49626222,0.43532708,0.9315893054008484,0.004708222,2.0227702,-0.33520518373090014,4667968.75,4.4191657e-07,8.693549e-08,0.8904879612153268,0.003625769031505239,/content/drive/MyDrive/N-MON/ALTRO/spectograms/HOOKED-SAWTOOTH-3-20/126.npy,HOOKED-SAWTOOTH-3-20
4.9778937e-05,-0.0019800577,0.69003606,0.534416,0.69003606,-0.5487809,0.52933264,1.0781135708093643,0.0029514236,1.9648402,-0.40967279553982305,-2988281.25,4.5460084e-07,9.4380866e-08,0.889234390495396,0.002314224047654642,/content/drive/MyDrive/N-MON/ALTRO/spectograms/HOOKED-SAWTOOTH-3-20/127.npy,HOOKED-SAWTOOTH-3-20
0.012498058,0.02145803,0.6821473,0.52744406,0.6822618,-0.41795236,0.47650614,0.8944585174322128,-0.033934217,2.0025215,-0.344013363869503,4667968.75,4.303046e-07,8.784363e-08,0.8950668223922232,0.0031282934739373797,/content/drive/MyDrive/N-MON/ALTRO/spectograms/HOOKED-SAWTOOTH-3-20/128.npy,HOOKED-SAWTOOTH-3-20
-0.0069302977,-0.0022158772,0.68183357,0.52617824,0.6818688,-0.5412428,0.48417532,1.025418110191822,0.012377813,1.9947636,-0.3465410041632434,4550781.25,4.7161055e-07,8.688423e-08,0.8953973944574012,0.0027456347098088934,/content/drive/MyDrive/N-MON/ALTRO/spectograms/HOOKED-SAWTOOTH-3-20/129.npy,HOOKED-SAWTOOTH-3-20
0.007940651,0.0057321116,0.68009317,0.52447975,0.68013954,-0.4414803,0.5213149,0.9627952128648758,-0.0076785013,2.0072303,-0.3338857528132487,-2656250.0,4.2708547e-07,8.836575e-08,0.89624011520474,0.002223322091109831,/content/drive/MyDrive/N-MON/ALTRO/spectograms/HOOKED-SAWTOOTH-3-20/130.npy,HOOKED-SAWTOOTH-3-20
0.00252389,-0.002307857,0.6757782,0.51844776,0.6757829,-0.428048,0.4527997,0.8808477446436882,0.004326169,2.0312123,-0.34958750198947464,-4667968.75,5.3677434e-07,8.645253e-08,0.8985630962610777,0.0024578365366965927,/content/drive/MyDrive/N-MON/ALTRO/spectograms/HOOKED-SAWTOOTH-3-20/131.npy,HOOKED-SAWTOOTH-3-20
0.0017603984,-0.0018972531,0.6796917,0.5216371,0.679694,-0.43160468,0.4845046,0.9161093011498451,0.02112538,2.0176947,-0.3771254803003129,-4707031.25,3.7949928e-07,8.851689e-08,0.8942757925629801,0.0039026131198726635,/content/drive/MyDrive/N-MON/ALTRO/spectograms/HOOKED-SAWTOOTH-3-20/132.npy,HOOKED-SAWTOOTH-3-20
0.0046279957,0.005435055,0.6759855,0.51659834,0.67600137,-0.39497635,0.4586199,0.8535962179303169,-0.010056347,2.041773,-0.37145899130182525,4609375.0,4.9619075e-07,8.379174e-08,0.9227626401240022,0.01869837003939473,/content/drive/MyDrive/N-MON/ALTRO/spectograms/HOOKED-SAWTOOTH-3-20/133.npy,HOOKED-SAWTOOTH-3-20
-0.001864295,0.0055706375,0.6743218,0.51757795,0.6743244,-0.44749093,0.4372449,0.8847358524799347,0.008735053,2.034065,-0.33163669389007133,-3378906.25,3.606046e-07,8.9113676e-08,0.8960016213951711,0.002840419294062561,/content/drive/MyDrive/N-MON/ALTRO/spectograms/HOOKED-SAWTOOTH-3-20/134.npy,HOOKED-SAWTOOTH-3-20
-0.0014952776,0.005229353,0.68129456,0.5241536,0.6812962,-0.5103824,0.42126507,0.9316474795341492,0.0027888592,2.0049357,-0.3644454074203961,4609375.0,5.6733967e-07,9.6522655e-08,0.8848433470347665,0.0029712668116705734,/content/drive/MyDrive/N-MON/ALTRO/spectograms/HOOKED-SAWTOOTH-3-20/135.npy,HOOKED-SAWTOOTH-3-20
-0.001972868,-0.0025409618,0.6895474,0.53391665,0.6895502,-0.52783847,0.5306819,1.0585204064846039,0.01528946,1.9678036,-0.404269682273137,-2656250.0,3.6340523e-07,9.018535e-08,0.8855486163662913,0.003284563167353082,/content/drive/MyDrive/N-MON/ALTRO/spectograms/HOOKED-SAWTOOTH-3-20/136.npy,HOOKED-SAWTOOTH-3-20
0.0002507482,-0.002268302,0.68095416,0.5226394,0.6809542,-0.48672247,0.48195052,0.968673013150692,-0.0054253824,2.0082414,-0.3777983693540029,4609375.0,5.914207e-07,9.656395e-08,0.8855476083688072,0.003051183388066507,/content/drive/MyDrive/N-MON/ALTRO/spectograms/HOOKED-SAWTOOTH-3-20/137.npy,HOOKED-SAWTOOTH-3-20
-0.004549819,-0.0022421703,0.6764905,0.5217151,0.6765058,-0.48664343,0.4527818,0.9394252151250839,0.013411924,2.020271,-0.3085068437404309,-2539062.5,3.7288498e-07,9.092204e-08,0.8910298003277817,0.002669811318732295,/content/drive/MyDrive/N-MON/ALTRO/spectograms/HOOKED-SAWTOOTH-3-20/138.npy,HOOKED-SAWTOOTH-3-20
-0.0033787594,0.0057189623,0.68720776,0.5307861,0.6872161,-0.54895616,0.47635856,1.0253147035837173,-0.0016183889,1.9780853,-0.3957667936146071,-3203125.0,4.322565e-07,8.646556e-08,0.893613270022384,0.002833863147445774,/content/drive/MyDrive/N-MON/ALTRO/spectograms/HOOKED-SAWTOOTH-3-20/139.npy,HOOKED-SAWTOOTH-3-20
-0.0022428737,0.005451645,0.6760788,0.5200482,0.6760825,-0.4807968,0.46654236,0.9473391473293304,0.007180073,2.021822,-0.33084413869382623,-4726562.5,4.1820292e-07,9.193876e-08,0.8960018979146374,0.003480691132891902,/content/drive/MyDrive/N-MON/ALTRO/spectograms/HOOKED-SAWTOOTH-3-20/140.npy,HOOKED-SAWTOOTH-3-20
-0.0047383965,0.005538012,0.6785783,0.52217287,0.6785949,-0.4551986,0.44499096,0.9001895487308502,0.006261161,2.0162683,-0.33911625639041276,-2539062.5,4.6411037e-07,8.701745e-08,0.8970872052232428,0.0036631134721566766,/content/drive/MyDrive/N-MON/ALTRO/spectograms/HOOKED-SAWTOOTH-3-20/141.npy,HOOKED-SAWTOOTH-3-20
-0.0012433563,-0.0023860259,0.6809114,0.5248528,0.6809125,-0.46317318,0.46454355,0.9277167171239853,0.01883866,2.0071285,-0.36122609944189865,4550781.25,4.2578714e-07,9.243308e-08,0.8973843864287054,0.0029054876340818795,/content/drive/MyDrive/N-MON/ALTRO/spectograms/HOOKED-SAWTOOTH-3-20/142.npy,HOOKED-SAWTOOTH-3-20
0.001501699,-0.009735897,0.7180648,0.5740613,0.7180664,-0.7050261,0.77348876,1.4785148650407791,0.022799198,1.8115968,-0.4133802564423644,-2988281.25,5.213323e-07,9.951715e-08,0.9031264703682913,0.0050356066936936535,/content/drive/MyDrive/N-MON/ALTRO/spectograms/HOOKED-SAWTOOTH-3-20/143.npy,HOOKED-SAWTOOTH-3-20
-0.000375391,0.005840578,0.678749,0.52148587,0.6787492,-0.45117635,0.43757224,0.8887485638260841,-0.0033644182,2.0220623,-0.36080734184678953,-4667968.75,4.4881142e-07,9.318825e-08,0.8977056484360812,0.0025462302980880304,/content/drive/MyDrive/N-MON/ALTRO/spectograms/HOOKED-SAWTOOTH-3-20/144.npy,HOOKED-SAWTOOTH-3-20
0.0018758912,-0.0020694898,0.6838599,0.5251482,0.68386245,-0.46312037,0.5154473,0.9785676822066307,0.0033423107,1.9996679,-0.4161317073640759,-3378906.25,4.847945e-07,1.00042e-07,0.88790801837148,0.003602387890341881,/content/drive/MyDrive/N-MON/ALTRO/spectograms/HOOKED-SAWTOOTH-3-20/145.npy,HOOKED-SAWTOOTH-3-20
-0.0003468313,0.0057636993,0.68030727,0.5227142,0.6803073,-0.4882892,0.45896605,0.9472552463412285,0.00032379988,2.0078368,-0.3571466022391122,-3203125.0,4.8568745e-07,9.424119e-08,0.8916342865583928,0.0024598070980211863,/content/drive/MyDrive/N-MON/ALTRO/spectograms/HOOKED-SAWTOOTH-3-20/146.npy,HOOKED-SAWTOOTH-3-20
-0.0008771639,-0.010018185,0.68825793,0.5316301,0.68825847,-0.5490857,0.53675413,1.0858398228883743,0.02204314,1.9707319,-0.39324667526700285,-2656250.0,4.9752714e-07,1.0068929e-07,0.8854639744192518,0.003231465309057297,/content/drive/MyDrive/N-MON/ALTRO/spectograms/HOOKED-SAWTOOTH-3-20/147.npy,HOOKED-SAWTOOTH-3-20
-0.00538873,0.0059467903,0.67193764,0.5135644,0.6719593,-0.4863469,0.38292897,0.869275838136673,-0.009011328,2.0510979,-0.33511720232431685,-2988281.25,5.1148515e-07,9.2316995e-08,0.8922152986606571,0.008192279870869928,/content/drive/MyDrive/N-MON/ALTRO/spectograms/HOOKED-SAWTOOTH-3-20/148.npy,HOOKED-SAWTOOTH-3-20
-0.004659011,-0.0022326845,0.6734983,0.5162116,0.67351437,-0.47092447,0.40406427,0.8749887347221375,0.03242737,2.0403,-0.32223316129637347,-3203125.0,5.104984e-07,9.906253e-08,0.8948494262847113,0.003543748350199348,/content/drive/MyDrive/N-MON/ALTRO/spectograms/HOOKED-SAWTOOTH-3-20/149.npy,HOOKED-SAWTOOTH-3-20
-0.002751196,-0.002361716,0.68236053,0.5258267,0.6823661,-0.502424,0.45279193,0.9552159234881401,0.0019557055,2.002068,-0.3682031631688628,-3203125.0,4.7610226e-07,9.5896226e-08,0.8927055253196428,0.005219378955538921,/content/drive/MyDrive/N-MON/ALTRO/spectograms/HOOKED-SAWTOOTH-3-20/150.npy,HOOKED-SAWTOOTH-3-20
-0.011430931,-0.010211628,0.6754952,0.51806116,0.67559195,-0.52191997,0.42141104,0.9433310180902481,0.020750076,2.0300686,-0.33413031979830443,-2539062.5,5.8877566e-07,9.865684e-08,0.8986729939088951,0.0028581773029294193,/content/drive/MyDrive/N-MON/ALTRO/spectograms/HOOKED-SAWTOOTH-3-20/151.npy,HOOKED-SAWTOOTH-3-20
0.0007140615,-0.0019334108,0.6830962,0.52694297,0.6830965,-0.47468325,0.5371557,1.0118389651179314,0.012105619,1.9925317,-0.35384208628402025,-4765625.0,4.3612067e-07,9.618161e-08,0.9004881013361191,0.005003539201266689,/content/drive/MyDrive/N-MON/ALTRO/spectograms/HOOKED-SAWTOOTH-3-20/152.npy,HOOKED-SAWTOOTH-3-20
-0.00045601846,-0.0020989138,0.6751817,0.51448476,0.6751818,-0.4415569,0.39625168,0.8378085792064667,-0.00525996,2.0496156,-0.4016536665849718,4550781.25,4.3067058e-07,8.609037e-08,0.9195201221809474,0.01842878299546177,/content/drive/MyDrive/N-MON/ALTRO/spectograms/HOOKED-SAWTOOTH-3-20/153.npy,HOOKED-SAWTOOTH-3-20
0.004807515,-0.0022123007,0.6750592,0.5194745,0.6750763,-0.410474,0.49002433,0.9004983231425285,0.008224811,2.0309343,-0.31007991788708644,-3378906.25,4.440887e-07,9.652126e-08,0.8982500537799649,0.004579766279706461,/content/drive/MyDrive/N-MON/ALTRO/spectograms/HOOKED-SAWTOOTH-3-20/154.npy,HOOKED-SAWTOOTH-3-20
-0.0022946002,-0.0022706774,0.6841607,0.52809215,0.6841645,-0.5178126,0.5153693,1.03318190574646,0.014566698,1.992996,-0.386789430570846,4609375.0,4.7258234e-07,8.996271e-08,0.889445823524158,0.0029961778746717977,/content/drive/MyDrive/N-MON/ALTRO/spectograms/HOOKED-SAWTOOTH-3-20/155.npy,HOOKED-SAWTOOTH-3-20
0.0053237826,-0.0025804273,0.6744634,0.51653874,0.67448443,-0.42640227,0.48179048,0.9081927537918091,-0.00042849744,2.0353332,-0.3321407262877464,4492187.5,4.3813577e-07,9.735082e-08,0.8905267947429905,0.005830984627933766,/content/drive/MyDrive/N-MON/ALTRO/spectograms/HOOKED-SAWTOOTH-3-20/156.npy,HOOKED-SAWTOOTH-3-20
0.004723918,-0.0027316217,0.6843273,0.52738005,0.68434364,-0.4792275,0.52274233,1.0019698590040207,0.008972943,1.993188,-0.3927154253441235,-4824218.75,4.59079e-07,9.132067e-08,0.8865402653969239,0.003127171030912644,/content/drive/MyDrive/N-MON/ALTRO/spectograms/HOOKED-SAWTOOTH-3-20/157.npy,HOOKED-SAWTOOTH-3-20
0.00070310733,-0.0020666902,0.677818,0.52143276,0.67781836,-0.4474204,0.43741223,0.8848326206207275,-0.0015185217,2.0197673,-0.33430625693077787,4550781.25,4.4283328e-07,9.791795e-08,0.8902280746879392,0.0044656969445465875,/content/drive/MyDrive/N-MON/ALTRO/spectograms/HOOKED-SAWTOOTH-3-20/158.npy,HOOKED-SAWTOOTH-3-20
0.004901663,-0.0020420842,0.68212163,0.52588856,0.6821392,-0.44921684,0.5136162,0.9628330245614052,-0.002087977,2.0002787,-0.35768396530954594,4667968.75,4.538826e-07,9.261703e-08,0.8944407889205812,0.002247926761776737,/content/drive/MyDrive/N-MON/ALTRO/spectograms/HOOKED-SAWTOOTH-3-20/159.npy,HOOKED-SAWTOOTH-3-20
-0.0019144273,-0.017446106,0.6824725,0.5256679,0.6824752,-0.46281147,0.51559275,0.978404238820076,0.025928361,2.0028958,-0.3865961647988919,4550781.25,5.5706056e-07,9.893925e-08,0.8977221258787419,0.003746214420310259,/content/drive/MyDrive/N-MON/ALTRO/spectograms/HOOKED-SAWTOOTH-3-20/160.npy,HOOKED-SAWTOOTH-3-20
-0.003969826,-0.009723447,0.6780883,0.5213035,0.67809993,-0.5176109,0.41982827,0.9374391660094261,0.00044664054,2.0179954,-0.3294895122354352,-4765625.0,3.9725023e-07,9.2376425e-08,0.8955209356361348,0.0029897120909752133,/content/drive/MyDrive/N-MON/ALTRO/spectograms/HOOKED-SAWTOOTH-3-20/161.npy,HOOKED-SAWTOOTH-3-20
0.003976272,-0.0022922438,0.6779743,0.52126634,0.6779859,-0.42414486,0.47621295,0.90035779774189,0.0018707686,2.0226734,-0.35163735264913953,4609375.0,6.016085e-07,9.833869e-08,0.897110402538318,0.0026446072535035807,/content/drive/MyDrive/N-MON/ALTRO/spectograms/HOOKED-SAWTOOTH-3-20/162.npy,HOOKED-SAWTOOTH-3-20
0.0073245782,-0.0020250233,0.6811534,0.5256066,0.6811928,-0.4728431,0.49198467,0.9648277685046196,2.5182078e-05,2.0010064,-0.34141930597287307,-3378906.25,4.054185e-07,9.346129e-08,0.8935041483724774,0.003256898740984492,/content/drive/MyDrive/N-MON/ALTRO/spectograms/HOOKED-SAWTOOTH-3-20/163.npy,HOOKED-SAWTOOTH-3-20
0.005550954,-0.0021631387,0.6767279,0.5195951,0.67675066,-0.42599764,0.50175995,0.9277575835585594,0.0023207502,2.021818,-0.34506394615612657,4609375.0,5.7184616e-07,9.9924776e-08,0.8898888615687897,0.0035870858350813377,/content/drive/MyDrive/N-MON/ALTRO/spectograms/HOOKED-SAWTOOTH-3-20/164.npy,HOOKED-SAWTOOTH-3-20
-0.005167288,-0.0021076265,0.6762292,0.51898867,0.67624897,-0.49422193,0.427669,0.9218909069895744,0.02388349,2.0233216,-0.3168092401619821,-3203125.0,4.2424017e-07,9.4185644e-08,0.893811730859998,0.005823140501973107,/content/drive/MyDrive/N-MON/ALTRO/spectograms/HOOKED-SAWTOOTH-3-20/165.npy,HOOKED-SAWTOOTH-3-20
-0.013226102,-0.0023119214,0.6824859,0.5262399,0.68261397,-0.58817697,0.41379273,1.00196972489357,0.020935206,2.0045736,-0.3840153410947923,4667968.75,4.6741144e-07,8.7934325e-08,0.8856281536644284,0.005037916341816307,/content/drive/MyDrive/N-MON/ALTRO/spectograms/HOOKED-SAWTOOTH-3-20/166.npy,HOOKED-SAWTOOTH-3-20
-0.0048916503,-0.002198269,0.67493576,0.5180054,0.67495346,-0.46902576,0.42162824,0.8906539976596832,0.005063328,2.0316372,-0.32123009905978617,-2539062.5,3.9260797e-07,9.4762875e-08,0.8902786195632324,0.00740960594048899,/content/drive/MyDrive/N-MON/ALTRO/spectograms/HOOKED-SAWTOOTH-3-20/167.npy,HOOKED-SAWTOOTH-3-20
0.0015105848,0.0055957492,0.68022394,0.5234165,0.6802256,-0.43959188,0.47638202,0.9159738942980766,-0.012612104,2.008871,-0.3399324520309045,4667968.75,5.599767e-07,9.987545e-08,0.8961218994402794,0.003550321523977818,/content/drive/MyDrive/N-MON/ALTRO/spectograms/HOOKED-SAWTOOTH-3-20/168.npy,HOOKED-SAWTOOTH-3-20
0.0010838878,-0.009692003,0.6826934,0.5271615,0.6826943,-0.43158558,0.48238927,0.9139748364686966,0.014476468,2.00086,-0.3590787889790096,-3203125.0,4.4102543e-07,9.554587e-08,0.8987929451927503,0.002594223167817695,/content/drive/MyDrive/N-MON/ALTRO/spectograms/HOOKED-SAWTOOTH-3-20/169.npy,HOOKED-SAWTOOTH-3-20
0.005903211,0.0053497083,0.6773843,0.52161294,0.67741007,-0.41052467,0.46635944,0.8768841028213501,-0.009650829,2.023167,-0.3177657840449736,-2656250.0,5.7236747e-07,9.8775956e-08,0.898793233854922,0.003095616310411111,/content/drive/MyDrive/N-MON/ALTRO/spectograms/HOOKED-SAWTOOTH-3-20/170.npy,HOOKED-SAWTOOTH-3-20
0.00643614,0.005608325,0.68606216,0.531123,0.6860923,-0.46507058,0.50745845,0.9725290462374687,-0.013033739,1.9869918,-0.3713339083476158,-4667968.75,5.858023e-07,9.64678e-08,0.8974710454203423,0.0022693647836478925,/content/drive/MyDrive/N-MON/ALTRO/spectograms/HOOKED-SAWTOOTH-3-20/171.npy,HOOKED-SAWTOOTH-3-20
-0.003303815,-0.0020609952,0.6845843,0.5276884,0.6845923,-0.54113376,0.46877623,1.0099100172519684,-0.0055523724,1.9884162,-0.3674873011640162,-4707031.25,3.8104903e-07,9.0203116e-08,0.8905486021519912,0.004195272587147902,/content/drive/MyDrive/N-MON/ALTRO/spectograms/HOOKED-SAWTOOTH-3-20/172.npy,HOOKED-SAWTOOTH-3-20
0.004893261,0.0048396513,0.6811921,0.5235338,0.68120974,-0.44243556,0.5224792,0.9649147614836693,-8.09687e-05,2.003801,-0.35957464757518764,4609375.0,5.5700025e-07,9.688969e-08,0.887260649131815,0.002888874319754375,/content/drive/MyDrive/N-MON/ALTRO/spectograms/HOOKED-SAWTOOTH-3-20/173.npy,HOOKED-SAWTOOTH-3-20
0.0059227888,-0.0019127268,0.6860159,0.52963966,0.68604153,-0.4628173,0.5176658,0.9804831221699715,-0.009561618,1.9851141,-0.38997054136081133,-2656250.0,3.6306727e-07,9.0825445e-08,0.8855641598470563,0.0030491400305927,/content/drive/MyDrive/N-MON/ALTRO/spectograms/HOOKED-SAWTOOTH-3-20/174.npy,HOOKED-SAWTOOTH-3-20
0.0043480173,0.0055838693,0.68065345,0.5214463,0.68066734,-0.47691274,0.44503772,0.9219504594802856,-0.012930435,2.0140262,-0.3964120625694917,4667968.75,5.320975e-07,9.703807e-08,0.8878546302487955,0.0027009339816188595,/content/drive/MyDrive/N-MON/ALTRO/spectograms/HOOKED-SAWTOOTH-3-20/175.npy,HOOKED-SAWTOOTH-3-20
0.0056615085,-0.0022137612,0.6849224,0.5270811,0.6849458,-0.47093922,0.52319586,0.9941350743174553,0.0059899753,1.9941453,-0.41375587942149494,-3203125.0,3.7647547e-07,9.087944e-08,0.891194426562147,0.0032016938899293466,/content/drive/MyDrive/N-MON/ALTRO/spectograms/HOOKED-SAWTOOTH-3-20/176.npy,HOOKED-SAWTOOTH-3-20
-0.006567103,-0.0023629921,0.68261933,0.5265892,0.682651,-0.54338145,0.4429008,0.9862822741270065,0.025005711,1.9957855,-0.34568900593018814,-4765625.0,4.990464e-07,9.921461e-08,0.8964228515897692,0.004032929461356907,/content/drive/MyDrive/N-MON/ALTRO/spectograms/HOOKED-SAWTOOTH-3-20/177.npy,HOOKED-SAWTOOTH-3-20
0.0044992412,0.0055444427,0.67713237,0.5209347,0.6771474,-0.44758934,0.46839535,0.9159846901893616,-0.0076174955,2.021505,-0.33031566907330057,4550781.25,5.021316e-07,9.168411e-08,0.8996512351654451,0.003115519885299173,/content/drive/MyDrive/N-MON/ALTRO/spectograms/HOOKED-SAWTOOTH-3-20/178.npy,HOOKED-SAWTOOTH-3-20
0.0040994184,-0.0021164075,0.7242903,0.585375,0.72430193,-0.76774734,0.81239736,1.5801447182893753,0.004466517,1.7752746,-0.37743636757060195,-2988281.25,5.7625016e-07,1.03345684e-07,0.9250841006124918,0.010564980602528775,/content/drive/MyDrive/N-MON/ALTRO/spectograms/HOOKED-SAWTOOTH-3-20/179.npy,HOOKED-SAWTOOTH-3-20
-0.0011027603,-0.009915285,0.6744656,0.51628923,0.6744665,-0.39274654,0.4607146,0.8534611612558365,0.002960825,2.040759,-0.33783001300968796,4609375.0,4.740887e-07,9.2003965e-08,0.8979258927137186,0.0025761036759087193,/content/drive/MyDrive/N-MON/ALTRO/spectograms/HOOKED-SAWTOOTH-3-20/180.npy,HOOKED-SAWTOOTH-3-20
-0.0029944514,-0.010153463,0.68165,0.52737194,0.68165654,-0.43391496,0.53867126,0.9725862219929695,0.035300888,1.996714,-0.3268013767399963,-2656250.0,3.9734465e-07,8.690852e-08,0.8907440711396186,0.002835978047203268,/content/drive/MyDrive/N-MON/ALTRO/spectograms/HOOKED-SAWTOOTH-3-20/181.npy,HOOKED-SAWTOOTH-3-20
-0.005130464,-0.0025356705,0.68351376,0.5272409,0.683533,-0.5200892,0.46819752,0.9882867187261581,0.01272033,1.9935788,-0.3648980573527717,4667968.75,4.632919e-07,9.363088e-08,0.8819324802252764,0.003661239324186782,/content/drive/MyDrive/N-MON/ALTRO/spectograms/HOOKED-SAWTOOTH-3-20/182.npy,HOOKED-SAWTOOTH-3-20
-0.01156447,-0.010088999,0.67662776,0.5188426,0.6767266,-0.5355253,0.4215679,0.9570931866765022,0.02250987,2.0242174,-0.34158358033417546,-3203125.0,3.6724393e-07,8.693604e-08,0.8947984328228389,0.003362523718499896,/content/drive/MyDrive/N-MON/ALTRO/spectograms/HOOKED-SAWTOOTH-3-20/183.npy,HOOKED-SAWTOOTH-3-20
-0.006514056,-0.009564091,0.67461604,0.5170217,0.6746475,-0.4646526,0.3909474,0.855600006878376,0.02438777,2.040574,-0.33472691336081273,-2988281.25,4.3967108e-07,9.3860336e-08,0.893512846709537,0.003295279764311729,/content/drive/MyDrive/N-MON/ALTRO/spectograms/HOOKED-SAWTOOTH-3-20/184.npy,HOOKED-SAWTOOTH-3-20
0.010720496,-0.0020304872,0.6753599,0.51911134,0.6754451,-0.40839398,0.52919763,0.937591627240181,0.0059466083,2.026475,-0.3213141786752597,4550781.25,5.6426785e-07,9.983065e-08,0.8976864168398557,0.0027590476400030256,/content/drive/MyDrive/N-MON/ALTRO/spectograms/HOOKED-SAWTOOTH-3-20/185.npy,HOOKED-SAWTOOTH-3-20
-0.003973793,0.0054419693,0.6769574,0.5191886,0.6769691,-0.45934314,0.44296685,0.9023099839687347,0.01094001,2.0234237,-0.3449124160805469,-3378906.25,4.4421162e-07,9.4677915e-08,0.9024063559730686,0.002673614417638213,/content/drive/MyDrive/N-MON/ALTRO/spectograms/HOOKED-SAWTOOTH-3-20/186.npy,HOOKED-SAWTOOTH-3-20
0.008568184,0.0058208285,0.67572546,0.5163742,0.67577976,-0.41800562,0.49209803,0.9101036489009857,-0.0029842837,2.0312521,-0.3532516033473777,-2539062.5,5.7736713e-07,9.905901e-08,0.8957860912865023,0.004057067558954079,/content/drive/MyDrive/N-MON/ALTRO/spectograms/HOOKED-SAWTOOTH-3-20/187.npy,HOOKED-SAWTOOTH-3-20
0.0035726575,-0.006219274,0.68494534,0.5276804,0.6849547,-0.45548606,0.53091246,0.9863985478878021,0.01516888,1.9946849,-0.41392125297750415,-2656250.0,5.461504e-07,9.254585e-08,0.8889478874912897,0.0027212084597583604,/content/drive/MyDrive/N-MON/ALTRO/spectograms/HOOKED-SAWTOOTH-3-20/188.npy,HOOKED-SAWTOOTH-3-20
0.0040910644,-0.0023010997,0.6796774,0.52336514,0.67968976,-0.4182986,0.4918313,0.9101298972964287,0.015601784,2.012476,-0.34629492107753734,4609375.0,5.7677994e-07,9.799563e-08,0.8872837369867177,0.0034873698730640396,/content/drive/MyDrive/N-MON/ALTRO/spectograms/HOOKED-SAWTOOTH-3-20/189.npy,HOOKED-SAWTOOTH-3-20
0.0058385264,-0.0019647304,0.6723412,0.5155648,0.67236656,-0.38675523,0.4375143,0.8242695182561874,-0.0015673387,2.0480545,-0.30590795574974916,-2988281.25,5.215614e-07,9.097009e-08,0.8866440548919119,0.004696852203214628,/content/drive/MyDrive/N-MON/ALTRO/spectograms/HOOKED-SAWTOOTH-3-20/190.npy,HOOKED-SAWTOOTH-3-20
-0.00490682,-0.009999774,0.68476856,0.52720106,0.68478614,-0.51209456,0.47421306,0.9863076135516167,0.0041552423,1.9916853,-0.3985581528904528,-2539062.5,5.721435e-07,9.813542e-08,0.8933793802088426,0.002769606469691979,/content/drive/MyDrive/N-MON/ALTRO/spectograms/HOOKED-SAWTOOTH-3-20/191.npy,HOOKED-SAWTOOTH-3-20
-0.009724595,-0.002311402,0.6738208,0.5162587,0.673891,-0.47883466,0.39612645,0.8749610930681229,0.018061113,2.0438182,-0.3336117335652916,-3203125.0,5.380551e-07,8.97678e-08,0.8995795459349445,0.0035777024200585273,/content/drive/MyDrive/N-MON/ALTRO/spectograms/HOOKED-SAWTOOTH-3-20/192.npy,HOOKED-SAWTOOTH-3-20
0.007763951,0.005130542,0.67670846,0.5201396,0.676753,-0.42658567,0.46608892,0.892674595117569,-0.0077417204,2.0276046,-0.33744833848196987,-2656250.0,5.9687346e-07,9.702056e-08,0.8999854828046884,0.0028636027473390164,/content/drive/MyDrive/N-MON/ALTRO/spectograms/HOOKED-SAWTOOTH-3-20/193.npy,HOOKED-SAWTOOTH-3-20
-0.0051845,-0.0019993125,0.6776578,0.5194967,0.67767763,-0.46490273,0.4452673,0.9101700112223625,0.009994803,2.023953,-0.3518042163929619,-2539062.5,5.2797867e-07,8.9948884e-08,0.9010391803179788,0.0037500855402402447,/content/drive/MyDrive/N-MON/ALTRO/spectograms/HOOKED-SAWTOOTH-3-20/194.npy,HOOKED-SAWTOOTH-3-20
0.005488312,0.0052506262,0.67665744,0.5208084,0.6766797,-0.45763078,0.4603508,0.9179816097021103,-0.0048617297,2.0200825,-0.3113445033455148,-2656250.0,5.774128e-07,9.704533e-08,0.9023067833181726,0.003925607220936144,/content/drive/MyDrive/N-MON/ALTRO/spectograms/HOOKED-SAWTOOTH-3-20/195.npy,HOOKED-SAWTOOTH-3-20
0.002635261,0.0056445533,0.6776093,0.519086,0.67761445,-0.46313027,0.46648657,0.9296168386936188,-0.022342483,2.0248082,-0.3676509066615533,-2539062.5,5.841515e-07,8.892409e-08,0.8930686019291332,0.003017686822821854,/content/drive/MyDrive/N-MON/ALTRO/spectograms/HOOKED-SAWTOOTH-3-20/196.npy,HOOKED-SAWTOOTH-3-20
-0.001566122,-0.0022195596,0.68916553,0.53306717,0.68916726,-0.51972604,0.50570697,1.0254330411553383,0.024603564,1.9671421,-0.3887930274282275,-2539062.5,5.115521e-07,9.6254254e-08,0.8854722769625913,0.002794576411164758,/content/drive/MyDrive/N-MON/ALTRO/spectograms/HOOKED-SAWTOOTH-3-20/197.npy,HOOKED-SAWTOOTH-3-20
0.0049583577,0.0058744308,0.6844837,0.5276749,0.68450165,-0.52541304,0.49204153,1.0174545571208,-0.00580249,1.9905878,-0.3852817697540366,4667968.75,6.1105777e-07,9.845837e-08,0.8905619739014298,0.002584259807790566,/content/drive/MyDrive/N-MON/ALTRO/spectograms/HOOKED-SAWTOOTH-3-20/198.npy,HOOKED-SAWTOOTH-3-20
0.0046531344,0.005540752,0.6784124,0.5218352,0.6784283,-0.4494535,0.48610854,0.9355620518326759,-0.010042018,2.0162942,-0.33680952330117997,-2539062.5,5.523059e-07,9.512369e-08,0.8933418376410995,0.0026411527524304148,/content/drive/MyDrive/N-MON/ALTRO/spectograms/HOOKED-SAWTOOTH-3-20/199.npy,HOOKED-SAWTOOTH-3-20
-0.00087493326,-0.0022544751,0.68406326,0.5283995,0.6840638,-0.5120883,0.47234017,0.9844284504652023,0.004014705,1.9900222,-0.36825167384374347,4667968.75,5.1191006e-07,1.00611175e-07,0.8989492282995888,0.004993022142234739,/content/drive/MyDrive/N-MON/ALTRO/spectograms/HOOKED-SAWTOOTH-3-20/200.npy,HOOKED-SAWTOOTH-3-20
-0.008207856,-0.010084717,0.67841387,0.51983505,0.6784635,-0.4945228,0.38052177,0.8750445693731308,0.037582982,2.0249703,-0.36350457631238975,-3203125.0,5.91477e-07,9.360554e-08,0.8960765910320836,0.0028534656482396724,/content/drive/MyDrive/N-MON/ALTRO/spectograms/HOOKED-SAWTOOTH-3-20/201.npy,HOOKED-SAWTOOTH-3-20
0.0017669759,0.0056138663,0.6833412,0.52641696,0.6833435,-0.4710396,0.49779683,0.9688364267349243,-0.0125070205,1.9967284,-0.3772765459665611,-2656250.0,4.905189e-07,1.00178426e-07,0.8930816583123106,0.00479619865550944,/content/drive/MyDrive/N-MON/ALTRO/spectograms/HOOKED-SAWTOOTH-3-20/202.npy,HOOKED-SAWTOOTH-3-20
-0.0034612175,-0.0022646629,0.682314,0.5250398,0.6823228,-0.45350254,0.45074964,0.9042521491646767,0.008947662,2.0057976,-0.37894512701726335,-3203125.0,6.230077e-07,9.236766e-08,0.8884851047275444,0.0032249215804534617,/content/drive/MyDrive/N-MON/ALTRO/spectograms/HOOKED-SAWTOOTH-3-20/203.npy,HOOKED-SAWTOOTH-3-20
0.0019152894,-0.0026429882,0.677055,0.52108514,0.67705774,-0.4283921,0.46033242,0.8887245282530785,0.004882329,2.0202348,-0.3220507903891089,-2656250.0,5.248589e-07,1.00171675e-07,0.8928040400595634,0.004863101443886837,/content/drive/MyDrive/N-MON/ALTRO/spectograms/HOOKED-SAWTOOTH-3-20/204.npy,HOOKED-SAWTOOTH-3-20
0.0050350633,0.005855525,0.6659027,0.50742173,0.6659217,-0.3535388,0.39065978,0.7441985830664635,-0.012881999,2.0822678,-0.28898893125539804,-3203125.0,4.4678345e-07,9.390561e-08,0.8906243455976253,0.0030364752682240713,/content/drive/MyDrive/N-MON/ALTRO/spectograms/HOOKED-SAWTOOTH-3-20/205.npy,HOOKED-SAWTOOTH-3-20
0.0011550254,-0.0021686098,0.68117696,0.5256625,0.681178,-0.49628562,0.45284796,0.9491335600614548,0.016636582,2.0007641,-0.33467957465139275,-3203125.0,5.139159e-07,9.818717e-08,0.8923209708867514,0.002959462571908586,/content/drive/MyDrive/N-MON/ALTRO/spectograms/HOOKED-SAWTOOTH-3-20/206.npy,HOOKED-SAWTOOTH-3-20
-0.0037813133,-0.0021966118,0.6514766,0.4872611,0.6514876,-0.29122567,0.23219861,0.5234242863953114,0.016571583,2.1707761,-0.30259512894099416,-2988281.25,4.3616754e-07,8.6104954e-08,0.919933511874112,0.018165440021049584,/content/drive/MyDrive/N-MON/ALTRO/spectograms/HOOKED-SAWTOOTH-3-20/207.npy,HOOKED-SAWTOOTH-3-20
-0.005833416,-0.01002516,0.6727507,0.5134665,0.67277604,-0.4181591,0.41000456,0.828163668513298,0.03158288,2.0542245,-0.35723695008722356,-3203125.0,6.0591043e-07,9.7547925e-08,0.8992897456426848,0.002269877261405215,/content/drive/MyDrive/N-MON/ALTRO/spectograms/HOOKED-SAWTOOTH-3-20/208.npy,HOOKED-SAWTOOTH-3-20
0.013807444,0.005869188,0.67429495,0.51701427,0.6744363,-0.40246588,0.4784077,0.8808735832571983,-0.027259542,2.0371437,-0.3247985281658058,-2539062.5,5.7215294e-07,9.190673e-08,0.9015597018267413,0.0042104901339100834,/content/drive/MyDrive/N-MON/ALTRO/spectograms/HOOKED-SAWTOOTH-3-20/209.npy,HOOKED-SAWTOOTH-3-20
-0.006771102,-0.0018628815,0.6816384,0.5250649,0.6816721,-0.5253291,0.42188358,0.9472127184271812,0.013064717,2.0022037,-0.35681180171028004,-3203125.0,5.682032e-07,9.706545e-08,0.8898713661148017,0.003526164044487957,/content/drive/MyDrive/N-MON/ALTRO/spectograms/HOOKED-SAWTOOTH-3-20/210.npy,HOOKED-SAWTOOTH-3-20
0.0042129783,-0.0024401385,0.68722093,0.5315377,0.6872338,-0.50243646,0.5131454,1.0155818164348602,-0.0101120435,1.9768147,-0.3868675646576173,-4492187.5,4.3129765e-07,9.715377e-08,0.8870604297196443,0.003281634103606572,/content/drive/MyDrive/N-MON/ALTRO/spectograms/HOOKED-SAWTOOTH-3-20/211.npy,HOOKED-SAWTOOTH-3-20
-0.0015574389,-0.002098155,0.67817014,0.5186,0.67817193,-0.46515584,0.42952633,0.8946821689605713,-0.0053846682,2.0285842,-0.3827758400666622,-2539062.5,5.894059e-07,9.6691714e-08,0.8907519075935,0.0028533025935769344,/content/drive/MyDrive/N-MON/ALTRO/spectograms/HOOKED-SAWTOOTH-3-20/212.npy,HOOKED-SAWTOOTH-3-20
0.012026035,0.0055600572,0.67498785,0.5210702,0.67509496,-0.37922192,0.5172484,0.8964702934026718,-0.016858578,2.028937,-0.28710236033170144,4492187.5,4.994085e-07,9.731083e-08,0.8972687428078212,0.004038737861744281,/content/drive/MyDrive/N-MON/ALTRO/spectograms/HOOKED-SAWTOOTH-3-20/213.npy,HOOKED-SAWTOOTH-3-20
-0.0067638634,-0.009428073,0.6792099,0.5212469,0.67924356,-0.50957465,0.41435227,0.9239269122481346,0.023320133,2.0172846,-0.3766617388279673,-3203125.0,5.538005e-07,9.613846e-08,0.8995465996074957,0.0021465796916593227,/content/drive/MyDrive/N-MON/ALTRO/spectograms/HOOKED-SAWTOOTH-3-20/214.npy,HOOKED-SAWTOOTH-3-20
-0.005009805,-0.00971988,0.6844813,0.5265746,0.6844997,-0.50968593,0.50011575,1.009801670908928,0.031895902,1.9944311,-0.3953501382999721,4550781.25,5.715516e-07,9.843845e-08,0.898768111123792,0.0024154596697558367,/content/drive/MyDrive/N-MON/ALTRO/spectograms/HOOKED-SAWTOOTH-3-20/215.npy,HOOKED-SAWTOOTH-3-20
-0.00446717,0.005614276,0.6803369,0.52217263,0.68035156,-0.52952003,0.44320995,0.972729966044426,-0.00017719845,2.0079749,-0.3704150281038975,-3203125.0,5.305831e-07,9.534597e-08,0.8958120846079491,0.004008439365793331,/content/drive/MyDrive/N-MON/ALTRO/spectograms/HOOKED-SAWTOOTH-3-20/216.npy,HOOKED-SAWTOOTH-3-20
0.004243553,-0.009858019,0.6658658,0.5067501,0.6658793,-0.30883405,0.4236776,0.7325116321444511,0.0071509876,2.0860603,-0.3026543317396816,-3378906.25,5.133383e-07,9.651879e-08,0.924846926045567,0.017561107606683935,/content/drive/MyDrive/N-MON/ALTRO/spectograms/HOOKED-SAWTOOTH-3-20/217.npy,HOOKED-SAWTOOTH-3-20
-0.00033074451,-0.010428298,0.67909056,0.5237992,0.6790906,-0.4790088,0.499493,0.9785018041729927,0.020381298,2.009042,-0.32813863614157424,-2656250.0,5.401089e-07,9.4265765e-08,0.8872317434265814,0.002956255795486416,/content/drive/MyDrive/N-MON/ALTRO/spectograms/HOOKED-SAWTOOTH-3-20/218.npy,HOOKED-SAWTOOTH-3-20
-0.003154199,-0.0023781753,0.68140423,0.5250974,0.6814115,-0.47893813,0.48977613,0.9687142595648766,0.0026480204,2.0028744,-0.3512801683732133,-3203125.0,5.474583e-07,8.734453e-08,0.8869379737439629,0.0028411179976457986,/content/drive/MyDrive/N-MON/ALTRO/spectograms/HOOKED-SAWTOOTH-3-20/219.npy,HOOKED-SAWTOOTH-3-20
-0.00494826,-0.0023100104,0.68083656,0.5251874,0.68085456,-0.4943298,0.46654463,0.9608744457364082,0.014683501,2.001036,-0.341127959267019,-2539062.5,5.528527e-07,9.412259e-08,0.8903301014647782,0.0036040871085349807,/content/drive/MyDrive/N-MON/ALTRO/spectograms/HOOKED-SAWTOOTH-3-20/220.npy,HOOKED-SAWTOOTH-3-20
-0.012288689,-0.010271804,0.67685634,0.5191988,0.67696786,-0.4652373,0.4058454,0.8710826858878136,0.02630391,2.0289621,-0.3550329435100458,-3203125.0,5.356045e-07,9.9761635e-08,0.9002111346473072,0.002742924880878933,/content/drive/MyDrive/N-MON/ALTRO/spectograms/HOOKED-SAWTOOTH-3-20/221.npy,HOOKED-SAWTOOTH-3-20
0.002926541,-0.010048477,0.68079615,0.5229766,0.68080246,-0.4104879,0.49193692,0.9024248272180557,0.008774124,2.0178509,-0.39647423761261014,-2539062.5,5.6768386e-07,9.3311016e-08,0.899292161858293,0.0032073066994883262,/content/drive/MyDrive/N-MON/ALTRO/spectograms/HOOKED-SAWTOOTH-3-20/222.npy,HOOKED-SAWTOOTH-3-20
-0.00057725096,0.0055165673,0.6813752,0.52408814,0.68137544,-0.49638844,0.49976972,0.996158167719841,0.0064084176,2.002193,-0.36752703013507315,-3203125.0,5.3967e-07,9.9495566e-08,0.8952046909964109,0.003116953466554032,/content/drive/MyDrive/N-MON/ALTRO/spectograms/HOOKED-SAWTOOTH-3-20/223.npy,HOOKED-SAWTOOTH-3-20
-0.0017302894,-0.002297217,0.6592606,0.49678683,0.65926284,-0.33040506,0.286821,0.6172260493040085,0.010525013,2.1340935,-0.3231840583978124,-3203125.0,5.7144575e-07,9.2093146e-08,0.8945934179126224,0.01026838159179768,/content/drive/MyDrive/N-MON/ALTRO/spectograms/HOOKED-SAWTOOTH-3-20/224.npy,HOOKED-SAWTOOTH-3-20
-0.0014462204,-0.0021726766,0.68699044,0.5319439,0.68699193,-0.5178432,0.5289768,1.0468199700117111,0.012116991,1.9779899,-0.3902599599880371,-3203125.0,5.200769e-07,9.8501786e-08,0.8864294810495628,0.003052279014154612,/content/drive/MyDrive/N-MON/ALTRO/spectograms/HOOKED-SAWTOOTH-3-20/225.npy,HOOKED-SAWTOOTH-3-20
0.0005752845,-0.0099558905,0.6822826,0.52411866,0.68228287,-0.4865231,0.5055735,0.9920965805649757,0.03120126,1.9998655,-0.38033338885420076,-4609375.0,4.7830395e-07,9.5110295e-08,0.8908556032211414,0.003438116894547251,/content/drive/MyDrive/N-MON/ALTRO/spectograms/HOOKED-SAWTOOTH-3-20/226.npy,HOOKED-SAWTOOTH-3-20
0.0097030755,0.0057869484,0.6753086,0.5177763,0.6753783,-0.4180613,0.46874794,0.8868092373013496,-0.012950868,2.0344298,-0.3340263836320344,-3203125.0,5.363001e-07,9.743939e-08,0.8991830853085856,0.001991649236142062,/content/drive/MyDrive/N-MON/ALTRO/spectograms/HOOKED-SAWTOOTH-3-20/227.npy,HOOKED-SAWTOOTH-3-20
0.0060272766,0.005860503,0.6770225,0.5195754,0.67704934,-0.4550922,0.44333446,0.8984266743063927,0.0047272923,2.0228326,-0.3287845121777161,-3378906.25,5.664251e-07,9.0655135e-08,0.8994346260683275,0.002791003969159593,/content/drive/MyDrive/N-MON/ALTRO/spectograms/HOOKED-SAWTOOTH-3-20/228.npy,HOOKED-SAWTOOTH-3-20
0.0074818446,-0.0023041908,0.6789696,0.5220343,0.67901087,-0.42419985,0.509439,0.9336388483643532,-0.0008552834,2.017767,-0.37159763929231204,-3203125.0,5.8456834e-07,9.692566e-08,0.8963036168250424,0.0022329144265139825,/content/drive/MyDrive/N-MON/ALTRO/spectograms/HOOKED-SAWTOOTH-3-20/229.npy,HOOKED-SAWTOOTH-3-20
-0.0006744976,-0.0023103328,0.6852907,0.52872324,0.685291,-0.5432181,0.49190202,1.0351200923323631,0.011182079,1.983577,-0.38158567183258996,-2539062.5,5.1832336e-07,9.118217e-08,0.8896138518184682,0.002738368561780892,/content/drive/MyDrive/N-MON/ALTRO/spectograms/HOOKED-SAWTOOTH-3-20/230.npy,HOOKED-SAWTOOTH-3-20
-0.003401586,-0.0018575238,0.6702588,0.5129072,0.67026746,-0.4706118,0.39649698,0.8671088144183159,0.002912608,2.0536137,-0.30404004995084055,-3203125.0,6.164035e-07,9.566688e-08,0.8893983476161804,0.004393130948416731,/content/drive/MyDrive/N-MON/ALTRO/spectograms/HOOKED-SAWTOOTH-3-20/231.npy,HOOKED-SAWTOOTH-3-20
-0.0004810977,-0.0020043664,0.6691473,0.5084591,0.6691475,-0.40245128,0.42958176,0.8320330232381821,-0.0019082024,2.0683222,-0.3442236938256037,-2988281.25,6.6605213e-07,9.405528e-08,0.9000736776529594,0.01564503271052114,/content/drive/MyDrive/N-MON/ALTRO/spectograms/HOOKED-SAWTOOTH-3-20/232.npy,HOOKED-SAWTOOTH-3-20
0.004923604,-0.0020754514,0.6843466,0.5265721,0.6843643,-0.4316751,0.5311233,0.9627983793616295,0.0042045256,1.9926308,-0.3980301530513871,-3378906.25,6.168904e-07,9.6477194e-08,0.8946750567284762,0.0033712283079757764,/content/drive/MyDrive/N-MON/ALTRO/spectograms/HOOKED-SAWTOOTH-3-20/233.npy,HOOKED-SAWTOOTH-3-20
0.0059459936,0.0054129865,0.6796068,0.5227771,0.6796328,-0.41638142,0.48595977,0.9023412019014359,0.0034539963,2.0098608,-0.34397597461139473,4550781.25,5.8290294e-07,9.760271e-08,0.8979889721069574,0.004132886705652445,/content/drive/MyDrive/N-MON/ALTRO/spectograms/HOOKED-SAWTOOTH-3-20/234.npy,HOOKED-SAWTOOTH-3-20
0.0059318887,-0.0023854156,0.6757464,0.51855797,0.6757724,-0.4007312,0.4429195,0.843650683760643,0.0015076717,2.0334668,-0.3508824348272511,-2539062.5,5.8584095e-07,9.531392e-08,0.9021314747529499,0.0026142289572527806,/content/drive/MyDrive/N-MON/ALTRO/spectograms/HOOKED-SAWTOOTH-3-20/235.npy,HOOKED-SAWTOOTH-3-20
0.004766944,-0.0021654882,0.6835241,0.52537787,0.68354064,-0.45730367,0.5368055,0.9941091537475586,0.00850547,1.999302,-0.3930218623666538,4609375.0,5.9592213e-07,9.8730276e-08,0.8930954094825083,0.0027968459934051945,/content/drive/MyDrive/N-MON/ALTRO/spectograms/HOOKED-SAWTOOTH-3-20/236.npy,HOOKED-SAWTOOTH-3-20
0.0038534608,0.005674123,0.67728984,0.5215253,0.6773008,-0.45133418,0.46855217,0.9198863506317139,-0.007973159,2.019874,-0.32031707567307877,-2539062.5,4.058468e-07,9.344171e-08,0.8935162800829349,0.006597976904335596,/content/drive/MyDrive/N-MON/ALTRO/spectograms/HOOKED-SAWTOOTH-3-20/237.npy,HOOKED-SAWTOOTH-3-20
0.013232176,0.0094999205,0.68424433,0.52879965,0.6843723,-0.47280478,0.49978024,0.972584992647171,-0.027660614,1.991788,-0.37810720748089566,4667968.75,5.4702014e-07,9.917955e-08,0.8887041276450792,0.003000517621221745,/content/drive/MyDrive/N-MON/ALTRO/spectograms/HOOKED-SAWTOOTH-3-20/238.npy,HOOKED-SAWTOOTH-3-20
-0.0018295593,-0.009819433,0.680195,0.52308327,0.6801975,-0.50192404,0.48437506,0.986299142241478,0.0155340675,2.0075684,-0.35737431012466125,-2656250.0,4.1175414e-07,9.294749e-08,0.8940672726819268,0.0042495186680665585,/content/drive/MyDrive/N-MON/ALTRO/spectograms/HOOKED-SAWTOOTH-3-20/239.npy,HOOKED-SAWTOOTH-3-20
0.010242202,0.00965003,0.67891246,0.52302474,0.6789897,-0.4473852,0.4530416,0.9004268199205399,-0.015281989,2.014242,-0.3419177195230577,-4765625.0,4.302094e-07,8.701558e-08,0.897852069368767,0.0025868447562451967,/content/drive/MyDrive/N-MON/ALTRO/spectograms/HOOKED-SAWTOOTH-3-20/240.npy,HOOKED-SAWTOOTH-3-20
-0.0043870946,-0.001966678,0.67989296,0.52409995,0.67990714,-0.5273079,0.4531123,0.9804202318191528,0.0006630143,2.0100243,-0.3486348524907791,4550781.25,4.4976107e-07,9.4074124e-08,0.8996328260826605,0.002149609235287899,/content/drive/MyDrive/N-MON/ALTRO/spectograms/HOOKED-SAWTOOTH-3-20/241.npy,HOOKED-SAWTOOTH-3-20
-0.004836438,-0.002114766,0.6792646,0.5212648,0.67928183,-0.48647928,0.42958003,0.9160593152046204,-0.0004455596,2.0168674,-0.3709375887699783,-4707031.25,3.7595444e-07,8.7925e-08,0.8917225253033136,0.002568805520811625,/content/drive/MyDrive/N-MON/ALTRO/spectograms/HOOKED-SAWTOOTH-3-20/242.npy,HOOKED-SAWTOOTH-3-20
0.005125616,-0.002141426,0.6959397,0.54781497,0.69595855,-0.5452254,0.6188829,1.164108321070671,0.002631536,1.9148377,-0.3214007762451808,-3378906.25,4.911354e-07,9.5110465e-08,0.8948734621633927,0.0027093569557459407,/content/drive/MyDrive/N-MON/ALTRO/spectograms/HOOKED-SAWTOOTH-3-20/243.npy,HOOKED-SAWTOOTH-3-20
-0.001631502,-0.0022447598,0.68368375,0.5272301,0.6836857,-0.49444178,0.4782445,0.9726862981915474,0.002783453,1.9956075,-0.3686257152246545,-2656250.0,3.9711932e-07,8.896848e-08,0.8865501604205555,0.002585510072687943,/content/drive/MyDrive/N-MON/ALTRO/spectograms/HOOKED-SAWTOOTH-3-20/244.npy,HOOKED-SAWTOOTH-3-20
0.0024542222,0.005766025,0.6783964,0.52091897,0.6784008,-0.4394661,0.4355601,0.8750261887907982,-0.016466437,2.0189943,-0.3481462716018974,-4609375.0,5.2795434e-07,9.655675e-08,0.893812320349544,0.0032390619474050386,/content/drive/MyDrive/N-MON/ALTRO/spectograms/HOOKED-SAWTOOTH-3-20/245.npy,HOOKED-SAWTOOTH-3-20
-0.00021994305,-0.010510195,0.6764048,0.5179816,0.67640483,-0.45581108,0.44457844,0.9003895223140717,0.014659113,2.0290065,-0.3598124080578825,-3203125.0,3.799815e-07,8.89099e-08,0.9006632509856192,0.003170604200044949,/content/drive/MyDrive/N-MON/ALTRO/spectograms/HOOKED-SAWTOOTH-3-20/246.npy,HOOKED-SAWTOOTH-3-20
0.013936072,0.013311751,0.68148965,0.5241187,0.6816321,-0.43187937,0.52883476,0.9607141390442848,-0.025683627,2.002384,-0.3568319798977281,-4765625.0,4.7150215e-07,9.692009e-08,0.9003280895930811,0.0026642415389400904,/content/drive/MyDrive/N-MON/ALTRO/spectograms/HOOKED-SAWTOOTH-3-20/247.npy,HOOKED-SAWTOOTH-3-20
-0.001898963,0.00971042,0.6746657,0.5176275,0.6746684,-0.4552198,0.4276725,0.8828922882676125,-0.012241247,2.0379193,-0.3395383939021689,-3203125.0,5.720149e-07,9.702627e-08,0.9000196536589921,0.002136189859498709,/content/drive/MyDrive/N-MON/ALTRO/spectograms/HOOKED-SAWTOOTH-3-20/248.npy,HOOKED-SAWTOOTH-3-20
-0.0048584836,-0.0022019227,0.6776798,0.5217709,0.6776972,-0.4865833,0.4352904,0.9218737110495567,0.0045258547,2.019848,-0.33645269899112507,-4707031.25,4.6434553e-07,9.73631e-08,0.8948736648346087,0.00761909267775105,/content/drive/MyDrive/N-MON/ALTRO/spectograms/HOOKED-SAWTOOTH-3-20/249.npy,HOOKED-SAWTOOTH-3-20
0.0008954152,-0.0021349208,0.6714387,0.5141593,0.6714393,-0.40043566,0.44523895,0.845674604177475,0.014670294,2.0515797,-0.3291985419316693,-3203125.0,6.0468983e-07,9.625943e-08,0.8908898075133671,0.0033940251271532946,/content/drive/MyDrive/N-MON/ALTRO/spectograms/HOOKED-SAWTOOTH-3-20/250.npy,HOOKED-SAWTOOTH-3-20
0.00048894814,0.0055997134,0.6832877,0.5254336,0.68328786,-0.48859334,0.46065515,0.9492485076189041,-0.009438978,2.0006232,-0.38673663523617663,-4726562.5,4.9656836e-07,9.77534e-08,0.8906654391849073,0.0030855092590103125,/content/drive/MyDrive/N-MON/ALTRO/spectograms/HOOKED-SAWTOOTH-3-20/251.npy,HOOKED-SAWTOOTH-3-20
0.0032127595,-0.0024117397,0.67686474,0.5196835,0.67687243,-0.4419301,0.49161786,0.9335479363799095,0.0057985177,2.021406,-0.3283778646982808,-4765625.0,4.3208703e-07,9.165395e-08,0.8993068559164556,0.004479785348768451,/content/drive/MyDrive/N-MON/ALTRO/spectograms/HOOKED-SAWTOOTH-3-20/252.npy,HOOKED-SAWTOOTH-3-20
-0.002094842,-0.0022481354,0.6761551,0.51792675,0.67615837,-0.4553528,0.39626783,0.8516206443309784,0.009916298,2.034495,-0.34723433211294286,-4667968.75,5.330105e-07,9.812773e-08,0.8999345978400901,0.0035109126853514424,/content/drive/MyDrive/N-MON/ALTRO/spectograms/HOOKED-SAWTOOTH-3-20/253.npy,HOOKED-SAWTOOTH-3-20
-0.0009889698,-0.009841395,0.682974,0.5248656,0.6829747,-0.50216925,0.49789494,1.000064179301262,0.013917305,1.9998456,-0.41279446735286307,-2656250.0,5.6130204e-07,9.531992e-08,0.892762292924073,0.0026737801867798274,/content/drive/MyDrive/N-MON/ALTRO/spectograms/HOOKED-SAWTOOTH-3-20/254.npy,HOOKED-SAWTOOTH-3-20
0.005553204,-0.002202863,0.68275523,0.52526975,0.6827778,-0.44751996,0.48988986,0.9374098181724548,-0.0013703383,2.0061843,-0.39914428841698524,4609375.0,6.687122e-07,9.841427e-08,0.8907843979841508,0.0027562382696193735,/content/drive/MyDrive/N-MON/ALTRO/spectograms/HOOKED-SAWTOOTH-3-20/255.npy,HOOKED-SAWTOOTH-3-20
-0.0062875613,0.0055737197,0.6917571,0.5419998,0.69178563,-0.63515204,0.5153321,1.150484174489975,0.003052258,1.931441,-0.3306952523412542,-2539062.5,5.378616e-07,9.3975935e-08,0.8962969303319333,0.01697798117679406,/content/drive/MyDrive/N-MON/ALTRO/spectograms/HOOKED-SAWTOOTH-3-20/256.npy,HOOKED-SAWTOOTH-3-20
-0.001550272,0.0057305153,0.68400925,0.5290333,0.684011,-0.531317,0.46861064,0.9999276027083397,-0.00570675,1.9880892,-0.34325804283219885,4667968.75,5.978715e-07,1.001247e-07,0.8920686700325572,0.0025594353372129673,/content/drive/MyDrive/N-MON/ALTRO/spectograms/HOOKED-SAWTOOTH-3-20/257.npy,HOOKED-SAWTOOTH-3-20
0.0045449357,-0.009876827,0.673231,0.5139992,0.6732463,-0.39266604,0.4373995,0.830065555870533,0.015905079,2.0492034,-0.34405128409394437,-2539062.5,4.338961e-07,9.3689835e-08,0.8971131724892044,0.004185543545081848,/content/drive/MyDrive/N-MON/ALTRO/spectograms/HOOKED-SAWTOOTH-3-20/258.npy,HOOKED-SAWTOOTH-3-20
-0.006744262,-0.0021419697,0.67850095,0.5205271,0.67853445,-0.5021813,0.40601784,0.9081991240382195,0.020675119,2.022456,-0.36616225637670674,-3378906.25,5.314536e-07,9.9466504e-08,0.8980375067682201,0.0029755588887724455,/content/drive/MyDrive/N-MON/ALTRO/spectograms/HOOKED-SAWTOOTH-3-20/259.npy,HOOKED-SAWTOOTH-3-20
0.0026569332,-0.0021768734,0.67930895,0.5210767,0.6793142,-0.410263,0.4432046,0.8534676134586334,-0.00047838356,2.0200853,-0.3591135839180818,4550781.25,5.0688624e-07,9.474603e-08,0.90028433428808,0.0022606068746909543,/content/drive/MyDrive/N-MON/ALTRO/spectograms/HOOKED-SAWTOOTH-3-20/260.npy,HOOKED-SAWTOOTH-3-20
0.003146171,0.005587885,0.67867047,0.5204595,0.67867774,-0.48851496,0.44501072,0.9335256814956665,0.0033786485,2.0188138,-0.36224144317866813,-4707031.25,3.6960998e-07,8.83349e-08,0.9003708186227535,0.003658266388110771,/content/drive/MyDrive/N-MON/ALTRO/spectograms/HOOKED-SAWTOOTH-3-20/261.npy,HOOKED-SAWTOOTH-3-20
-0.0016654468,0.0056002587,0.67768896,0.5195399,0.677691,-0.49437913,0.4471047,0.9414838254451752,-0.00170897,2.0226996,-0.36419210451849715,-3203125.0,5.314359e-07,9.512291e-08,0.8865282914861778,0.003196834415590463,/content/drive/MyDrive/N-MON/ALTRO/spectograms/HOOKED-SAWTOOTH-3-20/262.npy,HOOKED-SAWTOOTH-3-20
0.0008179922,0.0054998063,0.6719615,0.5147298,0.67196196,-0.44955894,0.43716747,0.8867263942956924,0.0033398871,2.0412183,-0.28379740492413064,-3203125.0,3.7875847e-07,8.754678e-08,0.8957575047146198,0.0030022414203698185,/content/drive/MyDrive/N-MON/ALTRO/spectograms/HOOKED-SAWTOOTH-3-20/263.npy,HOOKED-SAWTOOTH-3-20
-0.0006961503,-0.0022212765,0.701838,0.5525735,0.7018384,-0.654589,0.5699612,1.2245502024888992,0.0131914755,1.8940414,-0.3891431231536516,-2988281.25,4.2907612e-07,9.5515645e-08,0.927735179715879,0.018645832497985303,/content/drive/MyDrive/N-MON/ALTRO/spectograms/HOOKED-SAWTOOTH-3-20/264.npy,HOOKED-SAWTOOTH-3-20
0.008260633,0.013556329,0.6791037,0.5235387,0.6791539,-0.41815788,0.4862096,0.904367484152317,-0.02065725,2.0151522,-0.34237872068195874,4550781.25,4.3919488e-07,8.9285535e-08,0.8983571350963956,0.002155803218511538,/content/drive/MyDrive/N-MON/ALTRO/spectograms/HOOKED-SAWTOOTH-3-20/265.npy,HOOKED-SAWTOOTH-3-20
-0.009088117,-0.009738723,0.6767055,0.5208191,0.6767665,-0.52519435,0.43557066,0.9607649967074394,0.020529848,2.0271525,-0.34683787334294636,4726562.5,4.1776255e-07,8.721046e-08,0.9032731472999276,0.0037676060363015583,/content/drive/MyDrive/N-MON/ALTRO/spectograms/HOOKED-SAWTOOTH-3-20/266.npy,HOOKED-SAWTOOTH-3-20
0.008280603,-0.002041617,0.6828843,0.5263978,0.68293446,-0.46505523,0.5602815,1.02533670514822,0.0006193507,1.9914563,-0.36990726254903283,4609375.0,4.8833397e-07,8.969869e-08,0.8881796605076328,0.004031109472988144,/content/drive/MyDrive/N-MON/ALTRO/spectograms/HOOKED-SAWTOOTH-3-20/267.npy,HOOKED-SAWTOOTH-3-20
0.008473616,-0.0021113723,0.6741031,0.5169097,0.67415637,-0.4396017,0.4587951,0.8983967900276184,-0.0067603355,2.0349162,-0.326139487184932,4492187.5,4.336423e-07,9.6799475e-08,0.890631541367311,0.007941326242250208,/content/drive/MyDrive/N-MON/ALTRO/spectograms/HOOKED-SAWTOOTH-3-20/268.npy,HOOKED-SAWTOOTH-3-20
0.0116589125,0.0134569155,0.70067114,0.55508506,0.7007682,-0.6057011,0.66194016,1.267641231417656,-0.024144718,1.8824041,-0.30924055577153287,-3203125.0,6.214186e-07,1.001331e-07,0.9041210856268415,0.015360251245282236,/content/drive/MyDrive/N-MON/ALTRO/spectograms/HOOKED-SAWTOOTH-3-20/269.npy,HOOKED-SAWTOOTH-3-20
-0.0039420943,-0.002148071,0.68018025,0.5241429,0.68019164,-0.48066747,0.46852258,0.9491900354623795,0.0034448323,2.013232,-0.34686214530339055,4550781.25,5.843459e-07,9.779015e-08,0.896339759235329,0.003602114622844273,/content/drive/MyDrive/N-MON/ALTRO/spectograms/HOOKED-SAWTOOTH-3-20/270.npy,HOOKED-SAWTOOTH-3-20
-0.00028929138,-0.0022558905,0.6792811,0.52115184,0.6792812,-0.43181828,0.468482,0.9003002718091011,0.018423293,2.0149384,-0.3551263100729073,-4765625.0,3.8955991e-07,9.1964345e-08,0.8965011689640553,0.0034457188917230764,/content/drive/MyDrive/N-MON/ALTRO/spectograms/HOOKED-SAWTOOTH-3-20/271.npy,HOOKED-SAWTOOTH-3-20
0.0068800477,0.0052648764,0.6832511,0.5254654,0.6832857,-0.4633518,0.5444367,1.0077884644269943,-0.0018187426,2.0004113,-0.39234377619403926,4609375.0,5.7220706e-07,9.849201e-08,0.8948674506641563,0.00327846644338986,/content/drive/MyDrive/N-MON/ALTRO/spectograms/HOOKED-SAWTOOTH-3-20/272.npy,HOOKED-SAWTOOTH-3-20
0.007242811,0.0056500314,0.6840705,0.52757466,0.6841088,-0.47091344,0.54475886,1.0156722962856293,0.0020653678,1.9891814,-0.3643100642594642,-2656250.0,3.8218303e-07,9.3097334e-08,0.8871370194535166,0.0032272151563003774,/content/drive/MyDrive/N-MON/ALTRO/spectograms/HOOKED-SAWTOOTH-3-20/273.npy,HOOKED-SAWTOOTH-3-20
-0.006148122,-0.0022996373,0.6818941,0.52523905,0.68192184,-0.47884968,0.45473862,0.9335882812738419,0.008856111,2.0017824,-0.3720937961359897,4609375.0,5.587895e-07,9.986942e-08,0.8880561701437972,0.003451739919599571,/content/drive/MyDrive/N-MON/ALTRO/spectograms/HOOKED-SAWTOOTH-3-20/274.npy,HOOKED-SAWTOOTH-3-20
0.0025912377,0.0054840604,0.68633443,0.53078187,0.6863393,-0.5256925,0.51531833,1.0410108417272568,-0.008690861,1.9816884,-0.3815879925846951,-2539062.5,4.1831217e-07,9.360273e-08,0.8902826482402195,0.0021572610223784634,/content/drive/MyDrive/N-MON/ALTRO/spectograms/HOOKED-SAWTOOTH-3-20/275.npy,HOOKED-SAWTOOTH-3-20
0.00046141553,-0.009947409,0.6763006,0.51811504,0.67630076,-0.43971387,0.46264496,0.9023588225245476,0.0131190615,2.028106,-0.3440568826271201,-3203125.0,5.063374e-07,9.944917e-08,0.8981261476153384,0.003745587837969305,/content/drive/MyDrive/N-MON/ALTRO/spectograms/HOOKED-SAWTOOTH-3-20/276.npy,HOOKED-SAWTOOTH-3-20
-0.008677639,-0.010106089,0.6745274,0.5165997,0.67458326,-0.4729312,0.38833138,0.8612625822424889,0.036994245,2.0394557,-0.3341125806405333,-3203125.0,5.584657e-07,9.289214e-08,0.8971070238239864,0.002984819746803715,/content/drive/MyDrive/N-MON/ALTRO/spectograms/HOOKED-SAWTOOTH-3-20/277.npy,HOOKED-SAWTOOTH-3-20
-0.0012580343,-0.0021912064,0.65762013,0.49293357,0.65762126,-0.26976937,0.27905422,0.5488235726952553,0.0021434028,2.1455011,-0.3423711965832502,-2988281.25,3.7976102e-07,9.132959e-08,0.9251781124295897,0.019719776493649206,/content/drive/MyDrive/N-MON/ALTRO/spectograms/HOOKED-SAWTOOTH-3-20/278.npy,HOOKED-SAWTOOTH-3-20
-0.002740614,-0.0022301758,0.668246,0.5096664,0.66825163,-0.41030073,0.41196665,0.8222673833370209,0.010009026,2.0682964,-0.3281306597031578,-3203125.0,5.828227e-07,9.212202e-08,0.8899624646438471,0.005554587380289361,/content/drive/MyDrive/N-MON/ALTRO/spectograms/HOOKED-SAWTOOTH-3-20/279.npy,HOOKED-SAWTOOTH-3-20
0.0020972425,0.013248766,0.640384,0.4735343,0.6403875,-0.24061282,0.22421435,0.46482715755701065,-0.020818938,2.2504184,-0.3171603649041065,-4785156.25,4.10232e-07,8.96049e-08,0.9217147501249832,0.019273786388477706,/content/drive/MyDrive/N-MON/ALTRO/spectograms/HOOKED-SAWTOOTH-3-20/280.npy,HOOKED-SAWTOOTH-3-20
0.0017118868,-0.002450098,0.6845264,0.5256002,0.6845285,-0.463338,0.5229418,0.9862797781825066,0.02164694,1.9954273,-0.4135316593194186,-3203125.0,5.700397e-07,9.2111726e-08,0.8963952984178868,0.0033101661425442843,/content/drive/MyDrive/N-MON/ALTRO/spectograms/HOOKED-SAWTOOTH-3-20/281.npy,HOOKED-SAWTOOTH-3-20
0.005687428,0.0056068087,0.6783494,0.52265537,0.67837316,-0.44948584,0.4744116,0.9238974526524544,0.0062909448,2.0136604,-0.3245138265418738,4550781.25,5.16522e-07,8.6678e-08,0.903649784864546,0.0055410007210566796,/content/drive/MyDrive/N-MON/ALTRO/spectograms/HOOKED-SAWTOOTH-3-20/282.npy,HOOKED-SAWTOOTH-3-20
-0.0043255407,0.0054741353,0.6805215,0.5235706,0.68053526,-0.5433605,0.44492894,0.9882893711328506,0.0053814077,2.006187,-0.3638866554417356,-3203125.0,5.3650706e-07,9.1000516e-08,0.8961823317880641,0.004070109994668198,/content/drive/MyDrive/N-MON/ALTRO/spectograms/HOOKED-SAWTOOTH-3-20/283.npy,HOOKED-SAWTOOTH-3-20
0.00026950598,0.0056437785,0.68237466,0.5257794,0.6823747,-0.48862258,0.45877516,0.9473977461457253,-0.0071056318,2.001247,-0.3648176394786794,-3203125.0,6.1716867e-07,9.705239e-08,0.8922730657542068,0.00302113878806808,/content/drive/MyDrive/N-MON/ALTRO/spectograms/HOOKED-SAWTOOTH-3-20/284.npy,HOOKED-SAWTOOTH-3-20
-0.00019728899,-0.006056225,0.6854387,0.5287089,0.68543875,-0.50989765,0.49777922,1.0076768472790718,0.0044200737,1.9868469,-0.38623330211064755,-2539062.5,5.0429315e-07,9.09711e-08,0.8868705743388563,0.003466384208462255,/content/drive/MyDrive/N-MON/ALTRO/spectograms/HOOKED-SAWTOOTH-3-20/285.npy,HOOKED-SAWTOOTH-3-20
-0.009884919,-0.010036646,0.68018544,0.5216332,0.68025726,-0.55684566,0.41959795,0.9764435961842537,0.021952868,2.0146754,-0.386126885291426,-3378906.25,5.89037e-07,9.576277e-08,0.8876685055675442,0.0024749889149045063,/content/drive/MyDrive/N-MON/ALTRO/spectograms/HOOKED-SAWTOOTH-3-20/286.npy,HOOKED-SAWTOOTH-3-20
-0.0046698935,-0.0024155336,0.6485898,0.4834627,0.64860666,-0.24653363,0.30430904,0.5508426688611507,0.00364125,2.1983895,-0.33123615049909916,-3203125.0,3.4308397e-07,8.771086e-08,0.9171580329189114,0.023034345683884586,/content/drive/MyDrive/N-MON/ALTRO/spectograms/HOOKED-SAWTOOTH-3-20/287.npy,HOOKED-SAWTOOTH-3-20
0.0010268454,-0.002036849,0.68273413,0.52577233,0.6827349,-0.5274216,0.47648907,1.0039106458425522,0.010209713,1.99554,-0.35997984173131503,-2539062.5,5.4771175e-07,9.665453e-08,0.8986417210936439,0.003138841172155571,/content/drive/MyDrive/N-MON/ALTRO/spectograms/HOOKED-SAWTOOTH-3-20/288.npy,HOOKED-SAWTOOTH-3-20
0.004070549,0.0052347234,0.67648685,0.5204716,0.67649907,-0.418581,0.4818714,0.9004524052143097,-0.013673591,2.0220523,-0.30615088229853893,-2539062.5,5.6438785e-07,8.8750085e-08,0.9005873429416384,0.0029127731551247945,/content/drive/MyDrive/N-MON/ALTRO/spectograms/HOOKED-SAWTOOTH-3-20/289.npy,HOOKED-SAWTOOTH-3-20
0.003308656,-0.0021354805,0.65545726,0.48981762,0.6554656,-0.254057,0.318062,0.5721189975738525,-0.00097517314,2.162191,-0.35427553462162475,-2539062.5,3.6871253e-07,8.657504e-08,0.9061240982089771,0.019574214441709443,/content/drive/MyDrive/N-MON/ALTRO/spectograms/HOOKED-SAWTOOTH-3-20/290.npy,HOOKED-SAWTOOTH-3-20
0.00704268,0.013403658,0.67418647,0.51642174,0.6742233,-0.40454736,0.43534696,0.8398943319916725,-0.027311273,2.0383847,-0.33326339083456,-3203125.0,5.3882025e-07,8.737233e-08,0.8921302968352924,0.005287727343660324,/content/drive/MyDrive/N-MON/ALTRO/spectograms/HOOKED-SAWTOOTH-3-20/291.npy,HOOKED-SAWTOOTH-3-20
0.008386501,0.013370401,0.670062,0.5140017,0.67011446,-0.38708746,0.45287874,0.8399662151932716,-0.021289473,2.0529883,-0.2998425800693233,-2988281.25,4.4225314e-07,9.592234e-08,0.9236293541814881,0.021175046626998865,/content/drive/MyDrive/N-MON/ALTRO/spectograms/HOOKED-SAWTOOTH-3-20/292.npy,HOOKED-SAWTOOTH-3-20
-0.0024968327,-0.002294946,0.6748221,0.5180713,0.6748267,-0.45539525,0.4351718,0.8905670791864395,0.016722625,2.0331228,-0.32354428227797805,-3203125.0,5.3669123e-07,8.7550276e-08,0.8949795191093745,0.003336136482134943,/content/drive/MyDrive/N-MON/ALTRO/spectograms/HOOKED-SAWTOOTH-3-20/293.npy,HOOKED-SAWTOOTH-3-20
-0.004382414,-0.0024350726,0.6789165,0.52142817,0.6789307,-0.47892863,0.44287533,0.9218039661645889,0.022628298,2.0164928,-0.3374737020429813,-4726562.5,4.520497e-07,8.5909456e-08,0.901112244374575,0.0033786761821747034,/content/drive/MyDrive/N-MON/ALTRO/spectograms/HOOKED-SAWTOOTH-3-20/294.npy,HOOKED-SAWTOOTH-3-20
0.0028397036,0.0054637105,0.68433475,0.5285686,0.68434066,-0.48668185,0.5056021,0.9922839999198914,-0.0072290227,1.9892104,-0.36845859700236805,-2988281.25,4.151662e-07,9.391149e-08,0.8973144991108777,0.003372592072086421,/content/drive/MyDrive/N-MON/ALTRO/spectograms/HOOKED-SAWTOOTH-3-20/295.npy,HOOKED-SAWTOOTH-3-20
0.008020397,0.005804969,0.6747039,0.51724726,0.6747516,-0.40037933,0.4687754,0.8691547065973282,-0.0035881079,2.0376892,-0.32977021458299494,4609375.0,4.9077414e-07,8.683429e-08,0.8915584406968815,0.0028169159198607008,/content/drive/MyDrive/N-MON/ALTRO/spectograms/HOOKED-SAWTOOTH-3-20/296.npy,HOOKED-SAWTOOTH-3-20
0.0006123953,0.005467222,0.68786955,0.53050447,0.68786985,-0.5042865,0.4996972,1.0039837211370468,-0.0049282205,1.9824247,-0.42745116668998506,-2988281.25,4.4894313e-07,9.434848e-08,0.8871198027181912,0.003564104173786592,/content/drive/MyDrive/N-MON/ALTRO/spectograms/HOOKED-SAWTOOTH-3-20/297.npy,HOOKED-SAWTOOTH-3-20
0.004702561,0.005607405,0.67881286,0.52154785,0.67882913,-0.4494675,0.47430927,0.9237767606973648,-0.007558891,2.0145655,-0.35128607824818847,4667968.75,4.3976007e-07,8.766301e-08,0.8913159430660851,0.0029809382697612587,/content/drive/MyDrive/N-MON/ALTRO/spectograms/HOOKED-SAWTOOTH-3-20/298.npy,HOOKED-SAWTOOTH-3-20
7.1563722e-06,-0.009733156,0.67903376,0.5222446,0.67903376,-0.4492517,0.4628451,0.9120967984199524,0.020988047,2.0140975,-0.3469171853579286,-2539062.5,4.3622651e-07,8.67864e-08,0.899537469025794,0.0023506689044864707,/content/drive/MyDrive/N-MON/ALTRO/spectograms/HOOKED-SAWTOOTH-3-20/299.npy,HOOKED-SAWTOOTH-3-20
0.007384232,0.005431518,0.6792375,0.5198969,0.6792776,-0.46526095,0.47419673,0.9394576698541641,-0.000217932,2.0183837,-0.3697395723829332,-4707031.25,3.9943723e-07,8.883769e-08,0.898347766273597,0.004338965716447552,/content/drive/MyDrive/N-MON/ALTRO/spectograms/HOOKED-SAWTOOTH-3-20/300.npy,HOOKED-SAWTOOTH-3-20
-0.0071524153,-0.009928807,0.6818721,0.52464736,0.6819097,-0.48648357,0.44324023,0.9297237992286682,0.02719765,2.0058017,-0.3716469091428537,4609375.0,5.4245044e-07,8.570279e-08,0.8959228949142641,0.003384075963777168,/content/drive/MyDrive/N-MON/ALTRO/spectograms/HOOKED-SAWTOOTH-3-20/301.npy,HOOKED-SAWTOOTH-3-20
0.00053533126,-0.009975088,0.6654261,0.5045462,0.6654263,-0.347833,0.41187194,0.759704940021038,0.015934283,2.091664,-0.34512275357842637,-4707031.25,3.483586e-07,8.887799e-08,0.8978182175273853,0.015575628808944201,/content/drive/MyDrive/N-MON/ALTRO/spectograms/HOOKED-SAWTOOTH-3-20/302.npy,HOOKED-SAWTOOTH-3-20
0.005995574,0.0059637176,0.6875129,0.5320808,0.68753904,-0.5038229,0.5314108,1.035233736038208,-0.009032887,1.9754134,-0.39062419200937015,4609375.0,5.2233923e-07,8.664609e-08,0.888043607177752,0.0026080931035996073,/content/drive/MyDrive/N-MON/ALTRO/spectograms/HOOKED-SAWTOOTH-3-20/303.npy,HOOKED-SAWTOOTH-3-20
0.0021014013,-0.0021856234,0.6769355,0.52134556,0.6769387,-0.4806301,0.46861178,0.9492418766021729,0.009878402,2.0191097,-0.32969526781868563,-3203125.0,5.4866507e-07,9.022745e-08,0.892888964347082,0.004997369074976696,/content/drive/MyDrive/N-MON/ALTRO/spectograms/HOOKED-SAWTOOTH-3-20/304.npy,HOOKED-SAWTOOTH-3-20
-0.0031018676,0.005643069,0.6734652,0.5160688,0.6734723,-0.4708362,0.35926512,0.8301013186573982,0.0053307293,2.0379956,-0.31718190741545904,-3203125.0,4.5916408e-07,8.7120895e-08,0.8965934801537604,0.003730021569178869,/content/drive/MyDrive/N-MON/ALTRO/spectograms/HOOKED-SAWTOOTH-3-20/305.npy,HOOKED-SAWTOOTH-3-20
0.007219538,0.0056941835,0.675093,0.5179804,0.6751316,-0.43182802,0.45889145,0.8907194584608078,-0.009386367,2.0353897,-0.34004393744867134,-3203125.0,5.852926e-07,8.910028e-08,0.8997930034587441,0.0023068354073919545,/content/drive/MyDrive/N-MON/ALTRO/spectograms/HOOKED-SAWTOOTH-3-20/306.npy,HOOKED-SAWTOOTH-3-20
-0.007063309,-0.002174226,0.6719644,0.5118763,0.67200154,-0.44369656,0.34938926,0.7930858433246613,0.007896322,2.0625532,-0.35193017978565344,-3203125.0,5.519498e-07,9.3568275e-08,0.9225317150594571,0.017243353020925625,/content/drive/MyDrive/N-MON/ALTRO/spectograms/HOOKED-SAWTOOTH-3-20/307.npy,HOOKED-SAWTOOTH-3-20
0.0040259105,-0.0021564958,0.68426555,0.52728343,0.6842774,-0.4748712,0.51535827,0.9902294352650642,-0.006891657,1.9895197,-0.372374260970748,-3203125.0,5.5484315e-07,8.8303025e-08,0.887988747022439,0.0038471850063203973,/content/drive/MyDrive/N-MON/ALTRO/spectograms/HOOKED-SAWTOOTH-3-20/308.npy,HOOKED-SAWTOOTH-3-20
-0.006520026,-0.010043459,0.6768007,0.52076113,0.6768321,-0.4729441,0.42159104,0.8945351541042328,0.018635673,2.0249581,-0.33210294701320653,-2539062.5,4.1019064e-07,8.664282e-08,0.893310173959322,0.006086839670718077,/content/drive/MyDrive/N-MON/ALTRO/spectograms/HOOKED-SAWTOOTH-3-20/309.npy,HOOKED-SAWTOOTH-3-20
0.0039806077,-0.009529429,0.6801532,0.5237586,0.6801649,-0.38078433,0.5079419,0.8887262269854546,0.0052692993,2.008614,-0.35184683415170614,-2988281.25,5.399792e-07,8.839964e-08,0.8947188608216778,0.00441949687220763,/content/drive/MyDrive/N-MON/ALTRO/spectograms/HOOKED-SAWTOOTH-3-20/310.npy,HOOKED-SAWTOOTH-3-20
0.000789978,-0.002079109,0.68064153,0.5227096,0.68064195,-0.44746158,0.45884567,0.906307227909565,0.0050543314,2.0118437,-0.3701138331332282,4550781.25,4.1379843e-07,8.6412186e-08,0.8983752932663582,0.002862643264015458,/content/drive/MyDrive/N-MON/ALTRO/spectograms/HOOKED-SAWTOOTH-3-20/311.npy,HOOKED-SAWTOOTH-3-20
0.00035812808,-0.002508268,0.681035,0.5246958,0.6810351,-0.48095924,0.51315784,0.9941170513629913,0.015617997,2.0005708,-0.35521731111924126,-3203125.0,4.868724e-07,8.746736e-08,0.8962837421280767,0.003129795056915635,/content/drive/MyDrive/N-MON/ALTRO/spectograms/HOOKED-SAWTOOTH-3-20/312.npy,HOOKED-SAWTOOTH-3-20
0.00072030735,0.005456104,0.6728264,0.5139198,0.67282677,-0.42618653,0.36677495,0.7929614782333374,0.009306514,2.0477216,-0.33664893774389093,-3203125.0,5.878204e-07,9.315339e-08,0.8950893205781622,0.0037807297970208625,/content/drive/MyDrive/N-MON/ALTRO/spectograms/HOOKED-SAWTOOTH-3-20/313.npy,HOOKED-SAWTOOTH-3-20
-0.003779666,-0.0020790999,0.67516303,0.51926184,0.6751736,-0.4806583,0.42951253,0.9101708009839058,-8.800972e-06,2.0290053,-0.31380186640722496,-2988281.25,4.2527034e-07,8.6796e-08,0.8926692384465635,0.0026339584330168724,/content/drive/MyDrive/N-MON/ALTRO/spectograms/HOOKED-SAWTOOTH-3-20/314.npy,HOOKED-SAWTOOTH-3-20
0.0015771484,-0.0023802181,0.67374855,0.5166951,0.6737504,-0.4086669,0.46634668,0.87501360476017,-0.0045609437,2.0406137,-0.3245364454507459,-2539062.5,5.628447e-07,9.2304106e-08,0.8922901321517949,0.0032795583166298618,/content/drive/MyDrive/N-MON/ALTRO/spectograms/HOOKED-SAWTOOTH-3-20/315.npy,HOOKED-SAWTOOTH-3-20
0.0050431234,-0.0021822592,0.65002656,0.48449463,0.6500461,-0.23069546,0.2732824,0.5039778538048267,0.008379781,2.1869686,-0.3244072985967278,-2539062.5,5.664313e-07,9.065532e-08,0.9144317658742029,0.017004312149214457,/content/drive/MyDrive/N-MON/ALTRO/spectograms/HOOKED-SAWTOOTH-3-20/316.npy,HOOKED-SAWTOOTH-3-20
-0.007885106,-0.010249988,0.67867726,0.52102834,0.6787231,-0.5101957,0.45066223,0.9608579203486443,0.008030454,2.015747,-0.34682395742506966,-3378906.25,6.119383e-07,9.209148e-08,0.8985668944520535,0.004033057464107825,/content/drive/MyDrive/N-MON/ALTRO/spectograms/HOOKED-SAWTOOTH-3-20/317.npy,HOOKED-SAWTOOTH-3-20
0.0069746957,-0.0022749887,0.67375416,0.5158904,0.6737902,-0.3929481,0.4390949,0.8320429846644402,-0.01030103,2.0427527,-0.3403900380688204,-3203125.0,4.939495e-07,8.6015135e-08,0.8961365538610346,0.004785556779784286,/content/drive/MyDrive/N-MON/ALTRO/spectograms/HOOKED-SAWTOOTH-3-20/318.npy,HOOKED-SAWTOOTH-3-20
-0.002763872,-0.01020468,0.6769301,0.5208778,0.67693573,-0.47119522,0.48188236,0.9530775770545006,0.0034048464,2.0202801,-0.3254306254595206,-2656250.0,4.1061915e-07,9.231809e-08,0.9104486739324567,0.018278832611609442,/content/drive/MyDrive/N-MON/ALTRO/spectograms/HOOKED-SAWTOOTH-3-20/319.npy,HOOKED-SAWTOOTH-3-20
-0.011626174,-0.009847865,0.6828958,0.5264835,0.6829948,-0.5487808,0.45309436,1.0018751621246338,0.033194847,1.9953241,-0.3682411602474228,4667968.75,5.3882394e-07,8.628119e-08,0.8867792958345642,0.0029809303227084903,/content/drive/MyDrive/N-MON/ALTRO/spectograms/HOOKED-SAWTOOTH-3-20/320.npy,HOOKED-SAWTOOTH-3-20
-0.0074156113,-0.009794211,0.681684,0.5228784,0.68172437,-0.49425954,0.41394556,0.9082050994038582,0.031484004,2.0110724,-0.39069166443988046,-2539062.5,5.184686e-07,9.028879e-08,0.8900938789117718,0.002832590526844983,/content/drive/MyDrive/N-MON/ALTRO/spectograms/HOOKED-SAWTOOTH-3-20/321.npy,HOOKED-SAWTOOTH-3-20
-0.003270936,-0.00212856,0.68490994,0.5294285,0.68491775,-0.52754414,0.47829995,1.005844071507454,0.018678628,1.98624,-0.37013574152168094,-4765625.0,4.797653e-07,8.6646914e-08,0.8987588882712958,0.002638112652833365,/content/drive/MyDrive/N-MON/ALTRO/spectograms/HOOKED-SAWTOOTH-3-20/322.npy,HOOKED-SAWTOOTH-3-20
0.0059670317,-0.0019590403,0.67988056,0.5230902,0.6799067,-0.46293247,0.46673715,0.929669626057148,0.010398973,2.009276,-0.3533269609661974,-3203125.0,5.98101e-07,8.959063e-08,0.9010623833026175,0.0033475098183360593,/content/drive/MyDrive/N-MON/ALTRO/spectograms/HOOKED-SAWTOOTH-3-20/323.npy,HOOKED-SAWTOOTH-3-20
0.0080983555,0.009496202,0.67611945,0.5199425,0.67616796,-0.43188187,0.51537275,0.9472546502947807,-0.013369012,2.0221786,-0.32391966053903254,-3378906.25,4.3734892e-07,8.693172e-08,0.9022348775254145,0.0040069750321128795,/content/drive/MyDrive/N-MON/ALTRO/spectograms/HOOKED-SAWTOOTH-3-20/324.npy,HOOKED-SAWTOOTH-3-20
-0.0026706909,0.005776692,0.6821181,0.52569216,0.68212336,-0.55673945,0.45097822,1.0077176615595818,-0.011845011,1.9973687,-0.3614510223182795,4609375.0,5.0271996e-07,9.094806e-08,0.8901521043642275,0.003685271262716291,/content/drive/MyDrive/N-MON/ALTRO/spectograms/HOOKED-SAWTOOTH-3-20/325.npy,HOOKED-SAWTOOTH-3-20
-0.0029215666,-0.010309562,0.69473445,0.5422852,0.69474065,-0.56486845,0.5834525,1.1483210027217865,0.020732146,1.928706,-0.3797077939552588,-2988281.25,4.696021e-07,9.32006e-08,0.8917205369659378,0.00664732659219456,/content/drive/MyDrive/N-MON/ALTRO/spectograms/HOOKED-SAWTOOTH-3-20/326.npy,HOOKED-SAWTOOTH-3-20
-0.0006583686,-0.0020693655,0.6796649,0.52282774,0.6796652,-0.49044475,0.4275027,0.9179474487900734,0.00088508346,2.0146027,-0.3583037539184498,4667968.75,4.242147e-07,9.18941e-08,0.8964131261208204,0.0031735100661050794,/content/drive/MyDrive/N-MON/ALTRO/spectograms/HOOKED-SAWTOOTH-3-20/327.npy,HOOKED-SAWTOOTH-3-20
0.0047401325,0.005413793,0.67890537,0.5218274,0.67892194,-0.43990847,0.49761322,0.9375216886401176,-0.008188759,2.015288,-0.3526897577914766,4550781.25,4.5023052e-07,8.615139e-08,0.8963096569695524,0.0029678681384831887,/content/drive/MyDrive/N-MON/ALTRO/spectograms/HOOKED-SAWTOOTH-3-20/328.npy,HOOKED-SAWTOOTH-3-20
0.0043019047,0.005624296,0.6789544,0.52074426,0.678968,-0.44172153,0.48605663,0.9277781546115875,0.011646404,2.016712,-0.36445591633344254,-4707031.25,4.141745e-07,9.2763344e-08,0.8942520270324709,0.003378840389259155,/content/drive/MyDrive/N-MON/ALTRO/spectograms/HOOKED-SAWTOOTH-3-20/329.npy,HOOKED-SAWTOOTH-3-20
0.0025686827,0.0056419917,0.6713825,0.51338124,0.67138743,-0.44948614,0.39811283,0.8475989699363708,-0.0022131721,2.04987,-0.3120672046208358,4609375.0,5.800614e-07,9.850865e-08,0.8964149559709004,0.004534309543702205,/content/drive/MyDrive/N-MON/ALTRO/spectograms/HOOKED-SAWTOOTH-3-20/330.npy,HOOKED-SAWTOOTH-3-20
-0.0064493017,-0.0019214216,0.6740275,0.5170378,0.6740584,-0.4804274,0.38864654,0.8690739497542381,0.011058072,2.0387242,-0.31481848226964904,-2656250.0,4.0411692e-07,9.325217e-08,0.9136854546464928,0.01052301233299373,/content/drive/MyDrive/N-MON/ALTRO/spectograms/HOOKED-SAWTOOTH-3-20/331.npy,HOOKED-SAWTOOTH-3-20
-0.01671549,-0.01797957,0.6816194,0.52425057,0.6818243,-0.5511664,0.39603758,0.9472039937973022,0.040061727,2.0076442,-0.37725596200181155,4609375.0,4.800977e-07,8.6639474e-08,0.8874179930472254,0.0027318593346265236,/content/drive/MyDrive/N-MON/ALTRO/spectograms/HOOKED-SAWTOOTH-3-20/332.npy,HOOKED-SAWTOOTH-3-20
0.008813169,0.013398368,0.6828284,0.52599233,0.6828853,-0.4728257,0.5134816,0.9863073602318764,-0.026809353,1.9973656,-0.36674085936999223,-3203125.0,4.27688e-07,9.361903e-08,0.8925844653313832,0.0036185973259805137,/content/drive/MyDrive/N-MON/ALTRO/spectograms/HOOKED-SAWTOOTH-3-20/333.npy,HOOKED-SAWTOOTH-3-20
-0.0102284085,-0.017767286,0.6799073,0.52461785,0.6799843,-0.49429455,0.4138716,0.9081661477684975,0.03456385,2.0081456,-0.3298557676039141,-2656250.0,3.8660082e-07,8.71223e-08,0.8973429092335606,0.0018680059929634982,/content/drive/MyDrive/N-MON/ALTRO/spectograms/HOOKED-SAWTOOTH-3-20/334.npy,HOOKED-SAWTOOTH-3-20
-0.008264397,-0.0021997145,0.67999,0.52405393,0.68004024,-0.4865746,0.4607465,0.9473210796713829,0.0147354,2.0057316,-0.3443751878511555,4609375.0,4.6436412e-07,9.4214016e-08,0.9083349940271894,0.010782144537405025,/content/drive/MyDrive/N-MON/ALTRO/spectograms/HOOKED-SAWTOOTH-3-20/335.npy,HOOKED-SAWTOOTH-3-20
0.003954214,0.0053947205,0.6787445,0.5221569,0.678756,-0.44960597,0.51328725,0.9628932103514671,0.009610421,2.0145402,-0.346209222938228,-4707031.25,3.8553037e-07,8.853406e-08,0.8963406667287501,0.003610002104106685,/content/drive/MyDrive/N-MON/ALTRO/spectograms/HOOKED-SAWTOOTH-3-20/336.npy,HOOKED-SAWTOOTH-3-20
0.0022662454,0.0057972595,0.68202657,0.52358335,0.6820303,-0.5117696,0.47436407,0.9861336722970009,-0.009767597,2.0073504,-0.3871307358099739,4609375.0,5.349109e-07,8.568179e-08,0.8898467125939985,0.0044052719768722555,/content/drive/MyDrive/N-MON/ALTRO/spectograms/HOOKED-SAWTOOTH-3-20/337.npy,HOOKED-SAWTOOTH-3-20
-0.0001449989,0.005602856,0.67632836,0.52010566,0.67632836,-0.502227,0.4450464,0.9472734108567238,-0.009234885,2.022846,-0.32565743610120024,-3203125.0,3.757479e-07,8.895837e-08,0.8984747926801129,0.004407133336735779,/content/drive/MyDrive/N-MON/ALTRO/spectograms/HOOKED-SAWTOOTH-3-20/338.npy,HOOKED-SAWTOOTH-3-20
0.0013347516,-0.002003149,0.6776104,0.5210111,0.6776117,-0.4550203,0.47659126,0.9316115602850914,0.021078499,2.022999,-0.34517407330267436,4726562.5,4.582359e-07,8.61465e-08,0.8979732729296394,0.00314690306550181,/content/drive/MyDrive/N-MON/ALTRO/spectograms/HOOKED-SAWTOOTH-3-20/339.npy,HOOKED-SAWTOOTH-3-20
-0.008616361,-0.002349299,0.6705649,0.51426756,0.67062026,-0.45539725,0.40781724,0.8632145002484322,0.0022072776,2.0508208,-0.31894658440455104,4550781.25,4.86456e-07,8.937576e-08,0.8984396734694047,0.0022931566564560217,/content/drive/MyDrive/N-MON/ALTRO/spectograms/HOOKED-SAWTOOTH-3-20/340.npy,HOOKED-SAWTOOTH-3-20
0.004121742,-0.0022447095,0.6761003,0.51895654,0.6761129,-0.39490622,0.46058178,0.8554879724979401,-0.004159826,2.0280282,-0.3329062425066668,-3378906.25,4.5347014e-07,8.6893124e-08,0.9009431777986343,0.004067515834530358,/content/drive/MyDrive/N-MON/ALTRO/spectograms/HOOKED-SAWTOOTH-3-20/341.npy,HOOKED-SAWTOOTH-3-20
0.0003023653,0.0058187246,0.6759862,0.5189077,0.6759862,-0.46287087,0.43754283,0.9004136919975281,0.0002604864,2.0296056,-0.3281191752795244,4609375.0,4.716816e-07,9.021302e-08,0.8938175987893096,0.0032662815168574334,/content/drive/MyDrive/N-MON/ALTRO/spectograms/HOOKED-SAWTOOTH-3-20/342.npy,HOOKED-SAWTOOTH-3-20
0.008643844,0.00562977,0.67661476,0.5195763,0.67667,-0.43969384,0.4704365,0.9101303666830063,-0.008601952,2.0202067,-0.31989168209089336,-2988281.25,4.4652458e-07,8.678934e-08,0.8936411064485282,0.005289596883656186,/content/drive/MyDrive/N-MON/ALTRO/spectograms/HOOKED-SAWTOOTH-3-20/343.npy,HOOKED-SAWTOOTH-3-20
0.0021854297,0.013438038,0.67238957,0.51515734,0.6723931,-0.44744885,0.41381568,0.8612644970417023,-0.019041235,2.043455,-0.29980494650389933,4667968.75,4.517962e-07,9.075627e-08,0.8930391960187085,0.0019755660009491945,/content/drive/MyDrive/N-MON/ALTRO/spectograms/HOOKED-SAWTOOTH-3-20/344.npy,HOOKED-SAWTOOTH-3-20
0.0059979847,0.013666449,0.6950076,0.54499775,0.69503355,-0.5507734,0.59969795,1.1504713147878647,-0.010402487,1.9276518,-0.3692436376273208,-2988281.25,5.68141e-07,9.377874e-08,0.925171624978498,0.01778289820384229,/content/drive/MyDrive/N-MON/ALTRO/spectograms/HOOKED-SAWTOOTH-3-20/345.npy,HOOKED-SAWTOOTH-3-20
0.0055148383,-0.0017635205,0.6753239,0.51770824,0.67534643,-0.40997654,0.4532366,0.8632131293416023,0.007052354,2.0391037,-0.355620323723029,-4707031.25,3.966911e-07,9.140659e-08,0.9039688161835284,0.0024660366457608957,/content/drive/MyDrive/N-MON/ALTRO/spectograms/HOOKED-SAWTOOTH-3-20/346.npy,HOOKED-SAWTOOTH-3-20
-0.0054147355,-0.0018333178,0.6782123,0.52221894,0.67823386,-0.47835544,0.45904657,0.9374020025134087,0.017447354,2.017452,-0.3324647998783742,-2539062.5,4.779342e-07,8.6165855e-08,0.8904115099477947,0.003550040498910262,/content/drive/MyDrive/N-MON/ALTRO/spectograms/HOOKED-SAWTOOTH-3-20/347.npy,HOOKED-SAWTOOTH-3-20
0.0017985377,-0.0020013745,0.6807603,0.5226029,0.6807627,-0.4512586,0.47656155,0.92782012373209,0.007934688,2.0136862,-0.3885816974711941,-3203125.0,4.778419e-07,8.7490285e-08,0.8871656438301261,0.0034238080276871204,/content/drive/MyDrive/N-MON/ALTRO/spectograms/HOOKED-SAWTOOTH-3-20/348.npy,HOOKED-SAWTOOTH-3-20
-0.002691101,0.0054655513,0.6689385,0.51132655,0.6689439,-0.43592235,0.40389296,0.8398153111338615,-0.0022598458,2.0599003,-0.2879803065400771,4667968.75,4.660856e-07,8.6511804e-08,0.8902189620420431,0.002927091029734469,/content/drive/MyDrive/N-MON/ALTRO/spectograms/HOOKED-SAWTOOTH-3-20/349.npy,HOOKED-SAWTOOTH-3-20
0.0083676595,0.0057014246,0.6736169,0.51702684,0.67366886,-0.4161488,0.47648838,0.8926371857523918,-0.009131221,2.0350919,-0.3032573265591393,-2656250.0,4.0901432e-07,9.343319e-08,0.898238511760499,0.0036318731980230267,/content/drive/MyDrive/N-MON/ALTRO/spectograms/HOOKED-SAWTOOTH-3-20/350.npy,HOOKED-SAWTOOTH-3-20
0.0013306832,0.0058413586,0.680931,0.5239125,0.6809322,-0.4649955,0.45303258,0.9180280864238739,-0.014189362,2.0123022,-0.3737864134513159,-3378906.25,5.162531e-07,9.961478e-08,0.899718445885549,0.0017566703997843925,/content/drive/MyDrive/N-MON/ALTRO/spectograms/HOOKED-SAWTOOTH-3-20/351.npy,HOOKED-SAWTOOTH-3-20
0.0033807636,-0.0020782384,0.6753275,0.5167185,0.67533594,-0.43181545,0.43533793,0.8671533763408661,-0.0018078706,2.036823,-0.34868367730500005,-3203125.0,5.120291e-07,9.3364186e-08,0.8977934954363207,0.005083784494970734,/content/drive/MyDrive/N-MON/ALTRO/spectograms/HOOKED-SAWTOOTH-3-20/352.npy,HOOKED-SAWTOOTH-3-20
0.00429303,-0.009904714,0.67660934,0.51798856,0.676623,-0.3790655,0.4821833,0.8612488210201263,0.0117414035,2.0333028,-0.36334515681232127,-3378906.25,3.5241732e-07,8.748046e-08,0.8926341769217198,0.004206212260055274,/content/drive/MyDrive/N-MON/ALTRO/spectograms/HOOKED-SAWTOOTH-3-20/353.npy,HOOKED-SAWTOOTH-3-20
0.004975538,0.0058592036,0.6755827,0.5182174,0.675601,-0.4238873,0.4295731,0.8534604012966156,-0.017627934,2.0375297,-0.34461850721936227,-3203125.0,5.469533e-07,9.382921e-08,0.8881394812985925,0.0030515822005738394,/content/drive/MyDrive/N-MON/ALTRO/spectograms/HOOKED-SAWTOOTH-3-20/354.npy,HOOKED-SAWTOOTH-3-20
-0.0035814396,-0.0021621685,0.677181,0.52170664,0.6771905,-0.44942135,0.4529481,0.9023694470524788,0.019616937,2.022552,-0.33799213757182145,-3203125.0,3.8841026e-07,8.759286e-08,0.8911865984186325,0.0028590954095885916,/content/drive/MyDrive/N-MON/ALTRO/spectograms/HOOKED-SAWTOOTH-3-20/355.npy,HOOKED-SAWTOOTH-3-20
0.0041883215,0.005849287,0.66442215,0.5025284,0.6644354,-0.3260316,0.34194157,0.6679731607437134,0.00474412,2.1012747,-0.3394934541103761,4726562.5,3.628803e-07,8.109522e-08,0.9258717575050319,0.020031733269620842,/content/drive/MyDrive/N-MON/ALTRO/spectograms/HOOKED-SAWTOOTH-3-20/356.npy,HOOKED-SAWTOOTH-3-20
-0.0018223383,0.005733667,0.67369896,0.51822364,0.67370147,-0.4707902,0.39638048,0.867170661687851,0.0020821902,2.0340958,-0.2869654324419352,4550781.25,4.169485e-07,8.895627e-08,0.8967969535795659,0.0023974456830247333,/content/drive/MyDrive/N-MON/ALTRO/spectograms/HOOKED-SAWTOOTH-3-20/357.npy,HOOKED-SAWTOOTH-3-20
-0.013157206,-0.017625768,0.67692745,0.5201531,0.6770553,-0.4961496,0.41985753,0.9160071238875389,0.03996125,2.0278337,-0.34344681729718485,-2656250.0,4.4384643e-07,8.6682896e-08,0.9002218669537021,0.004347110648072804,/content/drive/MyDrive/N-MON/ALTRO/spectograms/HOOKED-SAWTOOTH-3-20/358.npy,HOOKED-SAWTOOTH-3-20
-0.00188903,-0.0023350352,0.6709605,0.5140225,0.6709631,-0.41843882,0.42139924,0.8398380428552628,0.010440948,2.0547473,-0.3220427729121812,4609375.0,4.9507383e-07,8.923491e-08,0.8922517306534448,0.0026934970105557516,/content/drive/MyDrive/N-MON/ALTRO/spectograms/HOOKED-SAWTOOTH-3-20/359.npy,HOOKED-SAWTOOTH-3-20
0.007217681,0.005573041,0.6790664,0.52126706,0.67910475,-0.44753966,0.46655315,0.9140928015112877,-0.008052136,2.0175495,-0.36143233344675896,-3203125.0,4.681151e-07,8.559455e-08,0.8873331978622664,0.0038735054261704975,/content/drive/MyDrive/N-MON/ALTRO/spectograms/HOOKED-SAWTOOTH-3-20/360.npy,HOOKED-SAWTOOTH-3-20
0.0027885227,-0.002153333,0.68040216,0.5230021,0.68040794,-0.46512198,0.4977957,0.962917685508728,0.015113005,2.007018,-0.36679083854224903,4667968.75,4.334697e-07,8.9919055e-08,0.8946082744668107,0.0026856127417734395,/content/drive/MyDrive/N-MON/ALTRO/spectograms/HOOKED-SAWTOOTH-3-20/361.npy,HOOKED-SAWTOOTH-3-20
-0.0036250735,-0.0021037892,0.6766894,0.5204922,0.6766991,-0.5041127,0.40411818,0.9082308560609818,0.008083283,2.0276775,-0.32811429133299364,4550781.25,4.7454722e-07,8.68298e-08,0.8988142990268144,0.0037400059990772222,/content/drive/MyDrive/N-MON/ALTRO/spectograms/HOOKED-SAWTOOTH-3-20/362.npy,HOOKED-SAWTOOTH-3-20
-0.0013665357,0.00551672,0.6815455,0.52458507,0.68154687,-0.5120337,0.4469924,0.959026113152504,-0.0012727181,2.0052547,-0.37229877912660847,-3203125.0,3.576914e-07,9.17434e-08,0.8946397511703075,0.0035084484442567372,/content/drive/MyDrive/N-MON/ALTRO/spectograms/HOOKED-SAWTOOTH-3-20/363.npy,HOOKED-SAWTOOTH-3-20
-0.0019325123,0.0052491804,0.72170275,0.5807252,0.7217054,-0.77203935,0.75528556,1.5273249298334122,0.0044984883,1.7885356,-0.38143888213237187,4609375.0,5.0106195e-07,1.0252033e-07,0.9265529335512821,0.009163545821490166,/content/drive/MyDrive/N-MON/ALTRO/spectograms/HOOKED-SAWTOOTH-3-20/364.npy,HOOKED-SAWTOOTH-3-20
-0.00083941495,0.005775534,0.6765647,0.51841575,0.67656523,-0.4706659,0.45311213,0.9237780496478081,-0.0048838337,2.022738,-0.33883819097222123,-2539062.5,3.7610988e-07,9.2351684e-08,0.8916923203199059,0.006500136635052713,/content/drive/MyDrive/N-MON/ALTRO/spectograms/HOOKED-SAWTOOTH-3-20/365.npy,HOOKED-SAWTOOTH-3-20
-0.0059469254,-0.0022423812,0.67861575,0.5208706,0.6786418,-0.49436486,0.44502154,0.9393864050507545,0.020755466,2.018173,-0.3667677020214165,4667968.75,4.487613e-07,8.679392e-08,0.8911168012273427,0.0035811363618732956,/content/drive/MyDrive/N-MON/ALTRO/spectograms/HOOKED-SAWTOOTH-3-20/366.npy,HOOKED-SAWTOOTH-3-20
-0.0039870967,-0.0022914305,0.68179125,0.52539784,0.6818029,-0.53754365,0.4506752,0.9882188215851784,0.004761396,2.0009322,-0.36556992342520467,4550781.25,4.779215e-07,9.272567e-08,0.8983006609337517,0.004913943248554355,/content/drive/MyDrive/N-MON/ALTRO/spectograms/HOOKED-SAWTOOTH-3-20/367.npy,HOOKED-SAWTOOTH-3-20
-0.0037910726,0.005732444,0.6786847,0.5214116,0.67869526,-0.517663,0.41983497,0.937497928738594,0.0009086777,2.0116532,-0.3377622840354172,-4707031.25,3.8275513e-07,8.658861e-08,0.9013845173211109,0.004168279755913642,/content/drive/MyDrive/N-MON/ALTRO/spectograms/HOOKED-SAWTOOTH-3-20/368.npy,HOOKED-SAWTOOTH-3-20
0.0064394586,0.005515617,0.68668723,0.5459191,0.6867174,-0.5198061,0.5466173,1.0664234012365341,-1.5123893e-05,1.9268396,-0.17354953605926682,-2539062.5,7.343932e-07,9.640241e-08,0.895617942734861,0.004430812913315591,/content/drive/MyDrive/N-MON/ALTRO/spectograms/HOOKED-SAWTOOTH-3-20/369.npy,HOOKED-SAWTOOTH-3-20
0.0001475271,-0.01764869,0.6734448,0.51580554,0.67344487,-0.41025308,0.47643098,0.8866840600967407,0.022469414,2.0389538,-0.33058275214356947,-2539062.5,4.925072e-07,9.927082e-08,0.8905400766648972,0.006143170281207814,/content/drive/MyDrive/N-MON/ALTRO/spectograms/HOOKED-SAWTOOTH-3-20/370.npy,HOOKED-SAWTOOTH-3-20
0.004669476,0.005562042,0.68513227,0.5302402,0.68514824,-0.4943386,0.5369119,1.0312505140900612,-0.0052611534,1.9821846,-0.36435985389637626,4667968.75,4.366685e-07,9.425679e-08,0.8907664996073705,0.0036910544616275778,/content/drive/MyDrive/N-MON/ALTRO/spectograms/HOOKED-SAWTOOTH-3-20/371.npy,HOOKED-SAWTOOTH-3-20
-0.004749305,0.005387644,0.67986864,0.5229854,0.6798852,-0.5198417,0.41951483,0.9393565282225609,-0.00033689378,2.0164423,-0.3651863432777446,-3203125.0,5.2215984e-07,8.5502506e-08,0.9182308689474772,0.018441621247031886,/content/drive/MyDrive/N-MON/ALTRO/spectograms/HOOKED-SAWTOOTH-3-20/372.npy,HOOKED-SAWTOOTH-3-20
0.0032833104,-0.0021182029,0.6779425,0.5209622,0.67795044,-0.46898416,0.50569355,0.9746776968240738,0.0189204,2.0167081,-0.3460667366896538,-4765625.0,4.6223997e-07,9.538826e-08,0.8988563062222452,0.00412163951230745,/content/drive/MyDrive/N-MON/ALTRO/spectograms/HOOKED-SAWTOOTH-3-20/373.npy,HOOKED-SAWTOOTH-3-20
0.0018609767,-0.0020973673,0.67359436,0.51572967,0.6735969,-0.42008874,0.41783366,0.8379224091768265,0.0030785615,2.040272,-0.3253162950031082,-3203125.0,4.2688495e-07,8.7247905e-08,0.8971843555133998,0.004160057331852578,/content/drive/MyDrive/N-MON/ALTRO/spectograms/HOOKED-SAWTOOTH-3-20/374.npy,HOOKED-SAWTOOTH-3-20
-0.0041799825,0.0056438074,0.682365,0.526257,0.6823778,-0.549057,0.46840072,1.0174576789140701,0.001169657,1.9931581,-0.3549336016169208,-2656250.0,4.379091e-07,9.5969014e-08,0.88785295865133,0.004267061343645069,/content/drive/MyDrive/N-MON/ALTRO/spectograms/HOOKED-SAWTOOTH-3-20/375.npy,HOOKED-SAWTOOTH-3-20
-0.007267663,-0.009971956,0.6769262,0.5201006,0.67696524,-0.47884223,0.3883835,0.8672257140278816,0.022936074,2.026801,-0.3324194518846345,4609375.0,4.662123e-07,8.898023e-08,0.8889928805799324,0.004551134978108997,/content/drive/MyDrive/N-MON/ALTRO/spectograms/HOOKED-SAWTOOTH-3-20/376.npy,HOOKED-SAWTOOTH-3-20
0.006196083,-0.0023289723,0.6749083,0.51905566,0.6749367,-0.40073496,0.47418007,0.8749150335788727,-0.0081687905,2.030446,-0.30599699590115403,4492187.5,4.6144046e-07,8.666117e-08,0.8971472033492497,0.006048442887106338,/content/drive/MyDrive/N-MON/ALTRO/spectograms/HOOKED-SAWTOOTH-3-20/377.npy,HOOKED-SAWTOOTH-3-20
-0.00893808,-0.0021227493,0.6772771,0.52105135,0.67733604,-0.48262575,0.44318163,0.925807386636734,0.013885952,2.0219805,-0.3319739413752717,4667968.75,3.7688037e-07,8.9197755e-08,0.9036657502217542,0.0031192917536274336,/content/drive/MyDrive/N-MON/ALTRO/spectograms/HOOKED-SAWTOOTH-3-20/378.npy,HOOKED-SAWTOOTH-3-20
-0.0017896648,0.0057028173,0.67429936,0.5170948,0.6743017,-0.43379387,0.4353907,0.869184598326683,-0.0018994949,2.0402906,-0.33515429930741025,4550781.25,5.344222e-07,8.5732566e-08,0.8944525166770497,0.0050313360891652845,/content/drive/MyDrive/N-MON/ALTRO/spectograms/HOOKED-SAWTOOTH-3-20/379.npy,HOOKED-SAWTOOTH-3-20
0.007565573,0.01325528,0.68813545,0.533829,0.688177,-0.5063437,0.5521964,1.0585401207208633,-0.011702108,1.9700019,-0.3727245780124734,-2656250.0,5.7307454e-07,9.0605255e-08,0.8900372062144868,0.0033311149869448904,/content/drive/MyDrive/N-MON/ALTRO/spectograms/HOOKED-SAWTOOTH-3-20/380.npy,HOOKED-SAWTOOTH-3-20
0.0028308898,-0.0022454024,0.67147535,0.5139064,0.6714813,-0.4086393,0.38826916,0.796908475458622,0.0033441514,2.0570388,-0.32354357449826054,-3203125.0,4.7405578e-07,8.642755e-08,0.889484834052452,0.003963250281179999,/content/drive/MyDrive/N-MON/ALTRO/spectograms/HOOKED-SAWTOOTH-3-20/381.npy,HOOKED-SAWTOOTH-3-20
-0.0019365859,-0.0025853757,0.6807264,0.5234301,0.68072915,-0.50449014,0.45844027,0.9629303961992264,0.0028731292,2.0103047,-0.382570350333035,-2988281.25,5.195676e-07,8.856774e-08,0.8902712628636456,0.0027602095578066707,/content/drive/MyDrive/N-MON/ALTRO/spectograms/HOOKED-SAWTOOTH-3-20/382.npy,HOOKED-SAWTOOTH-3-20
-0.0035797385,-0.009874985,0.67452574,0.5173137,0.6745353,-0.4670048,0.44516432,0.9121691510081291,0.01589576,2.0344105,-0.32836652395966415,4667968.75,4.4685638e-07,8.73645e-08,0.8974830905646949,0.003612479711279061,/content/drive/MyDrive/N-MON/ALTRO/spectograms/HOOKED-SAWTOOTH-3-20/383.npy,HOOKED-SAWTOOTH-3-20
-0.009197843,-0.010042062,0.68394834,0.5270923,0.6840102,-0.49829805,0.47635424,0.9746522828936577,0.03044247,1.9967752,-0.3823591338249869,-2539062.5,5.658652e-07,8.812465e-08,0.8991227938540916,0.003706524062477865,/content/drive/MyDrive/N-MON/ALTRO/spectograms/HOOKED-SAWTOOTH-3-20/384.npy,HOOKED-SAWTOOTH-3-20
-0.0012813706,-0.0023750328,0.6855984,0.53039646,0.68559957,-0.5571931,0.49745798,1.0546510890126228,-0.0017247625,1.9807928,-0.3724412066649673,-2539062.5,5.3723176e-07,9.5504845e-08,0.8904097565738374,0.0028368111842317417,/content/drive/MyDrive/N-MON/ALTRO/spectograms/HOOKED-SAWTOOTH-3-20/385.npy,HOOKED-SAWTOOTH-3-20
0.0006661811,-0.009944631,0.64920807,0.48407176,0.6492084,-0.24421045,0.30266815,0.5468786023557186,0.018897058,2.1925006,-0.3218284922515996,-3203125.0,5.439877e-07,8.705328e-08,0.888477548593138,0.0027898241806188317,/content/drive/MyDrive/N-MON/ALTRO/spectograms/HOOKED-SAWTOOTH-3-20/386.npy,HOOKED-SAWTOOTH-3-20
-0.00422677,-0.0020010748,0.6752665,0.5185505,0.67527974,-0.48631024,0.4453158,0.9316260442137718,0.019684225,2.0333853,-0.3528672680734114,-2656250.0,5.348452e-07,9.3914025e-08,0.8935109529234065,0.00399395049278875,/content/drive/MyDrive/N-MON/ALTRO/spectograms/HOOKED-SAWTOOTH-3-20/387.npy,HOOKED-SAWTOOTH-3-20
0.0034724206,-0.0024133301,0.68302286,0.527041,0.68303174,-0.45943713,0.5053705,0.9648076370358467,-0.0059272703,1.9934556,-0.3464400555393016,4667968.75,5.7651323e-07,9.929859e-08,0.8953332566451981,0.0033112842247878713,/content/drive/MyDrive/N-MON/ALTRO/spectograms/HOOKED-SAWTOOTH-3-20/388.npy,HOOKED-SAWTOOTH-3-20
-0.0076024886,-0.010008049,0.67846495,0.5204389,0.67850757,-0.47300822,0.4038869,0.8768951371312141,0.029695772,2.0271988,-0.36148682790911046,-2539062.5,5.754435e-07,9.3102635e-08,0.9004480171365427,0.0029344449712120114,/content/drive/MyDrive/N-MON/ALTRO/spectograms/HOOKED-SAWTOOTH-3-20/389.npy,HOOKED-SAWTOOTH-3-20
0.005925942,-0.0023894748,0.6761376,0.52063024,0.6761637,-0.40084377,0.5366795,0.937523253262043,-0.0055293725,2.0171523,-0.302550016340284,-3378906.25,5.1789385e-07,8.729083e-08,0.9010828868442452,0.004411840770670305,/content/drive/MyDrive/N-MON/ALTRO/spectograms/HOOKED-SAWTOOTH-3-20/390.npy,HOOKED-SAWTOOTH-3-20
-0.0048381644,-0.002230657,0.67521375,0.5181805,0.6752311,-0.4748491,0.42944226,0.9042913690209389,0.0046981666,2.0319307,-0.33601649112074494,-3203125.0,5.7407124e-07,9.184893e-08,0.8874583714541847,0.002698415536817485,/content/drive/MyDrive/N-MON/ALTRO/spectograms/HOOKED-SAWTOOTH-3-20/391.npy,HOOKED-SAWTOOTH-3-20
-0.008047631,-0.001875641,0.67699766,0.52166116,0.6770455,-0.4960025,0.4532698,0.9492722824215889,0.008913213,2.015304,-0.29564563273779776,-2539062.5,5.132731e-07,9.9029876e-08,0.8936591359151522,0.004027433755861898,/content/drive/MyDrive/N-MON/ALTRO/spectograms/HOOKED-SAWTOOTH-3-20/392.npy,HOOKED-SAWTOOTH-3-20
-0.0047077313,-0.0024144836,0.67698944,0.51887923,0.6770058,-0.46334478,0.4194181,0.8827629014849663,0.009573029,2.0329928,-0.36801512286477156,-3203125.0,5.774211e-07,9.244559e-08,0.8939401071000048,0.003413249336536448,/content/drive/MyDrive/N-MON/ALTRO/spectograms/HOOKED-SAWTOOTH-3-20/393.npy,HOOKED-SAWTOOTH-3-20
0.0034608,-0.0019167294,0.6720262,0.514218,0.67203516,-0.4256764,0.43568105,0.8613574579358101,0.008169522,2.0485835,-0.3360701272321577,-3203125.0,5.004396e-07,9.652379e-08,0.8983163220775361,0.0026370881032814026,/content/drive/MyDrive/N-MON/ALTRO/spectograms/HOOKED-SAWTOOTH-3-20/394.npy,HOOKED-SAWTOOTH-3-20
-0.0032799686,-0.0019175529,0.675662,0.5180615,0.67566997,-0.47256285,0.39643824,0.8690010905265808,0.0083750505,2.0358546,-0.3395141995991492,-3203125.0,5.4111155e-07,9.068635e-08,0.8998088927250933,0.0053315341790745934,/content/drive/MyDrive/N-MON/ALTRO/spectograms/HOOKED-SAWTOOTH-3-20/395.npy,HOOKED-SAWTOOTH-3-20
-0.0029059735,-0.00240152,0.6815545,0.52375865,0.6815607,-0.46532,0.47030616,0.9356261342763901,0.0055530043,2.0068743,-0.37861830006630737,-3203125.0,6.0031425e-07,9.662923e-08,0.8886459575640291,0.002614433971780361,/content/drive/MyDrive/N-MON/ALTRO/spectograms/HOOKED-SAWTOOTH-3-20/396.npy,HOOKED-SAWTOOTH-3-20
-0.0068027726,-0.0024356644,0.6752198,0.5185234,0.6752541,-0.4965931,0.41162404,0.9082171320915222,0.011744853,2.029448,-0.3308104500520407,-2656250.0,4.453348e-07,9.694718e-08,0.8958352110365526,0.004189530674587965,/content/drive/MyDrive/N-MON/ALTRO/spectograms/HOOKED-SAWTOOTH-3-20/397.npy,HOOKED-SAWTOOTH-3-20
0.002731679,0.0056751864,0.6836433,0.52988446,0.68364877,-0.504009,0.49207568,0.9960847049951553,0.0019839688,1.9832506,-0.3308265864104528,-3437500.0,5.712995e-07,9.285061e-08,0.8932321911009976,0.004181710080661425,/content/drive/MyDrive/N-MON/ALTRO/spectograms/HOOKED-SAWTOOTH-3-20/398.npy,HOOKED-SAWTOOTH-3-20
0.0015486274,-0.0024479784,0.6784647,0.5213577,0.6784665,-0.44765142,0.5600672,1.0077185779809952,0.024008943,2.012941,-0.3413090930021677,4550781.25,5.479221e-07,9.6842186e-08,0.8951101539833493,0.002959264684710284,/content/drive/MyDrive/N-MON/ALTRO/spectograms/HOOKED-SAWTOOTH-3-20/399.npy,HOOKED-SAWTOOTH-3-20
0.008655506,-0.002101985,0.67448187,0.517941,0.67453736,-0.431793,0.45872232,0.8905153200030327,-0.010586871,2.0340161,-0.31683196798017665,-2539062.5,5.549034e-07,9.6286705e-08,0.899646389957195,0.002482421231485879,/content/drive/MyDrive/N-MON/ALTRO/spectograms/HOOKED-SAWTOOTH-3-20/400.npy,HOOKED-SAWTOOTH-3-20
-0.000110689165,-0.0023008808,0.672394,0.5136261,0.672394,-0.41060606,0.4137128,0.8243188560009003,0.006068414,2.0531158,-0.33904595660856096,-2988281.25,5.101229e-07,8.80696e-08,0.8990155685867571,0.0029644964031008978,/content/drive/MyDrive/N-MON/ALTRO/spectograms/HOOKED-SAWTOOTH-3-20/401.npy,HOOKED-SAWTOOTH-3-20
0.0023042068,-0.0021156038,0.67302233,0.5144567,0.67302626,-0.44143412,0.4822633,0.9236974120140076,0.023594284,2.0361311,-0.3162916972628783,-2539062.5,5.135878e-07,9.4955666e-08,0.8919980641000353,0.004910733409672832,/content/drive/MyDrive/N-MON/ALTRO/spectograms/HOOKED-SAWTOOTH-3-20/402.npy,HOOKED-SAWTOOTH-3-20
0.0032831393,0.005524073,0.6705435,0.5115338,0.67055154,-0.4026193,0.4116574,0.8142766952514648,-0.004085338,2.0626588,-0.33230326395047893,4609375.0,6.0232986e-07,9.844185e-08,0.8883110672852139,0.004063870600635288,/content/drive/MyDrive/N-MON/ALTRO/spectograms/HOOKED-SAWTOOTH-3-20/403.npy,HOOKED-SAWTOOTH-3-20
-0.0066032303,-0.0022069714,0.67924345,0.5205014,0.67927563,-0.5119755,0.42741194,0.9393874928355217,0.008134578,2.018097,-0.3804876905852047,-2656250.0,5.285409e-07,9.503439e-08,0.8913001309961479,0.0034758053099294625,/content/drive/MyDrive/N-MON/ALTRO/spectograms/HOOKED-SAWTOOTH-3-20/404.npy,HOOKED-SAWTOOTH-3-20
0.0056811087,0.013227144,0.6809586,0.523311,0.68098235,-0.4888081,0.4663508,0.9551588743925095,-0.019432632,2.0088918,-0.3776994308783693,-2539062.5,5.1955794e-07,1.0017452e-07,0.8996866424048627,0.0054899035327022035,/content/drive/MyDrive/N-MON/ALTRO/spectograms/HOOKED-SAWTOOTH-3-20/405.npy,HOOKED-SAWTOOTH-3-20
0.0037180108,0.0054442473,0.6783658,0.52189684,0.678376,-0.43983483,0.46845543,0.9082902446389198,-0.0036777009,2.0162218,-0.33313193505750605,4550781.25,4.725905e-07,9.313143e-08,0.899495447207473,0.002965199940300846,/content/drive/MyDrive/N-MON/ALTRO/spectograms/HOOKED-SAWTOOTH-3-20/406.npy,HOOKED-SAWTOOTH-3-20
-0.0039236434,-0.0021067848,0.676114,0.5184533,0.67612547,-0.44745392,0.3728274,0.8202813416719437,0.0066156858,2.0327892,-0.33992917715798143,-3378906.25,4.782353e-07,9.976539e-08,0.898162011552051,0.004734177116899779,/content/drive/MyDrive/N-MON/ALTRO/spectograms/HOOKED-SAWTOOTH-3-20/407.npy,HOOKED-SAWTOOTH-3-20
0.0028462328,-0.0024632704,0.66640437,0.50790775,0.66641045,-0.37161538,0.41157755,0.7831929475069046,0.002143381,2.071787,-0.27901051842158264,-4667968.75,4.695225e-07,9.296075e-08,0.8897702900551769,0.003770577485364521,/content/drive/MyDrive/N-MON/ALTRO/spectograms/HOOKED-SAWTOOTH-3-20/408.npy,HOOKED-SAWTOOTH-3-20
0.0028396568,-0.0019857655,0.67616254,0.5165171,0.67616856,-0.42391443,0.43742967,0.8613440915942192,0.004336393,2.0399933,-0.38941102778659353,4492187.5,4.0205393e-07,8.7140364e-08,0.8923729974246712,0.00574107746637343,/content/drive/MyDrive/N-MON/ALTRO/spectograms/HOOKED-SAWTOOTH-3-20/409.npy,HOOKED-SAWTOOTH-3-20
-0.008781089,-0.01756745,0.68213904,0.5244635,0.68219554,-0.52552867,0.39051515,0.9160438179969788,0.025684208,2.008917,-0.38403295025268236,-4765625.0,4.5640996e-07,9.472045e-08,0.8982807725419715,0.00345678633099268,/content/drive/MyDrive/N-MON/ALTRO/spectograms/HOOKED-SAWTOOTH-3-20/410.npy,HOOKED-SAWTOOTH-3-20
-0.00081891107,-0.009855042,0.6735848,0.51596385,0.67358536,-0.41611803,0.44323644,0.8593544587492943,0.018354276,2.0434356,-0.32687306369011015,-3203125.0,5.7776026e-07,9.734386e-08,0.8996458268596176,0.0019828334328937927,/content/drive/MyDrive/N-MON/ALTRO/spectograms/HOOKED-SAWTOOTH-3-20/411.npy,HOOKED-SAWTOOTH-3-20
-0.0032460908,-0.0021527929,0.68110764,0.5237004,0.6811153,-0.54127264,0.4664482,1.0077208280563354,-0.005904581,2.0036695,-0.35872227053876504,-2656250.0,4.542921e-07,9.547707e-08,0.891139166213283,0.003578843171363926,/content/drive/MyDrive/N-MON/ALTRO/spectograms/HOOKED-SAWTOOTH-3-20/412.npy,HOOKED-SAWTOOTH-3-20
0.0006271701,0.0057720393,0.6819846,0.5259651,0.68198496,-0.4862497,0.4707455,0.9569951742887497,-0.0005311246,2.0012782,-0.35994615393345086,4609375.0,4.5920072e-07,8.859267e-08,0.8879213286100602,0.002804068785437967,/content/drive/MyDrive/N-MON/ALTRO/spectograms/HOOKED-SAWTOOTH-3-20/413.npy,HOOKED-SAWTOOTH-3-20
0.00080896233,-0.0018765661,0.68368554,0.5269285,0.683686,-0.49409202,0.50792354,1.002015545964241,0.007263593,1.9944507,-0.3827295718335436,-2988281.25,3.937334e-07,9.570295e-08,0.8857159663029814,0.0035309119088277217,/content/drive/MyDrive/N-MON/ALTRO/spectograms/HOOKED-SAWTOOTH-3-20/414.npy,HOOKED-SAWTOOTH-3-20
0.0048962357,-0.0018188786,0.68295974,0.52509767,0.68297726,-0.43938756,0.47465003,0.9140375778079033,-0.019567806,2.0021923,-0.39010066270848764,4667968.75,4.4606185e-07,8.9862766e-08,0.8948925243773871,0.003852928588454911,/content/drive/MyDrive/N-MON/ALTRO/spectograms/HOOKED-SAWTOOTH-3-20/415.npy,HOOKED-SAWTOOTH-3-20
0.0041277637,0.005642004,0.679661,0.5234137,0.6796735,-0.46294647,0.49792936,0.9608758315443993,0.011150263,2.0110347,-0.3489114324834929,4550781.25,5.282771e-07,9.6386984e-08,0.9012519191335349,0.0026735039852764215,/content/drive/MyDrive/N-MON/ALTRO/spectograms/HOOKED-SAWTOOTH-3-20/416.npy,HOOKED-SAWTOOTH-3-20
-0.005347597,-0.0022577436,0.68401676,0.5304395,0.6840377,-0.5432539,0.4996523,1.0429061725735664,0.015904373,1.975937,-0.31952895544730275,-2539062.5,5.206115e-07,9.3222255e-08,0.904162793651315,0.005212315962785083,/content/drive/MyDrive/N-MON/ALTRO/spectograms/HOOKED-SAWTOOTH-3-20/417.npy,HOOKED-SAWTOOTH-3-20
0.008578453,0.005620834,0.681352,0.5260564,0.6814061,-0.4650299,0.5056615,0.970691405236721,-0.015223119,1.9989069,-0.35186693464191887,4609375.0,6.082776e-07,9.697325e-08,0.8890319298092733,0.002726831772400257,/content/drive/MyDrive/N-MON/ALTRO/spectograms/HOOKED-SAWTOOTH-3-20/418.npy,HOOKED-SAWTOOTH-3-20
0.0021925054,-0.002005959,0.68014735,0.5235988,0.68015087,-0.44924954,0.4978584,0.9471079185605049,0.0040160255,2.0096712,-0.34293664326978146,-3203125.0,4.9530206e-07,9.571826e-08,0.8861054009296596,0.004186086701405121,/content/drive/MyDrive/N-MON/ALTRO/spectograms/HOOKED-SAWTOOTH-3-20/419.npy,HOOKED-SAWTOOTH-3-20
-0.004848062,0.0052091386,0.68626213,0.5327119,0.68627924,-0.58072317,0.497495,1.0782181546092033,-0.007357413,1.9705452,-0.34295117157074995,4667968.75,6.025032e-07,9.875194e-08,0.8933837951831183,0.0029239247547570607,/content/drive/MyDrive/N-MON/ALTRO/spectograms/HOOKED-SAWTOOTH-3-20/420.npy,HOOKED-SAWTOOTH-3-20
0.0045228964,-0.005888162,0.6747256,0.5172033,0.67474073,-0.41802096,0.4745695,0.8925904706120491,0.009598872,2.031651,-0.3279413161191346,-4726562.5,4.1820084e-07,9.2052616e-08,0.9003140677012142,0.002863178688774001,/content/drive/MyDrive/N-MON/ALTRO/spectograms/HOOKED-SAWTOOTH-3-20/421.npy,HOOKED-SAWTOOTH-3-20
0.0014602961,0.0054421136,0.6832896,0.5275423,0.68329114,-0.49639046,0.51528996,1.01168043166399,-0.008762189,1.9891679,-0.34600348335357645,-4765625.0,5.013261e-07,9.973839e-08,0.9024824772554744,0.006981622124734713,/content/drive/MyDrive/N-MON/ALTRO/spectograms/HOOKED-SAWTOOTH-3-20/422.npy,HOOKED-SAWTOOTH-3-20
-0.008996752,-0.0100930035,0.6798562,0.52528006,0.67991567,-0.48662338,0.40592724,0.892550639808178,0.024945686,2.004871,-0.3165181242355751,4609375.0,4.7657554e-07,9.26533e-08,0.8924110655859017,0.0038782588276927953,/content/drive/MyDrive/N-MON/ALTRO/spectograms/HOOKED-SAWTOOTH-3-20/423.npy,HOOKED-SAWTOOTH-3-20
0.0028623927,0.009777177,0.6779928,0.52149194,0.6779989,-0.45497262,0.4512431,0.9062157273292542,-0.010278741,2.019785,-0.3377791320428686,-4785156.25,3.4122138e-07,8.673719e-08,0.8955784319821969,0.0038957677339588968,/content/drive/MyDrive/N-MON/ALTRO/spectograms/HOOKED-SAWTOOTH-3-20/424.npy,HOOKED-SAWTOOTH-3-20
-0.0060232696,0.0058024805,0.6807659,0.5241502,0.6807926,-0.5566189,0.4296322,0.9862511307001114,0.013338762,2.0038311,-0.3568430636712928,-2656250.0,4.7967126e-07,9.272274e-08,0.8909739092487177,0.0025605248722956066,/content/drive/MyDrive/N-MON/ALTRO/spectograms/HOOKED-SAWTOOTH-3-20/425.npy,HOOKED-SAWTOOTH-3-20
-0.0015312324,0.0058071422,0.6794275,0.52711236,0.6794292,-0.501977,0.46082252,0.9627995640039444,-0.0008768752,2.0014756,-0.2922123180722497,-4726562.5,4.3933528e-07,8.783928e-08,0.9011867980197901,0.0034574560536460236,/content/drive/MyDrive/N-MON/ALTRO/spectograms/HOOKED-SAWTOOTH-3-20/426.npy,HOOKED-SAWTOOTH-3-20
0.004662249,-0.0026383186,0.67984664,0.5226883,0.6798626,-0.4556812,0.50516,0.960841178894043,0.014741793,2.0069525,-0.34592483375354555,-3378906.25,4.820023e-07,8.6296524e-08,0.8990386778028765,0.004147946633172379,/content/drive/MyDrive/N-MON/ALTRO/spectograms/HOOKED-SAWTOOTH-3-20/427.npy,HOOKED-SAWTOOTH-3-20
-0.00199121,-0.010060547,0.67814404,0.5208688,0.67814696,-0.43199503,0.42928946,0.8612844944000244,0.022807261,2.0231042,-0.34902190511496844,-2539062.5,5.8643127e-07,9.238229e-08,0.8981990308341994,0.0031089448644301323,/content/drive/MyDrive/N-MON/ALTRO/spectograms/HOOKED-SAWTOOTH-3-20/428.npy,HOOKED-SAWTOOTH-3-20
-0.009830796,-0.002083868,0.6774279,0.5218672,0.67749923,-0.4941811,0.39839014,0.892571248114109,0.017684482,2.0202677,-0.320439855894339,-3203125.0,4.2417278e-07,8.635322e-08,0.8889742661315299,0.0032207359838646015,/content/drive/MyDrive/N-MON/ALTRO/spectograms/HOOKED-SAWTOOTH-3-20/429.npy,HOOKED-SAWTOOTH-3-20
0.0016488397,-0.0018225296,0.6705352,0.51243454,0.67053723,-0.42565396,0.41416782,0.8398217931389809,0.006014539,2.0532873,-0.3184726994716157,4667968.75,4.5432697e-07,8.812198e-08,0.8919589763927918,0.002684338035838671,/content/drive/MyDrive/N-MON/ALTRO/spectograms/HOOKED-SAWTOOTH-3-20/430.npy,HOOKED-SAWTOOTH-3-20
0.007307338,0.00542152,0.6722887,0.51403165,0.6723285,-0.41051072,0.48406863,0.8945793583989143,0.009494347,2.04324,-0.3155999102280359,-4726562.5,4.632609e-07,8.5732594e-08,0.8982578837524671,0.004775777958675958,/content/drive/MyDrive/N-MON/ALTRO/spectograms/HOOKED-SAWTOOTH-3-20/431.npy,HOOKED-SAWTOOTH-3-20
-0.0070927865,-0.0021287373,0.68101364,0.5260294,0.6810506,-0.5196904,0.43531474,0.9550051316618919,0.00916647,2.00094,-0.3324903896767256,-4707031.25,3.9629143e-07,8.945571e-08,0.9020341115601594,0.0033533950185616187,/content/drive/MyDrive/N-MON/ALTRO/spectograms/HOOKED-SAWTOOTH-3-20/432.npy,HOOKED-SAWTOOTH-3-20
0.010315721,0.00573056,0.6767995,0.51836526,0.67687804,-0.39276958,0.48997724,0.8827468305826187,-0.027380208,2.0335546,-0.3614607400207587,4609375.0,5.19632e-07,9.545877e-08,0.8964575204980574,0.0046587538351069045,/content/drive/MyDrive/N-MON/ALTRO/spectograms/HOOKED-SAWTOOTH-3-20/433.npy,HOOKED-SAWTOOTH-3-20
-0.0061498936,-0.0018475773,0.67533106,0.51771545,0.675359,-0.4939664,0.42003042,0.9139968231320381,0.014519828,2.0327332,-0.3581402281377618,-4648437.5,3.6655499e-07,9.020114e-08,0.896208685637366,0.004254636702249675,/content/drive/MyDrive/N-MON/ALTRO/spectograms/HOOKED-SAWTOOTH-3-20/434.npy,HOOKED-SAWTOOTH-3-20
-0.006818882,-0.017565338,0.67981136,0.52270615,0.6798456,-0.47859293,0.4707038,0.9492967426776886,0.03434391,2.0128195,-0.360962261075768,4609375.0,5.345225e-07,9.7161646e-08,0.8925371167580398,0.00299505513446063,/content/drive/MyDrive/N-MON/ALTRO/spectograms/HOOKED-SAWTOOTH-3-20/435.npy,HOOKED-SAWTOOTH-3-20
0.009430127,-0.0020132454,0.67567986,0.51976573,0.67574567,-0.4239055,0.5056635,0.9295690357685089,0.004878782,2.0208888,-0.3062646872181275,4492187.5,3.941789e-07,9.12455e-08,0.8976522299326556,0.004391277179422468,/content/drive/MyDrive/N-MON/ALTRO/spectograms/HOOKED-SAWTOOTH-3-20/436.npy,HOOKED-SAWTOOTH-3-20
0.012534705,0.0057971617,0.6779572,0.52113694,0.67807305,-0.43963298,0.5155064,0.9551393762230873,-0.0106877135,2.0146463,-0.3405724486998506,-3203125.0,4.3162686e-07,8.685078e-08,0.8959873968760048,0.002751445955911693,/content/drive/MyDrive/N-MON/ALTRO/spectograms/HOOKED-SAWTOOTH-3-20/437.npy,HOOKED-SAWTOOTH-3-20
0.00048371602,-0.0020252967,0.67480093,0.51578504,0.6748011,-0.43369246,0.41407526,0.8477676883339882,0.0017790401,2.0405726,-0.35427289735203804,4550781.25,4.408918e-07,9.100378e-08,0.8984916993878276,0.0031890998768005522,/content/drive/MyDrive/N-MON/ALTRO/spectograms/HOOKED-SAWTOOTH-3-20/438.npy,HOOKED-SAWTOOTH-3-20
-0.006015766,-0.009954469,0.67871034,0.5226903,0.67873704,-0.5333544,0.43142548,0.9647798612713814,0.01900306,2.0103972,-0.33280610988939874,-2656250.0,4.4965702e-07,8.694978e-08,0.8993870090165632,0.004639909115914034,/content/drive/MyDrive/N-MON/ALTRO/spectograms/HOOKED-SAWTOOTH-3-20/439.npy,HOOKED-SAWTOOTH-3-20
0.006316721,0.005441856,0.6699529,0.51040566,0.66998273,-0.41845563,0.43709436,0.8555499985814095,-0.007719668,2.0583663,-0.31204448651438377,-3203125.0,5.74697e-07,8.740072e-08,0.8894647008758587,0.0033513455762197927,/content/drive/MyDrive/N-MON/ALTRO/spectograms/HOOKED-SAWTOOTH-3-20/440.npy,HOOKED-SAWTOOTH-3-20
-0.008361833,-0.017517295,0.67991406,0.5229439,0.67996544,-0.4883632,0.4296437,0.9180069044232368,0.0410054,2.0151782,-0.35833129315736134,-2539062.5,4.075439e-07,8.5831516e-08,0.8904165712085479,0.002854079217822397,/content/drive/MyDrive/N-MON/ALTRO/spectograms/HOOKED-SAWTOOTH-3-20/441.npy,HOOKED-SAWTOOTH-3-20
0.0013781996,-0.0020015854,0.6802157,0.52195734,0.6802171,-0.39261204,0.43360224,0.8262142911553383,0.00012146094,2.01938,-0.3838889785951115,-3378906.25,5.099482e-07,8.7523986e-08,0.8988098136772174,0.003091473847180601,/content/drive/MyDrive/N-MON/ALTRO/spectograms/HOOKED-SAWTOOTH-3-20/442.npy,HOOKED-SAWTOOTH-3-20
0.0070215194,0.005657312,0.67819655,0.5239808,0.67823297,-0.43955424,0.45871115,0.8982653692364693,-0.022403842,2.0176415,-0.3075314654272435,4550781.25,4.7034447e-07,8.666882e-08,0.9017696383914675,0.002702455800244857,/content/drive/MyDrive/N-MON/ALTRO/spectograms/HOOKED-SAWTOOTH-3-20/443.npy,HOOKED-SAWTOOTH-3-20
-0.0034733843,0.005534383,0.6757448,0.5203582,0.6757537,-0.47875822,0.45090318,0.9296614229679108,0.0026650538,2.0273547,-0.3164491701575215,-2988281.25,4.188549e-07,8.67378e-08,0.900305183507738,0.0043144081645851515,/content/drive/MyDrive/N-MON/ALTRO/spectograms/HOOKED-SAWTOOTH-3-20/444.npy,HOOKED-SAWTOOTH-3-20
0.0042515527,-0.002158748,0.7052213,0.5891295,0.70523405,-0.564816,0.6070508,1.1718667894601822,-7.383354e-05,1.7859015,-0.07734568547340638,-3457031.25,6.574406e-07,9.383781e-08,0.8907975954504899,0.0030261613318226925,/content/drive/MyDrive/N-MON/ALTRO/spectograms/HOOKED-SAWTOOTH-3-20/445.npy,HOOKED-SAWTOOTH-3-20
-0.00025758552,-0.002230301,0.6925318,0.54339325,0.6925319,-0.56851673,0.59160006,1.1601168513298035,0.017150473,1.9286754,-0.31751854585851824,-2988281.25,4.5955105e-07,9.39081e-08,0.9178209787914917,0.02188539223145629,/content/drive/MyDrive/N-MON/ALTRO/spectograms/HOOKED-SAWTOOTH-3-20/446.npy,HOOKED-SAWTOOTH-3-20
0.0066079805,-0.0021283198,0.6801831,0.52105993,0.68021524,-0.4006044,0.49196804,0.8925724253058434,-0.016870888,2.0196629,-0.39694967033784156,-4765625.0,4.1108956e-07,8.749682e-08,0.896279114591136,0.00284644631007028,/content/drive/MyDrive/N-MON/ALTRO/spectograms/HOOKED-SAWTOOTH-3-20/447.npy,HOOKED-SAWTOOTH-3-20
0.009790934,0.005532453,0.67662895,0.51847976,0.6766998,-0.43198365,0.47625828,0.9082419276237488,-0.006770573,2.0300543,-0.36895796494156585,-4667968.75,4.927656e-07,8.556205e-08,0.8990430712769968,0.0033080847397421345,/content/drive/MyDrive/N-MON/ALTRO/spectograms/HOOKED-SAWTOOTH-3-20/448.npy,HOOKED-SAWTOOTH-3-20
0.00043382336,0.0058218637,0.673328,0.5165778,0.67332804,-0.42380953,0.42771697,0.8515265062451363,0.0056588203,2.0403848,-0.3135819042945488,-4707031.25,3.7421484e-07,8.8184265e-08,0.9032764308515762,0.0022082953222069463,/content/drive/MyDrive/N-MON/ALTRO/spectograms/HOOKED-SAWTOOTH-3-20/449.npy,HOOKED-SAWTOOTH-3-20
0.00058336806,-0.0022726655,0.71454656,0.5690385,0.7145468,-0.72095704,0.7243747,1.4453317821025848,0.007844618,1.8266072,-0.4021242301559519,4609375.0,6.671872e-07,9.653542e-08,0.9187590473443991,0.01868388110862172,/content/drive/MyDrive/N-MON/ALTRO/spectograms/HOOKED-SAWTOOTH-3-20/450.npy,HOOKED-SAWTOOTH-3-20
0.009269504,0.0057822564,0.67182267,0.5149087,0.6718866,-0.42579237,0.46679965,0.8925920277833939,-0.004970419,2.04483,-0.3085728633396051,-2988281.25,3.6903248e-07,8.86938e-08,0.8940936426976533,0.0027608849897118553,/content/drive/MyDrive/N-MON/ALTRO/spectograms/HOOKED-SAWTOOTH-3-20/451.npy,HOOKED-SAWTOOTH-3-20
0.003233162,-0.009625804,0.71206415,0.567745,0.7120715,-0.7128997,0.685701,1.3986006826162338,-0.004856463,1.8350981,-0.3784533510567042,4667968.75,5.057627e-07,9.712724e-08,0.8962376266978889,0.0033856631325715697,/content/drive/MyDrive/N-MON/ALTRO/spectograms/HOOKED-SAWTOOTH-3-20/452.npy,HOOKED-SAWTOOTH-3-20
-0.0007472184,0.01336012,0.64428884,0.4788609,0.64428926,-0.25215253,0.21656272,0.46871523559093475,0.011334849,2.232088,-0.31729310218245665,-3203125.0,5.6777384e-07,8.968931e-08,0.9034545999996263,0.006039316578193193,/content/drive/MyDrive/N-MON/ALTRO/spectograms/HOOKED-SAWTOOTH-3-20/453.npy,HOOKED-SAWTOOTH-3-20
0.003482348,-0.002496759,0.67715424,0.51980174,0.6771632,-0.4028809,0.5131435,0.9160243943333626,0.0150355175,2.0253208,-0.3489247336705664,-3203125.0,4.570043e-07,8.6382954e-08,0.9035860804556552,0.003255557313850116,/content/drive/MyDrive/N-MON/ALTRO/spectograms/HOOKED-SAWTOOTH-3-20/454.npy,HOOKED-SAWTOOTH-3-20
-0.003632709,-0.0022508064,0.6777845,0.5200727,0.6777943,-0.47293335,0.4351857,0.9081190526485443,-0.0026718914,2.0204968,-0.34002238169829735,4609375.0,4.275301e-07,8.960106e-08,0.889105399998025,0.0029874350209336304,/content/drive/MyDrive/N-MON/ALTRO/spectograms/HOOKED-SAWTOOTH-3-20/455.npy,HOOKED-SAWTOOTH-3-20
-0.0009206834,-0.009990127,0.6768087,0.51955587,0.6768093,-0.44151413,0.46853703,0.9100511595606804,0.014144095,2.0268235,-0.34579832424353996,-2656250.0,4.2035776e-07,8.649664e-08,0.8865964727768044,0.0037790184255387617,/content/drive/MyDrive/N-MON/ALTRO/spectograms/HOOKED-SAWTOOTH-3-20/456.npy,HOOKED-SAWTOOTH-3-20
-0.005550105,-0.017640512,0.71438,0.5938314,0.71440166,-0.64466923,0.6386416,1.2833108305931091,0.033760313,1.7748058,-0.16694420504263896,-3398437.5,8.655294e-07,9.885028e-08,0.9182498496063414,0.016816382666632334,/content/drive/MyDrive/N-MON/ALTRO/spectograms/HOOKED-SAWTOOTH-3-20/457.npy,HOOKED-SAWTOOTH-3-20
-0.0046953997,-0.0019636268,0.67334354,0.51604915,0.6733599,-0.4707607,0.3652088,0.8359694853425026,0.02279397,2.0441618,-0.3120106069170526,4550781.25,4.4611738e-07,8.620746e-08,0.8984571599257888,0.003549745293316635,/content/drive/MyDrive/N-MON/ALTRO/spectograms/HOOKED-SAWTOOTH-3-20/458.npy,HOOKED-SAWTOOTH-3-20
0.002611704,-0.0020531614,0.67754406,0.52194226,0.677549,-0.48845613,0.45886555,0.9473216906189919,0.0012895102,2.0164654,-0.34509500792632697,-2656250.0,5.0390963e-07,8.769673e-08,0.8956752128723842,0.0028829085346585136,/content/drive/MyDrive/N-MON/ALTRO/spectograms/HOOKED-SAWTOOTH-3-20/459.npy,HOOKED-SAWTOOTH-3-20
0.007153098,0.005759941,0.6774631,0.52013886,0.67750084,-0.38680553,0.48231938,0.8691248968243599,-0.0076469616,2.0250065,-0.34912581121030783,-2539062.5,4.6273271e-07,8.604766e-08,0.8928573102528738,0.0027955967915937927,/content/drive/MyDrive/N-MON/ALTRO/spectograms/HOOKED-SAWTOOTH-3-20/460.npy,HOOKED-SAWTOOTH-3-20
0.0049817255,-0.0020209723,0.67511517,0.5173948,0.6751336,-0.41223073,0.4529372,0.865167923271656,-0.0006955209,2.0349734,-0.32880252105519603,-3203125.0,4.936979e-07,8.6945604e-08,0.8879899365492061,0.0033795973646397527,/content/drive/MyDrive/N-MON/ALTRO/spectograms/HOOKED-SAWTOOTH-3-20/461.npy,HOOKED-SAWTOOTH-3-20
-0.0027917812,0.0056010326,0.68296874,0.5257667,0.6829744,-0.517694,0.45884582,0.9765398278832436,-0.0019202543,1.994932,-0.3914519744812247,-2656250.0,5.3332076e-07,9.3727905e-08,0.893037883018801,0.005770025204822045,/content/drive/MyDrive/N-MON/ALTRO/spectograms/HOOKED-SAWTOOTH-3-20/462.npy,HOOKED-SAWTOOTH-3-20
0.006902198,-0.0019687302,0.67317855,0.5147572,0.67321396,-0.38486692,0.49794835,0.8828152716159821,-0.008061676,2.0442631,-0.3364044945157848,-3203125.0,4.2828896e-07,8.606938e-08,0.9012595394024445,0.005857769215634187,/content/drive/MyDrive/N-MON/ALTRO/spectograms/HOOKED-SAWTOOTH-3-20/463.npy,HOOKED-SAWTOOTH-3-20
-0.008053496,-0.017827308,0.6778266,0.52108306,0.6778744,-0.49644986,0.42731845,0.9237683191895485,0.02885025,2.0246348,-0.3419374541008643,-2656250.0,5.5856526e-07,9.396154e-08,0.9019114003035131,0.0033587014110586563,/content/drive/MyDrive/N-MON/ALTRO/spectograms/HOOKED-SAWTOOTH-3-20/464.npy,HOOKED-SAWTOOTH-3-20
0.0068150214,0.0056963605,0.6689274,0.5103216,0.66896206,-0.40242058,0.39043203,0.7928526252508163,-0.00414239,2.0688426,-0.3179310986131948,-4667968.75,5.165129e-07,8.5716536e-08,0.8986791071302853,0.003118484561682854,/content/drive/MyDrive/N-MON/ALTRO/spectograms/HOOKED-SAWTOOTH-3-20/465.npy,HOOKED-SAWTOOTH-3-20
-0.0025811975,-0.0018810516,0.6803078,0.5239825,0.6803127,-0.4862578,0.46096882,0.9472266212105751,0.01846313,2.005255,-0.34838510155576075,-2656250.0,5.408835e-07,9.226369e-08,0.8873339794774231,0.0031143533443853478,/content/drive/MyDrive/N-MON/ALTRO/spectograms/HOOKED-SAWTOOTH-3-20/466.npy,HOOKED-SAWTOOTH-3-20
-0.009043201,-0.017628334,0.67812085,0.52139896,0.6781812,-0.45716363,0.4140339,0.8711974918842316,0.032901917,2.0237088,-0.3530307231532738,4667968.75,5.7304976e-07,9.860446e-08,0.8880704575113102,0.004548078735878107,/content/drive/MyDrive/N-MON/ALTRO/spectograms/HOOKED-SAWTOOTH-3-20/467.npy,HOOKED-SAWTOOTH-3-20
-0.0008003201,-0.0021291412,0.6770102,0.5196325,0.67701066,-0.45916176,0.4372287,0.896390475332737,0.00087531965,2.0307944,-0.35279298170260553,-2988281.25,5.267101e-07,9.0426525e-08,0.893252218394526,0.003976424749905081,/content/drive/MyDrive/N-MON/ALTRO/spectograms/HOOKED-SAWTOOTH-3-20/468.npy,HOOKED-SAWTOOTH-3-20
0.0025284209,0.005588172,0.6745939,0.5171385,0.6745987,-0.43374476,0.45095146,0.8846962153911591,-0.0118154,2.0327652,-0.31769365556001994,-4765625.0,4.7389793e-07,8.686368e-08,0.8965172947875086,0.0037365175941329355,/content/drive/MyDrive/N-MON/ALTRO/spectograms/HOOKED-SAWTOOTH-3-20/469.npy,HOOKED-SAWTOOTH-3-20
-0.0043829456,-0.009727258,0.672342,0.51549196,0.6723563,-0.41016072,0.41401052,0.824171245098114,0.010271756,2.0491238,-0.31543072372964265,-3203125.0,5.7802e-07,9.0132346e-08,0.8999621056373671,0.0021306791664944366,/content/drive/MyDrive/N-MON/ALTRO/spectograms/HOOKED-SAWTOOTH-3-20/470.npy,HOOKED-SAWTOOTH-3-20
-0.004238419,-0.0020802997,0.6778933,0.5208837,0.6779066,-0.48064017,0.40411916,0.8847593367099762,0.0022092252,2.0210183,-0.33471939450913724,-2656250.0,4.202061e-07,8.660663e-08,0.8904855429693819,0.003978668574046354,/content/drive/MyDrive/N-MON/ALTRO/spectograms/HOOKED-SAWTOOTH-3-20/471.npy,HOOKED-SAWTOOTH-3-20
-0.00021649123,-0.002191738,0.6694836,0.5121575,0.66948366,-0.42403913,0.4196959,0.8437350168824196,0.0060512596,2.0577676,-0.2856798987559196,4609375.0,4.793521e-07,8.96919e-08,0.8871873123550059,0.002462242971366919,/content/drive/MyDrive/N-MON/ALTRO/spectograms/HOOKED-SAWTOOTH-3-20/472.npy,HOOKED-SAWTOOTH-3-20
-0.008251648,-0.009727782,0.68445367,0.5276609,0.68450344,-0.52550805,0.46480447,0.9903125166893005,0.033626966,1.9900016,-0.38617693168478795,-2988281.25,4.245455e-07,8.648154e-08,0.8910779088650793,0.002927132431226039,/content/drive/MyDrive/N-MON/ALTRO/spectograms/HOOKED-SAWTOOTH-3-20/473.npy,HOOKED-SAWTOOTH-3-20
0.00043350935,0.0054476922,0.6782391,0.5202207,0.6782393,-0.41635814,0.482032,0.898390144109726,0.0118125165,2.0252056,-0.37961630191641504,-4765625.0,5.204093e-07,9.664909e-08,0.9004302198996401,0.0031992702778354757,/content/drive/MyDrive/N-MON/ALTRO/spectograms/HOOKED-SAWTOOTH-3-20/474.npy,HOOKED-SAWTOOTH-3-20
-0.0083062835,-0.017517429,0.6826764,0.52681357,0.682727,-0.49606684,0.45304802,0.9491148516535759,0.03998723,1.9994785,-0.3533099595813384,4609375.0,4.818171e-07,8.6192884e-08,0.898783062869716,0.0039013217552418392,/content/drive/MyDrive/N-MON/ALTRO/spectograms/HOOKED-SAWTOOTH-3-20/475.npy,HOOKED-SAWTOOTH-3-20
-0.006700759,-0.009832624,0.67505366,0.51897293,0.67508686,-0.44929966,0.443279,0.892578661441803,0.023731543,2.0322144,-0.31224609783959345,-4707031.25,3.7937596e-07,9.125203e-08,0.8980997403445057,0.00456879848354697,/content/drive/MyDrive/N-MON/ALTRO/spectograms/HOOKED-SAWTOOTH-3-20/476.npy,HOOKED-SAWTOOTH-3-20
-0.0010316272,0.0054478096,0.6884006,0.5343671,0.68840146,-0.55908,0.57569563,1.1347756534814835,-0.0014347505,1.9606545,-0.3650164215027837,4609375.0,4.4535125e-07,8.661654e-08,0.8897678107590035,0.0029911796560196,/content/drive/MyDrive/N-MON/ALTRO/spectograms/HOOKED-SAWTOOTH-3-20/477.npy,HOOKED-SAWTOOTH-3-20
0.006518079,-0.0018552812,0.67692465,0.5204462,0.676956,-0.44125432,0.50597227,0.9472265765070915,0.0026166458,2.0199065,-0.33819202955242755,-2539062.5,5.299318e-07,8.8809585e-08,0.897418211012633,0.0051371478342551674,/content/drive/MyDrive/N-MON/ALTRO/spectograms/HOOKED-SAWTOOTH-3-20/478.npy,HOOKED-SAWTOOTH-3-20
-0.0046836254,-0.0021292986,0.6706563,0.5115332,0.6706727,-0.42594424,0.4198053,0.8457495272159576,0.010685266,2.0594144,-0.332724021311095,-2539062.5,4.3680808e-07,8.618096e-08,0.8973670467039825,0.002615767608591698,/content/drive/MyDrive/N-MON/ALTRO/spectograms/HOOKED-SAWTOOTH-3-20/479.npy,HOOKED-SAWTOOTH-3-20
0.0026550111,-0.010064729,0.67959875,0.52221984,0.67960393,-0.4162279,0.4821018,0.8983297124505043,0.0129601285,2.02068,-0.3650333719645672,-3203125.0,5.709246e-07,8.6559524e-08,0.8989506494144356,0.003371223710121442,/content/drive/MyDrive/N-MON/ALTRO/spectograms/HOOKED-SAWTOOTH-3-20/480.npy,HOOKED-SAWTOOTH-3-20
0.0094408225,0.0053609563,0.6814738,0.52436686,0.6815391,-0.4186303,0.4974031,0.9160333722829819,-0.011149698,2.007506,-0.367083223754488,-2539062.5,5.8571436e-07,9.405723e-08,0.8928538702377753,0.004521816479479835,/content/drive/MyDrive/N-MON/ALTRO/spectograms/HOOKED-SAWTOOTH-3-20/481.npy,HOOKED-SAWTOOTH-3-20
0.0046869772,-0.002398909,0.6806243,0.52251256,0.6806404,-0.43413848,0.4917153,0.9258537590503693,0.004986845,2.0137725,-0.3908323742737335,-3203125.0,4.9630165e-07,8.5310674e-08,0.8894558177053263,0.0032848952816375925,/content/drive/MyDrive/N-MON/ALTRO/spectograms/HOOKED-SAWTOOTH-3-20/482.npy,HOOKED-SAWTOOTH-3-20
-0.00023583985,-0.0018854754,0.68491536,0.5273329,0.6849154,-0.5194495,0.49221256,1.0116620138287544,0.0049979137,1.9914615,-0.39802944429000775,-3203125.0,5.277739e-07,9.27717e-08,0.8892150943686669,0.0035450844314155734,/content/drive/MyDrive/N-MON/ALTRO/spectograms/HOOKED-SAWTOOTH-3-20/483.npy,HOOKED-SAWTOOTH-3-20
-0.007042389,-0.009622189,0.67040086,0.51181877,0.6704379,-0.44124025,0.38295108,0.8241913467645645,0.02771098,2.0563319,-0.30932538732544856,-3378906.25,4.7246058e-07,8.5858495e-08,0.8964424936966267,0.0021739758330900014,/content/drive/MyDrive/N-MON/ALTRO/spectograms/HOOKED-SAWTOOTH-3-20/484.npy,HOOKED-SAWTOOTH-3-20
-0.005432004,-0.0020518592,0.6776635,0.5212489,0.67768526,-0.4863856,0.44525674,0.9316423609852791,3.034417e-05,2.0168579,-0.3323680408121882,-2539062.5,5.2448837e-07,9.165338e-08,0.9018407828737779,0.0023891604403921437,/content/drive/MyDrive/N-MON/ALTRO/spectograms/HOOKED-SAWTOOTH-3-20/485.npy,HOOKED-SAWTOOTH-3-20
-0.0012700052,-0.017968787,0.6375098,0.4672541,0.63751113,-0.18984094,0.20272155,0.39256250485777855,0.020155394,2.272743,-0.34352690576222067,-3378906.25,4.7692237e-07,8.586645e-08,0.9107515355484799,0.017305827176871385,/content/drive/MyDrive/N-MON/ALTRO/spectograms/HOOKED-SAWTOOTH-3-20/486.npy,HOOKED-SAWTOOTH-3-20
0.0011130433,0.0017932141,0.67624545,0.51935434,0.67624635,-0.44941527,0.46655375,0.9159689992666245,0.01154882,2.0259478,-0.31404772571404227,-2539062.5,5.841243e-07,9.153635e-08,0.8926661021122928,0.0031632978889960758,/content/drive/MyDrive/N-MON/ALTRO/spectograms/HOOKED-SAWTOOTH-3-20/487.npy,HOOKED-SAWTOOTH-3-20
0.007973547,0.013394483,0.6773566,0.51971436,0.6774035,-0.41045776,0.47434297,0.8848007470369339,-0.017402211,2.0243602,-0.34125768162265235,-2988281.25,5.617404e-07,9.8049156e-08,0.8890110552776018,0.004568711626393938,/content/drive/MyDrive/N-MON/ALTRO/spectograms/HOOKED-SAWTOOTH-3-20/488.npy,HOOKED-SAWTOOTH-3-20
0.004478715,-0.0020892394,0.6805105,0.52368486,0.6805253,-0.45722875,0.47436526,0.931594006717205,0.0098190745,2.009278,-0.35055944698569796,-3437500.0,5.4508536e-07,9.072726e-08,0.8920787088445458,0.003038188934686497,/content/drive/MyDrive/N-MON/ALTRO/spectograms/HOOKED-SAWTOOTH-3-20/489.npy,HOOKED-SAWTOOTH-3-20
-3.079629e-05,-0.002416991,0.674426,0.5178431,0.674426,-0.44773102,0.4662586,0.9139896035194397,-0.005385958,2.0322435,-0.30977394345806275,4550781.25,5.1744365e-07,9.7388785e-08,0.9080276563821758,0.01701350613681778,/content/drive/MyDrive/N-MON/ALTRO/spectograms/HOOKED-SAWTOOTH-3-20/490.npy,HOOKED-SAWTOOTH-3-20
-0.005167587,0.0057039796,0.6733546,0.51638585,0.6733745,-0.44734243,0.3729341,0.8202765211462975,0.017533183,2.0446446,-0.32325884489820134,-2656250.0,5.492948e-07,9.074597e-08,0.903771913231864,0.0025715738893624385,/content/drive/MyDrive/N-MON/ALTRO/spectograms/HOOKED-SAWTOOTH-3-20/491.npy,HOOKED-SAWTOOTH-3-20
0.0060045305,-0.0021122,0.67610705,0.5174585,0.6761337,-0.423996,0.46852624,0.8925222605466843,-0.008722126,2.0352752,-0.3653371594638043,-3203125.0,5.7274667e-07,9.6159276e-08,0.8935844329187326,0.0034421615404205594,/content/drive/MyDrive/N-MON/ALTRO/spectograms/HOOKED-SAWTOOTH-3-20/492.npy,HOOKED-SAWTOOTH-3-20
0.005606434,0.005842993,0.67280734,0.51505667,0.6728307,-0.44724953,0.48445338,0.9317029044032097,0.0008987336,2.0419858,-0.3270146681098859,-3203125.0,4.7971395e-07,8.900359e-08,0.8936446714330148,0.0037379004045225085,/content/drive/MyDrive/N-MON/ALTRO/spectograms/HOOKED-SAWTOOTH-3-20/493.npy,HOOKED-SAWTOOTH-3-20
0.010732283,-0.0020078006,0.6798668,0.5220673,0.67995155,-0.408226,0.5468888,0.9551148414611816,-0.01794398,2.015723,-0.3821720315093514,-3378906.25,5.6957896e-07,9.455212e-08,0.889984395121337,0.003031352924445461,/content/drive/MyDrive/N-MON/ALTRO/spectograms/HOOKED-SAWTOOTH-3-20/494.npy,HOOKED-SAWTOOTH-3-20
0.007815849,-0.0022401512,0.66615623,0.5040802,0.66620207,-0.2912484,0.39609537,0.6873437836766243,-0.013372157,2.0958245,-0.35668656273639254,-2539062.5,5.783784e-07,8.8457725e-08,0.9046155404762037,0.014025075430833036,/content/drive/MyDrive/N-MON/ALTRO/spectograms/HOOKED-SAWTOOTH-3-20/495.npy,HOOKED-SAWTOOTH-3-20
0.008253648,-0.0021342393,0.67426145,0.5166402,0.67431194,-0.35573277,0.4431303,0.7988630682229996,-0.0042010066,2.04324,-0.33696736193735266,-2656250.0,5.7034123e-07,9.479096e-08,0.9017623505733033,0.0018380390980163716,/content/drive/MyDrive/N-MON/ALTRO/spectograms/HOOKED-SAWTOOTH-3-20/496.npy,HOOKED-SAWTOOTH-3-20
0.007097001,-0.002128617,0.6753324,0.5167757,0.67536974,-0.38695318,0.48415345,0.8711066171526909,-0.016198337,2.0390663,-0.35545832566663027,-3203125.0,5.2970915e-07,8.7169155e-08,0.8936215288400592,0.003815576185747247,/content/drive/MyDrive/N-MON/ALTRO/spectograms/HOOKED-SAWTOOTH-3-20/497.npy,HOOKED-SAWTOOTH-3-20
0.00497513,-0.009966073,0.67499185,0.51928645,0.6750102,-0.42401433,0.53104067,0.9550549909472466,0.0069517996,2.0259657,-0.3150804299715012,-2656250.0,5.5604204e-07,9.459046e-08,0.8959395516826847,0.00386220685399083,/content/drive/MyDrive/N-MON/ALTRO/spectograms/HOOKED-SAWTOOTH-3-20/498.npy,HOOKED-SAWTOOTH-3-20
-0.00603909,-0.0023386432,0.6683113,0.51023704,0.66833854,-0.43384916,0.38835472,0.8222038671374321,0.013456401,2.063767,-0.30106666555513784,-3203125.0,5.85533e-07,8.679251e-08,0.8895638785703068,0.003532490128394446,/content/drive/MyDrive/N-MON/ALTRO/spectograms/HOOKED-SAWTOOTH-3-20/499.npy,HOOKED-SAWTOOTH-3-20
-0.0060350634,-0.009842487,0.6777091,0.5207084,0.677736,-0.49419975,0.45880604,0.9530057832598686,0.017984023,2.0215302,-0.3457475768526336,-2656250.0,5.5757755e-07,9.411855e-08,0.8982082876406914,0.005155862379271827,/content/drive/MyDrive/N-MON/ALTRO/spectograms/HOOKED-SAWTOOTH-3-20/500.npy,HOOKED-SAWTOOTH-3-20
0.006379779,0.0058997883,0.6765153,0.5210646,0.6765453,-0.43167517,0.47469425,0.9063694030046463,0.002286012,2.0226111,-0.3103304934988681,-4765625.0,4.517752e-07,8.617428e-08,0.8990067280922702,0.0025414336589674996,/content/drive/MyDrive/N-MON/ALTRO/spectograms/HOOKED-SAWTOOTH-3-20/501.npy,HOOKED-SAWTOOTH-3-20
0.00257105,-0.0021234683,0.6829468,0.52641946,0.6829516,-0.44744182,0.4901123,0.937554121017456,-0.0065919114,2.0017407,-0.3734683826998443,4609375.0,4.4966993e-07,8.688662e-08,0.8984470018682981,0.0028818647913693594,/content/drive/MyDrive/N-MON/ALTRO/spectograms/HOOKED-SAWTOOTH-3-20/502.npy,HOOKED-SAWTOOTH-3-20
-0.0056894454,-0.002565904,0.6764022,0.51966184,0.6764262,-0.4497249,0.45839024,0.9081151485443115,0.013267543,2.023387,-0.3183505903408791,-2656250.0,4.263627e-07,8.6141455e-08,0.890231567045627,0.0038627825888413797,/content/drive/MyDrive/N-MON/ALTRO/spectograms/HOOKED-SAWTOOTH-3-20/503.npy,HOOKED-SAWTOOTH-3-20
0.0063804872,-0.0021308705,0.69843495,0.54737926,0.6984641,-0.5508971,0.6150274,1.1659245640039444,-0.001471068,1.9136281,-0.38714300132250223,-4882812.5,4.7733613e-07,9.640861e-08,0.9183628079489943,0.01951248504779881,/content/drive/MyDrive/N-MON/ALTRO/spectograms/HOOKED-SAWTOOTH-3-20/504.npy,HOOKED-SAWTOOTH-3-20
0.0043670814,-0.0022185512,0.6751895,0.518168,0.6752036,-0.4104117,0.4841268,0.894538514316082,0.0057249577,2.0301504,-0.3269772175677358,-2539062.5,4.1837146e-07,8.644139e-08,0.8969193802261701,0.004775671230800197,/content/drive/MyDrive/N-MON/ALTRO/spectograms/HOOKED-SAWTOOTH-3-20/505.npy,HOOKED-SAWTOOTH-3-20
0.0015624065,-0.0021875387,0.6806768,0.5254201,0.6806786,-0.4592011,0.5369476,0.9961487501859665,0.006528098,2.00068,-0.32626053222759144,-3203125.0,5.7334614e-07,9.106061e-08,0.9012462917552237,0.0039571986886841925,/content/drive/MyDrive/N-MON/ALTRO/spectograms/HOOKED-SAWTOOTH-3-20/506.npy,HOOKED-SAWTOOTH-3-20
0.010231424,-0.002383844,0.67402273,0.5166383,0.6741004,-0.37750012,0.48385566,0.8613558039069176,-0.007333471,2.039426,-0.33180457849757794,-4667968.75,4.987255e-07,8.5723244e-08,0.9010144174965615,0.0029272439338389415,/content/drive/MyDrive/N-MON/ALTRO/spectograms/HOOKED-SAWTOOTH-3-20/507.npy,HOOKED-SAWTOOTH-3-20
0.0045634727,0.0058289175,0.673856,0.5172773,0.67387146,-0.38870102,0.4824451,0.8711461126804352,-0.009435992,2.0368547,-0.30599848848930666,-3378906.25,5.200469e-07,9.0564306e-08,0.8989022581080668,0.004187902046439283,/content/drive/MyDrive/N-MON/ALTRO/spectograms/HOOKED-SAWTOOTH-3-20/508.npy,HOOKED-SAWTOOTH-3-20
-0.006373145,-0.0024624912,0.68554986,0.52888465,0.6855795,-0.5591396,0.44483966,1.003979243338108,0.011244744,1.9855413,-0.3837069341470062,4609375.0,5.348767e-07,8.653336e-08,0.8887669335393902,0.0039104487711603825,/content/drive/MyDrive/N-MON/ALTRO/spectograms/HOOKED-SAWTOOTH-3-20/509.npy,HOOKED-SAWTOOTH-3-20
-0.0023512568,-0.0022208123,0.67479295,0.5186322,0.67479706,-0.44940442,0.44119087,0.8905953019857407,0.006474798,2.0321193,-0.3119550830904708,-3203125.0,5.312601e-07,8.987145e-08,0.8898833551218881,0.0036708002282662237,/content/drive/MyDrive/N-MON/ALTRO/spectograms/HOOKED-SAWTOOTH-3-20/510.npy,HOOKED-SAWTOOTH-3-20
-0.0034888333,0.005671064,0.6856458,0.5302136,0.6856547,-0.5491179,0.47630015,1.0254180803894997,-0.0036575983,1.9833844,-0.3888356402859837,4667968.75,4.3975953e-07,8.6082544e-08,0.8964766506730873,0.002913440808489931,/content/drive/MyDrive/N-MON/ALTRO/spectograms/HOOKED-SAWTOOTH-3-20/511.npy,HOOKED-SAWTOOTH-3-20
0.0037436308,-0.0019668601,0.6769998,0.5194263,0.6770101,-0.36918727,0.45508188,0.8242691457271576,-0.008550835,2.0324621,-0.36143274765664224,-3203125.0,5.072033e-07,8.6541675e-08,0.9237131724376222,0.015997405576300954,/content/drive/MyDrive/N-MON/ALTRO/spectograms/HOOKED-SAWTOOTH-3-20/512.npy,HOOKED-SAWTOOTH-3-20
-0.009341297,-0.009958856,0.67822814,0.5212506,0.67829245,-0.51382804,0.42948836,0.9433163851499557,0.025385818,2.0162523,-0.331083958583097,-2988281.25,4.4485904e-07,8.6562544e-08,0.9005673049950517,0.00275589208862279,/content/drive/MyDrive/N-MON/ALTRO/spectograms/HOOKED-SAWTOOTH-3-20/513.npy,HOOKED-SAWTOOTH-3-20
-0.0018492386,-0.002342943,0.7099733,0.5641886,0.70997566,-0.69375956,0.69487715,1.388636663556099,0.00967345,1.8473132,-0.3883821668471744,4609375.0,5.901842e-07,9.790111e-08,0.9043650180529448,0.0207739683772879,/content/drive/MyDrive/N-MON/ALTRO/spectograms/HOOKED-SAWTOOTH-3-20/514.npy,HOOKED-SAWTOOTH-3-20
0.005786955,0.005479713,0.6802339,0.5223381,0.6802585,-0.4359163,0.46653125,0.9024475514888763,-0.013954073,2.014669,-0.36708869543577116,-2539062.5,3.8803555e-07,8.6452864e-08,0.8860653241375155,0.0036269941156824455,/content/drive/MyDrive/N-MON/ALTRO/spectograms/HOOKED-SAWTOOTH-3-20/515.npy,HOOKED-SAWTOOTH-3-20
-0.0031364632,0.013123348,0.67632884,0.5178265,0.6763361,-0.5024384,0.388078,0.8905164450407028,-0.019647026,2.0337348,-0.36958344688190803,-3203125.0,5.6951006e-07,8.683778e-08,0.8923407371936296,0.0031059136504211922,/content/drive/MyDrive/N-MON/ALTRO/spectograms/HOOKED-SAWTOOTH-3-20/516.npy,HOOKED-SAWTOOTH-3-20
-0.0033918337,-0.006054199,0.6811455,0.5252178,0.68115395,-0.50013256,0.4783429,0.9784754738211632,0.025217257,2.0016549,-0.35534083085867707,4550781.25,4.2150722e-07,8.678092e-08,0.8980803361097065,0.004411513595795183,/content/drive/MyDrive/N-MON/ALTRO/spectograms/HOOKED-SAWTOOTH-3-20/517.npy,HOOKED-SAWTOOTH-3-20
-0.001270329,-0.0023978692,0.70917916,0.56627357,0.7091803,-0.6762421,0.6870831,1.3633252829313278,0.01692499,1.8409969,-0.31403826565274173,-3378906.25,4.971313e-07,9.919724e-08,0.9249714210398912,0.016865808944339263,/content/drive/MyDrive/N-MON/ALTRO/spectograms/HOOKED-SAWTOOTH-3-20/518.npy,HOOKED-SAWTOOTH-3-20
0.0016343202,0.0055281315,0.6784471,0.5216168,0.6784491,-0.44366917,0.42752433,0.8711934760212898,-0.007512949,2.0179682,-0.3423088108761815,-4667968.75,4.5215236e-07,8.604904e-08,0.8958099511807153,0.0030470680033054657,/content/drive/MyDrive/N-MON/ALTRO/spectograms/HOOKED-SAWTOOTH-3-20/519.npy,HOOKED-SAWTOOTH-3-20
0.004617823,0.0053922166,0.68531793,0.5309808,0.68533343,-0.47883523,0.54451597,1.0233511701226234,-0.010662254,1.9796593,-0.3418978196529273,-2988281.25,4.1397578e-07,9.393864e-08,0.8871915024303424,0.003593845550790611,/content/drive/MyDrive/N-MON/ALTRO/spectograms/HOOKED-SAWTOOTH-3-20/520.npy,HOOKED-SAWTOOTH-3-20
-0.0017223583,-0.0098225465,0.6815981,0.5247449,0.68160033,-0.49420354,0.52130854,1.0155120491981506,0.0054487986,2.0014713,-0.37490392671571915,4609375.0,4.2751668e-07,8.7038984e-08,0.8885951539660516,0.003840185897930901,/content/drive/MyDrive/N-MON/ALTRO/spectograms/HOOKED-SAWTOOTH-3-20/521.npy,HOOKED-SAWTOOTH-3-20
0.011491779,0.0055440986,0.67143583,0.515027,0.6715341,-0.4006136,0.4821685,0.8827821165323257,0.0025161854,2.0481052,-0.30848324579253383,-4726562.5,3.921259e-07,8.700876e-08,0.8941051624621824,0.003432510937283772,/content/drive/MyDrive/N-MON/ALTRO/spectograms/HOOKED-SAWTOOTH-3-20/522.npy,HOOKED-SAWTOOTH-3-20
-0.0026882428,-0.010013716,0.6770313,0.5188878,0.6770366,-0.4572888,0.46855357,0.9258423671126366,0.026307205,2.0233662,-0.3363113712161657,-2656250.0,5.2835185e-07,9.8605e-08,0.8976620615268556,0.003026690919166563,/content/drive/MyDrive/N-MON/ALTRO/spectograms/HOOKED-SAWTOOTH-3-20/523.npy,HOOKED-SAWTOOTH-3-20
-0.008272955,-0.0097950995,0.6754059,0.51926625,0.6754566,-0.50199175,0.40631354,0.9083052948117256,0.037000265,2.0322697,-0.3184812745572333,-3203125.0,5.5461146e-07,9.818382e-08,0.8968084659543893,0.0045936994768808964,/content/drive/MyDrive/N-MON/ALTRO/spectograms/HOOKED-SAWTOOTH-3-20/524.npy,HOOKED-SAWTOOTH-3-20
-0.0042926166,-0.0019979589,0.7017448,0.5540908,0.7017579,-0.6426356,0.60339856,1.2460341602563858,0.01792975,1.8848763,-0.3542757454133528,-2539062.5,5.022851e-07,9.594655e-08,0.9142681580944511,0.017894779533325387,/content/drive/MyDrive/N-MON/ALTRO/spectograms/HOOKED-SAWTOOTH-3-20/525.npy,HOOKED-SAWTOOTH-3-20
-0.00841231,-0.0023741934,0.6742553,0.5166091,0.6743078,-0.4965929,0.3960625,0.8926554024219513,0.011939627,2.0368097,-0.3307930273673937,-4609375.0,5.0126306e-07,9.524154e-08,0.884610121910153,0.0035896127565282652,/content/drive/MyDrive/N-MON/ALTRO/spectograms/HOOKED-SAWTOOTH-3-20/526.npy,HOOKED-SAWTOOTH-3-20
0.007594498,0.013375465,0.6729987,0.5155409,0.6730416,-0.4337848,0.4607067,0.8944915235042572,-0.018572342,2.0404434,-0.3003796873526331,-3203125.0,5.296195e-07,9.0459224e-08,0.8955167261751238,0.003768016688194586,/content/drive/MyDrive/N-MON/ALTRO/spectograms/HOOKED-SAWTOOTH-3-20/527.npy,HOOKED-SAWTOOTH-3-20
-0.0029823587,-0.002381012,0.6789163,0.522783,0.67892283,-0.502363,0.43514115,0.9375041499733925,0.02181713,2.0126977,-0.3379642211993882,-3378906.25,5.564505e-07,9.043778e-08,0.8977955514282039,0.00262343335010277,/content/drive/MyDrive/N-MON/ALTRO/spectograms/HOOKED-SAWTOOTH-3-20/528.npy,HOOKED-SAWTOOTH-3-20
-0.0010724132,0.0056365617,0.6747697,0.5176854,0.6747706,-0.47287244,0.42160577,0.8944782316684723,0.005416352,2.035768,-0.33670141792196706,4550781.25,5.045256e-07,8.928802e-08,0.899957761671581,0.004096422269382761,/content/drive/MyDrive/N-MON/ALTRO/spectograms/HOOKED-SAWTOOTH-3-20/529.npy,HOOKED-SAWTOOTH-3-20
0.0015560684,-0.0022976974,0.6773816,0.5201034,0.67738336,-0.431948,0.4663979,0.898345910012722,0.020428248,2.0283895,-0.360819322896779,-4707031.25,3.8873145e-07,9.007995e-08,0.8980261202693173,0.0037701982851668933,/content/drive/MyDrive/N-MON/ALTRO/spectograms/HOOKED-SAWTOOTH-3-20/530.npy,HOOKED-SAWTOOTH-3-20
0.0040080934,0.005426991,0.6808897,0.5244209,0.6809015,-0.50224,0.49768192,0.9999219253659248,-0.00016214115,2.004896,-0.36367500980816925,4609375.0,5.318899e-07,9.640051e-08,0.892401914233476,0.003057834896762789,/content/drive/MyDrive/N-MON/ALTRO/spectograms/HOOKED-SAWTOOTH-3-20/531.npy,HOOKED-SAWTOOTH-3-20
0.0015137803,-0.0027357629,0.6795328,0.52159864,0.6795345,-0.45779207,0.48934776,0.9471398442983627,0.00863136,2.0126247,-0.362273163432283,-2539062.5,4.3536764e-07,8.6069626e-08,0.8866831232321528,0.0035592246830764215,/content/drive/MyDrive/N-MON/ALTRO/spectograms/HOOKED-SAWTOOTH-3-20/532.npy,HOOKED-SAWTOOTH-3-20
-0.004022005,0.005536821,0.68561757,0.5296385,0.68562937,-0.5588051,0.50564015,1.0644452273845673,0.01693398,1.9774642,-0.3658186427199751,-4765625.0,4.3614517e-07,9.126743e-08,0.8918726724947093,0.004168300196229682,/content/drive/MyDrive/N-MON/ALTRO/spectograms/HOOKED-SAWTOOTH-3-20/533.npy,HOOKED-SAWTOOTH-3-20
0.0073679523,-0.01777688,0.69407403,0.54547805,0.6941132,-0.49826407,0.61895037,1.1172144412994385,0.008250299,1.924155,-0.3365623435579065,-4726562.5,5.8187146e-07,1.0439945e-07,0.9032244522735451,0.009644599433054334,/content/drive/MyDrive/N-MON/ALTRO/spectograms/HOOKED-SAWTOOTH-3-20/534.npy,HOOKED-SAWTOOTH-3-20
-0.0010106564,-0.0022890212,0.68039775,0.5237534,0.68039846,-0.5121565,0.46242422,0.9745806604623795,-0.011411212,2.0038064,-0.33178971516515887,-2656250.0,4.6532674e-07,8.6960924e-08,0.8989871278603311,0.005650626187880693,/content/drive/MyDrive/N-MON/ALTRO/spectograms/HOOKED-SAWTOOTH-3-20/535.npy,HOOKED-SAWTOOTH-3-20
0.0063776514,0.0055271853,0.6727584,0.5144613,0.6727886,-0.40263376,0.4469475,0.8495812341570854,-0.019711845,2.0468156,-0.33055308757545465,-4667968.75,4.2814153e-07,9.167011e-08,0.8927985994679503,0.00534819154357016,/content/drive/MyDrive/N-MON/ALTRO/spectograms/HOOKED-SAWTOOTH-3-20/536.npy,HOOKED-SAWTOOTH-3-20
-0.005211769,-0.0024714156,0.67647713,0.5197488,0.6764972,-0.478962,0.46630502,0.9452670142054558,0.015924081,2.0239253,-0.3369766712396861,-3203125.0,3.500618e-07,8.692498e-08,0.891266507311264,0.007532904142580886,/content/drive/MyDrive/N-MON/ALTRO/spectograms/HOOKED-SAWTOOTH-3-20/537.npy,HOOKED-SAWTOOTH-3-20
0.00210009,0.0014698491,0.67956275,0.52288014,0.67956597,-0.4945857,0.4741447,0.9687303677201271,0.010018293,2.0091958,-0.3477651187327996,-3203125.0,5.3549445e-07,8.673051e-08,0.8926662713824887,0.005064516250600744,/content/drive/MyDrive/N-MON/ALTRO/spectograms/HOOKED-SAWTOOTH-3-20/538.npy,HOOKED-SAWTOOTH-3-20
-0.0049912324,-0.009990117,0.682478,0.52648133,0.68249625,-0.49430856,0.4899283,0.9842368587851524,0.018052647,1.9961014,-0.355716719380487,4550781.25,4.0129052e-07,8.673055e-08,0.8938519887803553,0.00292801597844314,/content/drive/MyDrive/N-MON/ALTRO/spectograms/HOOKED-SAWTOOTH-3-20/539.npy,HOOKED-SAWTOOTH-3-20
0.003810866,-0.002058822,0.6805482,0.5246856,0.68055886,-0.4708724,0.47641075,0.9472831636667252,-0.00023134373,2.0058997,-0.33732664714829597,-3203125.0,4.5181196e-07,9.4006694e-08,0.8980636694998502,0.0021383300278267742,/content/drive/MyDrive/N-MON/ALTRO/spectograms/HOOKED-SAWTOOTH-3-20/540.npy,HOOKED-SAWTOOTH-3-20
0.006376213,0.005652893,0.6727033,0.5144577,0.6727335,-0.4161636,0.45492557,0.8710891604423523,-0.004545381,2.0447128,-0.31265627992517253,4550781.25,4.5717366e-07,8.6901906e-08,0.89543343485257,0.0028021162912070094,/content/drive/MyDrive/N-MON/ALTRO/spectograms/HOOKED-SAWTOOTH-3-20/541.npy,HOOKED-SAWTOOTH-3-20
0.011651904,0.00950477,0.6746589,0.51842695,0.6747595,-0.42605835,0.47625867,0.9023170173168182,-0.021327494,2.0301554,-0.2839056722595342,-2656250.0,4.1565505e-07,8.645497e-08,0.9005486053887984,0.00514679267068456,/content/drive/MyDrive/N-MON/ALTRO/spectograms/HOOKED-SAWTOOTH-3-20/542.npy,HOOKED-SAWTOOTH-3-20
-0.0048622796,-0.0101577705,0.68171513,0.5249609,0.6817325,-0.51773834,0.486082,1.0038203373551369,0.022781422,2.0006628,-0.371846569448545,4609375.0,4.2591904e-07,8.698184e-08,0.8893608991328472,0.002825635165017612,/content/drive/MyDrive/N-MON/ALTRO/spectograms/HOOKED-SAWTOOTH-3-20/543.npy,HOOKED-SAWTOOTH-3-20
0.008119143,0.0058231093,0.6732952,0.5168534,0.6733442,-0.43553844,0.46877345,0.9043119102716446,0.01011463,2.0370052,-0.3256354232657409,-4726562.5,3.9062215e-07,8.6515136e-08,0.8896671628391493,0.0054952070641109164,/content/drive/MyDrive/N-MON/ALTRO/spectograms/HOOKED-SAWTOOTH-3-20/544.npy,HOOKED-SAWTOOTH-3-20
-0.004207202,-0.009682659,0.67546546,0.5185829,0.6754786,-0.45500767,0.41410717,0.869114838540554,0.014667199,2.0293753,-0.3003388696649446,-2539062.5,5.684712e-07,9.0706e-08,0.8980459562880587,0.002883126290941162,/content/drive/MyDrive/N-MON/ALTRO/spectograms/HOOKED-SAWTOOTH-3-20/545.npy,HOOKED-SAWTOOTH-3-20
0.0010794442,-0.0020670388,0.6525481,0.4895733,0.652549,-0.27547652,0.3123015,0.5877779945731163,-0.011333064,2.164718,-0.2955768546289069,-3203125.0,5.773839e-07,9.14521e-08,0.922339848588638,0.015035682547796561,/content/drive/MyDrive/N-MON/ALTRO/spectograms/HOOKED-SAWTOOTH-3-20/546.npy,HOOKED-SAWTOOTH-3-20
0.002563577,-0.0019707219,0.6813627,0.52454334,0.68136746,-0.48052695,0.4687082,0.9492351412773132,-0.0034311232,1.9990711,-0.34763665971432645,-3378906.25,5.110843e-07,9.0559624e-08,0.89456799740312,0.005839244413064115,/content/drive/MyDrive/N-MON/ALTRO/spectograms/HOOKED-SAWTOOTH-3-20/547.npy,HOOKED-SAWTOOTH-3-20
0.006304478,0.0055451123,0.68068665,0.52384,0.68071586,-0.43395644,0.49571905,0.9296754747629166,-0.0060865944,2.0031977,-0.347558533628214,-2539062.5,6.32667e-07,9.6414915e-08,0.8944431556108996,0.0028129699800070397,/content/drive/MyDrive/N-MON/ALTRO/spectograms/HOOKED-SAWTOOTH-3-20/548.npy,HOOKED-SAWTOOTH-3-20
-0.0059070652,0.005524463,0.67903924,0.52230996,0.6790649,-0.535409,0.44300047,0.9784094095230103,0.014451178,2.0110154,-0.362769854864479,-4707031.25,4.1090576e-07,9.6829694e-08,0.8855552539176788,0.003868402636583766,/content/drive/MyDrive/N-MON/ALTRO/spectograms/HOOKED-SAWTOOTH-3-20/549.npy,HOOKED-SAWTOOTH-3-20
-0.002695189,0.005459399,0.6849964,0.5295989,0.68500173,-0.5374962,0.4996187,1.0371149107813835,-0.0044531277,1.981829,-0.3677121926743966,-2539062.5,5.721932e-07,9.684324e-08,0.8893494155811233,0.003040256353386179,/content/drive/MyDrive/N-MON/ALTRO/spectograms/HOOKED-SAWTOOTH-3-20/550.npy,HOOKED-SAWTOOTH-3-20
0.0050464207,-0.0021182054,0.6824893,0.52740484,0.68250793,-0.47883612,0.56020623,1.0390423685312271,-0.006391558,1.9894593,-0.34938772000630103,-3203125.0,5.2371587e-07,8.778645e-08,0.8929756626248593,0.0035425906544199613,/content/drive/MyDrive/N-MON/ALTRO/spectograms/HOOKED-SAWTOOTH-3-20/551.npy,HOOKED-SAWTOOTH-3-20
0.0026969886,-0.0021888404,0.676362,0.5200432,0.67636734,-0.47082663,0.46858576,0.9394123777747154,0.006689105,2.026053,-0.3292075575864476,-3203125.0,5.503574e-07,9.5475684e-08,0.8992781584602351,0.0023276110409351305,/content/drive/MyDrive/N-MON/ALTRO/spectograms/HOOKED-SAWTOOTH-3-20/552.npy,HOOKED-SAWTOOTH-3-20
0.004811826,-0.010114178,0.6787504,0.521327,0.67876744,-0.40074638,0.4781145,0.8788608834147453,0.018962797,2.022683,-0.3741206088046579,-2539062.5,5.2562586e-07,8.7574186e-08,0.8979821965151512,0.00357878354172042,/content/drive/MyDrive/N-MON/ALTRO/spectograms/HOOKED-SAWTOOTH-3-20/553.npy,HOOKED-SAWTOOTH-3-20
0.0010757837,0.0056250375,0.682211,0.52782595,0.6822119,-0.50409883,0.46274298,0.96684180945158,-0.016890652,1.9969318,-0.3441429246827524,-2539062.5,5.324049e-07,9.504613e-08,0.8915684607308367,0.0027634807844389496,/content/drive/MyDrive/N-MON/ALTRO/spectograms/HOOKED-SAWTOOTH-3-20/554.npy,HOOKED-SAWTOOTH-3-20
-0.0006105709,-0.0022566682,0.670555,0.5123495,0.67055523,-0.41633818,0.44307828,0.8594164550304413,0.014201063,2.0589929,-0.326140431334495,-3203125.0,5.6042575e-07,8.6918526e-08,0.891526394096109,0.002689691903738251,/content/drive/MyDrive/N-MON/ALTRO/spectograms/HOOKED-SAWTOOTH-3-20/555.npy,HOOKED-SAWTOOTH-3-20
0.003215816,-0.00204675,0.6864074,0.5293118,0.686415,-0.5353166,0.50572383,1.0410404354333878,-0.0019153777,1.9810059,-0.39392040518268445,-2656250.0,5.248853e-07,9.409378e-08,0.8865758261551158,0.0028047068302134884,/content/drive/MyDrive/N-MON/ALTRO/spectograms/HOOKED-SAWTOOTH-3-20/556.npy,HOOKED-SAWTOOTH-3-20
-0.008701,-0.010217572,0.67742324,0.5198462,0.67747915,-0.46541178,0.45059064,0.9160024374723434,0.018203523,2.025391,-0.3585099945541109,-3378906.25,5.548811e-07,9.87999e-08,0.8942089886635082,0.002835094398281607,/content/drive/MyDrive/N-MON/ALTRO/spectograms/HOOKED-SAWTOOTH-3-20/557.npy,HOOKED-SAWTOOTH-3-20
0.0036548795,0.0017255947,0.6752841,0.5184946,0.675294,-0.43186364,0.42167118,0.8535348176956177,0.0009209426,2.033101,-0.3273882188401497,-2539062.5,3.9879703e-07,9.325747e-08,0.9036270314022158,0.01416032944233415,/content/drive/MyDrive/N-MON/ALTRO/spectograms/HOOKED-SAWTOOTH-3-20/558.npy,HOOKED-SAWTOOTH-3-20
0.007634129,0.0016647242,0.676571,0.51906663,0.6766141,-0.45727855,0.49967885,0.9569573923945427,0.008140118,2.023791,-0.34464296725986465,-3203125.0,5.334926e-07,9.954497e-08,0.9016567667168065,0.004432699678494118,/content/drive/MyDrive/N-MON/ALTRO/spectograms/HOOKED-SAWTOOTH-3-20/559.npy,HOOKED-SAWTOOTH-3-20
-0.0044176434,-0.009735532,0.6768741,0.51828045,0.6768885,-0.4472891,0.42968643,0.876975528895855,0.009352287,2.030443,-0.3690944263332431,-3203125.0,4.6426942e-07,9.331453e-08,0.8937904069968652,0.00425536706807277,/content/drive/MyDrive/N-MON/ALTRO/spectograms/HOOKED-SAWTOOTH-3-20/560.npy,HOOKED-SAWTOOTH-3-20
-0.0035854406,-0.0095625,0.67787236,0.52283937,0.67788184,-0.4862342,0.46102616,0.9472603499889374,0.018781915,2.0164917,-0.32864282194881433,-2539062.5,3.5815222e-07,8.806809e-08,0.8877190861539515,0.0041879880719861975,/content/drive/MyDrive/N-MON/ALTRO/spectograms/HOOKED-SAWTOOTH-3-20/561.npy,HOOKED-SAWTOOTH-3-20
-0.0011285748,0.005480704,0.6813827,0.52517086,0.68138367,-0.50228715,0.4605467,0.962833859026432,-0.008430651,2.0042224,-0.36627971874314735,-3203125.0,4.8950216e-07,9.47218e-08,0.8885064949609476,0.002950087781380835,/content/drive/MyDrive/N-MON/ALTRO/spectograms/HOOKED-SAWTOOTH-3-20/562.npy,HOOKED-SAWTOOTH-3-20
-0.003934528,-0.010126118,0.675432,0.51715505,0.6754435,-0.4417875,0.4137565,0.8555440157651901,0.007163836,2.0378237,-0.3572969557702753,4492187.5,3.7499575e-07,8.8103974e-08,0.8957055600178887,0.005793273081154103,/content/drive/MyDrive/N-MON/ALTRO/spectograms/HOOKED-SAWTOOTH-3-20/563.npy,HOOKED-SAWTOOTH-3-20
0.0064654695,-0.0021135502,0.6758612,0.52057517,0.6758921,-0.4182524,0.49771798,0.9159703999757767,-0.003800214,2.023142,-0.31584022323404615,-2656250.0,4.6881516e-07,9.524467e-08,0.8978885489361835,0.0043829360102724865,/content/drive/MyDrive/N-MON/ALTRO/spectograms/HOOKED-SAWTOOTH-3-20/564.npy,HOOKED-SAWTOOTH-3-20
0.0008000159,0.005557319,0.67760843,0.52087575,0.6776089,-0.45133477,0.45286292,0.9041976854205132,0.0037107395,2.0232906,-0.35532294236175066,-4667968.75,4.849142e-07,8.918181e-08,0.9004434638062551,0.002181775363800984,/content/drive/MyDrive/N-MON/ALTRO/spectograms/HOOKED-SAWTOOTH-3-20/565.npy,HOOKED-SAWTOOTH-3-20
-0.005474138,-0.009917876,0.67200845,0.516041,0.6720308,-0.44746208,0.4119655,0.8594275489449501,0.012968495,2.0424256,-0.2910697665996259,-4707031.25,4.526365e-07,9.585065e-08,0.90014465738271,0.003772889154829483,/content/drive/MyDrive/N-MON/ALTRO/spectograms/HOOKED-SAWTOOTH-3-20/566.npy,HOOKED-SAWTOOTH-3-20
0.006303343,-0.001987129,0.6892172,0.5388003,0.689246,-0.50988495,0.61516964,1.1250546276569366,-0.0004278951,1.9474133,-0.3166459750014098,-2539062.5,5.7193074e-07,9.72157e-08,0.8882233871391494,0.004057990607349539,/content/drive/MyDrive/N-MON/ALTRO/spectograms/HOOKED-SAWTOOTH-3-20/567.npy,HOOKED-SAWTOOTH-3-20
-1.32846835e-05,-0.0021260688,0.6779982,0.52014434,0.6779982,-0.43970484,0.48995918,0.9296640008687973,0.0065468247,2.018592,-0.3360640911550511,4550781.25,4.581023e-07,9.7289146e-08,0.8918087638717979,0.004660359737565267,/content/drive/MyDrive/N-MON/ALTRO/spectograms/HOOKED-SAWTOOTH-3-20/568.npy,HOOKED-SAWTOOTH-3-20
0.0044805114,-0.001988688,0.6725404,0.51362586,0.6725553,-0.43366954,0.46079785,0.8944673836231232,0.0021125777,2.0448122,-0.3303177188987788,-3203125.0,5.28829e-07,9.5657796e-08,0.8966083972460456,0.002450162577139308,/content/drive/MyDrive/N-MON/ALTRO/spectograms/HOOKED-SAWTOOTH-3-20/569.npy,HOOKED-SAWTOOTH-3-20
-0.0066514565,-0.002041782,0.64955455,0.48579955,0.64958864,-0.34580764,0.22440752,0.5702151544392109,0.02840184,2.186609,-0.3063300230733327,-2539062.5,5.4211444e-07,8.888453e-08,0.9191474362390637,0.014802398357661485,/content/drive/MyDrive/N-MON/ALTRO/spectograms/HOOKED-SAWTOOTH-3-20/570.npy,HOOKED-SAWTOOTH-3-20
-0.003684441,-0.0020905854,0.67351127,0.51631314,0.67352134,-0.48643374,0.40415427,0.8905880153179169,0.010463241,2.0385482,-0.3110899059065232,-2656250.0,5.729557e-07,9.548283e-08,0.9018060501185743,0.0028616798262401425,/content/drive/MyDrive/N-MON/ALTRO/spectograms/HOOKED-SAWTOOTH-3-20/571.npy,HOOKED-SAWTOOTH-3-20
-0.0031617826,-0.0022861988,0.6795027,0.52175653,0.67951006,-0.4886168,0.4645686,0.9531853720545769,0.010018603,2.012456,-0.36689878122981334,-3203125.0,5.503548e-07,8.7746415e-08,0.8872834624528043,0.003038076601575108,/content/drive/MyDrive/N-MON/ALTRO/spectograms/HOOKED-SAWTOOTH-3-20/572.npy,HOOKED-SAWTOOTH-3-20
-0.0027726765,-0.002107599,0.6797638,0.52355784,0.67976946,-0.48842844,0.42751265,0.9159411117434502,0.007809747,2.0128424,-0.3488703333476534,-2656250.0,4.387033e-07,8.600864e-08,0.8863337206547719,0.0034170372657356288,/content/drive/MyDrive/N-MON/ALTRO/spectograms/HOOKED-SAWTOOTH-3-20/573.npy,HOOKED-SAWTOOTH-3-20
-0.009307558,-0.0026542249,0.6766147,0.5195414,0.6766787,-0.51823753,0.3899749,0.9082124009728432,0.018213551,2.0233893,-0.32651204381298193,-3203125.0,5.805637e-07,8.7541025e-08,0.8925559322374759,0.0026985382942532614,/content/drive/MyDrive/N-MON/ALTRO/spectograms/HOOKED-SAWTOOTH-3-20/574.npy,HOOKED-SAWTOOTH-3-20
-0.008924128,-0.0023757436,0.67294806,0.5178949,0.67300725,-0.5022791,0.38827777,0.8905568942427635,0.0020050525,2.0386128,-0.2784719048423475,4550781.25,4.261229e-07,8.625962e-08,0.8999329896746929,0.0037343512877240563,/content/drive/MyDrive/N-MON/ALTRO/spectograms/HOOKED-SAWTOOTH-3-20/575.npy,HOOKED-SAWTOOTH-3-20
0.01088651,0.005596988,0.6756824,0.5187227,0.6757701,-0.38694242,0.5134165,0.9003589227795601,-0.004769186,2.0301416,-0.3317943149173034,-3378906.25,4.6862735e-07,8.5753015e-08,0.8977543671736967,0.004156081059280514,/content/drive/MyDrive/N-MON/ALTRO/spectograms/HOOKED-SAWTOOTH-3-20/576.npy,HOOKED-SAWTOOTH-3-20
0.0049315807,0.02110931,0.68306,0.5274221,0.68307775,-0.50433385,0.4997392,1.0040730461478233,-0.016729662,1.9933696,-0.348527693800862,-4667968.75,4.5187394e-07,8.598363e-08,0.8949996759207177,0.004765470786175387,/content/drive/MyDrive/N-MON/ALTRO/spectograms/HOOKED-SAWTOOTH-3-20/577.npy,HOOKED-SAWTOOTH-3-20
-0.005091417,0.0057649803,0.6714366,0.5145852,0.6714559,-0.44738704,0.37500587,0.822392925620079,0.013340294,2.0470977,-0.298868439613143,-2988281.25,4.164869e-07,9.334987e-08,0.8958388017993066,0.006400658229687985,/content/drive/MyDrive/N-MON/ALTRO/spectograms/HOOKED-SAWTOOTH-3-20/578.npy,HOOKED-SAWTOOTH-3-20
0.00045581628,-0.0022955355,0.6711761,0.51348704,0.67117625,-0.39293256,0.43532616,0.8282587379217148,0.00972627,2.0520325,-0.303364998214363,4667968.75,4.3620176e-07,8.702416e-08,0.8923662298498367,0.003274198449160936,/content/drive/MyDrive/N-MON/ALTRO/spectograms/HOOKED-SAWTOOTH-3-20/579.npy,HOOKED-SAWTOOTH-3-20
0.0024590257,-0.002503442,0.6794852,0.5225681,0.6794897,-0.39892527,0.48395163,0.8828768953680992,0.006674717,2.0124102,-0.34815475868636014,-2988281.25,4.1402865e-07,9.4781385e-08,0.8898295021465626,0.004093180794899208,/content/drive/MyDrive/N-MON/ALTRO/spectograms/HOOKED-SAWTOOTH-3-20/580.npy,HOOKED-SAWTOOTH-3-20
-0.004745548,-0.0022547613,0.65770656,0.49556154,0.6577237,-0.34600043,0.2789531,0.6249535158276558,0.015726218,2.1392863,-0.32062460532664894,-2656250.0,5.256646e-07,9.809365e-08,0.8966314455386092,0.0033578977972811294,/content/drive/MyDrive/N-MON/ALTRO/spectograms/HOOKED-SAWTOOTH-3-20/581.npy,HOOKED-SAWTOOTH-3-20
-0.0053411587,-0.002442374,0.6757614,0.5190445,0.6757825,-0.47305524,0.4428906,0.915945865213871,0.02279901,2.029995,-0.3454202476955298,4550781.25,4.4825242e-07,9.4744436e-08,0.9008718563443547,0.002093324996059941,/content/drive/MyDrive/N-MON/ALTRO/spectograms/HOOKED-SAWTOOTH-3-20/582.npy,HOOKED-SAWTOOTH-3-20
-0.0026627497,0.0056954445,0.69200957,0.5404324,0.69201475,-0.5685336,0.5467551,1.1152886599302292,0.008891408,1.9368854,-0.33094910685687406,-2988281.25,4.314899e-07,9.3967074e-08,0.9270526915099416,0.019470754493577554,/content/drive/MyDrive/N-MON/ALTRO/spectograms/HOOKED-SAWTOOTH-3-20/583.npy,HOOKED-SAWTOOTH-3-20
0.007874127,-0.0021140112,0.6721464,0.5143357,0.6721925,-0.37917635,0.46066985,0.8398461937904358,-0.011440011,2.0457578,-0.32179838337953826,-4667968.75,5.145787e-07,9.543818e-08,0.8878988754156816,0.003308442635698089,/content/drive/MyDrive/N-MON/ALTRO/spectograms/HOOKED-SAWTOOTH-3-20/584.npy,HOOKED-SAWTOOTH-3-20
0.0014690538,0.0057961503,0.68133044,0.5249856,0.681332,-0.48043776,0.46671864,0.9471563994884491,-0.0041192197,2.005785,-0.3636907154396455,-2656250.0,3.7604354e-07,8.9368186e-08,0.8874497775913872,0.0027669951760763713,/content/drive/MyDrive/N-MON/ALTRO/spectograms/HOOKED-SAWTOOTH-3-20/585.npy,HOOKED-SAWTOOTH-3-20
0.00057506893,-0.002232779,0.67047286,0.51151794,0.67047304,-0.41826192,0.43718597,0.855447880923748,0.0056507196,2.0567737,-0.33535264290124467,-4824218.75,5.072472e-07,9.619563e-08,0.8946498223548163,0.0025161221652880896,/content/drive/MyDrive/N-MON/ALTRO/spectograms/HOOKED-SAWTOOTH-3-20/586.npy,HOOKED-SAWTOOTH-3-20
0.007028923,0.0054860064,0.68189245,0.52429396,0.6819287,-0.45539486,0.50737876,0.9627736210823059,-0.02471508,2.0016572,-0.3764558491619018,4550781.25,4.1866636e-07,8.988515e-08,0.8960154837974446,0.0025247316092519823,/content/drive/MyDrive/N-MON/ALTRO/spectograms/HOOKED-SAWTOOTH-3-20/587.npy,HOOKED-SAWTOOTH-3-20
-0.0035017864,-0.0022484208,0.6784549,0.5189768,0.67846394,-0.46712187,0.4352091,0.9023309648036957,0.024977595,2.0205476,-0.37574413880535495,-3378906.25,5.0669144e-07,9.687082e-08,0.898190824070857,0.004166917568133674,/content/drive/MyDrive/N-MON/ALTRO/spectograms/HOOKED-SAWTOOTH-3-20/588.npy,HOOKED-SAWTOOTH-3-20
0.0053137145,-0.00203001,0.67372376,0.5171375,0.67374474,-0.3868378,0.49213436,0.8789721876382828,-0.0034638718,2.039367,-0.3250897380548229,4609375.0,4.731001e-07,9.048541e-08,0.8937026758012431,0.003519343405148706,/content/drive/MyDrive/N-MON/ALTRO/spectograms/HOOKED-SAWTOOTH-3-20/589.npy,HOOKED-SAWTOOTH-3-20
0.0018427272,0.0057623917,0.6811561,0.52554035,0.6811586,-0.49441206,0.46851954,0.9629316031932831,-0.012880727,2.003413,-0.33602937981642633,-2988281.25,4.910044e-07,8.781329e-08,0.8879072925414431,0.003245575436513726,/content/drive/MyDrive/N-MON/ALTRO/spectograms/HOOKED-SAWTOOTH-3-20/590.npy,HOOKED-SAWTOOTH-3-20
-0.004935264,-0.0022452476,0.68196845,0.52456784,0.6819863,-0.5178265,0.45861775,0.976444236934185,0.010053819,2.0057817,-0.3789391683360136,-4824218.75,4.4591226e-07,9.116062e-08,0.889743587214124,0.004288736008852723,/content/drive/MyDrive/N-MON/ALTRO/spectograms/HOOKED-SAWTOOTH-3-20/591.npy,HOOKED-SAWTOOTH-3-20
0.0054843333,-0.0020435818,0.67583853,0.5188201,0.67586076,-0.46307874,0.45877162,0.9218503311276436,-0.004010906,2.0303292,-0.3431848819257094,-3203125.0,5.163844e-07,9.867304e-08,0.8917282359156133,0.0039806268272373525,/content/drive/MyDrive/N-MON/ALTRO/spectograms/HOOKED-SAWTOOTH-3-20/592.npy,HOOKED-SAWTOOTH-3-20
-0.0019912464,-0.0022856682,0.6698155,0.5117293,0.6698184,-0.43588495,0.42146784,0.8573527783155441,0.0009355615,2.0564067,-0.2967627576281596,-2656250.0,4.2435872e-07,9.2060205e-08,0.8990838900676251,0.0022497017527270576,/content/drive/MyDrive/N-MON/ALTRO/spectograms/HOOKED-SAWTOOTH-3-20/593.npy,HOOKED-SAWTOOTH-3-20
-0.00071402837,-0.002197175,0.6764857,0.5193499,0.6764861,-0.41813174,0.44510174,0.8632334843277931,0.008416374,2.0319161,-0.3455463263509718,-2539062.5,5.476281e-07,9.8989645e-08,0.9007475997171402,0.0033500464898003025,/content/drive/MyDrive/N-MON/ALTRO/spectograms/HOOKED-SAWTOOTH-3-20/594.npy,HOOKED-SAWTOOTH-3-20
0.010123797,0.0054318933,0.6736856,0.516379,0.67376167,-0.38718414,0.47414157,0.8613256961107254,-0.018648561,2.0393078,-0.3138454863254455,-4707031.25,4.1243834e-07,9.288674e-08,0.9003401136621136,0.003852999013312241,/content/drive/MyDrive/N-MON/ALTRO/spectograms/HOOKED-SAWTOOTH-3-20/595.npy,HOOKED-SAWTOOTH-3-20
-0.0045106662,-0.009927737,0.6890825,0.53822756,0.6890972,-0.5646459,0.5427422,1.1073880940675735,0.015807014,1.9444356,-0.2983870506457792,-3203125.0,6.2364137e-07,9.877904e-08,0.8915917383595945,0.004001748433221714,/content/drive/MyDrive/N-MON/ALTRO/spectograms/HOOKED-SAWTOOTH-3-20/596.npy,HOOKED-SAWTOOTH-3-20
0.005639089,-0.0020728202,0.67464274,0.5215093,0.67466635,-0.39268413,0.4608051,0.8534892350435257,-0.010598477,2.027979,-0.2847615203741106,-3203125.0,4.1510938e-07,9.410401e-08,0.8949102510907923,0.0029478611797724985,/content/drive/MyDrive/N-MON/ALTRO/spectograms/HOOKED-SAWTOOTH-3-20/597.npy,HOOKED-SAWTOOTH-3-20
0.0004208355,-0.00974519,0.68747663,0.5353192,0.6874768,-0.49619526,0.53124404,1.0274392813444138,0.030132174,1.9659599,-0.3358168020746978,-2539062.5,5.7356715e-07,9.0899526e-08,0.8965153619227273,0.0035106299306175825,/content/drive/MyDrive/N-MON/ALTRO/spectograms/HOOKED-SAWTOOTH-3-20/598.npy,HOOKED-SAWTOOTH-3-20
0.0055392836,-0.002191243,0.67042154,0.5139246,0.6704444,-0.3557381,0.45867875,0.8144168630242348,0.0091271,2.0483305,-0.2845154399899813,-3203125.0,4.6014736e-07,9.462706e-08,0.8977106302918738,0.003723869186183143,/content/drive/MyDrive/N-MON/ALTRO/spectograms/HOOKED-SAWTOOTH-3-20/599.npy,HOOKED-SAWTOOTH-3-20
-0.009331183,-0.01011261,0.6807371,0.5249712,0.680801,-0.5178721,0.4508332,0.9687052667140961,0.03294072,2.0011024,-0.3347648811981935,-4707031.25,3.7462902e-07,8.856787e-08,0.8987861522393475,0.003181387048837236,/content/drive/MyDrive/N-MON/ALTRO/spectograms/HOOKED-SAWTOOTH-3-20/600.npy,HOOKED-SAWTOOTH-3-20
-0.0020666244,-0.009969385,0.6732192,0.5143124,0.67322236,-0.41624653,0.41963637,0.8358828946948051,0.025404043,2.0477328,-0.3477312035901391,4609375.0,5.152204e-07,9.495452e-08,0.8976211882951937,0.002184213587927504,/content/drive/MyDrive/N-MON/ALTRO/spectograms/HOOKED-SAWTOOTH-3-20/601.npy,HOOKED-SAWTOOTH-3-20
-0.0047372654,0.0054441686,0.6853663,0.5287702,0.68538266,-0.54329014,0.48994768,1.0332377701997757,0.011732773,1.9825766,-0.3873206206128962,-2656250.0,5.4775603e-07,9.776565e-08,0.8867913721314371,0.0033077993138581605,/content/drive/MyDrive/N-MON/ALTRO/spectograms/HOOKED-SAWTOOTH-3-20/602.npy,HOOKED-SAWTOOTH-3-20
-0.007754138,-0.009911417,0.68338,0.52629113,0.683424,-0.52744246,0.46462783,0.9920702949166298,0.025953222,1.9941504,-0.37857588059994207,-4609375.0,5.224392e-07,9.615055e-08,0.8884572902511101,0.0033908300982376165,/content/drive/MyDrive/N-MON/ALTRO/spectograms/HOOKED-SAWTOOTH-3-20/603.npy,HOOKED-SAWTOOTH-3-20
0.0011209812,-0.010127388,0.6710706,0.51468706,0.6710715,-0.40857875,0.44691586,0.8554946333169937,0.018012017,2.0525951,-0.3102351870064065,4492187.5,4.0360288e-07,8.977326e-08,0.8932310362122637,0.0061678280175644475,/content/drive/MyDrive/N-MON/ALTRO/spectograms/HOOKED-SAWTOOTH-3-20/604.npy,HOOKED-SAWTOOTH-3-20
0.009721653,-0.0019502046,0.675706,0.519188,0.67577595,-0.38478225,0.52347136,0.9082536473870277,-0.02041423,2.0291715,-0.33368512587188814,-4765625.0,5.066069e-07,9.7167e-08,0.9007116984997021,0.002714441169433909,/content/drive/MyDrive/N-MON/ALTRO/spectograms/HOOKED-SAWTOOTH-3-20/605.npy,HOOKED-SAWTOOTH-3-20
-0.0054110703,-0.0021528155,0.67716247,0.5195817,0.6771841,-0.48652405,0.42172188,0.9082459136843681,0.008354584,2.0281482,-0.34924197290965087,4550781.25,4.4441717e-07,9.009884e-08,0.9013531959998813,0.0032821749004251642,/content/drive/MyDrive/N-MON/ALTRO/spectograms/HOOKED-SAWTOOTH-3-20/606.npy,HOOKED-SAWTOOTH-3-20
-0.003945308,0.005407012,0.6873981,0.5326177,0.6874094,-0.5414387,0.4898056,1.0312442928552628,-0.0014278266,1.9720798,-0.3890324884000088,-2988281.25,5.054277e-07,9.074931e-08,0.9231390084678923,0.016254035166352966,/content/drive/MyDrive/N-MON/ALTRO/spectograms/HOOKED-SAWTOOTH-3-20/607.npy,HOOKED-SAWTOOTH-3-20
0.002539062,0.005605704,0.6723849,0.5144287,0.67238975,-0.44956896,0.44300494,0.8925738781690598,-0.007897088,2.0453334,-0.32307912397050853,4609375.0,4.7290513e-07,9.101347e-08,0.8926230317665589,0.0038437488481619223,/content/drive/MyDrive/N-MON/ALTRO/spectograms/HOOKED-SAWTOOTH-3-20/608.npy,HOOKED-SAWTOOTH-3-20
-0.007907975,-0.0024098079,0.67304885,0.5158197,0.6730953,-0.45563233,0.39989737,0.8555296882987022,0.009089563,2.038461,-0.31128854995569377,-2656250.0,4.3566e-07,8.599494e-08,0.8890223181766037,0.006247294408225383,/content/drive/MyDrive/N-MON/ALTRO/spectograms/HOOKED-SAWTOOTH-3-20/609.npy,HOOKED-SAWTOOTH-3-20
-0.0050400086,-0.0020586022,0.67751116,0.51948565,0.6775299,-0.48647505,0.41190344,0.8983785137534142,0.0137156425,2.0280478,-0.3615094739260948,4667968.75,4.0455197e-07,9.173122e-08,0.8917053558468011,0.003277965167126915,/content/drive/MyDrive/N-MON/ALTRO/spectograms/HOOKED-SAWTOOTH-3-20/610.npy,HOOKED-SAWTOOTH-3-20
0.0022379328,0.005711149,0.6790558,0.5217935,0.67905945,-0.4884487,0.4509464,0.9393950924277306,-0.015756892,2.017607,-0.35395676114620234,4492187.5,4.5047332e-07,8.648837e-08,0.8951342827614921,0.002908001072635118,/content/drive/MyDrive/N-MON/ALTRO/spectograms/HOOKED-SAWTOOTH-3-20/611.npy,HOOKED-SAWTOOTH-3-20
0.005908224,-0.002249464,0.6828516,0.52650976,0.68287724,-0.45742145,0.5074852,0.9649066627025604,-0.015501004,1.9965923,-0.3658618452553136,-2656250.0,4.660819e-07,9.268871e-08,0.9003947650940513,0.004731535982875295,/content/drive/MyDrive/N-MON/ALTRO/spectograms/HOOKED-SAWTOOTH-3-20/612.npy,HOOKED-SAWTOOTH-3-20
0.005358743,-0.002223718,0.67494655,0.5182934,0.6749678,-0.39473206,0.46072808,0.8554601594805717,0.003639232,2.034322,-0.3118256613004188,4609375.0,6.17594e-07,9.9100504e-08,0.8918791980911673,0.0038122320866972276,/content/drive/MyDrive/N-MON/ALTRO/spectograms/HOOKED-SAWTOOTH-3-20/613.npy,HOOKED-SAWTOOTH-3-20
0.006910167,0.0057653114,0.6723677,0.51477593,0.6724032,-0.3555466,0.5154985,0.8710451349616051,0.00027742764,2.04502,-0.306962522830471,-2988281.25,3.9551782e-07,9.315163e-08,0.8950069282696739,0.0028781656617643562,/content/drive/MyDrive/N-MON/ALTRO/spectograms/HOOKED-SAWTOOTH-3-20/614.npy,HOOKED-SAWTOOTH-3-20
-0.0006579833,-0.010032939,0.67500556,0.5190691,0.67500585,-0.4552595,0.4215945,0.8768539801239967,0.02734462,2.0313814,-0.3066064609939617,-2656250.0,4.4438417e-07,8.775126e-08,0.914606291329489,0.020769243400869716,/content/drive/MyDrive/N-MON/ALTRO/spectograms/HOOKED-SAWTOOTH-3-20/615.npy,HOOKED-SAWTOOTH-3-20
-0.0056194304,-0.0019768188,0.67470056,0.51769215,0.6747239,-0.4570719,0.4375249,0.8945968002080917,0.0073974333,2.0345237,-0.3336012924249455,-3203125.0,4.189476e-07,9.356381e-08,0.8980192831606224,0.003318942839265138,/content/drive/MyDrive/N-MON/ALTRO/spectograms/HOOKED-SAWTOOTH-3-20/616.npy,HOOKED-SAWTOOTH-3-20
0.010999096,0.005683658,0.6811435,0.52731234,0.68123233,-0.4474326,0.5681739,1.0156064629554749,-0.018184373,1.988836,-0.2900950611433687,4667968.75,4.201651e-07,9.110081e-08,0.8966074715292365,0.003307402806020058,/content/drive/MyDrive/N-MON/ALTRO/spectograms/HOOKED-SAWTOOTH-3-20/617.npy,HOOKED-SAWTOOTH-3-20
-0.009453493,-0.0023583865,0.67115664,0.5141422,0.6712232,-0.44756162,0.36680293,0.814364567399025,0.03449783,2.0550616,-0.30953831979339264,-4726562.5,4.908648e-07,9.376295e-08,0.8983614205470292,0.0028601071387304917,/content/drive/MyDrive/N-MON/ALTRO/spectograms/HOOKED-SAWTOOTH-3-20/618.npy,HOOKED-SAWTOOTH-3-20
0.0027583784,-0.0024063427,0.6798022,0.52143914,0.6798077,-0.44973427,0.49753627,0.9472705274820328,0.009164484,2.0161405,-0.37622988658306256,-2988281.25,5.266987e-07,9.8519294e-08,0.8963725034120194,0.00713060057928347,/content/drive/MyDrive/N-MON/ALTRO/spectograms/HOOKED-SAWTOOTH-3-20/619.npy,HOOKED-SAWTOOTH-3-20
-0.0008021226,-0.0019447482,0.67112064,0.51412696,0.6711212,-0.4258167,0.39634466,0.8221613764762878,0.00084598735,2.0548563,-0.30147627138141,-4667968.75,5.085829e-07,9.5262855e-08,0.8899279056065603,0.004911591860789165,/content/drive/MyDrive/N-MON/ALTRO/spectograms/HOOKED-SAWTOOTH-3-20/620.npy,HOOKED-SAWTOOTH-3-20
-0.0036985406,-0.009812981,0.675142,0.517633,0.6751522,-0.44738722,0.42954135,0.8769285753369331,0.016639698,2.0347135,-0.3397703339078425,-2988281.25,5.30144e-07,9.785096e-08,0.8900890410981052,0.005276562778793045,/content/drive/MyDrive/N-MON/ALTRO/spectograms/HOOKED-SAWTOOTH-3-20/621.npy,HOOKED-SAWTOOTH-3-20
0.005130564,0.013498316,0.65610516,0.49374938,0.6561252,-0.28529513,0.28306806,0.5683631747961044,-0.02162841,2.1485782,-0.307164809697687,-2539062.5,5.7650874e-07,9.029512e-08,0.9143998288012608,0.01491600460348215,/content/drive/MyDrive/N-MON/ALTRO/spectograms/HOOKED-SAWTOOTH-3-20/622.npy,HOOKED-SAWTOOTH-3-20
-0.0052290224,-0.002084626,0.67375714,0.5166838,0.6737774,-0.44935423,0.4002438,0.8495980352163315,0.017941399,2.0395713,-0.3193020709395188,-3203125.0,5.3232435e-07,9.666581e-08,0.8973061600570102,0.0046487195436272005,/content/drive/MyDrive/N-MON/ALTRO/spectograms/HOOKED-SAWTOOTH-3-20/623.npy,HOOKED-SAWTOOTH-3-20
-0.007404554,-0.010004146,0.67759657,0.52082574,0.67763704,-0.48079062,0.43522722,0.9160178005695343,0.031662755,2.020342,-0.3243098562823158,-3203125.0,5.4892604e-07,8.968462e-08,0.901180495970227,0.002493651136933168,/content/drive/MyDrive/N-MON/ALTRO/spectograms/HOOKED-SAWTOOTH-3-20/624.npy,HOOKED-SAWTOOTH-3-20
-0.009776794,-0.009819306,0.67973137,0.5227678,0.67980164,-0.535241,0.43741184,0.9726528897881508,0.023212345,2.0122786,-0.36298883108276503,-3203125.0,6.1203787e-07,9.546537e-08,0.893803646385573,0.003183992502332168,/content/drive/MyDrive/N-MON/ALTRO/spectograms/HOOKED-SAWTOOTH-3-20/625.npy,HOOKED-SAWTOOTH-3-20
-0.005442527,0.0055961385,0.6310377,0.46100095,0.6310612,-0.2052071,0.18537652,0.390583623200655,-0.004124652,2.3169737,-0.31804675346489397,-2539062.5,4.6618442e-07,8.095826e-08,0.9058143004687278,0.01194174968120969,/content/drive/MyDrive/N-MON/ALTRO/spectograms/HOOKED-SAWTOOTH-3-20/626.npy,HOOKED-SAWTOOTH-3-20
-0.004656493,-0.0022082431,0.6694045,0.513142,0.6694207,-0.4318961,0.4197308,0.851626880466938,0.012309464,2.0526423,-0.2716511502140523,-3203125.0,5.879105e-07,9.49726e-08,0.8905633479467815,0.004082657528360547,/content/drive/MyDrive/N-MON/ALTRO/spectograms/HOOKED-SAWTOOTH-3-20/627.npy,HOOKED-SAWTOOTH-3-20
0.0063109314,0.005475228,0.675984,0.5214743,0.6760135,-0.4455215,0.5075667,0.9530881717801094,0.00069393916,2.0215611,-0.31818382450686145,-3203125.0,4.91407e-07,9.857265e-08,0.8962691415352044,0.005899285169991333,/content/drive/MyDrive/N-MON/ALTRO/spectograms/HOOKED-SAWTOOTH-3-20/628.npy,HOOKED-SAWTOOTH-3-20
-0.00396185,-0.009706796,0.68205714,0.52500975,0.68206865,-0.47846743,0.49997526,0.9784426838159561,0.02010562,2.0025802,-0.381493933725655,-2539062.5,5.500612e-07,9.476659e-08,0.8971404106432647,0.0033299905403778745,/content/drive/MyDrive/N-MON/ALTRO/spectograms/HOOKED-SAWTOOTH-3-20/629.npy,HOOKED-SAWTOOTH-3-20
-0.0022376755,-0.0021567557,0.67890394,0.52076614,0.67890763,-0.48077932,0.47633535,0.957114651799202,-0.0073888847,2.0194323,-0.3702643415927708,4550781.25,5.6620866e-07,9.8737274e-08,0.8996822516458747,0.0017879991285131294,/content/drive/MyDrive/N-MON/ALTRO/spectograms/HOOKED-SAWTOOTH-3-20/630.npy,HOOKED-SAWTOOTH-3-20
-0.0070884493,-0.010051681,0.6764542,0.5201974,0.6764913,-0.50222254,0.42161366,0.9238362237811089,0.016676657,2.028105,-0.3348221999318498,-2656250.0,4.2816671e-07,9.2409806e-08,0.8948132567681104,0.002575834620397394,/content/drive/MyDrive/N-MON/ALTRO/spectograms/HOOKED-SAWTOOTH-3-20/631.npy,HOOKED-SAWTOOTH-3-20
0.0055323746,0.005592842,0.67368156,0.51648474,0.67370427,-0.42411566,0.46068317,0.8847988322377205,0.0016259844,2.0371811,-0.3180527529238636,-2539062.5,5.6807687e-07,9.913409e-08,0.889862792049432,0.004896257013811875,/content/drive/MyDrive/N-MON/ALTRO/spectograms/HOOKED-SAWTOOTH-3-20/632.npy,HOOKED-SAWTOOTH-3-20
-0.004112057,0.0057898983,0.6754755,0.51942104,0.675488,-0.49605495,0.41980994,0.915864884853363,-0.002767139,2.0257895,-0.30279675073099377,-2656250.0,5.7031133e-07,9.325092e-08,0.8959240198924749,0.004043180149029543,/content/drive/MyDrive/N-MON/ALTRO/spectograms/HOOKED-SAWTOOTH-3-20/633.npy,HOOKED-SAWTOOTH-3-20
-0.005634074,-0.002199533,0.6765906,0.51885134,0.6766141,-0.4962762,0.42161047,0.9178866669535637,0.013318663,2.0250356,-0.33716040736621633,-2539062.5,5.5305753e-07,9.935481e-08,0.8868842525163074,0.003190600921872367,/content/drive/MyDrive/N-MON/ALTRO/spectograms/HOOKED-SAWTOOTH-3-20/634.npy,HOOKED-SAWTOOTH-3-20
-0.006337621,-0.0019680108,0.6695486,0.512205,0.6695786,-0.47063744,0.3828196,0.8534570261836052,0.020528212,2.0554028,-0.2899443943006875,-3203125.0,5.4654026e-07,9.125602e-08,0.8973748920199411,0.003359056100597652,/content/drive/MyDrive/N-MON/ALTRO/spectograms/HOOKED-SAWTOOTH-3-20/635.npy,HOOKED-SAWTOOTH-3-20
0.006665655,0.0059488844,0.65091634,0.48541272,0.6509505,-0.22850421,0.2655921,0.4940963089466095,-0.00402548,2.1936593,-0.34466929108822797,4667968.75,4.1981093e-07,8.747697e-08,0.9142009247320178,0.017834158831444267,/content/drive/MyDrive/N-MON/ALTRO/spectograms/HOOKED-SAWTOOTH-3-20/636.npy,HOOKED-SAWTOOTH-3-20
0.002033908,-0.0022949688,0.6784899,0.5206016,0.67849296,-0.4027076,0.45282906,0.8555366769433022,0.011219139,2.0248563,-0.3674973792515531,-2539062.5,5.903303e-07,9.064964e-08,0.8991221635587701,0.002442590838393758,/content/drive/MyDrive/N-MON/ALTRO/spectograms/HOOKED-SAWTOOTH-3-20/637.npy,HOOKED-SAWTOOTH-3-20
0.009547902,0.009655412,0.6780127,0.5218589,0.67807996,-0.4259295,0.49989298,0.9258224591612816,-0.02238758,2.0199816,-0.34381040621683756,-4707031.25,5.0403935e-07,8.6148276e-08,0.8980315356977256,0.004452932138257392,/content/drive/MyDrive/N-MON/ALTRO/spectograms/HOOKED-SAWTOOTH-3-20/638.npy,HOOKED-SAWTOOTH-3-20
-0.0060414355,-0.0022192257,0.67317545,0.5160696,0.6732025,-0.45525384,0.39827117,0.8535250201821327,0.017416613,2.0410948,-0.31725821104697716,-2539062.5,6.7330285e-07,9.0610044e-08,0.8873653410152598,0.003257782209986105,/content/drive/MyDrive/N-MON/ALTRO/spectograms/HOOKED-SAWTOOTH-3-20/639.npy,HOOKED-SAWTOOTH-3-20
0.003537769,-0.0021414927,0.6809234,0.5254969,0.6809326,-0.44160524,0.49978843,0.9413936585187912,0.004696406,2.0033598,-0.34644591297685257,-2988281.25,5.580685e-07,9.7944664e-08,0.8856070662367685,0.0032338032232098746,/content/drive/MyDrive/N-MON/ALTRO/spectograms/HOOKED-SAWTOOTH-3-20/640.npy,HOOKED-SAWTOOTH-3-20
-0.0053681117,0.0015287981,0.68294907,0.5263641,0.68297017,-0.5374757,0.42930138,0.9667770862579346,-0.007570501,1.9949727,-0.3581444152727712,-3203125.0,5.846287e-07,9.028305e-08,0.8941033706522237,0.0036492996987138207,/content/drive/MyDrive/N-MON/ALTRO/spectograms/HOOKED-SAWTOOTH-3-20/641.npy,HOOKED-SAWTOOTH-3-20
-0.0063014897,-0.001960509,0.6780884,0.5195113,0.6781177,-0.503917,0.41204876,0.915965773165226,-0.0019533965,2.020625,-0.37066841613442325,-2539062.5,5.429736e-07,9.6218756e-08,0.8959295195507103,0.0023839583912933877,/content/drive/MyDrive/N-MON/ALTRO/spectograms/HOOKED-SAWTOOTH-3-20/642.npy,HOOKED-SAWTOOTH-3-20
0.007083985,0.005379191,0.67831254,0.5210042,0.67834955,-0.4241956,0.50740457,0.9316001757979393,-0.006451161,2.016341,-0.34808974425121353,-2539062.5,5.394478e-07,8.980179e-08,0.9009516243024874,0.002458369110535668,/content/drive/MyDrive/N-MON/ALTRO/spectograms/HOOKED-SAWTOOTH-3-20/643.npy,HOOKED-SAWTOOTH-3-20
0.005142942,0.0058438815,0.68040454,0.52294105,0.680424,-0.4492126,0.4785719,0.9277845099568367,-0.007344772,2.0128055,-0.3648898511484583,-2539062.5,5.9981636e-07,9.519812e-08,0.8959965712136051,0.003024416467055384,/content/drive/MyDrive/N-MON/ALTRO/spectograms/HOOKED-SAWTOOTH-3-20/644.npy,HOOKED-SAWTOOTH-3-20
-0.0066691334,-0.00978672,0.6790718,0.5218794,0.67910457,-0.44938016,0.4139466,0.863326758146286,0.03536517,2.0195343,-0.35031936899396066,-4785156.25,4.670185e-07,9.760312e-08,0.8911512789555236,0.0036747063710730033,/content/drive/MyDrive/N-MON/ALTRO/spectograms/HOOKED-SAWTOOTH-3-20/645.npy,HOOKED-SAWTOOTH-3-20
-0.0059930165,-0.0022629832,0.6786366,0.5225178,0.6786631,-0.4709369,0.43726388,0.908200778067112,0.020196844,2.0100713,-0.31321685390213017,-2539062.5,6.26761e-07,9.543081e-08,0.8871417325072644,0.0036879702079200393,/content/drive/MyDrive/N-MON/ALTRO/spectograms/HOOKED-SAWTOOTH-3-20/646.npy,HOOKED-SAWTOOTH-3-20
-0.004496645,-0.0021303364,0.67622286,0.5188833,0.6762378,-0.45731708,0.42162895,0.8789460435509682,0.016796596,2.031398,-0.33493154065419184,-3203125.0,4.921815e-07,9.819427e-08,0.894497440840843,0.0026631210622053807,/content/drive/MyDrive/N-MON/ALTRO/spectograms/HOOKED-SAWTOOTH-3-20/647.npy,HOOKED-SAWTOOTH-3-20
-0.0066903788,-0.002158622,0.6717804,0.5116769,0.6718137,-0.4416145,0.3982259,0.8398404195904732,0.02201987,2.0590146,-0.3709631327866153,-3203125.0,5.859148e-07,9.002472e-08,0.906425292244347,0.016381196791267025,/content/drive/MyDrive/N-MON/ALTRO/spectograms/HOOKED-SAWTOOTH-3-20/648.npy,HOOKED-SAWTOOTH-3-20
0.010239758,0.005558405,0.6762905,0.5191692,0.67636806,-0.40252605,0.5075774,0.9101034477353096,-0.0035176883,2.0298438,-0.3281097764078852,4550781.25,5.403565e-07,9.7871855e-08,0.9012532101285469,0.003100311041305042,/content/drive/MyDrive/N-MON/ALTRO/spectograms/HOOKED-SAWTOOTH-3-20/649.npy,HOOKED-SAWTOOTH-3-20
-0.0046143024,0.005766705,0.6742465,0.5165975,0.6742622,-0.45513576,0.41982514,0.8749608993530273,0.015810063,2.038067,-0.3138420560329457,-2539062.5,5.218011e-07,9.36151e-08,0.9005116150656168,0.006604363551399433,/content/drive/MyDrive/N-MON/ALTRO/spectograms/HOOKED-SAWTOOTH-3-20/650.npy,HOOKED-SAWTOOTH-3-20
-0.004646063,-0.0019124132,0.68071604,0.52291834,0.6807319,-0.48620248,0.46877152,0.954974003136158,0.023104908,2.0102763,-0.37583586558605664,-3203125.0,4.9299774e-07,8.537505e-08,0.8919940737936023,0.0029284043719223544,/content/drive/MyDrive/N-MON/ALTRO/spectograms/HOOKED-SAWTOOTH-3-20/651.npy,HOOKED-SAWTOOTH-3-20
0.00027023887,-0.0020018124,0.6863221,0.52968985,0.6863221,-0.5119047,0.51938224,1.0312869250774384,0.007855887,1.9817718,-0.39682573888197503,-2539062.5,5.311976e-07,9.327107e-08,0.8887157790972867,0.0032255869832623955,/content/drive/MyDrive/N-MON/ALTRO/spectograms/HOOKED-SAWTOOTH-3-20/652.npy,HOOKED-SAWTOOTH-3-20
0.0032643843,-0.0022275313,0.6780322,0.52146655,0.67804,-0.45740518,0.48988256,0.9472877457737923,0.009254637,2.019442,-0.3375155782415239,-3203125.0,4.851233e-07,8.578657e-08,0.8905846787204623,0.0024806647164586017,/content/drive/MyDrive/N-MON/ALTRO/spectograms/HOOKED-SAWTOOTH-3-20/653.npy,HOOKED-SAWTOOTH-3-20
-0.0048048343,-0.00991185,0.6814294,0.5242609,0.6814463,-0.47094285,0.4549212,0.9258640706539154,0.023343267,2.0066211,-0.3653525852720644,-2988281.25,4.9768295e-07,9.189139e-08,0.8920565981099515,0.003128532900970602,/content/drive/MyDrive/N-MON/ALTRO/spectograms/HOOKED-SAWTOOTH-3-20/654.npy,HOOKED-SAWTOOTH-3-20
0.002892367,0.00196353,0.6815207,0.5259901,0.6815269,-0.47060028,0.4901762,0.9607764631509781,-0.0054642963,2.00575,-0.3665210995776783,-4765625.0,4.8076885e-07,8.625477e-08,0.9015913937699513,0.0031144666615789186,/content/drive/MyDrive/N-MON/ALTRO/spectograms/HOOKED-SAWTOOTH-3-20/655.npy,HOOKED-SAWTOOTH-3-20
0.008749607,0.009492371,0.6767849,0.5192659,0.67684144,-0.4279442,0.45089716,0.8788413777947426,-0.010847066,2.031294,-0.3395893496781578,-3203125.0,5.682615e-07,9.140829e-08,0.8996408144089982,0.002201964428392872,/content/drive/MyDrive/N-MON/ALTRO/spectograms/HOOKED-SAWTOOTH-3-20/656.npy,HOOKED-SAWTOOTH-3-20
0.0084579745,0.0060022334,0.67344886,0.51482415,0.67350197,-0.4099984,0.46108764,0.871086023747921,-0.002146075,2.0426836,-0.3440330484553319,-4707031.25,4.572644e-07,8.6339945e-08,0.89998395812464,0.004813384927160658,/content/drive/MyDrive/N-MON/ALTRO/spectograms/HOOKED-SAWTOOTH-3-20/657.npy,HOOKED-SAWTOOTH-3-20
0.0031314134,-0.0022123614,0.67492473,0.51781493,0.674932,-0.43576205,0.45296946,0.8887315094470978,0.008791891,2.0361187,-0.33836705918262944,-2539062.5,5.954736e-07,9.0532836e-08,0.8883740359581944,0.0028762989910296305,/content/drive/MyDrive/N-MON/ALTRO/spectograms/HOOKED-SAWTOOTH-3-20/658.npy,HOOKED-SAWTOOTH-3-20
-0.007683986,-0.009798436,0.6720605,0.514211,0.6721044,-0.45706606,0.3905084,0.8475744798779488,0.025133448,2.0457213,-0.3021419328530702,-2539062.5,5.1199567e-07,9.62889e-08,0.8931793924795546,0.003322489463813012,/content/drive/MyDrive/N-MON/ALTRO/spectograms/HOOKED-SAWTOOTH-3-20/659.npy,HOOKED-SAWTOOTH-3-20
-0.006125716,-0.009780305,0.6792721,0.5218684,0.6792997,-0.47847244,0.4295876,0.9080600440502167,0.035916902,2.0176067,-0.3724397334911639,-3203125.0,5.697242e-07,8.967409e-08,0.8921855003496486,0.0026636413868071415,/content/drive/MyDrive/N-MON/ALTRO/spectograms/HOOKED-SAWTOOTH-3-20/660.npy,HOOKED-SAWTOOTH-3-20
0.0063486625,0.009789715,0.67084885,0.51284194,0.6708788,-0.39447334,0.45899302,0.8534663394093513,-0.0138627,2.0543742,-0.30652734950424787,-3203125.0,5.746403e-07,9.559572e-08,0.9007750687352679,0.001887630509993782,/content/drive/MyDrive/N-MON/ALTRO/spectograms/HOOKED-SAWTOOTH-3-20/661.npy,HOOKED-SAWTOOTH-3-20
-0.0023569642,-0.009673709,0.64225686,0.4738389,0.6422612,-0.22845432,0.2325194,0.46097372099757195,0.024318794,2.2402668,-0.3346070579336483,-4765625.0,4.059538e-07,8.708265e-08,0.9243438788230715,0.01582405517979766,/content/drive/MyDrive/N-MON/ALTRO/spectograms/HOOKED-SAWTOOTH-3-20/662.npy,HOOKED-SAWTOOTH-3-20
-0.009700788,-0.017656947,0.66964227,0.5112789,0.6697125,-0.47278196,0.38841707,0.8611990213394165,0.04605992,2.0615337,-0.31507298552133556,-3203125.0,5.8165705e-07,9.49172e-08,0.9011238147518528,0.004601760222018347,/content/drive/MyDrive/N-MON/ALTRO/spectograms/HOOKED-SAWTOOTH-3-20/663.npy,HOOKED-SAWTOOTH-3-20
-0.0049065584,-0.009903171,0.6802764,0.52328235,0.6802941,-0.4962799,0.4744237,0.9707036092877388,0.013308015,2.008894,-0.3540270414179637,-4277343.75,4.8416103e-07,9.6606456e-08,0.8912734628588248,0.0034310187321744223,/content/drive/MyDrive/N-MON/ALTRO/spectograms/HOOKED-SAWTOOTH-3-20/664.npy,HOOKED-SAWTOOTH-3-20
0.00065056613,-0.0019223148,0.6689868,0.5118971,0.66898715,-0.41023597,0.43749833,0.8477343171834946,0.015995061,2.0578399,-0.2826430477525471,-3203125.0,6.405646e-07,9.4697505e-08,0.88731210017458,0.00429484844129087,/content/drive/MyDrive/N-MON/ALTRO/spectograms/HOOKED-SAWTOOTH-3-20/665.npy,HOOKED-SAWTOOTH-3-20
0.0038232817,0.0054370807,0.68457526,0.52897024,0.684586,-0.47891527,0.53873867,1.017653927206993,-0.0094092935,1.9838494,-0.35816008343422034,-2539062.5,5.12311e-07,8.820768e-08,0.8886215472183132,0.006196577107275636,/content/drive/MyDrive/N-MON/ALTRO/spectograms/HOOKED-SAWTOOTH-3-20/666.npy,HOOKED-SAWTOOTH-3-20
0.009832853,0.0053318413,0.67777026,0.51898474,0.67784154,-0.44189292,0.503373,0.9452659264206886,-0.0026318002,2.0229266,-0.36789935152182107,-3378906.25,5.455889e-07,9.426513e-08,0.8925441834783181,0.002610946003285764,/content/drive/MyDrive/N-MON/ALTRO/spectograms/HOOKED-SAWTOOTH-3-20/667.npy,HOOKED-SAWTOOTH-3-20
0.0046723816,-0.0019531376,0.676801,0.5191477,0.6768172,-0.4023754,0.4588754,0.8612507730722427,0.005303497,2.0313022,-0.35295545948213036,-3203125.0,5.3584364e-07,8.661516e-08,0.8976326188880114,0.0024793870776316194,/content/drive/MyDrive/N-MON/ALTRO/spectograms/HOOKED-SAWTOOTH-3-20/668.npy,HOOKED-SAWTOOTH-3-20
-0.009329956,-0.009905139,0.66929036,0.5087934,0.6693554,-0.36534017,0.33579105,0.7011311948299408,0.02041017,2.0801222,-0.35648741477428036,-2656250.0,3.9346588e-07,8.955564e-08,0.9132150287248229,0.016413652432876576,/content/drive/MyDrive/N-MON/ALTRO/spectograms/HOOKED-SAWTOOTH-3-20/669.npy,HOOKED-SAWTOOTH-3-20
0.006851401,-0.0017536015,0.67496675,0.5171165,0.67500156,-0.3788164,0.44348788,0.8223042786121368,-0.0059942855,2.038936,-0.32944868619532575,-4667968.75,4.993307e-07,8.589583e-08,0.8912305819026682,0.0027434044800513455,/content/drive/MyDrive/N-MON/ALTRO/spectograms/HOOKED-SAWTOOTH-3-20/670.npy,HOOKED-SAWTOOTH-3-20
-0.0053557437,-0.0021420943,0.6743693,0.5174232,0.6743905,-0.539216,0.40408784,0.9433038458228111,0.007856569,2.032636,-0.3208359608181156,-2988281.25,3.5374183e-07,8.7200306e-08,0.8902116462760197,0.0034869576534731746,/content/drive/MyDrive/N-MON/ALTRO/spectograms/HOOKED-SAWTOOTH-3-20/671.npy,HOOKED-SAWTOOTH-3-20
-0.0051674866,-0.010019004,0.67661417,0.52030444,0.67663395,-0.4630055,0.43537098,0.8983764946460724,0.0336852,2.024154,-0.31976132608334507,-4609375.0,4.8042364e-07,8.5701046e-08,0.8895168190533476,0.0028522877937678707,/content/drive/MyDrive/N-MON/ALTRO/spectograms/HOOKED-SAWTOOTH-3-20/672.npy,HOOKED-SAWTOOTH-3-20
-0.0042803977,-0.009995582,0.6829917,0.52574843,0.6830051,-0.4788533,0.4918068,0.9706600680947304,0.029204762,2.0015314,-0.3856783270293366,4492187.5,3.8445637e-07,8.752979e-08,0.8909527872726529,0.0031910190422115192,/content/drive/MyDrive/N-MON/ALTRO/spectograms/HOOKED-SAWTOOTH-3-20/673.npy,HOOKED-SAWTOOTH-3-20
0.009994066,0.0061126444,0.67703706,0.51888907,0.6771108,-0.38453665,0.48262587,0.8671625256538391,-0.02055203,2.0287275,-0.36479899234613733,-4765625.0,4.93849e-07,8.590788e-08,0.8999669405020001,0.002201434856920522,/content/drive/MyDrive/N-MON/ALTRO/spectograms/HOOKED-SAWTOOTH-3-20/674.npy,HOOKED-SAWTOOTH-3-20
0.0045155142,0.0130956145,0.6765849,0.5210465,0.6765999,-0.40288717,0.4682656,0.8711527436971664,-0.024285791,2.0273595,-0.3173391397435329,-4667968.75,5.2352186e-07,8.783998e-08,0.8988995789547262,0.0033174060716427345,/content/drive/MyDrive/N-MON/ALTRO/spectograms/HOOKED-SAWTOOTH-3-20/675.npy,HOOKED-SAWTOOTH-3-20
-0.00022611738,0.005599695,0.70839775,0.5631539,0.70839775,-0.68197703,0.6695144,1.351491391658783,0.00018100599,1.85756,-0.37895103227062876,-4277343.75,5.131467e-07,9.8325216e-08,0.9136792511820914,0.01662375064560205,/content/drive/MyDrive/N-MON/ALTRO/spectograms/HOOKED-SAWTOOTH-3-20/676.npy,HOOKED-SAWTOOTH-3-20
-0.0006260295,-0.0057861633,0.6816228,0.52599704,0.68162316,-0.494127,0.50793225,1.0020592287182808,0.02077178,1.994076,-0.3478885466434455,4609375.0,4.611731e-07,8.885403e-08,0.8893599886519319,0.003527047996432966,/content/drive/MyDrive/N-MON/ALTRO/spectograms/HOOKED-SAWTOOTH-3-20/677.npy,HOOKED-SAWTOOTH-3-20
-0.00022728587,0.005214303,0.67821205,0.5229758,0.67821205,-0.4810835,0.46815613,0.9492396265268326,-0.0017348799,2.007433,-0.2980036132305389,-4785156.25,3.996694e-07,9.6325e-08,0.9063848313011029,0.011574782158312246,/content/drive/MyDrive/N-MON/ALTRO/spectograms/HOOKED-SAWTOOTH-3-20/678.npy,HOOKED-SAWTOOTH-3-20
0.00133563,-0.002215975,0.68078107,0.5242351,0.6807824,-0.46310192,0.49772677,0.9608286917209625,0.007563721,2.0073345,-0.362296611785614,-4765625.0,4.0486518e-07,8.923326e-08,0.8940470434092249,0.00553379790576922,/content/drive/MyDrive/N-MON/ALTRO/spectograms/HOOKED-SAWTOOTH-3-20/679.npy,HOOKED-SAWTOOTH-3-20
-0.0023030897,-0.010121472,0.6761262,0.51916784,0.6761301,-0.4084308,0.4898451,0.8982759267091751,0.020779876,2.0288582,-0.3264846893954828,-3203125.0,4.6142526e-07,8.568933e-08,0.8998776329123417,0.002767947118315804,/content/drive/MyDrive/N-MON/ALTRO/spectograms/HOOKED-SAWTOOTH-3-20/680.npy,HOOKED-SAWTOOTH-3-20
-0.0032420785,0.005844723,0.6784545,0.5216361,0.67846227,-0.49608675,0.42975408,0.925840824842453,0.00547214,2.016848,-0.33582965287836963,-2656250.0,3.8988352e-07,9.0675044e-08,0.9026120727192002,0.002137870739689718,/content/drive/MyDrive/N-MON/ALTRO/spectograms/HOOKED-SAWTOOTH-3-20/681.npy,HOOKED-SAWTOOTH-3-20
-0.0056126933,-0.0019894997,0.67182857,0.51495504,0.671852,-0.43940648,0.40437546,0.8437819480895996,0.006092269,2.0527973,-0.3262675304119488,-3203125.0,4.5431332e-07,8.5683794e-08,0.8997466637345799,0.0025356353487997487,/content/drive/MyDrive/N-MON/ALTRO/spectograms/HOOKED-SAWTOOTH-3-20/682.npy,HOOKED-SAWTOOTH-3-20
-0.0033951197,-0.0022077856,0.6719785,0.51568866,0.67198706,-0.4631247,0.3727818,0.8359065130352974,0.0069656963,2.0436056,-0.29684749811676625,-3378906.25,3.594788e-07,9.104095e-08,0.8949520030675473,0.0029377610341553566,/content/drive/MyDrive/N-MON/ALTRO/spectograms/HOOKED-SAWTOOTH-3-20/683.npy,HOOKED-SAWTOOTH-3-20
-0.0002794714,-0.009755836,0.68059164,0.5224707,0.6805917,-0.43367422,0.47065735,0.9043315425515175,0.022501992,2.0151033,-0.37692005237961823,4667968.75,4.3868704e-07,8.618221e-08,0.9126208700001492,0.023522201988064255,/content/drive/MyDrive/N-MON/ALTRO/spectograms/HOOKED-SAWTOOTH-3-20/684.npy,HOOKED-SAWTOOTH-3-20
-0.004919773,-0.009878261,0.68498677,0.52899337,0.6850044,-0.5059897,0.4998172,1.005806840956211,0.031088792,1.9846933,-0.36814419440956947,-3203125.0,3.9210482e-07,9.202533e-08,0.8917351150543293,0.003956699552480473,/content/drive/MyDrive/N-MON/ALTRO/spectograms/HOOKED-SAWTOOTH-3-20/685.npy,HOOKED-SAWTOOTH-3-20
-0.0033208164,-0.01035641,0.6934697,0.5431494,0.69347763,-0.59616077,0.6049747,1.2011354267597198,0.018995928,1.9213206,-0.32601502215037315,-3437500.0,5.189363e-07,9.219441e-08,0.9232360270082476,0.01672621041568471,/content/drive/MyDrive/N-MON/ALTRO/spectograms/HOOKED-SAWTOOTH-3-20/686.npy,HOOKED-SAWTOOTH-3-20
0.003442458,-0.002275536,0.67911816,0.5212581,0.67912686,-0.41832584,0.49183485,0.910160705447197,0.0062691853,2.0207877,-0.36813529837863534,4550781.25,4.6886706e-07,9.22726e-08,0.9008755437185658,0.0033093370098487835,/content/drive/MyDrive/N-MON/ALTRO/spectograms/HOOKED-SAWTOOTH-3-20/687.npy,HOOKED-SAWTOOTH-3-20
0.0066087907,0.013330979,0.6775283,0.52178735,0.6775605,-0.4572924,0.49978548,0.9570779129862785,-0.02420778,2.0116642,-0.315685481788628,-4707031.25,4.0768325e-07,8.571764e-08,0.8916454168026643,0.004151789953923354,/content/drive/MyDrive/N-MON/ALTRO/spectograms/HOOKED-SAWTOOTH-3-20/688.npy,HOOKED-SAWTOOTH-3-20
0.001418323,0.0056216,0.6875451,0.5348435,0.68754655,-0.5530325,0.4997699,1.052802436053753,0.0051233987,1.960884,-0.3455885950360794,4609375.0,5.284996e-07,9.319659e-08,0.8953239976078369,0.005345310552805365,/content/drive/MyDrive/N-MON/ALTRO/spectograms/HOOKED-SAWTOOTH-3-20/689.npy,HOOKED-SAWTOOTH-3-20
0.004189341,-0.009748101,0.6756377,0.5173248,0.6756507,-0.43167752,0.50578254,0.9374600648880005,0.0113434335,2.027686,-0.33942524425668197,-2656250.0,3.4376393e-07,8.6904286e-08,0.8860686192805729,0.003958162868388002,/content/drive/MyDrive/N-MON/ALTRO/spectograms/HOOKED-SAWTOOTH-3-20/690.npy,HOOKED-SAWTOOTH-3-20
-0.0009094739,0.005559274,0.67653626,0.51758945,0.67653686,-0.44171044,0.44702828,0.888738714158535,-0.005471703,2.029795,-0.354870954095441,-4824218.75,4.7596433e-07,8.5550795e-08,0.89259213054141,0.00274117052773214,/content/drive/MyDrive/N-MON/ALTRO/spectograms/HOOKED-SAWTOOTH-3-20/691.npy,HOOKED-SAWTOOTH-3-20
0.0008206935,-0.0019749543,0.67653286,0.51968265,0.67653334,-0.4472411,0.44533175,0.8925728425383568,0.009484009,2.0287974,-0.34361994058606105,4492187.5,4.1941627e-07,8.73804e-08,0.8931786015208696,0.004898462834220564,/content/drive/MyDrive/N-MON/ALTRO/spectograms/HOOKED-SAWTOOTH-3-20/692.npy,HOOKED-SAWTOOTH-3-20
-0.0036657143,-0.0019045116,0.68191564,0.5256607,0.6819255,-0.52526,0.47654802,1.0018079951405525,0.015458307,1.9977708,-0.34926030921924156,-3203125.0,4.423209e-07,9.478191e-08,0.8979921837983784,0.0037045306726212557,/content/drive/MyDrive/N-MON/ALTRO/spectograms/HOOKED-SAWTOOTH-3-20/693.npy,HOOKED-SAWTOOTH-3-20
0.003175705,0.005421725,0.6744935,0.51900977,0.67450094,-0.44179,0.4311788,0.8729688450694084,0.0015651716,2.0297098,-0.30697105616701503,4550781.25,4.772506e-07,8.81656e-08,0.8980125148405682,0.0033933207211583843,/content/drive/MyDrive/N-MON/ALTRO/spectograms/HOOKED-SAWTOOTH-3-20/694.npy,HOOKED-SAWTOOTH-3-20
-0.0023637973,-0.009761451,0.66683686,0.5051495,0.66684103,-0.32222334,0.39644104,0.7186643779277802,0.0061247163,2.0959752,-0.36436169085113346,-4492187.5,4.4173413e-07,8.953302e-08,0.900265183907097,0.01050815207596785,/content/drive/MyDrive/N-MON/ALTRO/spectograms/HOOKED-SAWTOOTH-3-20/695.npy,HOOKED-SAWTOOTH-3-20
-0.0071915295,-0.0021797763,0.67467487,0.51649344,0.6747132,-0.47077483,0.40603322,0.8768080472946167,0.019023968,2.038499,-0.3406310681549708,4609375.0,4.863936e-07,8.8545505e-08,0.8889276369300635,0.0026438963312490904,/content/drive/MyDrive/N-MON/ALTRO/spectograms/HOOKED-SAWTOOTH-3-20/696.npy,HOOKED-SAWTOOTH-3-20
-0.00075839326,-0.0023839606,0.68477,0.5282522,0.6847704,-0.4867929,0.5210441,1.0078369677066803,0.004430324,1.9845536,-0.372310172286456,-3203125.0,4.4342826e-07,8.636148e-08,0.8849519140467832,0.003335744169004266,/content/drive/MyDrive/N-MON/ALTRO/spectograms/HOOKED-SAWTOOTH-3-20/697.npy,HOOKED-SAWTOOTH-3-20
0.0032204608,0.005807277,0.6730667,0.5150397,0.6730744,-0.42580074,0.44336334,0.8691640719771385,0.0035894953,2.0397022,-0.32552438779537163,4667968.75,4.4744982e-07,8.995737e-08,0.8932951911237111,0.002989652924734853,/content/drive/MyDrive/N-MON/ALTRO/spectograms/HOOKED-SAWTOOTH-3-20/698.npy,HOOKED-SAWTOOTH-3-20
0.0055717756,-0.0020392747,0.6757143,0.5173517,0.6757373,-0.42583755,0.4530536,0.8788911327719688,0.00089440955,2.0314698,-0.3356893938066082,-3203125.0,4.6186233e-07,8.579572e-08,0.8993419833246674,0.002232875676634091,/content/drive/MyDrive/N-MON/ALTRO/spectograms/HOOKED-SAWTOOTH-3-20/699.npy,HOOKED-SAWTOOTH-3-20
0.0006172979,0.005596238,0.67800033,0.52161777,0.6780006,-0.47095793,0.41193166,0.882889598608017,-0.0032966344,2.0193644,-0.323738577659178,-2656250.0,3.839494e-07,9.072363e-08,0.8983449460257853,0.002870312741115088,/content/drive/MyDrive/N-MON/ALTRO/spectograms/HOOKED-SAWTOOTH-3-20/700.npy,HOOKED-SAWTOOTH-3-20
-0.0082619665,-0.010028699,0.67700034,0.5182275,0.67705077,-0.4865643,0.3884293,0.8749936372041702,0.010614614,2.0317194,-0.3638097921669835,4550781.25,4.7028996e-07,8.542729e-08,0.8947605229169415,0.0031970104616207934,/content/drive/MyDrive/N-MON/ALTRO/spectograms/HOOKED-SAWTOOTH-3-20/701.npy,HOOKED-SAWTOOTH-3-20
-0.005267903,-0.0018775451,0.67752635,0.519935,0.67754686,-0.47850072,0.44538742,0.9238881170749664,0.0062289857,2.0233905,-0.3612457770881826,-2656250.0,3.682639e-07,9.2219864e-08,0.8944968779584549,0.006384556840366703,/content/drive/MyDrive/N-MON/ALTRO/spectograms/HOOKED-SAWTOOTH-3-20/702.npy,HOOKED-SAWTOOTH-3-20
0.009827234,0.0057633715,0.6709565,0.51384264,0.6710285,-0.4102966,0.44311354,0.8534101322293282,-0.013388924,2.0489223,-0.2986978107055319,4609375.0,4.99399e-07,8.56803e-08,0.8865888082910398,0.0030538894322082815,/content/drive/MyDrive/N-MON/ALTRO/spectograms/HOOKED-SAWTOOTH-3-20/703.npy,HOOKED-SAWTOOTH-3-20
-0.003492515,0.0056200987,0.67753077,0.5188275,0.6775398,-0.44744742,0.41401336,0.861460767686367,0.017350148,2.0312111,-0.3730145778859352,-2656250.0,3.847306e-07,9.223764e-08,0.888323121458946,0.004231120414933394,/content/drive/MyDrive/N-MON/ALTRO/spectograms/HOOKED-SAWTOOTH-3-20/704.npy,HOOKED-SAWTOOTH-3-20
0.004591373,-0.0023104467,0.6665273,0.50826305,0.6665431,-0.41040128,0.42159772,0.8319990187883377,0.0011010651,2.0729852,-0.27977592684450514,-2539062.5,4.0952233e-07,8.600926e-08,0.8940893371813159,0.0030889099496216694,/content/drive/MyDrive/N-MON/ALTRO/spectograms/HOOKED-SAWTOOTH-3-20/705.npy,HOOKED-SAWTOOTH-3-20
-0.0013128405,-0.010132417,0.6778844,0.5222748,0.67788565,-0.4710899,0.49187586,0.9629657566547394,0.029613988,2.0175338,-0.32725931559324206,-2539062.5,4.4448774e-07,9.227317e-08,0.8983978983216379,0.002883186605629513,/content/drive/MyDrive/N-MON/ALTRO/spectograms/HOOKED-SAWTOOTH-3-20/706.npy,HOOKED-SAWTOOTH-3-20
0.008150774,0.005859033,0.67421234,0.5187222,0.6742616,-0.41802722,0.49993414,0.9179613664746284,-0.0015329429,2.031946,-0.2955389859311871,-4707031.25,3.6837648e-07,8.590824e-08,0.9037601665548477,0.0023780577274678696,/content/drive/MyDrive/N-MON/ALTRO/spectograms/HOOKED-SAWTOOTH-3-20/707.npy,HOOKED-SAWTOOTH-3-20
-0.0023267965,-0.0019996583,0.67676145,0.5198823,0.6767654,-0.44731608,0.46088648,0.9082025438547134,-0.0008037875,2.020844,-0.33099630620759257,4609375.0,5.183403e-07,8.617654e-08,0.8979956671344873,0.003336004455629834,/content/drive/MyDrive/N-MON/ALTRO/spectograms/HOOKED-SAWTOOTH-3-20/708.npy,HOOKED-SAWTOOTH-3-20
0.001267705,0.0057619996,0.67591727,0.5175868,0.67591846,-0.4161038,0.46099037,0.877094179391861,-0.015510288,2.034058,-0.3525143477186613,-2539062.5,3.5812e-07,8.747361e-08,0.8906163674513659,0.0036923007616014424,/content/drive/MyDrive/N-MON/ALTRO/spectograms/HOOKED-SAWTOOTH-3-20/709.npy,HOOKED-SAWTOOTH-3-20
0.0047007697,-0.00236024,0.67980564,0.5245685,0.67982197,-0.4633894,0.4761287,0.939518079161644,-0.0020075506,2.0089958,-0.3409221344766423,-4609375.0,5.0082326e-07,8.558645e-08,0.8866195244718671,0.0028441398598719942,/content/drive/MyDrive/N-MON/ALTRO/spectograms/HOOKED-SAWTOOTH-3-20/710.npy,HOOKED-SAWTOOTH-3-20
0.006386143,0.0059772967,0.67588717,0.51873875,0.6759173,-0.43922004,0.45907098,0.8982910141348839,-0.011612544,2.0311873,-0.338278720166188,-4726562.5,3.7121993e-07,8.8031584e-08,0.8974233683474186,0.005329581430295301,/content/drive/MyDrive/N-MON/ALTRO/spectograms/HOOKED-SAWTOOTH-3-20/711.npy,HOOKED-SAWTOOTH-3-20
-0.008932607,-0.0021053494,0.6766731,0.51832134,0.676732,-0.48836473,0.3905886,0.8789533525705338,0.014965627,2.031539,-0.36402250706480743,4667968.75,4.950282e-07,8.608394e-08,0.8944727151390135,0.003140752016670765,/content/drive/MyDrive/N-MON/ALTRO/spectograms/HOOKED-SAWTOOTH-3-20/712.npy,HOOKED-SAWTOOTH-3-20
0.00031386258,-0.0018010663,0.67861813,0.5215162,0.6786182,-0.46269292,0.45327538,0.9159682840108871,-9.726124e-05,2.0205717,-0.35600491748942986,-4726562.5,4.384847e-07,8.83445e-08,0.8993536070716293,0.0025829689575280115,/content/drive/MyDrive/N-MON/ALTRO/spectograms/HOOKED-SAWTOOTH-3-20/713.npy,HOOKED-SAWTOOTH-3-20
-0.0020291014,-0.002064052,0.67858917,0.5225396,0.6785922,-0.46291897,0.48432273,0.9472416788339615,0.0057508983,2.0130076,-0.34089405513412363,-3378906.25,4.1539525e-07,8.6313044e-08,0.9240663128216576,0.018586680526190745,/content/drive/MyDrive/N-MON/ALTRO/spectograms/HOOKED-SAWTOOTH-3-20/714.npy,HOOKED-SAWTOOTH-3-20
-0.002962576,-0.0021704463,0.6798911,0.522385,0.6798976,-0.5119349,0.45087582,0.9628106504678726,0.020198079,2.0141134,-0.36825802395921514,-4667968.75,4.5885938e-07,8.8723084e-08,0.8953272135003086,0.0038809609440665868,/content/drive/MyDrive/N-MON/ALTRO/spectograms/HOOKED-SAWTOOTH-3-20/715.npy,HOOKED-SAWTOOTH-3-20
-0.0153045105,-0.01791314,0.67648226,0.5198948,0.67665535,-0.51001763,0.39250523,0.9025228470563889,0.04441688,2.0260696,-0.31881069265036566,-3203125.0,4.3871833e-07,8.668094e-08,0.8936765030339353,0.0036068771833591626,/content/drive/MyDrive/N-MON/ALTRO/spectograms/HOOKED-SAWTOOTH-3-20/716.npy,HOOKED-SAWTOOTH-3-20
0.006065344,0.0055001583,0.6793532,0.52312195,0.67938024,-0.4242439,0.5054908,0.9297346621751785,-0.020060519,2.0110545,-0.33994632750563103,4609375.0,4.6806525e-07,9.0396625e-08,0.8866190350984697,0.0038901636353422964,/content/drive/MyDrive/N-MON/ALTRO/spectograms/HOOKED-SAWTOOTH-3-20/717.npy,HOOKED-SAWTOOTH-3-20
0.0011185777,-0.0022087751,0.6744546,0.5180591,0.6744555,-0.46310443,0.4665103,0.929614707827568,0.00018121986,2.0335143,-0.3228929133112627,4492187.5,4.6883392e-07,9.7089035e-08,0.8975696403371927,0.003448222076486132,/content/drive/MyDrive/N-MON/ALTRO/spectograms/HOOKED-SAWTOOTH-3-20/718.npy,HOOKED-SAWTOOTH-3-20
-0.0027539749,-0.0021373855,0.7049407,0.5559544,0.7049461,-0.63696736,0.64038277,1.2773501127958298,0.014542349,1.8791173,-0.38651751984579097,-2539062.5,5.860554e-07,1.0053209e-07,0.9148953122638579,0.0174943686963414,/content/drive/MyDrive/N-MON/ALTRO/spectograms/HOOKED-SAWTOOTH-3-20/719.npy,HOOKED-SAWTOOTH-3-20
-0.0036633962,0.013276797,0.67542106,0.5166061,0.675431,-0.4574757,0.36868256,0.8261582553386688,-0.0039731986,2.042803,-0.3611977934683327,-4667968.75,5.0863963e-07,9.713882e-08,0.8999422304141327,0.0044429452557591936,/content/drive/MyDrive/N-MON/ALTRO/spectograms/HOOKED-SAWTOOTH-3-20/720.npy,HOOKED-SAWTOOTH-3-20
0.009320464,-0.0020734847,0.68198025,0.52452534,0.68204385,-0.4240143,0.5486685,0.9726827666163445,-0.013871199,2.0045834,-0.3754937131540822,-2656250.0,5.395928e-07,9.570992e-08,0.9013490719976249,0.003280639034828213,/content/drive/MyDrive/N-MON/ALTRO/spectograms/HOOKED-SAWTOOTH-3-20/721.npy,HOOKED-SAWTOOTH-3-20
0.007686765,-0.0016775103,0.6714336,0.5130535,0.6714776,-0.37871838,0.4532551,0.8319734707474709,-0.0034393922,2.0502179,-0.3134103642850682,4609375.0,5.572351e-07,9.812989e-08,0.8919968133264484,0.005328648679361182,/content/drive/MyDrive/N-MON/ALTRO/spectograms/HOOKED-SAWTOOTH-3-20/722.npy,HOOKED-SAWTOOTH-3-20
-0.008486809,-0.0024069778,0.67133373,0.51481616,0.6713874,-0.48292613,0.40578213,0.8887082636356354,0.012833865,2.0475967,-0.29515036164180863,-2539062.5,3.8289141e-07,9.175162e-08,0.8889684734953986,0.005585953687613949,/content/drive/MyDrive/N-MON/ALTRO/spectograms/HOOKED-SAWTOOTH-3-20/723.npy,HOOKED-SAWTOOTH-3-20
0.006057447,0.0056236573,0.6733166,0.5168096,0.67334384,-0.41616988,0.47434682,0.8905167058110237,-0.0037549583,2.0347912,-0.29703749164415616,4667968.75,6.1331474e-07,9.9024724e-08,0.8842465002140047,0.003797236207201057,/content/drive/MyDrive/N-MON/ALTRO/spectograms/HOOKED-SAWTOOTH-3-20/724.npy,HOOKED-SAWTOOTH-3-20
-0.009132467,-0.009673102,0.67280847,0.517036,0.6728705,-0.45702666,0.40638342,0.8634100630879402,0.017655162,2.043519,-0.30465386673794026,-2988281.25,4.2576283e-07,9.247501e-08,0.8966170011693659,0.001363557796729994,/content/drive/MyDrive/N-MON/ALTRO/spectograms/HOOKED-SAWTOOTH-3-20/725.npy,HOOKED-SAWTOOTH-3-20
0.0077806427,0.005746418,0.6781128,0.52217054,0.67815745,-0.44148535,0.52345085,0.9649362117052078,0.0029446953,2.0140107,-0.3159824509284591,4667968.75,5.486924e-07,9.988168e-08,0.8978580929648863,0.0023794456242262492,/content/drive/MyDrive/N-MON/ALTRO/spectograms/HOOKED-SAWTOOTH-3-20/726.npy,HOOKED-SAWTOOTH-3-20
0.0032159144,0.013489921,0.6768013,0.5186432,0.67680895,-0.44727567,0.44323665,0.8905123397707939,-0.018314118,2.0281389,-0.350147430424646,4550781.25,4.633851e-07,9.311971e-08,0.8990456286078083,0.0022632291188210613,/content/drive/MyDrive/N-MON/ALTRO/spectograms/HOOKED-SAWTOOTH-3-20/727.npy,HOOKED-SAWTOOTH-3-20
-0.0021261405,-0.0019134297,0.7128394,0.56843036,0.71284264,-0.7148058,0.7010418,1.4158475995063782,0.012633762,1.8359898,-0.387610880273039,-2539062.5,4.923346e-07,9.864594e-08,0.9195050446772308,0.019408021475232694,/content/drive/MyDrive/N-MON/ALTRO/spectograms/HOOKED-SAWTOOTH-3-20/728.npy,HOOKED-SAWTOOTH-3-20
-0.0045525087,-0.0021227594,0.6788589,0.52160746,0.67887414,-0.4806663,0.49391606,0.9745823666453362,0.01025201,2.0110686,-0.3335236359484598,-4667968.75,4.7944826e-07,9.370406e-08,0.8920164500080894,0.0033467995968196663,/content/drive/MyDrive/N-MON/ALTRO/spectograms/HOOKED-SAWTOOTH-3-20/729.npy,HOOKED-SAWTOOTH-3-20
0.0040875818,-0.0020683506,0.68101287,0.5233027,0.68102515,-0.41627735,0.4938387,0.9101160317659378,-0.0035913857,2.007419,-0.3608672817440538,-2656250.0,3.987446e-07,8.78213e-08,0.886787518024475,0.003324798766542202,/content/drive/MyDrive/N-MON/ALTRO/spectograms/HOOKED-SAWTOOTH-3-20/730.npy,HOOKED-SAWTOOTH-3-20
0.006374509,0.0055622766,0.67856807,0.5217046,0.678598,-0.46513394,0.5075867,0.972720630466938,-0.0050994237,2.010972,-0.33413477612025144,-4609375.0,4.9229317e-07,9.408636e-08,0.8883743794570986,0.003972668864810856,/content/drive/MyDrive/N-MON/ALTRO/spectograms/HOOKED-SAWTOOTH-3-20/731.npy,HOOKED-SAWTOOTH-3-20
0.000241256,-0.0023236067,0.6836373,0.5264816,0.6836374,-0.48670018,0.50542843,0.9921285957098007,0.015569896,1.9963453,-0.38639033937149236,4492187.5,3.9368035e-07,8.9214204e-08,0.8900585613321377,0.0032174919202919835,/content/drive/MyDrive/N-MON/ALTRO/spectograms/HOOKED-SAWTOOTH-3-20/732.npy,HOOKED-SAWTOOTH-3-20
-0.0007067952,0.0055383006,0.6726469,0.5158811,0.67264724,-0.44749856,0.4059598,0.8534583672881126,-0.0011484007,2.040384,-0.2884106667478018,-4765625.0,4.7358304e-07,9.5327394e-08,0.8977211770526455,0.00457728413756138,/content/drive/MyDrive/N-MON/ALTRO/spectograms/HOOKED-SAWTOOTH-3-20/733.npy,HOOKED-SAWTOOTH-3-20
0.005116009,0.0054325005,0.7052153,0.55820864,0.7052339,-0.6586098,0.6734964,1.3321062326431274,-0.011544023,1.8683853,-0.36438746554729484,-2539062.5,5.60938e-07,9.875349e-08,0.9239558524985457,0.015230535912659196,/content/drive/MyDrive/N-MON/ALTRO/spectograms/HOOKED-SAWTOOTH-3-20/734.npy,HOOKED-SAWTOOTH-3-20
0.002207565,-0.002145017,0.67324483,0.51506686,0.6732484,-0.42397225,0.4353719,0.8593441694974899,-0.00010761158,2.0467622,-0.33782355915125273,-4707031.25,4.7192637e-07,9.642497e-08,0.9024356817817571,0.0020293042671273745,/content/drive/MyDrive/N-MON/ALTRO/spectograms/HOOKED-SAWTOOTH-3-20/735.npy,HOOKED-SAWTOOTH-3-20
0.0073456476,0.005435984,0.6693517,0.51011455,0.66939205,-0.35777307,0.4449425,0.8027155697345734,-0.007838724,2.0662847,-0.3211645035590164,-3203125.0,6.1750154e-07,9.586796e-08,0.8962782685520441,0.004020359013999772,/content/drive/MyDrive/N-MON/ALTRO/spectograms/HOOKED-SAWTOOTH-3-20/736.npy,HOOKED-SAWTOOTH-3-20
-0.0030256591,0.0054822355,0.67217255,0.51496935,0.6721793,-0.48081118,0.37467393,0.8554850965738297,0.007565708,2.0396192,-0.2975680984921133,-3378906.25,4.137652e-07,9.684733e-08,0.8920379171982543,0.007376258303470026,/content/drive/MyDrive/N-MON/ALTRO/spectograms/HOOKED-SAWTOOTH-3-20/737.npy,HOOKED-SAWTOOTH-3-20
0.00012566042,-0.0021621883,0.7041813,0.5542006,0.7041813,-0.6116487,0.6637318,1.2753805071115494,0.021886144,1.8850781,-0.4039735266561647,-3203125.0,5.4349107e-07,9.6084435e-08,0.8916578533171513,0.003297818126374429,/content/drive/MyDrive/N-MON/ALTRO/spectograms/HOOKED-SAWTOOTH-3-20/738.npy,HOOKED-SAWTOOTH-3-20
0.0028977445,0.0056353523,0.67350876,0.5160717,0.67351496,-0.43373874,0.43536538,0.8691041097044945,-0.012324619,2.0448601,-0.3375361676266665,-3203125.0,4.764489e-07,9.7328794e-08,0.8914816005419576,0.0034233821216519966,/content/drive/MyDrive/N-MON/ALTRO/spectograms/HOOKED-SAWTOOTH-3-20/739.npy,HOOKED-SAWTOOTH-3-20
-0.011579619,-0.009836299,0.6609431,0.4999176,0.66104454,-0.37693697,0.31252304,0.6894600167870522,0.023241784,2.11771,-0.33283407471629023,-3203125.0,5.2343864e-07,8.65634e-08,0.9097257407812556,0.01529637162280075,/content/drive/MyDrive/N-MON/ALTRO/spectograms/HOOKED-SAWTOOTH-3-20/740.npy,HOOKED-SAWTOOTH-3-20
-0.004127659,-0.0018640573,0.6740643,0.5158446,0.6740769,-0.47266838,0.41994965,0.8926180452108383,0.011820795,2.0403597,-0.3286721603467512,4550781.25,5.6011584e-07,9.7523e-08,0.897534510306561,0.0020642393922503887,/content/drive/MyDrive/N-MON/ALTRO/spectograms/HOOKED-SAWTOOTH-3-20/741.npy,HOOKED-SAWTOOTH-3-20
0.0032414382,-0.0020388435,0.6771614,0.5213908,0.67716914,-0.4317997,0.48421156,0.9160112738609314,0.0069539347,2.020172,-0.31358320897000447,-2539062.5,3.9867228e-07,9.243786e-08,0.9015379042485226,0.0028017763819155332,/content/drive/MyDrive/N-MON/ALTRO/spectograms/HOOKED-SAWTOOTH-3-20/742.npy,HOOKED-SAWTOOTH-3-20
-0.0015835027,-0.009979423,0.6790389,0.5216757,0.67904073,-0.50209975,0.47838253,0.980482243001461,0.018067295,2.0146782,-0.37308284519157653,4609375.0,5.6701583e-07,9.898802e-08,0.8945962008110716,0.002275099334093558,/content/drive/MyDrive/N-MON/ALTRO/spectograms/HOOKED-SAWTOOTH-3-20/743.npy,HOOKED-SAWTOOTH-3-20
0.008969813,0.013614422,0.67462194,0.51561767,0.6746816,-0.36919287,0.47276577,0.8419586420059204,-0.016573938,2.042733,-0.350251996809389,-3203125.0,3.7686107e-07,9.059091e-08,0.9162395325088912,0.021986690672867,/content/drive/MyDrive/N-MON/ALTRO/spectograms/HOOKED-SAWTOOTH-3-20/744.npy,HOOKED-SAWTOOTH-3-20
-0.0013947416,-0.0020769327,0.67094594,0.5142535,0.67094743,-0.45517755,0.42955554,0.8847330510616302,0.0074404217,2.0433478,-0.29627057543901547,4667968.75,5.456867e-07,9.891273e-08,0.8885721669580209,0.003394367996635473,/content/drive/MyDrive/N-MON/ALTRO/spectograms/HOOKED-SAWTOOTH-3-20/745.npy,HOOKED-SAWTOOTH-3-20
0.004799509,-0.009606407,0.6557866,0.49379954,0.6558041,-0.25959975,0.3498155,0.609415203332901,0.019770479,2.150454,-0.3190911655644354,-4726562.5,3.8785663e-07,8.494371e-08,0.9061133497300193,0.018336415830206086,/content/drive/MyDrive/N-MON/ALTRO/spectograms/HOOKED-SAWTOOTH-3-20/746.npy,HOOKED-SAWTOOTH-3-20
-0.004774001,-0.0022261252,0.6761714,0.5194963,0.6761883,-0.45732862,0.42148262,0.878811240196228,0.018688498,2.0334208,-0.34823486683211347,-3203125.0,5.30032e-07,9.783027e-08,0.8996613592546089,0.0031398295877436795,/content/drive/MyDrive/N-MON/ALTRO/spectograms/HOOKED-SAWTOOTH-3-20/747.npy,HOOKED-SAWTOOTH-3-20
0.002173516,0.0056154123,0.6345425,0.46398455,0.6345462,-0.18954182,0.20287548,0.3924172930419445,-0.005196162,2.2986095,-0.34157084995680453,4550781.25,4.076191e-07,7.9137784e-08,0.9023867038553492,0.006195474601601437,/content/drive/MyDrive/N-MON/ALTRO/spectograms/HOOKED-SAWTOOTH-3-20/748.npy,HOOKED-SAWTOOTH-3-20
-0.010825326,-0.009712899,0.6722843,0.5140698,0.6723715,-0.43560937,0.38080245,0.8164118230342865,0.023399407,2.052916,-0.34304694555242243,-2656250.0,5.650045e-07,9.850035e-08,0.9011185402116835,0.0035409805242106233,/content/drive/MyDrive/N-MON/ALTRO/spectograms/HOOKED-SAWTOOTH-3-20/749.npy,HOOKED-SAWTOOTH-3-20
0.010381231,0.0056767184,0.6780535,0.52259946,0.67813295,-0.48063418,0.5134567,0.9940908849239349,-0.011134575,2.014732,-0.33870477979715574,-4667968.75,5.483965e-07,9.4618805e-08,0.892289530525833,0.0033311778855053854,/content/drive/MyDrive/N-MON/ALTRO/spectograms/HOOKED-SAWTOOTH-3-20/750.npy,HOOKED-SAWTOOTH-3-20
0.0009974239,0.005718655,0.6783656,0.521597,0.67836636,-0.4884496,0.41185704,0.9003066495060921,-0.011570723,2.023107,-0.3490432136793268,-2988281.25,5.0268636e-07,9.699254e-08,0.8884148978847224,0.0039510299812711225,/content/drive/MyDrive/N-MON/ALTRO/spectograms/HOOKED-SAWTOOTH-3-20/751.npy,HOOKED-SAWTOOTH-3-20
0.00056491065,-0.0020011894,0.6696529,0.51278913,0.66965306,-0.42006606,0.38857138,0.8086374178528786,-0.007865363,2.058515,-0.30064818837749663,-3203125.0,5.405183e-07,9.007009e-08,0.890367205668392,0.003168441928642312,/content/drive/MyDrive/N-MON/ALTRO/spectograms/HOOKED-SAWTOOTH-3-20/752.npy,HOOKED-SAWTOOTH-3-20
-0.006330846,-0.0019550957,0.6406752,0.47319752,0.6407065,-0.251952,0.20114914,0.45310113579034805,0.0026028627,2.253867,-0.3184884742988664,-2988281.25,4.0250774e-07,8.607454e-08,0.9148029337115514,0.019256328060424554,/content/drive/MyDrive/N-MON/ALTRO/spectograms/HOOKED-SAWTOOTH-3-20/753.npy,HOOKED-SAWTOOTH-3-20
0.0037731824,0.0056513315,0.671266,0.51407903,0.6712766,-0.43171847,0.45875603,0.890474483370781,-0.011278357,2.045475,-0.2953159222780669,-2539062.5,5.4393126e-07,8.944098e-08,0.8961184617370549,0.0031910677359368116,/content/drive/MyDrive/N-MON/ALTRO/spectograms/HOOKED-SAWTOOTH-3-20/754.npy,HOOKED-SAWTOOTH-3-20
-0.004592729,-0.010034675,0.6766057,0.5190685,0.67662126,-0.46332863,0.4137078,0.8770364299416542,0.018608376,2.0292702,-0.3404561602281212,4550781.25,4.820077e-07,8.550398e-08,0.8973907425460566,0.0020968613088273884,/content/drive/MyDrive/N-MON/ALTRO/spectograms/HOOKED-SAWTOOTH-3-20/755.npy,HOOKED-SAWTOOTH-3-20
-0.0031070542,0.0056086006,0.6778965,0.5187024,0.6779036,-0.4904703,0.44521815,0.935688428580761,-0.0050269724,2.0252306,-0.38855164937594033,-2656250.0,5.3916676e-07,8.906772e-08,0.8962175760951188,0.0045018492026579395,/content/drive/MyDrive/N-MON/ALTRO/spectograms/HOOKED-SAWTOOTH-3-20/756.npy,HOOKED-SAWTOOTH-3-20
-0.0051864614,-0.0023602871,0.6421345,0.47609925,0.6421554,-0.27961525,0.19505389,0.4746691398322582,0.028039841,2.2296224,-0.29263653579524107,-3437500.0,5.080104e-07,8.681526e-08,0.9025421056371299,0.008240769205241319,/content/drive/MyDrive/N-MON/ALTRO/spectograms/HOOKED-SAWTOOTH-3-20/757.npy,HOOKED-SAWTOOTH-3-20
-0.010375845,-0.010381561,0.6732578,0.5161288,0.6733378,-0.47913027,0.40364438,0.882774643599987,0.025161566,2.0390983,-0.31368916354132026,-3378906.25,5.4347464e-07,8.825421e-08,0.8923710143296932,0.006483043847250572,/content/drive/MyDrive/N-MON/ALTRO/spectograms/HOOKED-SAWTOOTH-3-20/758.npy,HOOKED-SAWTOOTH-3-20
0.0033855825,-0.00219841,0.6841403,0.5261904,0.6841487,-0.496288,0.53687036,1.0331583693623543,0.005590228,1.9929947,-0.39629377867306836,-2539062.5,4.790555e-07,8.591684e-08,0.8873765723336721,0.0029589023524890833,/content/drive/MyDrive/N-MON/ALTRO/spectograms/HOOKED-SAWTOOTH-3-20/759.npy,HOOKED-SAWTOOTH-3-20
0.003234246,-0.0021206625,0.6708172,0.5138622,0.670825,-0.40051374,0.44325683,0.8437705561518669,-0.0011039765,2.050569,-0.3012440834602669,-3203125.0,4.9106075e-07,8.7123404e-08,0.8932833804554692,0.0063617236504870354,/content/drive/MyDrive/N-MON/ALTRO/spectograms/HOOKED-SAWTOOTH-3-20/760.npy,HOOKED-SAWTOOTH-3-20
-0.008495219,-0.0022048473,0.6811794,0.5230105,0.68123233,-0.54317504,0.41379756,0.956972599029541,0.010865035,2.0096965,-0.3704811976663712,4667968.75,4.4196332e-07,8.6817295e-08,0.8924391832829113,0.003265582653851689,/content/drive/MyDrive/N-MON/ALTRO/spectograms/HOOKED-SAWTOOTH-3-20/761.npy,HOOKED-SAWTOOTH-3-20
-0.009659508,-0.002287844,0.67014587,0.5140957,0.6702155,-0.45541945,0.3980899,0.8535093441605568,0.005813651,2.051375,-0.2917369276386853,-3203125.0,4.908946e-07,8.626397e-08,0.8986607122168442,0.004394703911698945,/content/drive/MyDrive/N-MON/ALTRO/spectograms/HOOKED-SAWTOOTH-3-20/762.npy,HOOKED-SAWTOOTH-3-20
-0.0021112815,-0.009822046,0.6594908,0.496654,0.6594942,-0.25191554,0.34964722,0.6015627831220627,0.0043745064,2.1334774,-0.3425521504128418,-3378906.25,4.2902744e-07,8.6833296e-08,0.8997668214264674,0.003893249983045526,/content/drive/MyDrive/N-MON/ALTRO/spectograms/HOOKED-SAWTOOTH-3-20/763.npy,HOOKED-SAWTOOTH-3-20
0.006135005,0.005564289,0.6798751,0.5235752,0.67990273,-0.4319474,0.51528084,0.9472282528877258,-0.022598963,2.0126388,-0.36555729500560397,-2539062.5,4.3793406e-07,8.5342215e-08,0.8984900062072041,0.003092757352138686,/content/drive/MyDrive/N-MON/ALTRO/spectograms/HOOKED-SAWTOOTH-3-20/764.npy,HOOKED-SAWTOOTH-3-20
0.0017914939,-0.0021701988,0.6775706,0.51952547,0.67757297,-0.44355485,0.4510594,0.8946142420172691,-0.008726777,2.0274942,-0.37393873011513545,-2539062.5,5.591557e-07,9.253992e-08,0.8958923607287961,0.005359779408068553,/content/drive/MyDrive/N-MON/ALTRO/spectograms/HOOKED-SAWTOOTH-3-20/765.npy,HOOKED-SAWTOOTH-3-20
0.008889987,0.0058256974,0.66759753,0.5106387,0.6676567,-0.40821654,0.43750405,0.8457205966114998,-0.016262682,2.0696616,-0.2935245587464391,-4667968.75,5.0086345e-07,8.53044e-08,0.8927385217003627,0.004153238774504821,/content/drive/MyDrive/N-MON/ALTRO/spectograms/HOOKED-SAWTOOTH-3-20/766.npy,HOOKED-SAWTOOTH-3-20
-0.009224162,-0.0019650178,0.6721696,0.51627296,0.6722329,-0.4785554,0.38084844,0.8594038635492325,0.03139838,2.0440295,-0.2969541113312363,-2539062.5,5.084553e-07,9.167414e-08,0.891093091569233,0.0055271607912304324,/content/drive/MyDrive/N-MON/ALTRO/spectograms/HOOKED-SAWTOOTH-3-20/767.npy,HOOKED-SAWTOOTH-3-20
-0.006582492,-0.0018816437,0.67569345,0.51799047,0.6757255,-0.45108032,0.42771688,0.878797210752964,0.0075001954,2.0346174,-0.3458376717134738,4667968.75,5.3020733e-07,9.7871514e-08,0.8882771102544458,0.003228612659248821,/content/drive/MyDrive/N-MON/ALTRO/spectograms/HOOKED-SAWTOOTH-3-20/768.npy,HOOKED-SAWTOOTH-3-20
-0.0058535077,-0.009804766,0.6766871,0.51998144,0.6767124,-0.49417394,0.42766383,0.9218377694487572,0.018663004,2.022205,-0.3330549775431121,-2539062.5,5.495353e-07,9.1096275e-08,0.8930001389291505,0.002565234395230901,/content/drive/MyDrive/N-MON/ALTRO/spectograms/HOOKED-SAWTOOTH-3-20/769.npy,HOOKED-SAWTOOTH-3-20
0.0037554214,-0.0021027671,0.6794928,0.5219358,0.67950314,-0.46115997,0.44313478,0.9042947515845299,-0.0038957773,2.0141146,-0.35948285246622824,-4765625.0,4.7880843e-07,8.612066e-08,0.8991032949022475,0.002169554064952618,/content/drive/MyDrive/N-MON/ALTRO/spectograms/HOOKED-SAWTOOTH-3-20/770.npy,HOOKED-SAWTOOTH-3-20
-0.0024422521,-0.0020461965,0.6732515,0.51437426,0.6732559,-0.45519662,0.36127913,0.8164757415652275,0.016242223,2.0496905,-0.343461081464672,-3203125.0,5.998684e-07,8.934228e-08,0.8961423060175077,0.003390413433611017,/content/drive/MyDrive/N-MON/ALTRO/spectograms/HOOKED-SAWTOOTH-3-20/771.npy,HOOKED-SAWTOOTH-3-20
0.005721314,-0.0018520094,0.6775069,0.51925063,0.677531,-0.4023037,0.5059049,0.9082086235284805,0.0049188235,2.0258658,-0.3513653354131182,-4707031.25,4.367092e-07,8.611714e-08,0.8912833028585403,0.0026603569916845682,/content/drive/MyDrive/N-MON/ALTRO/spectograms/HOOKED-SAWTOOTH-3-20/772.npy,HOOKED-SAWTOOTH-3-20
-0.0038472528,-0.0020033934,0.63312495,0.46454674,0.6331367,-0.21292731,0.20893894,0.4218662604689598,0.008224709,2.2938395,-0.2857525497261132,4609375.0,4.842899e-07,8.9157226e-08,0.8937442489831227,0.005799066459982149,/content/drive/MyDrive/N-MON/ALTRO/spectograms/HOOKED-SAWTOOTH-3-20/773.npy,HOOKED-SAWTOOTH-3-20
-0.0046225586,-0.0022737875,0.6748426,0.517476,0.67485845,-0.4494924,0.42155963,0.8710520341992378,-0.0002029265,2.037303,-0.33009693699016396,-2656250.0,4.1266912e-07,8.5788116e-08,0.8859727878729471,0.0054628230887375125,/content/drive/MyDrive/N-MON/ALTRO/spectograms/HOOKED-SAWTOOTH-3-20/774.npy,HOOKED-SAWTOOTH-3-20
0.0073889703,-0.0016811327,0.6802736,0.52490634,0.6803137,-0.4782735,0.5685794,1.0468528866767883,0.010280137,1.9996186,-0.3362966550561729,-4609375.0,4.086648e-07,8.984558e-08,0.888032154750388,0.002891009131792242,/content/drive/MyDrive/N-MON/ALTRO/spectograms/HOOKED-SAWTOOTH-3-20/775.npy,HOOKED-SAWTOOTH-3-20
-0.0072518354,-0.005965181,0.6694582,0.5118616,0.6694975,-0.4414829,0.38860452,0.8300874158740044,0.018012842,2.0592906,-0.30832285324339204,-2988281.25,4.0801575e-07,8.540347e-08,0.890669101317644,0.004441674645244092,/content/drive/MyDrive/N-MON/ALTRO/spectograms/HOOKED-SAWTOOTH-3-20/776.npy,HOOKED-SAWTOOTH-3-20
0.007417879,0.0055814916,0.6775426,0.5216126,0.6775832,-0.457357,0.49192256,0.9492795169353485,-0.008037723,2.0182924,-0.32887918656701853,-3203125.0,5.5999783e-07,8.858716e-08,0.8961795208927004,0.0025205115111183265,/content/drive/MyDrive/N-MON/ALTRO/spectograms/HOOKED-SAWTOOTH-3-20/777.npy,HOOKED-SAWTOOTH-3-20
-0.00402203,-0.009904954,0.6775559,0.519355,0.67756784,-0.44736615,0.4587629,0.9061290621757507,0.027119873,2.0263577,-0.3688279436075047,4550781.25,4.861523e-07,8.576568e-08,0.8946969348249578,0.003383916407276627,/content/drive/MyDrive/N-MON/ALTRO/spectograms/HOOKED-SAWTOOTH-3-20/778.npy,HOOKED-SAWTOOTH-3-20
0.006469885,0.013666876,0.67745256,0.5223701,0.67748344,-0.4256864,0.49025762,0.9159440100193024,-0.02050714,2.016923,-0.3136419760514403,-2988281.25,5.361881e-07,8.735058e-08,0.8947303080928778,0.002758520513905189,/content/drive/MyDrive/N-MON/ALTRO/spectograms/HOOKED-SAWTOOTH-3-20/779.npy,HOOKED-SAWTOOTH-3-20
-0.001965837,0.0059174523,0.6695578,0.5119835,0.66956073,-0.44916248,0.3516898,0.8008522614836693,0.0043562404,2.06378,-0.31433850425755516,-3203125.0,5.890258e-07,9.298509e-08,0.9003940248682449,0.0021642912941070213,/content/drive/MyDrive/N-MON/ALTRO/spectograms/HOOKED-SAWTOOTH-3-20/780.npy,HOOKED-SAWTOOTH-3-20
0.014275963,0.02903583,0.8636583,0.8000629,0.86377627,-0.99418086,0.9978867,1.992067590355873,-0.028073939,1.2626622,-0.7973912380273928,-2324218.75,4.912013e-06,1.6266928e-07,0.8017818762763025,0.008491592308048058,/content/drive/MyDrive/N-MON/ALTRO/spectograms/HOOKED-SAWTOOTH-3-20/781.npy,HOOKED-SAWTOOTH-3-20
0.0004621494,-0.009960516,0.68062955,0.52497,0.68062973,-0.48656034,0.49776295,0.9843233078718185,0.017423127,2.0049536,-0.33510317992120797,-3203125.0,5.469715e-07,9.260628e-08,0.8884328499563487,0.0030779572510083834,/content/drive/MyDrive/N-MON/ALTRO/spectograms/HOOKED-SAWTOOTH-3-20/782.npy,HOOKED-SAWTOOTH-3-20
-0.0013022184,-0.0020657405,0.68255705,0.52717876,0.6825583,-0.4941697,0.5077478,1.001917526125908,0.024045248,1.9955459,-0.35671590640665596,-2656250.0,4.8267344e-07,9.882788e-08,0.8853510551596363,0.003752652265789764,/content/drive/MyDrive/N-MON/ALTRO/spectograms/HOOKED-SAWTOOTH-3-20/783.npy,HOOKED-SAWTOOTH-3-20
0.0022241755,0.0016531881,0.6735092,0.51772994,0.6735128,-0.46506378,0.4509188,0.915982574224472,0.006623526,2.033624,-0.3050273456367255,-2539062.5,5.898635e-07,9.2191115e-08,0.8939658256866448,0.002868446599926783,/content/drive/MyDrive/N-MON/ALTRO/spectograms/HOOKED-SAWTOOTH-3-20/784.npy,HOOKED-SAWTOOTH-3-20
-0.002949758,0.0057948697,0.67705667,0.521133,0.6770631,-0.49416605,0.42391953,0.9180855676531792,0.0029615075,2.0240562,-0.34031754218496346,-3203125.0,5.3030124e-07,9.848809e-08,0.8943545005371819,0.004435001010033061,/content/drive/MyDrive/N-MON/ALTRO/spectograms/HOOKED-SAWTOOTH-3-20/785.npy,HOOKED-SAWTOOTH-3-20
-0.0047768345,0.005577557,0.6996125,0.55068284,0.69962883,-0.6662013,0.55432487,1.2205261290073395,0.006300454,1.9007711,-0.3617551019281705,4667968.75,5.189165e-07,1.0273369e-07,0.9267288579852393,0.013356839547134325,/content/drive/MyDrive/N-MON/ALTRO/spectograms/HOOKED-SAWTOOTH-3-20/786.npy,HOOKED-SAWTOOTH-3-20
-0.0019523911,-0.0020822063,0.67600137,0.5184381,0.6760042,-0.44731233,0.42956647,0.8768787980079651,0.0067522842,2.0320024,-0.3401116451942273,4550781.25,6.0156873e-07,9.8404385e-08,0.9003288731722636,0.0024351365001331923,/content/drive/MyDrive/N-MON/ALTRO/spectograms/HOOKED-SAWTOOTH-3-20/787.npy,HOOKED-SAWTOOTH-3-20
0.0026928792,-0.0020205101,0.6803523,0.52362454,0.6803576,-0.4474411,0.50567424,0.9531153440475464,0.006688021,2.0070026,-0.3489660674382372,-4765625.0,4.072189e-07,9.581848e-08,0.8940570274854592,0.0050628348954893125,/content/drive/MyDrive/N-MON/ALTRO/spectograms/HOOKED-SAWTOOTH-3-20/788.npy,HOOKED-SAWTOOTH-3-20
0.0039342036,0.006032954,0.6669528,0.51112294,0.6669644,-0.4567638,0.4064628,0.8632265999913216,-0.0036926884,2.063455,-0.2565947174674933,-3203125.0,5.921794e-07,9.6423236e-08,0.8988553362693261,0.002339538182604239,/content/drive/MyDrive/N-MON/ALTRO/spectograms/HOOKED-SAWTOOTH-3-20/789.npy,HOOKED-SAWTOOTH-3-20
-0.0060063554,-0.0020876839,0.674408,0.5186512,0.6744348,-0.46296468,0.45106184,0.9140265211462975,0.014178177,2.0250475,-0.3032746571273953,-3378906.25,4.4839456e-07,9.6730574e-08,0.8946574760660768,0.007015918988782509,/content/drive/MyDrive/N-MON/ALTRO/spectograms/HOOKED-SAWTOOTH-3-20/790.npy,HOOKED-SAWTOOTH-3-20
-0.0091266865,-0.0021812904,0.6798379,0.5268345,0.67989916,-0.52757907,0.45096418,0.978543259203434,0.020498369,1.9983618,-0.29911045702075,-2539062.5,5.612824e-07,9.660495e-08,0.8971132341215876,0.018412655628992698,/content/drive/MyDrive/N-MON/ALTRO/spectograms/HOOKED-SAWTOOTH-3-20/791.npy,HOOKED-SAWTOOTH-3-20
-0.004895343,0.0060836044,0.6695546,0.5137361,0.6695725,-0.4880727,0.40064472,0.8887173905968666,0.010645003,2.051665,-0.28727397737607874,4492187.5,4.254045e-07,9.5634775e-08,0.892456788360179,0.005885612806866341,/content/drive/MyDrive/N-MON/ALTRO/spectograms/HOOKED-SAWTOOTH-3-20/792.npy,HOOKED-SAWTOOTH-3-20
0.0016155796,0.013413868,0.68111926,0.524321,0.6811212,-0.51195437,0.44316673,0.9551210850477219,-0.02596581,2.0049486,-0.359814807660385,4667968.75,4.1798168e-07,9.044506e-08,0.8911608752400606,0.0040665285017815805,/content/drive/MyDrive/N-MON/ALTRO/spectograms/HOOKED-SAWTOOTH-3-20/793.npy,HOOKED-SAWTOOTH-3-20
-0.004879768,-0.0021762955,0.6788092,0.5213796,0.67882675,-0.541129,0.44316754,0.984296515583992,0.016763994,2.0158837,-0.3509707659251219,4550781.25,5.473021e-07,9.728103e-08,0.8949328572379496,0.003257506448739346,/content/drive/MyDrive/N-MON/ALTRO/spectograms/HOOKED-SAWTOOTH-3-20/794.npy,HOOKED-SAWTOOTH-3-20
0.0020791984,0.0019076979,0.6804218,0.5235895,0.68042505,-0.49607033,0.50974673,1.005817025899887,0.014830801,2.0024621,-0.34579566678762863,-3203125.0,5.207822e-07,9.555502e-08,0.8985874249117178,0.003829008656093762,/content/drive/MyDrive/N-MON/ALTRO/spectograms/HOOKED-SAWTOOTH-3-20/795.npy,HOOKED-SAWTOOTH-3-20
-0.0012847658,-0.002190488,0.6729683,0.5164116,0.6729696,-0.43390265,0.43527585,0.8691785112023354,0.011831372,2.0397153,-0.3035673786459264,4609375.0,5.747372e-07,9.7209636e-08,0.8991117732749148,0.00176739419975537,/content/drive/MyDrive/N-MON/ALTRO/spectograms/HOOKED-SAWTOOTH-3-20/796.npy,HOOKED-SAWTOOTH-3-20
-0.0009990754,-0.010012152,0.65078527,0.4871473,0.65078604,-0.3069087,0.27120292,0.5781116187572479,0.027037809,2.1781032,-0.3015270540937155,-2988281.25,4.7040814e-07,8.474204e-08,0.916890673015856,0.016898969404861658,/content/drive/MyDrive/N-MON/ALTRO/spectograms/HOOKED-SAWTOOTH-3-20/797.npy,HOOKED-SAWTOOTH-3-20
-0.0060196,-0.009678677,0.68145543,0.5252374,0.681482,-0.4628805,0.490194,0.9530744850635529,0.022029435,2.0023236,-0.35062548168235896,4609375.0,6.630945e-07,9.7710306e-08,0.8906621880901631,0.0028429739831644157,/content/drive/MyDrive/N-MON/ALTRO/spectograms/HOOKED-SAWTOOTH-3-20/798.npy,HOOKED-SAWTOOTH-3-20
0.002053606,-0.0020854448,0.67549676,0.51747113,0.67549986,-0.3868738,0.44332105,0.8301948755979538,-0.00027921674,2.0383952,-0.3416430708705668,-2539062.5,4.5266148e-07,9.296879e-08,0.8906600298828546,0.005867292838246839,/content/drive/MyDrive/N-MON/ALTRO/spectograms/HOOKED-SAWTOOTH-3-20/799.npy,HOOKED-SAWTOOTH-3-20
-0.011852615,-0.01773858,0.6816227,0.5239045,0.6817257,-0.51199734,0.45479473,0.9667920917272568,0.03366944,2.0069637,-0.38716528114308624,-3203125.0,5.679814e-07,9.851182e-08,0.8864600392920204,0.0030186413726888935,/content/drive/MyDrive/N-MON/ALTRO/spectograms/HOOKED-SAWTOOTH-3-20/800.npy,HOOKED-SAWTOOTH-3-20
-0.0032504825,-0.0022684457,0.6759349,0.5201719,0.6759427,-0.47103754,0.4449911,0.9160286411643028,-0.00095580803,2.02177,-0.30382898613004106,-2988281.25,4.1426e-07,9.318666e-08,0.8965677805971384,0.003530855632397375,/content/drive/MyDrive/N-MON/ALTRO/spectograms/HOOKED-SAWTOOTH-3-20/801.npy,HOOKED-SAWTOOTH-3-20
0.004008723,-0.010000538,0.68011326,0.5223948,0.68012506,-0.4730232,0.53878,1.0118032023310661,0.014300906,2.0048401,-0.3632005675154063,4667968.75,5.6323915e-07,9.8882715e-08,0.895123626473564,0.003054738029124819,/content/drive/MyDrive/N-MON/ALTRO/spectograms/HOOKED-SAWTOOTH-3-20/802.npy,HOOKED-SAWTOOTH-3-20
-0.0036919508,-0.0096778795,0.68161637,0.52586937,0.6816264,-0.5175063,0.4667104,0.9842167049646378,0.01653316,1.9998415,-0.3463363718984792,-3203125.0,4.3673907e-07,9.40332e-08,0.895296137625668,0.002730196608873519,/content/drive/MyDrive/N-MON/ALTRO/spectograms/HOOKED-SAWTOOTH-3-20/803.npy,HOOKED-SAWTOOTH-3-20
-0.0032805863,0.0055848486,0.6778925,0.51970285,0.6779005,-0.4631176,0.4216129,0.8847304955124855,0.002715754,2.0237336,-0.35410109476248863,-2656250.0,5.1983307e-07,9.928739e-08,0.8983299797953144,0.003003597286709014,/content/drive/MyDrive/N-MON/ALTRO/spectograms/HOOKED-SAWTOOTH-3-20/804.npy,HOOKED-SAWTOOTH-3-20
0.0020121413,-0.009540551,0.6774566,0.5201013,0.6774596,-0.4255702,0.46107835,0.8866485506296158,0.0075890906,2.0232172,-0.35296437052803686,-4726562.5,4.4966717e-07,9.436136e-08,0.8976090643327701,0.0034327549508248673,/content/drive/MyDrive/N-MON/ALTRO/spectograms/HOOKED-SAWTOOTH-3-20/805.npy,HOOKED-SAWTOOTH-3-20
0.005202014,-0.0021315683,0.68188226,0.5237867,0.6819021,-0.4807253,0.47044802,0.9511733055114746,0.009961866,2.003466,-0.3849430822709331,-2988281.25,3.9139132e-07,8.8478295e-08,0.893644745503476,0.002903785035559146,/content/drive/MyDrive/N-MON/ALTRO/spectograms/HOOKED-SAWTOOTH-3-20/806.npy,HOOKED-SAWTOOTH-3-20
-0.004907163,0.005695685,0.6719848,0.5141345,0.67200273,-0.4493497,0.37288898,0.8222386911511421,-0.0019137523,2.046863,-0.3101815344031734,-4667968.75,5.5806976e-07,9.441215e-08,0.8878762543711661,0.003095563058986611,/content/drive/MyDrive/N-MON/ALTRO/spectograms/HOOKED-SAWTOOTH-3-20/807.npy,HOOKED-SAWTOOTH-3-20
0.001364113,-0.010326089,0.67137206,0.51582146,0.6713734,-0.40293795,0.45842737,0.8613653182983398,0.0147542795,2.039639,-0.27898684287659414,-2988281.25,3.4514593e-07,8.8595485e-08,0.893473013808356,0.006267407362651762,/content/drive/MyDrive/N-MON/ALTRO/spectograms/HOOKED-SAWTOOTH-3-20/808.npy,HOOKED-SAWTOOTH-3-20
0.004797479,0.005655071,0.6700949,0.51343566,0.6701121,-0.40051943,0.44323826,0.8437576964497566,-0.006854665,2.0496101,-0.28373351767785693,4609375.0,5.2295e-07,8.58108e-08,0.8864872117230645,0.0030941938023089084,/content/drive/MyDrive/N-MON/ALTRO/spectograms/HOOKED-SAWTOOTH-3-20/809.npy,HOOKED-SAWTOOTH-3-20
-0.0017851343,0.0016885509,0.68962646,0.5368781,0.6896288,-0.57259804,0.54468423,1.1172822713851929,-0.0011760838,1.9580506,-0.3567566941413186,-2539062.5,5.181244e-07,9.1255885e-08,0.9197955375866488,0.017430366685661922,/content/drive/MyDrive/N-MON/ALTRO/spectograms/HOOKED-SAWTOOTH-3-20/810.npy,HOOKED-SAWTOOTH-3-20
-0.007382172,-0.00981413,0.6668019,0.5081753,0.6668428,-0.44740173,0.38274068,0.8301423937082291,0.0145335,2.0772579,-0.31670187739911804,-3203125.0,4.592529e-07,8.555833e-08,0.8980216135196812,0.0024961582112579643,/content/drive/MyDrive/N-MON/ALTRO/spectograms/HOOKED-SAWTOOTH-3-20/811.npy,HOOKED-SAWTOOTH-3-20
-0.0074115014,-0.0102266185,0.6784795,0.52112484,0.67851996,-0.47309443,0.41166514,0.8847595825791359,0.026604807,2.0259857,-0.3676709658457834,4550781.25,4.0745752e-07,8.9950554e-08,0.8991221355140322,0.003028598501246276,/content/drive/MyDrive/N-MON/ALTRO/spectograms/HOOKED-SAWTOOTH-3-20/812.npy,HOOKED-SAWTOOTH-3-20
-0.00015845067,-0.0100655835,0.67741793,0.5218989,0.677418,-0.47102758,0.4665525,0.9375800862908363,0.018064681,2.0173733,-0.31536407768514174,-2656250.0,4.4214772e-07,8.578469e-08,0.8985118331982964,0.0024005905796451138,/content/drive/MyDrive/N-MON/ALTRO/spectograms/HOOKED-SAWTOOTH-3-20/813.npy,HOOKED-SAWTOOTH-3-20
-0.005315903,-0.0057783453,0.6780174,0.52033156,0.67803824,-0.47062284,0.45518395,0.9258067831397057,0.030573761,2.019419,-0.3463848553202872,4609375.0,4.5975105e-07,9.1036966e-08,0.9289640132817496,0.01746015086520202,/content/drive/MyDrive/N-MON/ALTRO/spectograms/HOOKED-SAWTOOTH-3-20/814.npy,HOOKED-SAWTOOTH-3-20
0.004094048,0.013649099,0.6795289,0.5220593,0.67954123,-0.49796423,0.4766211,0.9745853245258331,-0.02245117,2.0160866,-0.36978343235918765,-4707031.25,4.6519162e-07,9.8491654e-08,0.8908242747728335,0.006136462953905239,/content/drive/MyDrive/N-MON/ALTRO/spectograms/HOOKED-SAWTOOTH-3-20/815.npy,HOOKED-SAWTOOTH-3-20
-0.009053739,-0.0023268028,0.7163996,0.5748302,0.71645683,-0.78343666,0.6715709,1.4550075680017471,0.017854353,1.8076206,-0.35712442582843285,-2539062.5,7.5568704e-07,1.0394191e-07,0.9085250316941259,0.017708482970052727,/content/drive/MyDrive/N-MON/ALTRO/spectograms/HOOKED-SAWTOOTH-3-20/816.npy,HOOKED-SAWTOOTH-3-20
0.0012922919,-0.0022914382,0.68422633,0.529094,0.6842275,-0.48075312,0.54456323,1.0253163427114487,0.0038284352,1.9809656,-0.33569912699011006,4492187.5,5.182909e-07,9.882966e-08,0.886618614835494,0.0036187021197303815,/content/drive/MyDrive/N-MON/ALTRO/spectograms/HOOKED-SAWTOOTH-3-20/817.npy,HOOKED-SAWTOOTH-3-20
0.007443341,-0.0020059897,0.67899746,0.520659,0.6790382,-0.36137688,0.5292878,0.8906647264957428,-0.013241677,2.0179634,-0.3712763832453644,-2656250.0,4.1505544e-07,9.133639e-08,0.8899142008362166,0.0046668757189923865,/content/drive/MyDrive/N-MON/ALTRO/spectograms/HOOKED-SAWTOOTH-3-20/818.npy,HOOKED-SAWTOOTH-3-20
-0.004931719,-0.0019986664,0.67522305,0.51719487,0.67524105,-0.5019939,0.38859627,0.8905901610851288,0.00093475165,2.0374806,-0.3325386624227874,-3203125.0,5.0976297e-07,9.943273e-08,0.8940938872230173,0.009518303086352832,/content/drive/MyDrive/N-MON/ALTRO/spectograms/HOOKED-SAWTOOTH-3-20/819.npy,HOOKED-SAWTOOTH-3-20
0.0004343481,-0.00997831,0.659165,0.4969505,0.6591652,-0.25992832,0.33369473,0.5936230272054672,0.010856879,2.1292038,-0.31367491851786344,-3437500.0,5.241365e-07,8.853634e-08,0.9183458033934224,0.01493309095941044,/content/drive/MyDrive/N-MON/ALTRO/spectograms/HOOKED-SAWTOOTH-3-20/820.npy,HOOKED-SAWTOOTH-3-20
-0.006678893,-0.0018592337,0.67542374,0.5188939,0.67545676,-0.45696762,0.38485873,0.8418263643980026,0.010037612,2.0350616,-0.33422419837126516,4550781.25,5.327692e-07,9.827836e-08,0.9009907714180574,0.0025552680478131075,/content/drive/MyDrive/N-MON/ALTRO/spectograms/HOOKED-SAWTOOTH-3-20/821.npy,HOOKED-SAWTOOTH-3-20
0.0014943178,-0.0024565011,0.6762558,0.5176679,0.67625743,-0.47111076,0.4506998,0.921810582280159,0.024730073,2.0276375,-0.3575188060058566,-3203125.0,4.2495907e-07,9.39759e-08,0.8966154413325427,0.004487159307338618,/content/drive/MyDrive/N-MON/ALTRO/spectograms/HOOKED-SAWTOOTH-3-20/822.npy,HOOKED-SAWTOOTH-3-20
0.007601387,0.0054547912,0.67864275,0.5196229,0.67868525,-0.41056353,0.4996127,0.9101762175559998,-0.008755446,2.0210505,-0.36554919470500036,4609375.0,5.7414127e-07,9.763982e-08,0.8952488762941098,0.002681082628858664,/content/drive/MyDrive/N-MON/ALTRO/spectograms/HOOKED-SAWTOOTH-3-20/823.npy,HOOKED-SAWTOOTH-3-20
-3.0434132e-05,0.005513564,0.6807288,0.52235353,0.68072873,-0.4651741,0.4586838,0.9238579124212265,-0.010865256,2.0139763,-0.38649614575062785,-3203125.0,4.3745837e-07,9.40139e-08,0.8886225164905978,0.003302297339401019,/content/drive/MyDrive/N-MON/ALTRO/spectograms/HOOKED-SAWTOOTH-3-20/824.npy,HOOKED-SAWTOOTH-3-20
-0.0058951033,-0.002413417,0.67884564,0.5247763,0.6788712,-0.5258838,0.45062,0.9765038043260574,0.008327837,2.0035882,-0.31677059289980136,-3203125.0,5.85568e-07,9.056643e-08,0.9050446526099629,0.018386713273362814,/content/drive/MyDrive/N-MON/ALTRO/spectograms/HOOKED-SAWTOOTH-3-20/825.npy,HOOKED-SAWTOOTH-3-20
0.012961572,0.005936494,0.66249174,0.49832293,0.6626185,-0.26940572,0.38866028,0.6580660119652748,-0.014904056,2.1188862,-0.3669266749676866,-2656250.0,5.0730523e-07,8.807389e-08,0.8976103755733982,0.017949232078735704,/content/drive/MyDrive/N-MON/ALTRO/spectograms/HOOKED-SAWTOOTH-3-20/826.npy,HOOKED-SAWTOOTH-3-20
0.0038744311,0.005210946,0.6766764,0.51742274,0.6766875,-0.4555658,0.46819347,0.9237592816352844,0.0023876948,2.0288947,-0.3580134404577927,-2539062.5,5.377443e-07,9.6782294e-08,0.8915126327694816,0.0028710013115672826,/content/drive/MyDrive/N-MON/ALTRO/spectograms/HOOKED-SAWTOOTH-3-20/827.npy,HOOKED-SAWTOOTH-3-20
0.0002357192,-0.0017890206,0.6819814,0.52424484,0.68198144,-0.45887685,0.49231026,0.9511871188879013,-0.0032380857,2.004982,-0.3757007103097473,-4726562.5,4.395606e-07,9.556942e-08,0.8915067280880951,0.003014111344383334,/content/drive/MyDrive/N-MON/ALTRO/spectograms/HOOKED-SAWTOOTH-3-20/828.npy,HOOKED-SAWTOOTH-3-20
0.0013525599,0.005666836,0.6830109,0.527135,0.6830122,-0.5021437,0.529176,1.0313197076320648,-0.006048383,1.9930655,-0.36784597981529477,-2539062.5,4.095921e-07,9.128102e-08,0.9209291534026934,0.022334790474275678,/content/drive/MyDrive/N-MON/ALTRO/spectograms/HOOKED-SAWTOOTH-3-20/829.npy,HOOKED-SAWTOOTH-3-20
0.0006901784,0.005589721,0.6779802,0.5222352,0.67798054,-0.47091356,0.4586704,0.929583951830864,0.0055070226,2.019081,-0.33518369667271586,4550781.25,5.388836e-07,9.6492926e-08,0.9009721730150888,0.0035317076906222333,/content/drive/MyDrive/N-MON/ALTRO/spectograms/HOOKED-SAWTOOTH-3-20/830.npy,HOOKED-SAWTOOTH-3-20
-0.00073235034,-0.0019485976,0.6762124,0.5177011,0.6762128,-0.44917822,0.44540623,0.8945844396948814,0.003920683,2.0263643,-0.3433144208789375,-4765625.0,3.7889768e-07,9.0899356e-08,0.8969995109882107,0.0027125453447644356,/content/drive/MyDrive/N-MON/ALTRO/spectograms/HOOKED-SAWTOOTH-3-20/831.npy,HOOKED-SAWTOOTH-3-20
0.007203508,0.006228918,0.6741107,0.5169637,0.6741492,-0.4154744,0.49066457,0.9061389714479446,-0.009628847,2.0363078,-0.3154671011396185,4609375.0,5.5518296e-07,9.7479685e-08,0.8953453971748675,0.004855747054594812,/content/drive/MyDrive/N-MON/ALTRO/spectograms/HOOKED-SAWTOOTH-3-20/832.npy,HOOKED-SAWTOOTH-3-20
-0.0015426092,-0.0020622597,0.6824669,0.5255996,0.68246865,-0.51965964,0.4764292,0.9960888549685478,-0.00018333686,1.997764,-0.36207921655338293,-4707031.25,3.7879448e-07,9.071704e-08,0.8904546486931721,0.003195140213770414,/content/drive/MyDrive/N-MON/ALTRO/spectograms/HOOKED-SAWTOOTH-3-20/833.npy,HOOKED-SAWTOOTH-3-20
0.0005129876,-0.0022015886,0.6670252,0.51062226,0.66702545,-0.44754267,0.4001133,0.8476559743285179,0.006265316,2.0663536,-0.26896760911996076,4609375.0,5.87233e-07,9.7414585e-08,0.8931880725168089,0.0037773460087266618,/content/drive/MyDrive/N-MON/ALTRO/spectograms/HOOKED-SAWTOOTH-3-20/834.npy,HOOKED-SAWTOOTH-3-20
-0.008178518,-0.0100835925,0.6695442,0.5125108,0.66959417,-0.44958022,0.36686742,0.8164476230740547,0.023076974,2.0554733,-0.2952161814721449,-2988281.25,5.422256e-07,9.3513194e-08,0.8857371302037071,0.0035269309535618204,/content/drive/MyDrive/N-MON/ALTRO/spectograms/HOOKED-SAWTOOTH-3-20/835.npy,HOOKED-SAWTOOTH-3-20
0.00584024,-0.0020442263,0.6807087,0.52236795,0.68073374,-0.44934255,0.5057466,0.9550891071557999,-0.01285918,2.0091326,-0.38059985023311704,4667968.75,5.758724e-07,9.823975e-08,0.8864884267768471,0.003141331275871819,/content/drive/MyDrive/N-MON/ALTRO/spectograms/HOOKED-SAWTOOTH-3-20/836.npy,HOOKED-SAWTOOTH-3-20
0.0011514154,-0.0022138266,0.6648429,0.50012916,0.6648439,-0.33017772,0.36498624,0.6951639354228973,0.012917188,2.1065967,-0.3839434391912794,-2656250.0,5.4560553e-07,9.350982e-08,0.8928182616553837,0.00722001647495032,/content/drive/MyDrive/N-MON/ALTRO/spectograms/HOOKED-SAWTOOTH-3-20/837.npy,HOOKED-SAWTOOTH-3-20
0.0047711506,-0.0023503033,0.67682296,0.5187634,0.6768398,-0.41050556,0.43714327,0.8476488366723061,-0.006384139,2.03387,-0.34823286339237314,-3378906.25,5.746153e-07,9.860948e-08,0.8956821306578588,0.002501673178660087,/content/drive/MyDrive/N-MON/ALTRO/spectograms/HOOKED-SAWTOOTH-3-20/838.npy,HOOKED-SAWTOOTH-3-20
-0.0033554174,-0.009971822,0.6551607,0.49286428,0.65516937,-0.3068706,0.28102273,0.5878933519124985,0.01884933,2.155636,-0.3194275836428747,4550781.25,3.7639037e-07,8.7768484e-08,0.9216880892696008,0.022441221168636304,/content/drive/MyDrive/N-MON/ALTRO/spectograms/HOOKED-SAWTOOTH-3-20/839.npy,HOOKED-SAWTOOTH-3-20
0.0026891138,-0.0019567844,0.67356676,0.5161715,0.6735721,-0.43952563,0.45895946,0.8984851017594337,0.001978508,2.0371456,-0.3302056618595596,-3203125.0,5.2081094e-07,9.886704e-08,0.90110420043428,0.002094554022144318,/content/drive/MyDrive/N-MON/ALTRO/spectograms/HOOKED-SAWTOOTH-3-20/840.npy,HOOKED-SAWTOOTH-3-20
-0.004972697,0.0019657682,0.6803206,0.5259164,0.6803388,-0.53314704,0.41208476,0.9452317804098129,-0.0005188297,2.0050886,-0.3247095228309195,4550781.25,4.6100715e-07,9.388485e-08,0.8975198597882799,0.00276183314302909,/content/drive/MyDrive/N-MON/ALTRO/spectograms/HOOKED-SAWTOOTH-3-20/841.npy,HOOKED-SAWTOOTH-3-20
0.0054821083,0.0053978767,0.6804846,0.5243495,0.6805067,-0.4731449,0.48178878,0.9549336954951286,-0.0014498613,2.004379,-0.35052764472990117,-2656250.0,5.203232e-07,9.814984e-08,0.8905198963082182,0.003498675027731564,/content/drive/MyDrive/N-MON/ALTRO/spectograms/HOOKED-SAWTOOTH-3-20/842.npy,HOOKED-SAWTOOTH-3-20
0.001563247,-0.009715009,0.67303115,0.5152953,0.67303294,-0.4081762,0.4356173,0.843793511390686,0.018218467,2.0444465,-0.3231194013586772,-4667968.75,5.1324105e-07,9.46384e-08,0.8901564124135583,0.0048064720450201855,/content/drive/MyDrive/N-MON/ALTRO/spectograms/HOOKED-SAWTOOTH-3-20/843.npy,HOOKED-SAWTOOTH-3-20
-0.008251362,-0.009946007,0.700775,0.54965025,0.7008236,-0.6818961,0.56221503,1.2441111505031586,0.015580773,1.8978631,-0.3950538540029297,-2656250.0,4.0202457e-07,9.454629e-08,0.9065624253487917,0.024026970055703065,/content/drive/MyDrive/N-MON/ALTRO/spectograms/HOOKED-SAWTOOTH-3-20/844.npy,HOOKED-SAWTOOTH-3-20
-0.0009104004,0.005801617,0.6785792,0.52168405,0.6785798,-0.46498552,0.4218934,0.8868789076805115,-0.004541071,2.0139935,-0.33973621335440296,-4609375.0,5.1152165e-07,9.460143e-08,0.8880857077280183,0.003369751270297862,/content/drive/MyDrive/N-MON/ALTRO/spectograms/HOOKED-SAWTOOTH-3-20/845.npy,HOOKED-SAWTOOTH-3-20
0.0062499754,-0.0023857346,0.68350726,0.52684194,0.6835359,-0.45946184,0.5152664,0.9747282192111015,0.0054024737,1.9893199,-0.3569472829381325,-3203125.0,4.031012e-07,8.918407e-08,0.8877664544714046,0.005258260668969055,/content/drive/MyDrive/N-MON/ALTRO/spectograms/HOOKED-SAWTOOTH-3-20/846.npy,HOOKED-SAWTOOTH-3-20
0.000115831615,-0.009974313,0.66900104,0.5118257,0.66900104,-0.40837508,0.4510164,0.8593914955854416,0.014825307,2.056681,-0.2808201210073219,4667968.75,5.4425044e-07,9.535759e-08,0.8915168434203382,0.004382617860301316,/content/drive/MyDrive/N-MON/ALTRO/spectograms/HOOKED-SAWTOOTH-3-20/847.npy,HOOKED-SAWTOOTH-3-20
0.0048009884,0.005256111,0.6703215,0.5126437,0.6703387,-0.38923788,0.4291752,0.818413071334362,0.008284955,2.0560002,-0.2930115783981063,4550781.25,4.3779707e-07,8.94573e-08,0.8975737484912475,0.0033066468227166603,/content/drive/MyDrive/N-MON/ALTRO/spectograms/HOOKED-SAWTOOTH-3-20/848.npy,HOOKED-SAWTOOTH-3-20
0.00661755,0.0018501678,0.67373574,0.5142273,0.6737682,-0.42585337,0.45105106,0.8769044503569603,0.010090502,2.046533,-0.36043979927364156,-4765625.0,4.850761e-07,9.6380155e-08,0.8961817947053061,0.0029877515290515824,/content/drive/MyDrive/N-MON/ALTRO/spectograms/HOOKED-SAWTOOTH-3-20/849.npy,HOOKED-SAWTOOTH-3-20
0.002715064,0.0055922573,0.6787577,0.5227208,0.67876315,-0.44739112,0.4666066,0.913997694849968,0.0061076363,2.017276,-0.34451159050415037,4550781.25,4.4680027e-07,8.964479e-08,0.9001342097611298,0.0025820477211172897,/content/drive/MyDrive/N-MON/ALTRO/spectograms/HOOKED-SAWTOOTH-3-20/850.npy,HOOKED-SAWTOOTH-3-20
0.0059617176,-0.002553929,0.6923554,0.5388872,0.692381,-0.5437459,0.58323866,1.1269845515489578,0.0018204999,1.9399908,-0.3668902820181651,-3203125.0,4.6720456e-07,9.704146e-08,0.8944220107778764,0.00352130613726854,/content/drive/MyDrive/N-MON/ALTRO/spectograms/HOOKED-SAWTOOTH-3-20/851.npy,HOOKED-SAWTOOTH-3-20
0.004954299,-0.0101245,0.67581385,0.5162258,0.67583203,-0.38512307,0.4820558,0.8671788796782494,0.0072599053,2.0383976,-0.38207555583300856,-4667968.75,4.3290513e-07,9.124484e-08,0.8892118112994255,0.002767034481607635,/content/drive/MyDrive/N-MON/ALTRO/spectograms/HOOKED-SAWTOOTH-3-20/852.npy,HOOKED-SAWTOOTH-3-20
0.0031702444,-0.002267252,0.6808671,0.5270919,0.6808745,-0.43968973,0.45285112,0.8925408571958542,0.0012407955,2.0014746,-0.30902577530036635,-3203125.0,4.9589414e-07,9.857085e-08,0.8860256945418868,0.0034471145249423147,/content/drive/MyDrive/N-MON/ALTRO/spectograms/HOOKED-SAWTOOTH-3-20/853.npy,HOOKED-SAWTOOTH-3-20
0.0047717984,0.005872522,0.6697217,0.51182306,0.66973877,-0.39245683,0.43754733,0.8300041705369949,0.0034661444,2.0593593,-0.3005882653986821,-3203125.0,5.9920626e-07,9.4051025e-08,0.8882040751447629,0.0025050846631235434,/content/drive/MyDrive/N-MON/ALTRO/spectograms/HOOKED-SAWTOOTH-3-20/854.npy,HOOKED-SAWTOOTH-3-20
3.5930276e-05,-0.0019712772,0.6716571,0.51434255,0.6716571,-0.40242735,0.44313478,0.8455621227622032,0.0008274364,2.0477953,-0.30586190242544575,-2988281.25,5.105065e-07,8.6718735e-08,0.8861614136543521,0.004329841029856525,/content/drive/MyDrive/N-MON/ALTRO/spectograms/HOOKED-SAWTOOTH-3-20/855.npy,HOOKED-SAWTOOTH-3-20
0.0027551618,-0.0023390527,0.6779097,0.518925,0.6779153,-0.44175193,0.48988783,0.9316397681832314,0.015070366,2.02596,-0.38621223063045573,-3203125.0,5.6199787e-07,9.299242e-08,0.8908223283974904,0.0023173281336606806,/content/drive/MyDrive/N-MON/ALTRO/spectograms/HOOKED-SAWTOOTH-3-20/856.npy,HOOKED-SAWTOOTH-3-20
0.0253594,0.038827185,0.7459467,0.6039181,0.74637765,-1.000246,0.9915747,1.991820678114891,-0.0780274,1.7423464,-0.745316092015374,-3203125.0,5.9019345e-07,1.05506615e-07,0.9063401883606446,0.0019156224788591206,/content/drive/MyDrive/N-MON/ALTRO/spectograms/HOOKED-SAWTOOTH-3-20/857.npy,HOOKED-SAWTOOTH-3-20
-0.00029207754,0.008440644,0.7491865,0.6044961,0.74918664,-0.9992933,0.99258864,1.9918819069862366,-0.019363226,1.7298815,-0.8071974959298417,-2539062.5,6.212389e-07,1.135911e-07,0.906549410494629,0.0048858900256336345,/content/drive/MyDrive/N-MON/ALTRO/spectograms/HOOKED-SAWTOOTH-3-20/858.npy,HOOKED-SAWTOOTH-3-20
0.024059936,0.052514456,0.75277835,0.6149366,0.75316274,-1.0019075,0.98979956,1.9917070418596268,-0.10293653,1.7149932,-0.7672933408920094,-2539062.5,6.6717496e-07,1.2127575e-07,0.9031356208818604,0.002253235020655547,/content/drive/MyDrive/N-MON/ALTRO/spectograms/HOOKED-SAWTOOTH-3-20/859.npy,HOOKED-SAWTOOTH-3-20
0.010630858,0.030536871,0.7489357,0.60612273,0.74901104,-1.0005052,0.9914013,1.9919065982103348,-0.054795444,1.7309732,-0.7953266014994888,-3203125.0,6.2026146e-07,1.1294402e-07,0.8985269417807595,0.0046377330358375315,/content/drive/MyDrive/N-MON/ALTRO/spectograms/HOOKED-SAWTOOTH-3-20/860.npy,HOOKED-SAWTOOTH-3-20
-1.9707202e-05,-0.0008863404,0.7469639,0.60595703,0.74696386,-1.0007977,0.9911222,1.9919200092554092,-0.01371978,1.7331856,-0.7501739061274418,4609375.0,7.156414e-07,1.2033252e-07,0.8985714018788467,0.003524893346274451,/content/drive/MyDrive/N-MON/ALTRO/spectograms/HOOKED-SAWTOOTH-3-20/861.npy,HOOKED-SAWTOOTH-3-20
0.013579068,0.022875357,0.7579573,0.61907715,0.758079,-1.0004301,0.99152017,1.9919503182172775,-0.052417517,1.6870444,-0.7816152896424989,-3203125.0,5.408971e-07,1.11907376e-07,0.907801421229792,0.014819436172921136,/content/drive/MyDrive/N-MON/ALTRO/spectograms/HOOKED-SAWTOOTH-3-20/862.npy,HOOKED-SAWTOOTH-3-20
-0.0069875987,-8.016257e-05,0.74586993,0.6018847,0.7459026,-0.99987334,0.99207556,1.991948887705803,0.0012124083,1.7394414,-0.7564889933228996,-3203125.0,7.0334784e-07,1.1930885e-07,0.899271252858239,0.003874932630564099,/content/drive/MyDrive/N-MON/ALTRO/spectograms/HOOKED-SAWTOOTH-3-20/863.npy,HOOKED-SAWTOOTH-3-20
0.008735948,0.0071221283,0.7518029,0.60960126,0.75185376,-1.0004139,0.9913842,1.9917980581521988,-0.025135428,1.7157704,-0.7794198075620874,-4375000.0,5.3783776e-07,1.17162244e-07,0.8997347407292375,0.00377535187279954,/content/drive/MyDrive/N-MON/ALTRO/spectograms/HOOKED-SAWTOOTH-3-20/864.npy,HOOKED-SAWTOOTH-3-20
-0.0051524146,0.014783164,0.750555,0.60836476,0.7505727,-1.0006275,0.99129426,1.9919218122959137,-0.013740033,1.7212477,-0.7906071519830401,-2539062.5,6.3481076e-07,1.18511196e-07,0.9064528662961369,0.00602933330496863,/content/drive/MyDrive/N-MON/ALTRO/spectograms/HOOKED-SAWTOOTH-3-20/865.npy,HOOKED-SAWTOOTH-3-20
0.0032774077,0.005847969,0.7505647,0.6134816,0.75057185,-1.0018244,0.9900925,1.9919168055057526,-0.02610779,1.7164167,-0.7395628687205528,4550781.25,5.704759e-07,1.1780082e-07,0.9078146593288513,0.0026107215411408135,/content/drive/MyDrive/N-MON/ALTRO/spectograms/HOOKED-SAWTOOTH-3-20/866.npy,HOOKED-SAWTOOTH-3-20
0.010746357,0.022829264,0.74790865,0.60961086,0.74798584,-1.0004522,0.9914517,1.991903856396675,-0.04435253,1.7297215,-0.7327796959250242,-2539062.5,6.1813597e-07,1.1702876e-07,0.9098473222838128,0.0035643397555083726,/content/drive/MyDrive/N-MON/ALTRO/spectograms/HOOKED-SAWTOOTH-3-20/867.npy,HOOKED-SAWTOOTH-3-20
-0.002066576,0.013850521,0.7498114,0.6075843,0.7498143,-1.0016949,0.9902377,1.9919326454401016,-0.026494345,1.7252831,-0.7871783806825176,4550781.25,6.1821754e-07,1.188755e-07,0.9063516306494168,0.0014818099608159,/content/drive/MyDrive/N-MON/ALTRO/spectograms/HOOKED-SAWTOOTH-3-20/868.npy,HOOKED-SAWTOOTH-3-20
-0.019346401,-0.023894656,0.75161844,0.61586475,0.7518674,-1.0004313,0.99130964,1.9917409271001816,0.03903013,1.7130585,-0.7496682571014067,-4707031.25,4.6104049e-07,1.1094242e-07,0.8997208891086911,0.0043556056168552425,/content/drive/MyDrive/N-MON/ALTRO/spectograms/HOOKED-SAWTOOTH-3-20/869.npy,HOOKED-SAWTOOTH-3-20
0.0063331183,0.031175645,0.75278825,0.6170149,0.7528148,-0.9997473,0.99213445,1.9918817430734634,-0.034259457,1.7077513,-0.761977638137756,-4667968.75,6.668926e-07,1.1940088e-07,0.8993430394503774,0.003320998463865127,/content/drive/MyDrive/N-MON/ALTRO/spectograms/HOOKED-SAWTOOTH-3-20/870.npy,HOOKED-SAWTOOTH-3-20
-0.006010252,0.006562434,0.7543754,0.6139807,0.7543994,-1.0010412,0.9909037,1.991944894194603,-0.006957339,1.7068088,-0.8223471935952659,-2656250.0,6.470015e-07,1.1588246e-07,0.8967397911124705,0.004532580502954123,/content/drive/MyDrive/N-MON/ALTRO/spectograms/HOOKED-SAWTOOTH-3-20/871.npy,HOOKED-SAWTOOTH-3-20
0.008913841,0.03199502,0.7512483,0.616123,0.75130117,-0.9991753,0.992691,1.9918662756681442,-0.059137072,1.7122939,-0.7330478582068533,4667968.75,7.576142e-07,1.2018981e-07,0.9009541990607342,0.005109442410842536,/content/drive/MyDrive/N-MON/ALTRO/spectograms/HOOKED-SAWTOOTH-3-20/872.npy,HOOKED-SAWTOOTH-3-20
0.005886705,-0.0007698318,0.7568386,0.6181917,0.7568615,-1.0007062,0.9912134,1.991919532418251,-0.02478462,1.6940995,-0.8033936043098439,-3203125.0,6.338785e-07,1.1578136e-07,0.8979086477839131,0.004521645394085665,/content/drive/MyDrive/N-MON/ALTRO/spectograms/HOOKED-SAWTOOTH-3-20/873.npy,HOOKED-SAWTOOTH-3-20
-0.006354652,-0.00086900714,0.7512918,0.6123628,0.75131863,-1.0006702,0.99121475,1.9918849915266037,0.0018224309,1.7169844,-0.777782577184258,-3378906.25,6.2390114e-07,1.2020831e-07,0.9082188543787573,0.003866086235319165,/content/drive/MyDrive/N-MON/ALTRO/spectograms/HOOKED-SAWTOOTH-3-20/874.npy,HOOKED-SAWTOOTH-3-20
-0.006507868,-0.0007375569,0.75309116,0.61155945,0.7531193,-1.0007302,0.9912065,1.9919367134571075,-0.0092700785,1.7128544,-0.8151502273773065,-2656250.0,6.456442e-07,1.15088625e-07,0.9096229649202008,0.005209848378065723,/content/drive/MyDrive/N-MON/ALTRO/spectograms/HOOKED-SAWTOOTH-3-20/875.npy,HOOKED-SAWTOOTH-3-20
-0.015077916,-0.008584594,0.7488006,0.60774267,0.7489524,-1.0005895,0.99113405,1.9917235672473907,0.020096457,1.7298757,-0.7848848365227231,-2656250.0,6.05155e-07,1.2149647e-07,0.9060315241828152,0.005820410459191273,/content/drive/MyDrive/N-MON/ALTRO/spectograms/HOOKED-SAWTOOTH-3-20/876.npy,HOOKED-SAWTOOTH-3-20
-0.0058315117,-0.0015209084,0.749054,0.6069063,0.7490767,-1.0015314,0.9903554,1.9918867498636246,-0.007893997,1.7273139,-0.7735570348538393,-3203125.0,7.153373e-07,1.1315365e-07,0.906191383464189,0.0028853672687370194,/content/drive/MyDrive/N-MON/ALTRO/spectograms/HOOKED-SAWTOOTH-3-20/877.npy,HOOKED-SAWTOOTH-3-20
-0.012099019,-0.015963096,0.74943805,0.60542274,0.7495357,-1.0002387,0.99160904,1.9918476790189743,0.022194533,1.7300804,-0.8137911209755525,-2656250.0,6.3333835e-07,1.2062966e-07,0.8979317600135468,0.0033164115777132995,/content/drive/MyDrive/N-MON/ALTRO/spectograms/HOOKED-SAWTOOTH-3-20/878.npy,HOOKED-SAWTOOTH-3-20
-0.009737416,-0.001462113,0.74981636,0.6110974,0.7498796,-1.0013648,0.99048454,1.991849347949028,-0.002099907,1.7190568,-0.7406940523141233,-3203125.0,6.566955e-07,1.1333457e-07,0.8999591942923623,0.004330119065222935,/content/drive/MyDrive/N-MON/ALTRO/spectograms/HOOKED-SAWTOOTH-3-20/879.npy,HOOKED-SAWTOOTH-3-20
-0.011624522,-0.0015372753,0.7480392,0.6109829,0.7481295,-1.0012563,0.99058664,1.991842970252037,0.013863443,1.727643,-0.7392091048007253,-3203125.0,5.7122014e-07,1.205172e-07,0.8991377083191474,0.007538815250833075,/content/drive/MyDrive/N-MON/ALTRO/spectograms/HOOKED-SAWTOOTH-3-20/880.npy,HOOKED-SAWTOOTH-3-20
0.0041260673,0.006158164,0.74738294,0.6044545,0.7473943,-1.0014466,0.9904827,1.9919293522834778,-0.026023276,1.7330226,-0.7535837382215106,-3203125.0,6.9278354e-07,1.12302814e-07,0.8970855990905441,0.0029997054894152064,/content/drive/MyDrive/N-MON/ALTRO/spectograms/HOOKED-SAWTOOTH-3-20/881.npy,HOOKED-SAWTOOTH-3-20
0.036338143,0.08451668,0.75439006,0.62066764,0.75526476,-1.0009933,0.99058735,1.9915806502103806,-0.14567646,1.7078519,-0.7387180846329927,-3203125.0,6.792127e-07,1.2150606e-07,0.900685162572858,0.004735842128541207,/content/drive/MyDrive/N-MON/ALTRO/spectograms/HOOKED-SAWTOOTH-3-20/882.npy,HOOKED-SAWTOOTH-3-20
0.0034850426,0.0069055846,0.7476519,0.6070172,0.74766,-1.0008098,0.99108976,1.9918995648622513,-0.022767603,1.7316375,-0.7519569629572739,-2988281.25,6.9923607e-07,1.1082185e-07,0.9037752829228163,0.004453091457999887,/content/drive/MyDrive/N-MON/ALTRO/spectograms/HOOKED-SAWTOOTH-3-20/883.npy,HOOKED-SAWTOOTH-3-20
0.0002245779,-0.00475084,0.7520986,0.6082538,0.7520986,-1.0007119,0.99121076,1.9919227212667465,-0.010449102,1.7194072,-0.8401153681264147,-3203125.0,6.016688e-07,1.0602585e-07,0.9012821285919934,0.003887716862999559,/content/drive/MyDrive/N-MON/ALTRO/spectograms/HOOKED-SAWTOOTH-3-20/884.npy,HOOKED-SAWTOOTH-3-20
-0.0078069153,-0.00769593,0.75069004,0.61516124,0.7507306,-0.99989855,0.9919644,1.9918629676103592,0.010562063,1.7140553,-0.7287749124115895,-3203125.0,6.513594e-07,1.0995417e-07,0.907323193521301,0.003656301831692874,/content/drive/MyDrive/N-MON/ALTRO/spectograms/HOOKED-SAWTOOTH-3-20/885.npy,HOOKED-SAWTOOTH-3-20
-0.015271546,-0.016972769,0.75136626,0.6079916,0.7515214,-1.0012059,0.9906738,1.9918797314167023,0.021579491,1.7199847,-0.8070154917601738,-3203125.0,6.9975755e-07,1.0642725e-07,0.90918282767985,0.0028268223452479176,/content/drive/MyDrive/N-MON/ALTRO/spectograms/HOOKED-SAWTOOTH-3-20/886.npy,HOOKED-SAWTOOTH-3-20
0.004216196,0.03023089,0.75111955,0.6071137,0.7511314,-1.000883,0.99104166,1.991924673318863,-0.050176177,1.7232692,-0.8273671471987304,-4707031.25,4.7294293e-07,1.1057818e-07,0.9060782584592477,0.005199107226061406,/content/drive/MyDrive/N-MON/ALTRO/spectograms/HOOKED-SAWTOOTH-3-20/887.npy,HOOKED-SAWTOOTH-3-20
-0.013444307,0.0059196344,0.75220746,0.6120226,0.75232756,-1.0017052,0.9902621,1.991967186331749,0.012007142,1.7130796,-0.7825025026004849,-4667968.75,5.7128443e-07,1.0681184e-07,0.9028687148332455,0.005072678751154258,/content/drive/MyDrive/N-MON/ALTRO/spectograms/HOOKED-SAWTOOTH-3-20/888.npy,HOOKED-SAWTOOTH-3-20
0.0024093636,0.038009968,0.7474824,0.6069546,0.7474863,-1.0009873,0.9909375,1.9919248074293137,-0.06316507,1.7341901,-0.768629057775173,-3203125.0,4.727409e-07,1.1151038e-07,0.9098610360345638,0.004587053695080933,/content/drive/MyDrive/N-MON/ALTRO/spectograms/HOOKED-SAWTOOTH-3-20/889.npy,HOOKED-SAWTOOTH-3-20
-0.0077015054,0.006386333,0.74941766,0.6095826,0.7494573,-1.001254,0.99057,1.991823986172676,-0.003095962,1.7204578,-0.7390011488825384,-4609375.0,6.4287076e-07,1.2042838e-07,0.9014016658680315,0.0027092900637406487,/content/drive/MyDrive/N-MON/ALTRO/spectograms/HOOKED-SAWTOOTH-3-20/890.npy,HOOKED-SAWTOOTH-3-20
0.0067930557,0.0346285,0.7541004,0.61097205,0.75413096,-1.0004405,0.99152714,1.9919676035642624,-0.053677663,1.7089305,-0.8284355440938268,-3203125.0,6.436056e-07,1.1309127e-07,0.9176996721217693,0.016887130686514814,/content/drive/MyDrive/N-MON/ALTRO/spectograms/HOOKED-SAWTOOTH-3-20/891.npy,HOOKED-SAWTOOTH-3-20
0.013517491,0.038882375,0.7540712,0.6198911,0.7541923,-1.0001216,0.9917132,1.991834819316864,-0.06572041,1.7013127,-0.7444387558654483,4667968.75,6.9578334e-07,1.2143079e-07,0.8944214757226694,0.004663395793672373,/content/drive/MyDrive/N-MON/ALTRO/spectograms/HOOKED-SAWTOOTH-3-20/892.npy,HOOKED-SAWTOOTH-3-20
0.0069124787,-0.0025644777,0.7486284,0.6099464,0.74866027,-1.0023534,0.989504,1.9918574392795563,-0.023168191,1.7219886,-0.7132317752347853,-2539062.5,5.889231e-07,1.1472794e-07,0.8996772249625415,0.003998776222212605,/content/drive/MyDrive/N-MON/ALTRO/spectograms/HOOKED-SAWTOOTH-3-20/893.npy,HOOKED-SAWTOOTH-3-20
-0.011075441,-0.015210712,0.7482725,0.6103805,0.74835443,-0.9994669,0.99235696,1.991823822259903,0.019145451,1.7247154,-0.7341938832330347,-3378906.25,4.997746e-07,1.0536829e-07,0.9002703683704861,0.004273555080160912,/content/drive/MyDrive/N-MON/ALTRO/spectograms/HOOKED-SAWTOOTH-3-20/894.npy,HOOKED-SAWTOOTH-3-20
0.023531102,0.036841895,0.75348336,0.6105133,0.7538507,-1.0019215,0.98988116,1.9918027222156525,-0.087324254,1.7133939,-0.7981496084444252,-4375000.0,4.7117388e-07,1.0584961e-07,0.904812574277351,0.0035266151955433613,/content/drive/MyDrive/N-MON/ALTRO/spectograms/HOOKED-SAWTOOTH-3-20/895.npy,HOOKED-SAWTOOTH-3-20
-0.0072084814,-0.010921722,0.75234556,0.6162908,0.7523801,-1.0029515,0.98890954,1.9918610751628876,0.0045513795,1.7070091,-0.7332332726102032,-4824218.75,5.004998e-07,1.0613003e-07,0.9085012861503186,0.0036389961924553835,/content/drive/MyDrive/N-MON/ALTRO/spectograms/HOOKED-SAWTOOTH-3-20/896.npy,HOOKED-SAWTOOTH-3-20
-0.010302052,-0.000944285,0.74895513,0.61107177,0.749026,-1.0008057,0.9911083,1.9919140487909317,0.0010452782,1.7211149,-0.7306915931964354,-2539062.5,4.8577624e-07,1.0681798e-07,0.9060301501471898,0.002112468666502661,/content/drive/MyDrive/N-MON/ALTRO/spectograms/HOOKED-SAWTOOTH-3-20/897.npy,HOOKED-SAWTOOTH-3-20
0.017321482,0.03651256,0.7517435,0.6147263,0.75194305,-1.0021061,0.9896668,1.9917729198932648,-0.073152944,1.7149156,-0.737039966230853,-2539062.5,5.2445813e-07,1.0576573e-07,0.9043059403146922,0.003662717595352587,/content/drive/MyDrive/N-MON/ALTRO/spectograms/HOOKED-SAWTOOTH-3-20/898.npy,HOOKED-SAWTOOTH-3-20
0.019954987,0.04516477,0.76587445,0.6342891,0.7661344,-1.0017138,0.9901128,1.9918265342712402,-0.0909206,1.6540759,-0.7844966427586054,4609375.0,5.851634e-07,1.1899007e-07,0.922684575987005,0.018582707382453854,/content/drive/MyDrive/N-MON/ALTRO/spectograms/HOOKED-SAWTOOTH-3-20/899.npy,HOOKED-SAWTOOTH-3-20
0.007250505,0.02280017,0.752606,0.6091964,0.7526408,-1.000636,0.99129856,1.9919345080852509,-0.05376529,1.7195914,-0.8574588008341807,-2539062.5,5.3412714e-07,1.058351e-07,0.8984603506572122,0.0034087294171773236,/content/drive/MyDrive/N-MON/ALTRO/spectograms/HOOKED-SAWTOOTH-3-20/900.npy,HOOKED-SAWTOOTH-3-20
-0.008122764,-0.0077653993,0.7481346,0.60416716,0.7481787,-0.99980795,0.9921597,1.9919676333665848,0.0042832936,1.7342994,-0.8059877323115848,-2656250.0,6.431868e-07,1.1165171e-07,0.8957094603161925,0.0028130900274561366,/content/drive/MyDrive/N-MON/ALTRO/spectograms/HOOKED-SAWTOOTH-3-20/901.npy,HOOKED-SAWTOOTH-3-20
0.0023656997,0.015211452,0.75173813,0.6131011,0.7517419,-1.0003854,0.99154174,1.9919271916151047,-0.030224428,1.7127928,-0.75830376657742,-2539062.5,5.220816e-07,1.05567295e-07,0.8928116536009792,0.004128605448736013,/content/drive/MyDrive/N-MON/ALTRO/spectograms/HOOKED-SAWTOOTH-3-20/902.npy,HOOKED-SAWTOOTH-3-20
-0.0012137642,0.030403372,0.7493204,0.60723424,0.7493214,-1.000614,0.9913312,1.9919452965259552,-0.037450116,1.7258143,-0.7991428176635128,-4609375.0,4.7798244e-07,1.0910961e-07,0.8968060325070606,0.0033865347157674714,/content/drive/MyDrive/N-MON/ALTRO/spectograms/HOOKED-SAWTOOTH-3-20/903.npy,HOOKED-SAWTOOTH-3-20
0.0002766495,-0.0010301378,0.74946463,0.608856,0.74946463,-1.0010078,0.990871,1.991878867149353,-0.017134164,1.7254156,-0.7798284574526476,-3203125.0,5.1504526e-07,1.0604717e-07,0.8948385843038911,0.005957180159557434,/content/drive/MyDrive/N-MON/ALTRO/spectograms/HOOKED-SAWTOOTH-3-20/904.npy,HOOKED-SAWTOOTH-3-20
0.0069537763,0.006377781,0.7508444,0.61082435,0.7508766,-1.001255,0.99066496,1.9919199645519257,-0.029597554,1.7186302,-0.7684347362795442,4667968.75,4.81357e-07,1.0979471e-07,0.8985688190130868,0.003962550803077546,/content/drive/MyDrive/N-MON/ALTRO/spectograms/HOOKED-SAWTOOTH-3-20/905.npy,HOOKED-SAWTOOTH-3-20
0.010867383,0.030258628,0.75212026,0.6084766,0.75219876,-1.0008681,0.99108005,1.9919481724500656,-0.050065234,1.7195793,-0.8276124401765516,-3203125.0,5.1169064e-07,1.0645522e-07,0.9045647196670712,0.0021314989353854387,/content/drive/MyDrive/N-MON/ALTRO/spectograms/HOOKED-SAWTOOTH-3-20/906.npy,HOOKED-SAWTOOTH-3-20
0.0007559903,0.018224433,0.75068337,0.6115869,0.7506837,-1.001179,0.99078244,1.991961494088173,-0.03613204,1.7173334,-0.7699404960320965,-3203125.0,5.160756e-07,1.1106738e-07,0.904486249189001,0.004225339391353603,/content/drive/MyDrive/N-MON/ALTRO/spectograms/HOOKED-SAWTOOTH-3-20/907.npy,HOOKED-SAWTOOTH-3-20
0.0018609533,0.022366734,0.7500203,0.60722667,0.7500226,-1.0010618,0.9908588,1.9919205904006958,-0.039530914,1.7267498,-0.8160336621573744,4550781.25,6.641186e-07,1.1925101e-07,0.908951267547754,0.005992942570500188,/content/drive/MyDrive/N-MON/ALTRO/spectograms/HOOKED-SAWTOOTH-3-20/908.npy,HOOKED-SAWTOOTH-3-20
0.0056846724,0.0310548,0.7504377,0.60646236,0.7504592,-1.000063,0.99184793,1.9919108897447586,-0.051194567,1.7279935,-0.8422244730433573,-4707031.25,4.30394e-07,1.1199512e-07,0.9062694904078754,0.005569436242369064,/content/drive/MyDrive/N-MON/ALTRO/spectograms/HOOKED-SAWTOOTH-3-20/909.npy,HOOKED-SAWTOOTH-3-20
-0.0025540304,-0.008537179,0.7484895,0.6061284,0.74849397,-1.0006577,0.9912448,1.9919025003910065,-0.0013397251,1.7271041,-0.7657494663697647,-3203125.0,6.691656e-07,1.2053641e-07,0.9071282866186481,0.0031284480351067337,/content/drive/MyDrive/N-MON/ALTRO/spectograms/HOOKED-SAWTOOTH-3-20/910.npy,HOOKED-SAWTOOTH-3-20
-0.0070888,-0.0047098296,0.7495644,0.6092738,0.74959797,-1.000673,0.9912808,1.991953894495964,0.0009568654,1.7239804,-0.7754849085450984,-2539062.5,5.954076e-07,1.15686944e-07,0.9067711105501672,0.004228975142482415,/content/drive/MyDrive/N-MON/ALTRO/spectograms/HOOKED-SAWTOOTH-3-20/911.npy,HOOKED-SAWTOOTH-3-20
0.008783422,0.03006382,0.7350436,0.58750886,0.7350961,-1.0009332,0.9909306,1.99186372756958,-0.06228962,1.792567,-0.7330594634544348,-4609375.0,6.574691e-07,1.1701608e-07,0.8986917148021031,0.004482949549448506,/content/drive/MyDrive/N-MON/ALTRO/spectograms/HOOKED-SAWTOOTH-3-20/912.npy,HOOKED-SAWTOOTH-3-20
0.0065894905,0.005452739,0.75084716,0.6109299,0.75087607,-1.0023522,0.98954374,1.9918960183858871,-0.037135098,1.72094,-0.7819278699313018,-2656250.0,6.257811e-07,1.14045285e-07,0.896599433127688,0.0050251685522812095,/content/drive/MyDrive/N-MON/ALTRO/spectograms/HOOKED-SAWTOOTH-3-20/913.npy,HOOKED-SAWTOOTH-3-20
-0.0138397645,-0.01707806,0.74936974,0.60597587,0.7494976,-1.0012449,0.99069357,1.991938441991806,0.020782845,1.7262586,-0.7899609167171279,4609375.0,5.708705e-07,1.0617362e-07,0.8956826677967498,0.002740965388279021,/content/drive/MyDrive/N-MON/ALTRO/spectograms/HOOKED-SAWTOOTH-3-20/914.npy,HOOKED-SAWTOOTH-3-20
0.020644927,0.038215503,0.7499366,0.61116004,0.75022066,-1.0006233,0.9912106,1.9918338656425476,-0.06757704,1.7225199,-0.7357882760728752,-2656250.0,4.530282e-07,1.0681197e-07,0.8990071773663926,0.007397617345961518,/content/drive/MyDrive/N-MON/ALTRO/spectograms/HOOKED-SAWTOOTH-3-20/915.npy,HOOKED-SAWTOOTH-3-20
0.005435959,0.014993856,0.7532984,0.61910576,0.753318,-1.0006585,0.9912336,1.9918921142816544,-0.039686006,1.7052219,-0.7620759458583893,4667968.75,4.982555e-07,1.1468504e-07,0.8995157655968032,0.0034956683043526914,/content/drive/MyDrive/N-MON/ALTRO/spectograms/HOOKED-SAWTOOTH-3-20/916.npy,HOOKED-SAWTOOTH-3-20
0.0015864496,-0.00013486891,0.74819815,0.6113335,0.7481998,-1.0000067,0.99187577,1.9918824434280396,-0.0068070265,1.7247416,-0.7298995258221438,-4433593.75,5.0732456e-07,1.06336486e-07,0.8966222613531063,0.004820798126553001,/content/drive/MyDrive/N-MON/ALTRO/spectograms/HOOKED-SAWTOOTH-3-20/917.npy,HOOKED-SAWTOOTH-3-20
0.0032526322,-0.0012828573,0.74933434,0.6033789,0.7493414,-1.0010757,0.99088776,1.9919635355472565,-0.012520587,1.7304409,-0.8225292721713783,-4609375.0,5.6191453e-07,1.15644e-07,0.9040004993683902,0.004707858838883171,/content/drive/MyDrive/N-MON/ALTRO/spectograms/HOOKED-SAWTOOTH-3-20/918.npy,HOOKED-SAWTOOTH-3-20
-0.0009953409,0.007572362,0.7502694,0.60805124,0.75027007,-1.000067,0.99177384,1.9918407797813416,-0.020588063,1.7224094,-0.7881439872515071,-2539062.5,6.0874913e-07,1.19938e-07,0.9066555236433455,0.0020213206703955607,/content/drive/MyDrive/N-MON/ALTRO/spectograms/HOOKED-SAWTOOTH-3-20/919.npy,HOOKED-SAWTOOTH-3-20
0.0012386837,0.014098819,0.748873,0.6124849,0.74887407,-1.0013885,0.9905527,1.991941288113594,-0.03219142,1.7202193,-0.7167583226776256,-4765625.0,5.675707e-07,1.16308144e-07,0.9032523827144244,0.0032458212361312845,/content/drive/MyDrive/N-MON/ALTRO/spectograms/HOOKED-SAWTOOTH-3-20/920.npy,HOOKED-SAWTOOTH-3-20
0.008951322,0.0067071356,0.74579513,0.60439736,0.7458488,-1.0008085,0.9911013,1.9919098764657974,-0.0200681,1.7384998,-0.7414882058649247,-3203125.0,7.843335e-07,1.19029e-07,0.9026218202929241,0.003813163995073689,/content/drive/MyDrive/N-MON/ALTRO/spectograms/HOOKED-SAWTOOTH-3-20/921.npy,HOOKED-SAWTOOTH-3-20
-0.0053926283,0.0064156204,0.7465,0.607437,0.74651957,-1.0011791,0.99074465,1.9919237792491913,-0.011883372,1.733371,-0.7183600555788755,-2539062.5,5.969898e-07,1.09898934e-07,0.911315048978586,0.0029523598946913517,/content/drive/MyDrive/N-MON/ALTRO/spectograms/HOOKED-SAWTOOTH-3-20/922.npy,HOOKED-SAWTOOTH-3-20
0.019225117,0.036047712,0.7531979,0.6157513,0.7534432,-1.0028181,0.9889878,1.9918059706687927,-0.07848842,1.7149687,-0.7969749800933147,-2539062.5,7.0554415e-07,1.17984264e-07,0.9040187382620899,0.0031798235562822403,/content/drive/MyDrive/N-MON/ALTRO/spectograms/HOOKED-SAWTOOTH-3-20/923.npy,HOOKED-SAWTOOTH-3-20
-0.011381181,0.0065392093,0.75067556,0.60768914,0.75076187,-1.001135,0.99079347,1.9919284880161285,-0.0016921418,1.7238057,-0.8346657147608775,-3203125.0,6.0911594e-07,1.0921386e-07,0.9018079908530875,0.0029123975705422295,/content/drive/MyDrive/N-MON/ALTRO/spectograms/HOOKED-SAWTOOTH-3-20/924.npy,HOOKED-SAWTOOTH-3-20
0.011157383,0.021944925,0.75296485,0.6174818,0.7530475,-1.0013995,0.9904852,1.9918846786022186,-0.050681304,1.7069793,-0.7435239611462389,-3203125.0,7.35611e-07,1.1767581e-07,0.8992136597380029,0.002571378226454523,/content/drive/MyDrive/N-MON/ALTRO/spectograms/HOOKED-SAWTOOTH-3-20/925.npy,HOOKED-SAWTOOTH-3-20
-0.014871953,-0.04747304,0.71975076,0.57185423,0.71990436,-0.7835201,0.991461,1.7749811112880707,0.058212105,1.8591346,-0.6544499794381925,-2539062.5,6.2383504e-07,1.0791915e-07,0.9165314794996514,0.015007025704405824,/content/drive/MyDrive/N-MON/ALTRO/spectograms/HOOKED-SAWTOOTH-3-20/926.npy,HOOKED-SAWTOOTH-3-20
-0.011377857,-0.0099084955,0.75199723,0.6133961,0.75208324,-1.0018595,0.9900472,1.991906762123108,0.007374884,1.7144787,-0.7709094440555752,-3203125.0,6.810852e-07,1.16156045e-07,0.89757135822922,0.0030356993236887973,/content/drive/MyDrive/N-MON/ALTRO/spectograms/HOOKED-SAWTOOTH-3-20/927.npy,HOOKED-SAWTOOTH-3-20
0.008630745,0.022446025,0.7478793,0.60719043,0.7479291,-1.0008588,0.99101996,1.9918787479400635,-0.052378044,1.7342166,-0.7695302705765618,-4218750.0,5.466386e-07,1.1941252e-07,0.8928136982576758,0.0033059152781762663,/content/drive/MyDrive/N-MON/ALTRO/spectograms/HOOKED-SAWTOOTH-3-20/928.npy,HOOKED-SAWTOOTH-3-20
-0.0030206377,-0.0012344823,0.75085896,0.61310047,0.75086504,-1.0010575,0.9908938,1.9919513016939163,-0.004509142,1.7155963,-0.7465330979395876,-3378906.25,6.542543e-07,1.1536501e-07,0.8982070546577642,0.003087042704379112,/content/drive/MyDrive/N-MON/ALTRO/spectograms/HOOKED-SAWTOOTH-3-20/929.npy,HOOKED-SAWTOOTH-3-20
0.004637041,0.021151084,0.7508511,0.6111816,0.7508654,-1.002063,0.9898391,1.9919021725654602,-0.038319755,1.7196599,-0.7684799926603852,-3203125.0,7.279763e-07,1.2110814e-07,0.8937364463058806,0.004389677292982073,/content/drive/MyDrive/N-MON/ALTRO/spectograms/HOOKED-SAWTOOTH-3-20/930.npy,HOOKED-SAWTOOTH-3-20
0.0024181413,0.014311402,0.7646474,0.6340476,0.76465124,-1.0011925,0.9906657,1.9918581247329712,-0.024534801,1.655009,-0.7737589525702219,4667968.75,5.619664e-07,1.175139e-07,0.9214902614715144,0.01622261011157206,/content/drive/MyDrive/N-MON/ALTRO/spectograms/HOOKED-SAWTOOTH-3-20/931.npy,HOOKED-SAWTOOTH-3-20
0.0013879943,0.014089365,0.7531151,0.6156153,0.7531164,-1.0012809,0.99061215,1.9918930530548096,-0.027728092,1.7084701,-0.7781318213180494,-2539062.5,5.8361957e-07,1.2204282e-07,0.906340486807371,0.006329958329160657,/content/drive/MyDrive/N-MON/ALTRO/spectograms/HOOKED-SAWTOOTH-3-20/932.npy,HOOKED-SAWTOOTH-3-20
-0.0022404604,-0.00997917,0.75042516,0.61345947,0.75042856,-1.0021046,0.98983854,1.9919431656599045,-0.005878338,1.7169834,-0.745482265239752,-3378906.25,5.433763e-07,1.1390434e-07,0.9067100028996856,0.00408964021547703,/content/drive/MyDrive/N-MON/ALTRO/spectograms/HOOKED-SAWTOOTH-3-20/933.npy,HOOKED-SAWTOOTH-3-20
-0.0038386397,-0.0024138938,0.75115186,0.6107632,0.7511617,-1.0021493,0.98979664,1.9919459521770477,0.0019243818,1.7185179,-0.7814880518374788,4550781.25,7.211533e-07,1.2198947e-07,0.9070463842196324,0.004218895295119682,/content/drive/MyDrive/N-MON/ALTRO/spectograms/HOOKED-SAWTOOTH-3-20/934.npy,HOOKED-SAWTOOTH-3-20
0.006100375,0.045557868,0.76263726,0.63558763,0.76266164,-1.0011275,0.9907829,1.9919104129076004,-0.049246628,1.6559789,-0.7222434004281829,-2988281.25,6.230749e-07,1.195172e-07,0.9268623684933173,0.011621608045245927,/content/drive/MyDrive/N-MON/ALTRO/spectograms/HOOKED-SAWTOOTH-3-20/935.npy,HOOKED-SAWTOOTH-3-20
-0.01989856,-0.04020886,0.7514919,0.6104611,0.75175536,-1.0007747,0.99092925,1.9917040467262268,0.05684382,1.7180303,-0.7794103841197845,-3203125.0,8.3772244e-07,1.2124192e-07,0.9078961011649667,0.004260359382884562,/content/drive/MyDrive/N-MON/ALTRO/spectograms/HOOKED-SAWTOOTH-3-20/936.npy,HOOKED-SAWTOOTH-3-20
-0.0103606675,-0.011493314,0.7497488,0.6093918,0.7498204,-0.9996405,0.99229676,1.991937294602394,0.015807677,1.7206439,-0.7456369275015372,-2539062.5,6.0298277e-07,1.12761306e-07,0.9085314514945985,0.003416036534251731,/content/drive/MyDrive/N-MON/ALTRO/spectograms/HOOKED-SAWTOOTH-3-20/937.npy,HOOKED-SAWTOOTH-3-20
-0.010437145,-0.025276478,0.74646074,0.6062925,0.74653375,-1.0016263,0.9902899,1.9919160902500153,0.022359205,1.7329834,-0.7262591991477142,-3203125.0,6.6436615e-07,1.2020831e-07,0.9024367956026238,0.0030929344439919212,/content/drive/MyDrive/N-MON/ALTRO/spectograms/HOOKED-SAWTOOTH-3-20/938.npy,HOOKED-SAWTOOTH-3-20
0.000940031,0.0053821676,0.74937075,0.6090531,0.7493713,-1.0022447,0.989635,1.9918797463178635,-0.018881358,1.7248056,-0.7609717868913092,-2656250.0,4.8161195e-07,1.16315924e-07,0.8936624736447791,0.002861257919041016,/content/drive/MyDrive/N-MON/ALTRO/spectograms/HOOKED-SAWTOOTH-3-20/939.npy,HOOKED-SAWTOOTH-3-20
0.0031230408,0.015819738,0.75134206,0.61174065,0.75134856,-0.99976194,0.9921978,1.9919597506523132,-0.02996143,1.717802,-0.778245487279608,4609375.0,6.2473583e-07,1.1872244e-07,0.8967308337737181,0.002874973552531909,/content/drive/MyDrive/N-MON/ALTRO/spectograms/HOOKED-SAWTOOTH-3-20/940.npy,HOOKED-SAWTOOTH-3-20
0.0075154286,0.030994989,0.75083894,0.6072241,0.7508765,-1.0000676,0.9918456,1.9919131994247437,-0.052011386,1.7263262,-0.8335394581412309,-4492187.5,4.7905246e-07,1.1767336e-07,0.8963303894860599,0.0035005539548166376,/content/drive/MyDrive/N-MON/ALTRO/spectograms/HOOKED-SAWTOOTH-3-20/941.npy,HOOKED-SAWTOOTH-3-20
0.00054241135,-0.0012741322,0.7498368,0.6100496,0.749837,-1.001179,0.99070823,1.9918872117996216,-0.010208761,1.7224996,-0.7673703033670033,-2988281.25,6.002593e-07,1.180677e-07,0.8992328381876691,0.003948940688648561,/content/drive/MyDrive/N-MON/ALTRO/spectograms/HOOKED-SAWTOOTH-3-20/942.npy,HOOKED-SAWTOOTH-3-20
-0.010081186,-0.024886094,0.7360862,0.58661705,0.7361552,-1.0012215,0.9906458,1.9918673783540726,0.031237088,1.7898369,-0.76880659654287,-2539062.5,5.2725227e-07,1.1278819e-07,0.9202604987771479,0.017188110534054023,/content/drive/MyDrive/N-MON/ALTRO/spectograms/HOOKED-SAWTOOTH-3-20/943.npy,HOOKED-SAWTOOTH-3-20
-0.00077993533,0.006677448,0.74783427,0.60965234,0.7478347,-1.0010347,0.9908656,1.9919003695249557,-0.021841152,1.72706,-0.7299940162120767,-3378906.25,6.257608e-07,1.1662239e-07,0.9018655508252267,0.003626333685304842,/content/drive/MyDrive/N-MON/ALTRO/spectograms/HOOKED-SAWTOOTH-3-20/944.npy,HOOKED-SAWTOOTH-3-20
-0.00095749757,0.021789059,0.7508296,0.6122562,0.7508302,-1.001631,0.99025583,1.9918868392705917,-0.03260347,1.7167757,-0.7588971354442579,-4726562.5,6.543084e-07,1.1943891e-07,0.9048257511296336,0.006502928041130849,/content/drive/MyDrive/N-MON/ALTRO/spectograms/HOOKED-SAWTOOTH-3-20/945.npy,HOOKED-SAWTOOTH-3-20
-0.008466183,-0.0018581034,0.7516385,0.6145299,0.75168616,-1.0017297,0.99013424,1.9918639957904816,-0.0016702879,1.7105855,-0.7402407712346674,-3203125.0,6.90833e-07,1.1667461e-07,0.9062595099934991,0.006770708687317979,/content/drive/MyDrive/N-MON/ALTRO/spectograms/HOOKED-SAWTOOTH-3-20/946.npy,HOOKED-SAWTOOTH-3-20
0.0014094453,0.0066320905,0.750426,0.6089523,0.75042737,-1.0009722,0.9908807,1.991852879524231,-0.020183172,1.7190193,-0.7505220953241444,-3203125.0,6.3574856e-07,1.2012353e-07,0.9002668527949271,0.007327182654738156,/content/drive/MyDrive/N-MON/ALTRO/spectograms/HOOKED-SAWTOOTH-3-20/947.npy,HOOKED-SAWTOOTH-3-20
0.0057051857,0.022305407,0.74785596,0.60437596,0.7478777,-1.0010904,0.9908029,1.9918933063745499,-0.04031988,1.7360697,-0.796793446828394,4726562.5,4.8587486e-07,1.1118819e-07,0.9024516136755655,0.004118441390041504,/content/drive/MyDrive/N-MON/ALTRO/spectograms/HOOKED-SAWTOOTH-3-20/948.npy,HOOKED-SAWTOOTH-3-20
0.0044632712,-0.0091969855,0.75179416,0.6114737,0.7518074,-1.001186,0.9907385,1.9919244647026062,-0.008783513,1.715581,-0.7829440912854341,-3203125.0,6.925825e-07,1.214645e-07,0.90389016575922,0.004642513256431911,/content/drive/MyDrive/N-MON/ALTRO/spectograms/HOOKED-SAWTOOTH-3-20/949.npy,HOOKED-SAWTOOTH-3-20
0.00083578064,0.014473462,0.74865806,0.60866636,0.74865854,-1.001092,0.99086475,1.9919566810131073,-0.024251435,1.727124,-0.7503626953873149,-3378906.25,4.788242e-07,1.12579734e-07,0.9080901600453097,0.002940438060922806,/content/drive/MyDrive/N-MON/ALTRO/spectograms/HOOKED-SAWTOOTH-3-20/950.npy,HOOKED-SAWTOOTH-3-20
8.4109306e-05,-0.008501842,0.79442674,0.67898655,0.7944267,-1.0005977,0.99135077,1.991948425769806,-0.014018747,1.5348785,-0.8652303302205154,-2988281.25,7.2752647e-07,1.2189892e-07,0.9153027059611402,0.016876269420239554,/content/drive/MyDrive/N-MON/ALTRO/spectograms/HOOKED-SAWTOOTH-3-20/951.npy,HOOKED-SAWTOOTH-3-20
0.0013922415,-0.008490955,0.74663997,0.6070232,0.7466412,-1.0004671,0.9914788,1.9919459074735641,-0.0048476015,1.7314262,-0.7198235149354623,-3203125.0,4.8236654e-07,1.13932884e-07,0.9058873458198581,0.004115691453557698,/content/drive/MyDrive/N-MON/ALTRO/spectograms/HOOKED-SAWTOOTH-3-20/952.npy,HOOKED-SAWTOOTH-3-20
-0.012398496,-0.016545571,0.7504076,0.61067736,0.75051,-1.00055,0.9912323,1.9917822778224945,0.030708585,1.7222273,-0.7827558015524502,-4667968.75,6.973181e-07,1.2151426e-07,0.8968172259834377,0.0026226003314651085,/content/drive/MyDrive/N-MON/ALTRO/spectograms/HOOKED-SAWTOOTH-3-20/953.npy,HOOKED-SAWTOOTH-3-20
0.002524806,0.021527212,0.7520508,0.61470187,0.75205505,-1.0016569,0.99023116,1.9918880313634872,-0.03340889,1.7132785,-0.778043327245194,-3203125.0,4.8840826e-07,1.1499063e-07,0.8939006468908737,0.002652707165858186,/content/drive/MyDrive/N-MON/ALTRO/spectograms/HOOKED-SAWTOOTH-3-20/954.npy,HOOKED-SAWTOOTH-3-20
0.0022418785,0.0070398487,0.7521077,0.6169594,0.752111,-1.0006648,0.99124926,1.991914063692093,-0.01931837,1.7088759,-0.7442758661241983,-3378906.25,7.545696e-07,1.2069961e-07,0.8985706198705437,0.0021268238136178917,/content/drive/MyDrive/N-MON/ALTRO/spectograms/HOOKED-SAWTOOTH-3-20/955.npy,HOOKED-SAWTOOTH-3-20
0.011574518,0.022099819,0.7487094,0.6067156,0.7487989,-1.0011611,0.990785,1.991946130990982,-0.0564128,1.7288581,-0.7610999534709509,-3203125.0,6.989518e-07,1.12359565e-07,0.8978002892265728,0.0054810214722880645,/content/drive/MyDrive/N-MON/ALTRO/spectograms/HOOKED-SAWTOOTH-3-20/956.npy,HOOKED-SAWTOOTH-3-20
0.008611666,0.007252507,0.74690884,0.60383177,0.74695843,-1.0004426,0.9914993,1.9919419884681702,-0.036291588,1.7373984,-0.7682912787842239,-2988281.25,6.593371e-07,1.1939373e-07,0.899647336720106,0.0025821615903375227,/content/drive/MyDrive/N-MON/ALTRO/spectograms/HOOKED-SAWTOOTH-3-20/957.npy,HOOKED-SAWTOOTH-3-20
0.024965923,0.03810557,0.75160474,0.6151979,0.7520193,-1.0006546,0.99101484,1.991669476032257,-0.07796542,1.7140858,-0.731006969677039,-4726562.5,5.5253213e-07,1.1777371e-07,0.9087815159167019,0.003823953776704832,/content/drive/MyDrive/N-MON/ALTRO/spectograms/HOOKED-SAWTOOTH-3-20/958.npy,HOOKED-SAWTOOTH-3-20
-0.008605734,-0.002026008,0.7488809,0.61006045,0.7489304,-1.0018419,0.99004805,1.991890013217926,0.0031013477,1.7244529,-0.7477608927714378,-3378906.25,6.428278e-07,1.18361555e-07,0.9051247144469463,0.0032637460830137865,/content/drive/MyDrive/N-MON/ALTRO/spectograms/HOOKED-SAWTOOTH-3-20/959.npy,HOOKED-SAWTOOTH-3-20
0.0099053,0.039569125,0.7492253,0.61061084,0.7492908,-0.9992453,0.9926089,1.9918541759252548,-0.051858637,1.7239565,-0.7474305352621445,4550781.25,6.1891103e-07,1.17904435e-07,0.902273018190449,0.008069645088940834,/content/drive/MyDrive/N-MON/ALTRO/spectograms/HOOKED-SAWTOOTH-3-20/960.npy,HOOKED-SAWTOOTH-3-20
0.009083828,0.007576942,0.7688064,0.63849753,0.76886004,-1.0000204,0.99182963,1.9918500483036041,-0.024828874,1.6351801,-0.7662486353924775,-2988281.25,8.086126e-07,1.1680599e-07,0.9114219563238827,0.010064240036749788,/content/drive/MyDrive/N-MON/ALTRO/spectograms/HOOKED-SAWTOOTH-3-20/961.npy,HOOKED-SAWTOOTH-3-20
0.003092486,0.0148328,0.7504152,0.6117448,0.7504216,-1.0007871,0.9911038,1.9918909817934036,-0.023355117,1.7196229,-0.7552412322791177,4550781.25,6.616854e-07,1.18390915e-07,0.9035679636310319,0.004977424684419623,/content/drive/MyDrive/N-MON/ALTRO/spectograms/HOOKED-SAWTOOTH-3-20/962.npy,HOOKED-SAWTOOTH-3-20
0.017300934,0.047670953,0.7467878,0.60764617,0.74698824,-0.9990566,0.99274397,1.9918005913496017,-0.07405412,1.7354152,-0.7287452380601255,-2656250.0,6.323015e-07,1.1683445e-07,0.9074819037088848,0.0036020458584286896,/content/drive/MyDrive/N-MON/ALTRO/spectograms/HOOKED-SAWTOOTH-3-20/963.npy,HOOKED-SAWTOOTH-3-20
-0.008271179,-0.018500552,0.74876904,0.60607827,0.7488147,-1.0028374,0.98908055,1.9919179379940033,7.6607226e-05,1.7276789,-0.7814943652622565,-4667968.75,6.917089e-07,1.1950434e-07,0.9061918564873515,0.002942479030094438,/content/drive/MyDrive/N-MON/ALTRO/spectograms/HOOKED-SAWTOOTH-3-20/964.npy,HOOKED-SAWTOOTH-3-20
0.002173473,-0.0017252238,0.74955827,0.6087353,0.7495614,-1.001533,0.99035686,1.991889864206314,-0.012027871,1.7291317,-0.7945544572151456,-2656250.0,6.3495816e-07,1.1620167e-07,0.89870660448092,0.0023565854518828944,/content/drive/MyDrive/N-MON/ALTRO/spectograms/HOOKED-SAWTOOTH-3-20/965.npy,HOOKED-SAWTOOTH-3-20
-0.00026023103,0.021951016,0.7517325,0.6154042,0.7517326,-1.001472,0.9904357,1.9919077903032303,-0.03560206,1.712928,-0.7605028938985533,4609375.0,7.07129e-07,1.20121e-07,0.9005186186278142,0.002489890308783358,/content/drive/MyDrive/N-MON/ALTRO/spectograms/HOOKED-SAWTOOTH-3-20/966.npy,HOOKED-SAWTOOTH-3-20
0.009925069,0.030321734,0.74924505,0.6117207,0.7493108,-1.0006213,0.9912355,1.9918569028377533,-0.056955628,1.7205423,-0.7267615450891559,-4648437.5,4.4012847e-07,1.1209886e-07,0.9000354526608279,0.0037428283787076023,/content/drive/MyDrive/N-MON/ALTRO/spectograms/HOOKED-SAWTOOTH-3-20/967.npy,HOOKED-SAWTOOTH-3-20
-0.001083043,0.014760463,0.74675524,0.60208946,0.7467561,-1.0007331,0.9911752,1.9919082969427109,-0.023573786,1.7390771,-0.7943146871450654,4667968.75,6.905243e-07,1.211184e-07,0.897407343330662,0.003511773097073161,/content/drive/MyDrive/N-MON/ALTRO/spectograms/HOOKED-SAWTOOTH-3-20/968.npy,HOOKED-SAWTOOTH-3-20
-0.000711637,-0.00084787695,0.74988323,0.6050092,0.74988353,-1.000548,0.9913354,1.9918834120035172,-0.009410642,1.725419,-0.7944625782661029,-2988281.25,4.936013e-07,1.1255631e-07,0.917586776202165,0.011541414969856896,/content/drive/MyDrive/N-MON/ALTRO/spectograms/HOOKED-SAWTOOTH-3-20/969.npy,HOOKED-SAWTOOTH-3-20
0.0050059417,0.006478767,0.7508004,0.6146427,0.750817,-1.0011231,0.99080324,1.9919263571500778,-0.023437798,1.7159399,-0.7501961163353236,4667968.75,6.692967e-07,1.2065826e-07,0.8952973305152258,0.0033400246166427772,/content/drive/MyDrive/N-MON/ALTRO/spectograms/HOOKED-SAWTOOTH-3-20/970.npy,HOOKED-SAWTOOTH-3-20
0.00032154654,0.0074242363,0.753005,0.6102368,0.75300515,-1.000179,0.9917957,1.9919748455286026,-0.015292291,1.7140398,-0.8215421035605149,-2656250.0,6.17868e-07,1.1429536e-07,0.8980335846413734,0.006644865995110904,/content/drive/MyDrive/N-MON/ALTRO/spectograms/HOOKED-SAWTOOTH-3-20/971.npy,HOOKED-SAWTOOTH-3-20
0.00709846,0.0070641395,0.74994224,0.6125269,0.74997586,-1.0005345,0.99139595,1.9919305741786957,-0.033284716,1.7218578,-0.7594658508715028,-4609375.0,6.294739e-07,1.209957e-07,0.9002301616488432,0.003297059978233103,/content/drive/MyDrive/N-MON/ALTRO/spectograms/HOOKED-SAWTOOTH-3-20/972.npy,HOOKED-SAWTOOTH-3-20
0.017988315,0.045673057,0.7262059,0.57970583,0.7264287,-0.940603,0.99084204,1.931445062160492,-0.08145382,1.83101,-0.6639049535465197,-3203125.0,4.6561067e-07,1.05718186e-07,0.8974926490994338,0.00707390319028263,/content/drive/MyDrive/N-MON/ALTRO/spectograms/HOOKED-SAWTOOTH-3-20/973.npy,HOOKED-SAWTOOTH-3-20
-0.0030940343,0.00058389443,0.74672467,0.602983,0.7467311,-0.9991946,0.99271494,1.9919095933437347,0.0016001482,1.7373675,-0.7710094325893851,4726562.5,6.1062696e-07,1.1983491e-07,0.9040736664033013,0.0039287877396578345,/content/drive/MyDrive/N-MON/ALTRO/spectograms/HOOKED-SAWTOOTH-3-20/974.npy,HOOKED-SAWTOOTH-3-20
0.0015843525,0.005885612,0.7511217,0.6122632,0.75112337,-1.0017592,0.99010444,1.991863638162613,-0.031083094,1.7180119,-0.7742469896411485,-3203125.0,5.368153e-07,1.1545678e-07,0.9027929810915837,0.007072763532670378,/content/drive/MyDrive/N-MON/ALTRO/spectograms/HOOKED-SAWTOOTH-3-20/975.npy,HOOKED-SAWTOOTH-3-20
-0.001095499,0.016142046,0.75072986,0.6098097,0.75073063,-0.9994616,0.9924841,1.9919456839561462,-0.027011221,1.7212578,-0.7965204071690765,-3203125.0,5.913906e-07,1.198603e-07,0.9062220598993171,0.003356435601561255,/content/drive/MyDrive/N-MON/ALTRO/spectograms/HOOKED-SAWTOOTH-3-20/976.npy,HOOKED-SAWTOOTH-3-20
0.013838229,0.037671596,0.74850464,0.60905063,0.74863255,-1.001265,0.9906789,1.9919439107179642,-0.061923604,1.7266014,-0.7350964947329485,-2539062.5,5.643006e-07,1.11151984e-07,0.9050672499850696,0.004428294136358196,/content/drive/MyDrive/N-MON/ALTRO/spectograms/HOOKED-SAWTOOTH-3-20/977.npy,HOOKED-SAWTOOTH-3-20
0.005647106,0.021262787,0.7481985,0.6111499,0.7482198,-1.0019047,0.98999715,1.991901844739914,-0.036445774,1.7234712,-0.7095626155420015,-3203125.0,6.808653e-07,1.18594265e-07,0.9095002125921804,0.003302516770437952,/content/drive/MyDrive/N-MON/ALTRO/spectograms/HOOKED-SAWTOOTH-3-20/978.npy,HOOKED-SAWTOOTH-3-20
0.0048581543,0.006719754,0.74994653,0.60987675,0.74996233,-1.0009334,0.99098897,1.9919224679470062,-0.022345906,1.7230532,-0.767982246849905,-3203125.0,7.834616e-07,1.1007905e-07,0.9006473785570386,0.004284979913795047,/content/drive/MyDrive/N-MON/ALTRO/spectograms/HOOKED-SAWTOOTH-3-20/979.npy,HOOKED-SAWTOOTH-3-20
-0.010202631,-0.009718725,0.74852085,0.609142,0.74859035,-1.0017982,0.99012315,1.9919213652610779,0.008318985,1.7258879,-0.7443873777866018,-2539062.5,5.6504723e-07,1.1827585e-07,0.9056981226549736,0.003582249737848,/content/drive/MyDrive/N-MON/ALTRO/spectograms/HOOKED-SAWTOOTH-3-20/980.npy,HOOKED-SAWTOOTH-3-20
-0.009557153,-0.009074711,0.75365376,0.6219314,0.7537144,-1.0010539,0.99080515,1.9918590784072876,0.014356559,1.6994832,-0.7322476409978692,-2539062.5,5.836078e-07,1.17690746e-07,0.9183867093247304,0.017096772699449314,/content/drive/MyDrive/N-MON/ALTRO/spectograms/HOOKED-SAWTOOTH-3-20/981.npy,HOOKED-SAWTOOTH-3-20
-0.0073831663,-0.008608707,0.75419915,0.6111825,0.75423527,-1.0008307,0.9910674,1.991898074746132,0.0031587977,1.7112525,-0.8481081984565241,-2656250.0,6.622008e-07,1.176365e-07,0.8972801575271285,0.003557398914809607,/content/drive/MyDrive/N-MON/ALTRO/spectograms/HOOKED-SAWTOOTH-3-20/982.npy,HOOKED-SAWTOOTH-3-20
-0.005876276,-0.0117790755,0.7482538,0.6081712,0.7482769,-0.99991083,0.99197006,1.9918809235095978,0.012168375,1.7284279,-0.7471304620751847,4609375.0,7.051961e-07,1.1907281e-07,0.8968649153649156,0.0023999255265888205,/content/drive/MyDrive/N-MON/ALTRO/spectograms/HOOKED-SAWTOOTH-3-20/983.npy,HOOKED-SAWTOOTH-3-20
0.006895059,0.014115755,0.7355693,0.5847994,0.7356016,-1.001367,0.99049234,1.9918593168258667,-0.038256545,1.7962648,-0.7884653423318008,-2656250.0,6.142149e-07,1.1668397e-07,0.9007427925487874,0.0056284261888475545,/content/drive/MyDrive/N-MON/ALTRO/spectograms/HOOKED-SAWTOOTH-3-20/984.npy,HOOKED-SAWTOOTH-3-20
0.0076250755,0.037576362,0.7496694,0.60889846,0.7497081,-1.0013555,0.9905403,1.9918958842754364,-0.050208196,1.7230963,-0.7595685962132911,-4824218.75,6.266419e-07,1.2059104e-07,0.8987482521625934,0.002631450052070124,/content/drive/MyDrive/N-MON/ALTRO/spectograms/HOOKED-SAWTOOTH-3-20/985.npy,HOOKED-SAWTOOTH-3-20
0.0035081196,0.00068249623,0.749205,0.6080001,0.7492132,-0.99911577,0.9927836,1.991899386048317,-0.01502445,1.7252678,-0.7660261054160468,-2539062.5,4.5504135e-07,1.1224887e-07,0.9003168905832747,0.005695015861116577,/content/drive/MyDrive/N-MON/ALTRO/spectograms/HOOKED-SAWTOOTH-3-20/986.npy,HOOKED-SAWTOOTH-3-20
0.008250524,0.037071176,0.748634,0.60613465,0.7486795,-1.0019404,0.9899502,1.9918906092643738,-0.06377735,1.730631,-0.7853893407600464,-3378906.25,6.345937e-07,1.2043651e-07,0.9005921942890063,0.004039512806717281,/content/drive/MyDrive/N-MON/ALTRO/spectograms/HOOKED-SAWTOOTH-3-20/987.npy,HOOKED-SAWTOOTH-3-20
-0.0058764946,0.007113921,0.75057244,0.60675335,0.7505954,-1.0006896,0.99123156,1.9919211715459824,-0.008094681,1.7238772,-0.8205608887401549,-2539062.5,4.8770147e-07,1.13926944e-07,0.9074029325453273,0.0034128183633267686,/content/drive/MyDrive/N-MON/ALTRO/spectograms/HOOKED-SAWTOOTH-3-20/988.npy,HOOKED-SAWTOOTH-3-20
0.011563642,0.02400003,0.74778414,0.60468936,0.7478736,-0.9991903,0.99266565,1.9918559193611145,-0.051237565,1.7350948,-0.7729131314227261,4726562.5,6.0257855e-07,1.2142351e-07,0.9046846158263198,0.006778801244741735,/content/drive/MyDrive/N-MON/ALTRO/spectograms/HOOKED-SAWTOOTH-3-20/989.npy,HOOKED-SAWTOOTH-3-20
-0.0055564106,-0.017763998,0.7504073,0.6051134,0.75042784,-1.0020472,0.98987687,1.9919241070747375,0.004978311,1.7254838,-0.819301278664761,-3203125.0,5.5728003e-07,1.142519e-07,0.9079258532831153,0.0031880180861121256,/content/drive/MyDrive/N-MON/ALTRO/spectograms/HOOKED-SAWTOOTH-3-20/990.npy,HOOKED-SAWTOOTH-3-20
-0.0010180207,-0.00030395744,0.7476009,0.6081825,0.7476016,-1.000293,0.99159837,1.991891473531723,-0.009576051,1.7335594,-0.7675733232887182,4726562.5,5.296592e-07,1.05799366e-07,0.904599479893816,0.004088675908745668,/content/drive/MyDrive/N-MON/ALTRO/spectograms/HOOKED-SAWTOOTH-3-20/991.npy,HOOKED-SAWTOOTH-3-20
-0.0007118983,-0.00045496898,0.75111926,0.6138104,0.75111955,-1.0003401,0.991603,1.9919431060552597,-0.01095498,1.7155476,-0.7613479488144624,-3203125.0,5.7479554e-07,1.15381724e-07,0.9042247497434954,0.002426060163206598,/content/drive/MyDrive/N-MON/ALTRO/spectograms/HOOKED-SAWTOOTH-3-20/992.npy,HOOKED-SAWTOOTH-3-20
-0.0117386645,-0.013594409,0.748208,0.60292166,0.7483001,-1.0017589,0.9901882,1.9919471442699432,0.0129584875,1.7349993,-0.8113171908731484,-4707031.25,4.8082796e-07,1.069678e-07,0.9009280602386982,0.00904152409680242,/content/drive/MyDrive/N-MON/ALTRO/spectograms/HOOKED-SAWTOOTH-3-20/993.npy,HOOKED-SAWTOOTH-3-20
0.026218316,0.045861192,0.7506415,0.6098854,0.7510992,-1.0008881,0.9909675,1.9918556362390518,-0.09633388,1.7241528,-0.7708617165832196,-3203125.0,5.671188e-07,1.0530701e-07,0.9006005186088681,0.0024731212638430537,/content/drive/MyDrive/N-MON/ALTRO/spectograms/HOOKED-SAWTOOTH-3-20/994.npy,HOOKED-SAWTOOTH-3-20
-0.01278427,-0.007861404,0.7503769,0.60487145,0.7504858,-0.9997666,0.99214065,1.9919071942567825,0.02390411,1.7277914,-0.8321956449301872,-3203125.0,4.362043e-07,1.081512e-07,0.8985635298915514,0.0031337933347302545,/content/drive/MyDrive/N-MON/ALTRO/spectograms/HOOKED-SAWTOOTH-3-20/995.npy,HOOKED-SAWTOOTH-3-20
-0.014989076,-0.041409876,0.7992452,0.6801682,0.7993857,-1.0022247,0.98976344,1.9919881522655487,0.032190483,1.5188068,-0.8986881549369771,4609375.0,7.866415e-07,1.2617383e-07,0.9134202691066948,0.010034719620157263,/content/drive/MyDrive/N-MON/ALTRO/spectograms/HOOKED-SAWTOOTH-3-20/996.npy,HOOKED-SAWTOOTH-3-20
-0.0064013163,-0.008945303,0.74923086,0.6085698,0.7492582,-1.0008937,0.9909974,1.9918911308050156,-3.1085572e-05,1.7272733,-0.7761320047015766,-2656250.0,4.7183474e-07,1.0881077e-07,0.8931485660821192,0.0027881774699368943,/content/drive/MyDrive/N-MON/ALTRO/spectograms/HOOKED-SAWTOOTH-3-20/997.npy,HOOKED-SAWTOOTH-3-20
-0.0056265076,-0.0026876326,0.7550253,0.61897963,0.75504625,-1.0025988,0.98933303,1.9919318556785583,-0.009721337,1.6992846,-0.7686490946432879,4609375.0,6.6831575e-07,1.05599916e-07,0.897413329385625,0.0029149552903714694,/content/drive/MyDrive/N-MON/ALTRO/spectograms/HOOKED-SAWTOOTH-3-20/998.npy,HOOKED-SAWTOOTH-3-20
-0.0049092043,0.00739843,0.75038254,0.61283994,0.7503986,-1.0003422,0.9916033,1.9919456094503403,-0.015917035,1.7166786,-0.7480189187883505,-3203125.0,4.6355103e-07,1.0991528e-07,0.9014577108010765,0.0029361971493281846,/content/drive/MyDrive/N-MON/ALTRO/spectograms/HOOKED-SAWTOOTH-3-20/999.npy,HOOKED-SAWTOOTH-3-20
0.010864422,0.023330364,0.74538034,0.5985583,0.7454595,-1.0000046,0.99198335,1.9919880330562592,-0.04427642,1.7490798,-0.8072253937027575,-3378906.25,5.5923283e-07,1.0506048e-07,0.896132684509484,0.002346613400443445,/content/drive/MyDrive/N-MON/ALTRO/spectograms/HOOKED-SAWTOOTH-3-20/1000.npy,HOOKED-SAWTOOTH-3-20
-7.923412e-05,-0.00035522395,0.741873,0.5956219,0.74187315,-1.0001507,0.99168473,1.9918354600667953,-0.01040999,1.7634494,-0.7805840286260289,4707031.25,4.846435e-07,1.0563558e-07,0.9057871733094862,0.0191950554178938,/content/drive/MyDrive/N-MON/ALTRO/spectograms/HOOKED-SAWTOOTH-3-20/1001.npy,HOOKED-SAWTOOTH-3-20
0.012179273,0.022130512,0.74884,0.60669404,0.748939,-1.0012704,0.9906873,1.9919577687978745,-0.055208016,1.731962,-0.7963836655696498,4667968.75,5.908209e-07,1.0533035e-07,0.8989626485517779,0.00406421506389634,/content/drive/MyDrive/N-MON/ALTRO/spectograms/HOOKED-SAWTOOTH-3-20/1002.npy,HOOKED-SAWTOOTH-3-20
0.0030062357,0.012932418,0.75002086,0.61299056,0.7500269,-1.0024865,0.98939884,1.9918853640556335,-0.031369504,1.718084,-0.7379884308344026,19531.25,4.566308e-07,1.1183583e-07,0.9025358745555467,0.00699492467758068,/content/drive/MyDrive/N-MON/ALTRO/spectograms/HOOKED-SAWTOOTH-3-20/1003.npy,HOOKED-SAWTOOTH-3-20
-0.014214963,-0.018223472,0.74648595,0.60080564,0.7466213,-1.0025795,0.9893075,1.9918869733810425,0.0196823,1.7407609,-0.7889797769109076,4667968.75,4.928249e-07,1.0590064e-07,0.9042402445072508,0.005455810506500012,/content/drive/MyDrive/N-MON/ALTRO/spectograms/HOOKED-SAWTOOTH-3-20/1004.npy,HOOKED-SAWTOOTH-3-20
-0.0014944401,-0.016449876,0.75428843,0.61318874,0.7542899,-1.0006129,0.99129665,1.9919094443321228,0.0036576942,1.7075021,-0.8187179957215279,-3203125.0,5.088953e-07,1.12829184e-07,0.900501409698544,0.005329743996320616,/content/drive/MyDrive/N-MON/ALTRO/spectograms/HOOKED-SAWTOOTH-3-20/1005.npy,HOOKED-SAWTOOTH-3-20
-0.006561719,-0.0034522207,0.75439,0.62097055,0.7544185,-0.9993836,0.99252194,1.9919055700302124,-0.002139056,1.6972356,-0.7396268543593206,-2539062.5,4.7115674e-07,1.0601518e-07,0.9088839333005703,0.003380833581832743,/content/drive/MyDrive/N-MON/ALTRO/spectograms/HOOKED-SAWTOOTH-3-20/1006.npy,HOOKED-SAWTOOTH-3-20
-0.021897763,-0.053654384,0.76166266,0.62279725,0.7619773,-0.99893016,0.9927214,1.991651564836502,0.074551664,1.6769357,-0.8344641218517524,-3437500.0,6.073681e-07,1.1155612e-07,0.9205567776887735,0.011782281837433259,/content/drive/MyDrive/N-MON/ALTRO/spectograms/HOOKED-SAWTOOTH-3-20/1007.npy,HOOKED-SAWTOOTH-3-20
0.00627712,0.023019843,0.74558467,0.59999007,0.74561113,-1.0002117,0.9916973,1.9919090270996094,-0.042963985,1.7466192,-0.792667610445574,-4707031.25,4.4080022e-07,1.0501786e-07,0.9039058866165701,0.00415878795683402,/content/drive/MyDrive/N-MON/ALTRO/spectograms/HOOKED-SAWTOOTH-3-20/1008.npy,HOOKED-SAWTOOTH-3-20
-0.009885267,-0.019193446,0.75261354,0.612953,0.7526785,-1.0033011,0.98861635,1.9919175654649734,0.017105475,1.7112722,-0.7832261504069172,-3203125.0,5.592274e-07,1.0660682e-07,0.905247959954445,0.002244113292245905,/content/drive/MyDrive/N-MON/ALTRO/spectograms/HOOKED-SAWTOOTH-3-20/1009.npy,HOOKED-SAWTOOTH-3-20
-0.018854212,-0.018138688,0.747281,0.60508996,0.74751884,-1.0024831,0.9893894,1.9918725341558456,0.024612714,1.7353897,-0.7650954139307126,-4707031.25,4.797816e-07,1.0613813e-07,0.9068202310811381,0.0041062570009002255,/content/drive/MyDrive/N-MON/ALTRO/spectograms/HOOKED-SAWTOOTH-3-20/1010.npy,HOOKED-SAWTOOTH-3-20
-0.0025191165,0.01568381,0.7525475,0.6176159,0.75255173,-0.9998205,0.9920863,1.991906777024269,-0.02406119,1.7060592,-0.7358039800692487,4609375.0,5.915538e-07,1.0652195e-07,0.9008765894516446,0.0022739503260985113,/content/drive/MyDrive/N-MON/ALTRO/spectograms/HOOKED-SAWTOOTH-3-20/1011.npy,HOOKED-SAWTOOTH-3-20
-0.012934267,-0.016183443,0.7649383,0.6359599,0.7650477,-1.0003695,0.9915084,1.9918780326843262,0.021520304,1.6512749,-0.755513091154903,4785156.25,4.4991143e-07,1.1303995e-07,0.9084998102941504,0.016822567662534905,/content/drive/MyDrive/N-MON/ALTRO/spectograms/HOOKED-SAWTOOTH-3-20/1012.npy,HOOKED-SAWTOOTH-3-20
0.017513044,0.0381416,0.75005984,0.6067881,0.7502643,-1.0007422,0.9912312,1.9919733554124832,-0.07319301,1.7272335,-0.7853117257767003,4609375.0,6.0591367e-07,1.0621338e-07,0.8987212267782654,0.002827108039260197,/content/drive/MyDrive/N-MON/ALTRO/spectograms/HOOKED-SAWTOOTH-3-20/1013.npy,HOOKED-SAWTOOTH-3-20
0.013449988,0.024074176,0.7482918,0.6074403,0.7484126,-0.9994048,0.9925392,1.9919440150260925,-0.05053199,1.7302954,-0.763123469322193,-2656250.0,6.019192e-07,1.1165719e-07,0.9032917604858057,0.004590484178091773,/content/drive/MyDrive/N-MON/ALTRO/spectograms/HOOKED-SAWTOOTH-3-20/1014.npy,HOOKED-SAWTOOTH-3-20
0.0016444292,0.0054506264,0.75436723,0.6177883,0.754369,-1.0023733,0.9895382,1.9919115453958511,-0.020944458,1.7040571,-0.7754895977846169,4609375.0,6.306933e-07,1.0546616e-07,0.8961361963731004,0.003196395272614784,/content/drive/MyDrive/N-MON/ALTRO/spectograms/HOOKED-SAWTOOTH-3-20/1015.npy,HOOKED-SAWTOOTH-3-20
0.012429552,0.038853675,0.7529381,0.6171638,0.7530407,-1.0000753,0.99174833,1.9918237328529358,-0.0659801,1.7066163,-0.7362734285365288,-2539062.5,6.004493e-07,1.11329356e-07,0.9027468187731487,0.006370441834823984,/content/drive/MyDrive/N-MON/ALTRO/spectograms/HOOKED-SAWTOOTH-3-20/1016.npy,HOOKED-SAWTOOTH-3-20
-0.004222435,0.01532231,0.75281894,0.61810756,0.7528308,-1.0002375,0.99166507,1.9919025152921677,-0.018437888,1.7050776,-0.7566250470812489,4667968.75,5.612611e-07,1.0565331e-07,0.8982153639743181,0.006006362713231674,/content/drive/MyDrive/N-MON/ALTRO/spectograms/HOOKED-SAWTOOTH-3-20/1017.npy,HOOKED-SAWTOOTH-3-20
-0.029853832,-0.06343501,0.73410994,0.58480215,0.7347167,-1.0002654,0.99120903,1.9914744049310684,0.10460285,1.8048109,-0.7700128803102589,-4433593.75,4.4259158e-07,1.0510334e-07,0.9012882084883453,0.008725633762706528,/content/drive/MyDrive/N-MON/ALTRO/spectograms/HOOKED-SAWTOOTH-3-20/1018.npy,HOOKED-SAWTOOTH-3-20
0.011924776,0.022541862,0.74769515,0.6068501,0.7477902,-1.0005851,0.9912665,1.9918515980243683,-0.04878587,1.7303902,-0.7380110433446526,4667968.75,5.5906594e-07,1.05695705e-07,0.899886151695034,0.003484394947944983,/content/drive/MyDrive/N-MON/ALTRO/spectograms/HOOKED-SAWTOOTH-3-20/1019.npy,HOOKED-SAWTOOTH-3-20
0.014951959,0.024870869,0.7535769,0.6127602,0.75372523,-1.0023082,0.98955244,1.9918606877326965,-0.06207469,1.7135433,-0.8181927470096496,-3203125.0,6.225428e-07,1.08664466e-07,0.8962031433819102,0.007734967964273018,/content/drive/MyDrive/N-MON/ALTRO/spectograms/HOOKED-SAWTOOTH-3-20/1020.npy,HOOKED-SAWTOOTH-3-20
0.001749116,0.023213213,0.7509728,0.6122495,0.7509749,-1.0000222,0.99186856,1.9918907135725021,-0.03211965,1.7145878,-0.745630084910495,-3378906.25,5.0677386e-07,1.0536598e-07,0.9031656486260398,0.003186628053064567,/content/drive/MyDrive/N-MON/ALTRO/spectograms/HOOKED-SAWTOOTH-3-20/1021.npy,HOOKED-SAWTOOTH-3-20
0.0072526694,-0.00031239275,0.7550449,0.6165496,0.7550797,-1.000191,0.99171495,1.9919059723615646,-0.023269206,1.6987404,-0.7689339801922302,-4726562.5,4.7627807e-07,1.1156408e-07,0.9136129951229419,0.01555582482925414,/content/drive/MyDrive/N-MON/ALTRO/spectograms/HOOKED-SAWTOOTH-3-20/1022.npy,HOOKED-SAWTOOTH-3-20
-0.011071068,-0.017211791,0.7500972,0.61385316,0.750179,-1.00138,0.9905305,1.991910457611084,0.012576865,1.7167437,-0.7241996885739727,-4765625.0,4.6436276e-07,1.0552888e-07,0.9026084224623239,0.0031841102011080607,/content/drive/MyDrive/N-MON/ALTRO/spectograms/HOOKED-SAWTOOTH-3-20/1023.npy,HOOKED-SAWTOOTH-3-20
0.010964642,0.031110605,0.7516224,0.60835725,0.7517023,-0.9999508,0.9919857,1.991936519742012,-0.048173837,1.720773,-0.811265239682431,-3203125.0,6.19901e-07,1.07414785e-07,0.9069156632952533,0.004311505971959194,/content/drive/MyDrive/N-MON/ALTRO/spectograms/HOOKED-SAWTOOTH-3-20/1024.npy,HOOKED-SAWTOOTH-3-20
-0.015442421,-0.016737282,0.7507291,0.6074394,0.75088793,-1.000876,0.9910779,1.9919538795948029,0.023030022,1.7252946,-0.8199534228113922,4726562.5,5.0726925e-07,1.05622064e-07,0.9089024311148373,0.0028148517234519417,/content/drive/MyDrive/N-MON/ALTRO/spectograms/HOOKED-SAWTOOTH-3-20/1025.npy,HOOKED-SAWTOOTH-3-20
0.014524172,0.014819702,0.7480019,0.6064422,0.7481429,-1.0006652,0.99123806,1.9919033199548721,-0.048909944,1.728708,-0.7390267828667697,-3203125.0,6.538399e-07,1.0674434e-07,0.9062024513350964,0.0030367538954451678,/content/drive/MyDrive/N-MON/ALTRO/spectograms/HOOKED-SAWTOOTH-3-20/1026.npy,HOOKED-SAWTOOTH-3-20
0.00094788935,-0.0011238102,0.7558845,0.62140346,0.7558852,-1.0010357,0.99088734,1.991923063993454,-0.0158767,1.6892024,-0.7258939118295543,-4707031.25,5.268801e-07,1.0612671e-07,0.9145029638830097,0.008217237848533461,/content/drive/MyDrive/N-MON/ALTRO/spectograms/HOOKED-SAWTOOTH-3-20/1027.npy,HOOKED-SAWTOOTH-3-20
-0.0084401285,-0.0076856483,0.7496547,0.60805,0.7497022,-0.9995942,0.99231744,1.991911694407463,0.016551722,1.7257004,-0.7780142078175906,-4667968.75,6.2111445e-07,1.0604862e-07,0.9039847718041736,0.0033397922044511516,/content/drive/MyDrive/N-MON/ALTRO/spectograms/HOOKED-SAWTOOTH-3-20/1028.npy,HOOKED-SAWTOOTH-3-20
-0.00010926437,-0.0020896934,0.74806195,0.60746914,0.74806195,-1.0018646,0.99001634,1.991880938410759,-0.011183958,1.7306753,-0.7673068611261799,-2656250.0,6.136895e-07,1.1287549e-07,0.9110294141892183,0.003981964474820232,/content/drive/MyDrive/N-MON/ALTRO/spectograms/HOOKED-SAWTOOTH-3-20/1029.npy,HOOKED-SAWTOOTH-3-20
-0.0039740354,-0.008113161,0.7536989,0.6175564,0.7537093,-1.0001879,0.99170434,1.991892248392105,-0.010911802,1.7048839,-0.7826103317410525,-4667968.75,6.453279e-07,1.06287445e-07,0.9011516839359585,0.004409448973640332,/content/drive/MyDrive/N-MON/ALTRO/spectograms/HOOKED-SAWTOOTH-3-20/1030.npy,HOOKED-SAWTOOTH-3-20
-0.0032569647,-0.00192805,0.749162,0.6045592,0.7491691,-1.0018964,0.9899982,1.9918946623802185,-0.011469196,1.7295556,-0.8167883689265781,-3203125.0,6.313792e-07,1.1201987e-07,0.8968596178911805,0.003025104394528082,/content/drive/MyDrive/N-MON/ALTRO/spectograms/HOOKED-SAWTOOTH-3-20/1031.npy,HOOKED-SAWTOOTH-3-20
-0.010711005,0.0062591247,0.72544324,0.57654846,0.72552234,-1.0012105,0.9380766,1.9392871260643005,0.007583948,1.8336815,-0.6812602159035769,4609375.0,6.471958e-07,1.10363914e-07,0.9164039414131594,0.015195623545854884,/content/drive/MyDrive/N-MON/ALTRO/spectograms/HOOKED-SAWTOOTH-3-20/1032.npy,HOOKED-SAWTOOTH-3-20
-0.011756379,-0.011810882,0.75048345,0.6126181,0.7505756,-0.9999365,0.9918502,1.9917867332696915,0.029128663,1.7172477,-0.7404324472539142,-3203125.0,5.9806104e-07,1.11390484e-07,0.8940998485051966,0.003041812792141836,/content/drive/MyDrive/N-MON/ALTRO/spectograms/HOOKED-SAWTOOTH-3-20/1033.npy,HOOKED-SAWTOOTH-3-20
-0.0027306476,0.006416845,0.74708277,0.6057367,0.7470878,-1.0013206,0.99059,1.9919106215238571,-0.0194607,1.7326113,-0.7421941510168814,-3203125.0,6.398253e-07,1.19124984e-07,0.8951876680373627,0.0032055944333081584,/content/drive/MyDrive/N-MON/ALTRO/spectograms/HOOKED-SAWTOOTH-3-20/1034.npy,HOOKED-SAWTOOTH-3-20
0.0010132742,0.0065081706,0.752028,0.61501426,0.75202864,-1.001104,0.9907722,1.9918761402368546,-0.020204553,1.710838,-0.7539936030221491,-3203125.0,5.8362804e-07,1.1117153e-07,0.891600233994332,0.0038867113971481184,/content/drive/MyDrive/N-MON/ALTRO/spectograms/HOOKED-SAWTOOTH-3-20/1035.npy,HOOKED-SAWTOOTH-3-20
0.004261669,0.02950358,0.7465434,0.6028571,0.7465556,-1.001556,0.99032795,1.9918839931488037,-0.049382262,1.7354616,-0.7495016501131372,-3203125.0,6.6919495e-07,1.1809279e-07,0.8977676521423494,0.0036874419028865985,/content/drive/MyDrive/N-MON/ALTRO/spectograms/HOOKED-SAWTOOTH-3-20/1036.npy,HOOKED-SAWTOOTH-3-20
0.014348535,0.029955309,0.74602944,0.60740083,0.7461674,-1.0012774,0.99058956,1.9918669313192368,-0.06405086,1.7386684,-0.731914413081758,-3203125.0,5.9739943e-07,1.09351944e-07,0.8974430577724171,0.0058234621150609405,/content/drive/MyDrive/N-MON/ALTRO/spectograms/HOOKED-SAWTOOTH-3-20/1037.npy,HOOKED-SAWTOOTH-3-20
0.010299904,0.013373047,0.7544549,0.6176055,0.75452524,-1.0021442,0.98979056,1.9919347763061523,-0.037232846,1.7036165,-0.7740871934711074,4667968.75,5.299352e-07,1.0602456e-07,0.8992848242353491,0.002599267383963223,/content/drive/MyDrive/N-MON/ALTRO/spectograms/HOOKED-SAWTOOTH-3-20/1038.npy,HOOKED-SAWTOOTH-3-20
0.003916064,0.02086873,0.750567,0.6097319,0.7505773,-1.0022967,0.98963416,1.9919308573007584,-0.036399692,1.7199559,-0.7719736293347551,-3203125.0,6.8168947e-07,1.0904394e-07,0.9002339115086166,0.006124912231005981,/content/drive/MyDrive/N-MON/ALTRO/spectograms/HOOKED-SAWTOOTH-3-20/1039.npy,HOOKED-SAWTOOTH-3-20
0.002248239,0.011889816,0.750604,0.6111689,0.7506073,-0.9997238,0.9922052,1.9919289499521255,-0.026214886,1.7183232,-0.7698793408692427,-2988281.25,5.8895114e-07,1.1623475e-07,0.8996483173851623,0.002117019954187353,/content/drive/MyDrive/N-MON/ALTRO/spectograms/HOOKED-SAWTOOTH-3-20/1040.npy,HOOKED-SAWTOOTH-3-20
0.0074788867,0.014622092,0.75058717,0.6082496,0.7506245,-1.0008942,0.99104524,1.9919393658638,-0.037899658,1.7222724,-0.7912277044202353,-2656250.0,5.793626e-07,1.0786558e-07,0.8983479282350089,0.004599346112984627,/content/drive/MyDrive/N-MON/ALTRO/spectograms/HOOKED-SAWTOOTH-3-20/1041.npy,HOOKED-SAWTOOTH-3-20
-0.011874339,-0.008267161,0.7480054,0.6065429,0.7480997,-1.0004337,0.9915257,1.9919593185186386,0.009410865,1.7318282,-0.7674090136533281,-2988281.25,6.322938e-07,1.1581554e-07,0.9004582589711553,0.003217124389253018,/content/drive/MyDrive/N-MON/ALTRO/spectograms/HOOKED-SAWTOOTH-3-20/1042.npy,HOOKED-SAWTOOTH-3-20
0.0038768253,0.014823816,0.7500079,0.6124966,0.75001794,-1.0006124,0.99127555,1.9918879717588425,-0.028438095,1.7186699,-0.7445895554118805,-3203125.0,5.8070714e-07,1.0722047e-07,0.9076668963369041,0.004892411531299327,/content/drive/MyDrive/N-MON/ALTRO/spectograms/HOOKED-SAWTOOTH-3-20/1043.npy,HOOKED-SAWTOOTH-3-20
-0.018963909,-0.03148765,0.75125724,0.614393,0.75149655,-1.0000324,0.9917257,1.9917581379413605,0.039053924,1.712665,-0.7306980662543402,-3378906.25,6.222788e-07,1.1479864e-07,0.90191738421058,0.005427200442002874,/content/drive/MyDrive/N-MON/ALTRO/spectograms/HOOKED-SAWTOOTH-3-20/1044.npy,HOOKED-SAWTOOTH-3-20
-0.00023685837,0.021653242,0.7528496,0.61752117,0.7528496,-1.0016162,0.9902713,1.9918875247240067,-0.037436012,1.7045102,-0.7316678273773053,-3203125.0,5.8881227e-07,1.06446834e-07,0.90224249703125,0.005117950772806475,/content/drive/MyDrive/N-MON/ALTRO/spectograms/HOOKED-SAWTOOTH-3-20/1045.npy,HOOKED-SAWTOOTH-3-20
-0.01651537,-0.023330253,0.751211,0.61233276,0.7513925,-0.9998835,0.9919,1.99178346991539,0.038530003,1.7186922,-0.7731787468312784,-2539062.5,6.2560724e-07,1.139922e-07,0.9074787076247479,0.00331365325022009,/content/drive/MyDrive/N-MON/ALTRO/spectograms/HOOKED-SAWTOOTH-3-20/1046.npy,HOOKED-SAWTOOTH-3-20
-0.011534944,-0.016045809,0.7520951,0.6129369,0.75218356,-1.000319,0.9915298,1.9918488562107086,0.020757584,1.711645,-0.7587315947046945,-3203125.0,5.612054e-07,1.0590617e-07,0.8992900792725113,0.005985331172337939,/content/drive/MyDrive/N-MON/ALTRO/spectograms/HOOKED-SAWTOOTH-3-20/1047.npy,HOOKED-SAWTOOTH-3-20
0.020645304,0.06144944,0.7530998,0.6177489,0.75338274,-1.0005671,0.99121636,1.9917834550142288,-0.095585786,1.7114409,-0.7709612257258663,-3203125.0,6.5146975e-07,1.1381459e-07,0.9104221536120873,0.004568889970385414,/content/drive/MyDrive/N-MON/ALTRO/spectograms/HOOKED-SAWTOOTH-3-20/1048.npy,HOOKED-SAWTOOTH-3-20
0.007190051,0.036187086,0.7501906,0.6075884,0.75022507,-1.0026354,0.9891733,1.9918086677789688,-0.06801882,1.7234344,-0.7832532484162097,-3203125.0,7.3466464e-07,1.2098232e-07,0.9048717396767118,0.0034946619586531504,/content/drive/MyDrive/N-MON/ALTRO/spectograms/HOOKED-SAWTOOTH-3-20/1049.npy,HOOKED-SAWTOOTH-3-20
0.009568613,0.015177133,0.7503431,0.6128181,0.7504041,-1.0003173,0.9915587,1.9918760061264038,-0.04416114,1.7184638,-0.7495445321678861,-2539062.5,5.801369e-07,1.1255627e-07,0.907038859261659,0.005838042161818191,/content/drive/MyDrive/N-MON/ALTRO/spectograms/HOOKED-SAWTOOTH-3-20/1050.npy,HOOKED-SAWTOOTH-3-20
0.001319334,-0.008706788,0.7456235,0.6009315,0.7456248,-1.0007485,0.99117434,1.9919228553771973,-0.008641938,1.7441195,-0.792476966743097,-3203125.0,6.543205e-07,1.1960726e-07,0.9062627800054253,0.002151300281810501,/content/drive/MyDrive/N-MON/ALTRO/spectograms/HOOKED-SAWTOOTH-3-20/1051.npy,HOOKED-SAWTOOTH-3-20
0.007089879,0.037297264,0.7506645,0.6081201,0.7506979,-1.0015457,0.99039346,1.991939201951027,-0.061974276,1.7239157,-0.8107554308854718,-2539062.5,6.037918e-07,1.1085997e-07,0.9095811230564723,0.0129509692805842,/content/drive/MyDrive/N-MON/ALTRO/spectograms/HOOKED-SAWTOOTH-3-20/1052.npy,HOOKED-SAWTOOTH-3-20
-0.0054827165,-0.0012103289,0.7486292,0.60855347,0.74864924,-1.0012352,0.99060386,1.9918391555547714,-0.0144525645,1.7261556,-0.7448012355505657,-3203125.0,6.808325e-07,1.1899368e-07,0.9056504713444087,0.001775219669846928,/content/drive/MyDrive/N-MON/ALTRO/spectograms/HOOKED-SAWTOOTH-3-20/1053.npy,HOOKED-SAWTOOTH-3-20
0.021553548,0.037527226,0.74783784,0.6057577,0.7481483,-1.0014956,0.99033636,1.9918319880962372,-0.080740295,1.7351431,-0.7627687671503046,-2539062.5,5.963657e-07,1.1086295e-07,0.9075423824985812,0.004509837474226609,/content/drive/MyDrive/N-MON/ALTRO/spectograms/HOOKED-SAWTOOTH-3-20/1054.npy,HOOKED-SAWTOOTH-3-20
0.0103832055,0.029229827,0.75095713,0.61413884,0.7510289,-1.0017002,0.9901731,1.9918732345104218,-0.052217968,1.7144811,-0.7331997445061679,-2539062.5,7.068368e-07,1.1864336e-07,0.8992326784288277,0.004322956843805842,/content/drive/MyDrive/N-MON/ALTRO/spectograms/HOOKED-SAWTOOTH-3-20/1055.npy,HOOKED-SAWTOOTH-3-20
0.015791802,0.030261464,0.71935374,0.56528294,0.71952707,-0.8545427,0.9910303,1.8455729484558105,-0.06775881,1.8714015,-0.7116519898095995,-3203125.0,5.809318e-07,1.0961997e-07,0.904168194464492,0.009065926887616867,/content/drive/MyDrive/N-MON/ALTRO/spectograms/HOOKED-SAWTOOTH-3-20/1056.npy,HOOKED-SAWTOOTH-3-20
-0.015627915,-0.0056070494,0.75314873,0.61577004,0.75331086,-1.0015479,0.9903334,1.99188132584095,0.018022595,1.7075136,-0.7667269599275707,-3203125.0,6.8835334e-07,1.1695041e-07,0.8994336505687843,0.0023494234895987546,/content/drive/MyDrive/N-MON/ALTRO/spectograms/HOOKED-SAWTOOTH-3-20/1057.npy,HOOKED-SAWTOOTH-3-20
0.008330221,0.0070412885,0.75053716,0.61135757,0.75058335,-1.0007241,0.99116135,1.9918854385614395,-0.03782858,1.7197953,-0.76373204721601,-3378906.25,5.5210495e-07,1.0870899e-07,0.8936180784790735,0.0034623514752146114,/content/drive/MyDrive/N-MON/ALTRO/spectograms/HOOKED-SAWTOOTH-3-20/1058.npy,HOOKED-SAWTOOTH-3-20
0.0065230406,0.013873294,0.7536859,0.614583,0.7537141,-1.0015929,0.9903641,1.9919569790363312,-0.029573787,1.7100761,-0.8053388829965843,-3203125.0,6.7078844e-07,1.1627173e-07,0.8968664495931484,0.002591972581296261,/content/drive/MyDrive/N-MON/ALTRO/spectograms/HOOKED-SAWTOOTH-3-20/1059.npy,HOOKED-SAWTOOTH-3-20
0.00901056,0.022285618,0.7546695,0.6133497,0.7547233,-1.0009878,0.9909855,1.9919733703136444,-0.04109276,1.7034664,-0.8130823044370886,-3203125.0,5.9939146e-07,1.0807215e-07,0.8952572127925389,0.0035600833468644702,/content/drive/MyDrive/N-MON/ALTRO/spectograms/HOOKED-SAWTOOTH-3-20/1060.npy,HOOKED-SAWTOOTH-3-20
0.0051642978,0.014936432,0.74661314,0.603984,0.746631,-1.0005056,0.9914497,1.9919552206993103,-0.030133942,1.7350978,-0.7462230715594683,-3203125.0,6.919695e-07,1.156366e-07,0.8935044548460108,0.00747814954792046,/content/drive/MyDrive/N-MON/ALTRO/spectograms/HOOKED-SAWTOOTH-3-20/1061.npy,HOOKED-SAWTOOTH-3-20
0.0045556086,0.01932483,0.7497663,0.6139036,0.7497801,-1.0000285,0.9918653,1.9918937683105469,-0.03729698,1.7195185,-0.739824244966247,-3203125.0,5.590287e-07,1.2144146e-07,0.8990264483816193,0.008325723779196057,/content/drive/MyDrive/N-MON/ALTRO/spectograms/HOOKED-SAWTOOTH-3-20/1062.npy,HOOKED-SAWTOOTH-3-20
0.004770282,0.022225203,0.7488248,0.6075076,0.74884,-1.0009904,0.99093944,1.9919298440217972,-0.03272911,1.729216,-0.778343883218713,-2988281.25,6.7864295e-07,1.1460079e-07,0.8979730014927346,0.0031012790653022833,/content/drive/MyDrive/N-MON/ALTRO/spectograms/HOOKED-SAWTOOTH-3-20/1063.npy,HOOKED-SAWTOOTH-3-20
0.00025198268,0.021880085,0.749509,0.6070891,0.74950904,-1.0013692,0.9905683,1.991937518119812,-0.043068804,1.7251755,-0.7868253327648073,-3203125.0,6.2539533e-07,1.221315e-07,0.8966834521712366,0.005956534965486241,/content/drive/MyDrive/N-MON/ALTRO/spectograms/HOOKED-SAWTOOTH-3-20/1064.npy,HOOKED-SAWTOOTH-3-20
0.0017395559,0.013853317,0.7496866,0.6084194,0.7496887,-1.0016017,0.99034154,1.9919433295726776,-0.028497186,1.7243935,-0.7752119306858339,4667968.75,5.3522905e-07,1.140736e-07,0.899252900175788,0.0027176710718076385,/content/drive/MyDrive/N-MON/ALTRO/spectograms/HOOKED-SAWTOOTH-3-20/1065.npy,HOOKED-SAWTOOTH-3-20
-0.01130253,-0.024616696,0.74791396,0.6142735,0.7479994,-1.000995,0.9908489,1.9918439984321594,0.021778002,1.7189841,-0.6724388453982649,4492187.5,5.5916576e-07,1.2085911e-07,0.9053521055674763,0.002592794071038948,/content/drive/MyDrive/N-MON/ALTRO/spectograms/HOOKED-SAWTOOTH-3-20/1066.npy,HOOKED-SAWTOOTH-3-20
0.005892494,0.003331959,0.75150067,0.61125,0.7515238,-1.000456,0.9915004,1.991956353187561,-0.025763845,1.7182748,-0.7932252299955042,4726562.5,5.1456425e-07,1.149897e-07,0.9012910155511463,0.002565292195798262,/content/drive/MyDrive/N-MON/ALTRO/spectograms/HOOKED-SAWTOOTH-3-20/1067.npy,HOOKED-SAWTOOTH-3-20
-0.007528054,0.0072919945,0.77711105,0.64684016,0.77714753,-1.0004352,0.99150336,1.9919385313987732,-0.009151167,1.6076025,-0.8606240936195492,-3203125.0,6.6892613e-07,1.2067875e-07,0.9013078108908532,0.004696797713611132,/content/drive/MyDrive/N-MON/ALTRO/spectograms/HOOKED-SAWTOOTH-3-20/1068.npy,HOOKED-SAWTOOTH-3-20
-0.008321627,-0.000315155,0.7493078,0.6089122,0.74935406,-1.0000749,0.9917927,1.991867557168007,0.008133207,1.725318,-0.7618206440866252,-3378906.25,5.268872e-07,1.15895766e-07,0.9043245147258767,0.006334441013553214,/content/drive/MyDrive/N-MON/ALTRO/spectograms/HOOKED-SAWTOOTH-3-20/1069.npy,HOOKED-SAWTOOTH-3-20
0.020020619,0.038703743,0.7568691,0.62757564,0.75713384,-1.0000496,0.99167025,1.9917199164628983,-0.07620358,1.6820611,-0.6775844395624865,-3203125.0,4.954062e-07,1.09354104e-07,0.9011428327689259,0.008121642102152151,/content/drive/MyDrive/N-MON/ALTRO/spectograms/HOOKED-SAWTOOTH-3-20/1070.npy,HOOKED-SAWTOOTH-3-20
0.0024590488,-0.00039239362,0.7469885,0.60779375,0.7469925,-1.0001669,0.9917483,1.9919152408838272,-0.013176421,1.7337837,-0.7451355792135291,-4550781.25,5.4824045e-07,1.1588883e-07,0.9058440717647471,0.003518378604514685,/content/drive/MyDrive/N-MON/ALTRO/spectograms/HOOKED-SAWTOOTH-3-20/1071.npy,HOOKED-SAWTOOTH-3-20
0.006959199,-0.0007710669,0.7518427,0.6095428,0.7518749,-1.000555,0.991348,1.991903081536293,-0.025287053,1.7159952,-0.7930468542082522,-3203125.0,6.6150403e-07,1.192077e-07,0.901444642192295,0.0054085210759972505,/content/drive/MyDrive/N-MON/ALTRO/spectograms/HOOKED-SAWTOOTH-3-20/1072.npy,HOOKED-SAWTOOTH-3-20
-0.0075962422,-0.0008321812,0.74915546,0.6079595,0.74919397,-1.0006003,0.99127066,1.9918710887432098,-0.0024390316,1.723809,-0.7496738003784796,4726562.5,5.7741534e-07,1.1765091e-07,0.9011786824727109,0.002707584302571467,/content/drive/MyDrive/N-MON/ALTRO/spectograms/HOOKED-SAWTOOTH-3-20/1073.npy,HOOKED-SAWTOOTH-3-20
-0.00055628776,0.022125028,0.7497614,0.60854673,0.7497615,-1.0011523,0.9907191,1.9918713867664337,-0.035528854,1.7227998,-0.7765875640512131,-3203125.0,7.6382236e-07,1.1840238e-07,0.9045149602775986,0.005579517079945673,/content/drive/MyDrive/N-MON/ALTRO/spectograms/HOOKED-SAWTOOTH-3-20/1074.npy,HOOKED-SAWTOOTH-3-20
-0.003989301,-0.015909165,0.74977624,0.6109279,0.74978685,-1.0001495,0.9917209,1.9918703734874725,0.004061123,1.7223103,-0.7610268445540181,-4707031.25,5.804647e-07,1.1814375e-07,0.9077478553630882,0.002475623750608776,/content/drive/MyDrive/N-MON/ALTRO/spectograms/HOOKED-SAWTOOTH-3-20/1075.npy,HOOKED-SAWTOOTH-3-20
-9.6459866e-05,0.007454193,0.74652916,0.6043043,0.7465292,-1.000259,0.99172425,1.991983324289322,-0.019823467,1.7361335,-0.7569145222733776,-3203125.0,6.9135075e-07,1.170566e-07,0.9021128569195909,0.002990930461288732,/content/drive/MyDrive/N-MON/ALTRO/spectograms/HOOKED-SAWTOOTH-3-20/1076.npy,HOOKED-SAWTOOTH-3-20
0.012452138,0.015059382,0.7531845,0.6081737,0.75328743,-1.0004039,0.99150264,1.9919065088033676,-0.051670305,1.7192979,-0.8588120870861645,-4707031.25,6.018733e-07,1.0940083e-07,0.9000928961316004,0.003971246749758251,/content/drive/MyDrive/N-MON/ALTRO/spectograms/HOOKED-SAWTOOTH-3-20/1077.npy,HOOKED-SAWTOOTH-3-20
0.0033316398,0.014718684,0.7479482,0.6041443,0.7479556,-1.0006695,0.9912699,1.9919393956661224,-0.026747538,1.7315744,-0.7873154643186783,-3203125.0,6.5177244e-07,1.1598465e-07,0.9035418693363793,0.0026020799303195876,/content/drive/MyDrive/N-MON/ALTRO/spectograms/HOOKED-SAWTOOTH-3-20/1078.npy,HOOKED-SAWTOOTH-3-20
-0.0036659078,0.011098358,0.75262856,0.6170709,0.7526375,-1.0004915,0.9913884,1.9918799102306366,-0.021305896,1.7072414,-0.7471058758994388,-2539062.5,6.0498377e-07,1.07826594e-07,0.8968346859147563,0.0037623317024742305,/content/drive/MyDrive/N-MON/ALTRO/spectograms/HOOKED-SAWTOOTH-3-20/1079.npy,HOOKED-SAWTOOTH-3-20
-0.0022708469,-0.0013292803,0.7493121,0.6088711,0.7493156,-1.0012978,0.99061406,1.9919118881225586,-0.0123436125,1.7223003,-0.7516294910184796,-3203125.0,6.6281757e-07,1.1632305e-07,0.9053862933208896,0.002920935941293202,/content/drive/MyDrive/N-MON/ALTRO/spectograms/HOOKED-SAWTOOTH-3-20/1080.npy,HOOKED-SAWTOOTH-3-20
0.016281344,0.03672424,0.7489427,0.60578203,0.7491196,-1.002146,0.9897927,1.9919387698173523,-0.06343833,1.733608,-0.8039493149044389,-3203125.0,5.4330843e-07,1.0700463e-07,0.9022673635280607,0.005530759811522354,/content/drive/MyDrive/N-MON/ALTRO/spectograms/HOOKED-SAWTOOTH-3-20/1081.npy,HOOKED-SAWTOOTH-3-20
0.002971335,0.015401333,0.7503196,0.6091698,0.7503255,-1.0000128,0.99194735,1.9919601380825043,-0.01586849,1.725114,-0.8022264188909133,-3203125.0,7.084344e-07,1.14910684e-07,0.897793818286151,0.0025673932999341446,/content/drive/MyDrive/N-MON/ALTRO/spectograms/HOOKED-SAWTOOTH-3-20/1082.npy,HOOKED-SAWTOOTH-3-20
-0.009652896,-0.031728256,0.71659476,0.56999135,0.7166597,-0.5082531,0.99139285,1.4996459782123566,0.05212188,1.8727707,-0.6285444006360957,-4707031.25,5.142982e-07,1.0854126e-07,0.9053250314505971,0.017044085849849688,/content/drive/MyDrive/N-MON/ALTRO/spectograms/HOOKED-SAWTOOTH-3-20/1083.npy,HOOKED-SAWTOOTH-3-20
-0.0053771054,-0.008656539,0.7503309,0.6123395,0.75035024,-1.0005938,0.99129605,1.9918898940086365,-0.001989923,1.7167857,-0.7361980730178593,-2539062.5,6.914819e-07,1.1414916e-07,0.8990935217054783,0.0025129842984697648,/content/drive/MyDrive/N-MON/ALTRO/spectograms/HOOKED-SAWTOOTH-3-20/1084.npy,HOOKED-SAWTOOTH-3-20
0.0044228844,0.011377512,0.7524365,0.61313784,0.7524495,-1.0002105,0.99168676,1.9918973296880722,-0.026172103,1.7112787,-0.7656010281442241,-2539062.5,5.9650944e-07,1.2154311e-07,0.8929016982637813,0.0029319125673692823,/content/drive/MyDrive/N-MON/ALTRO/spectograms/HOOKED-SAWTOOTH-3-20/1085.npy,HOOKED-SAWTOOTH-3-20
0.013944239,0.040629923,0.7477916,0.6056079,0.7479216,-1.0020843,0.9897298,1.9918140769004822,-0.08535935,1.736678,-0.7708573013908052,4609375.0,5.7329123e-07,1.1494993e-07,0.8976475543673671,0.0034409726188920947,/content/drive/MyDrive/N-MON/ALTRO/spectograms/HOOKED-SAWTOOTH-3-20/1086.npy,HOOKED-SAWTOOTH-3-20
-0.0055370363,0.015315015,0.7479069,0.6099024,0.74792737,-1.0003617,0.9915842,1.991945892572403,-0.021952836,1.726426,-0.739596284208469,-3203125.0,6.235849e-07,1.2065051e-07,0.8990409004166252,0.0038953022494165636,/content/drive/MyDrive/N-MON/ALTRO/spectograms/HOOKED-SAWTOOTH-3-20/1087.npy,HOOKED-SAWTOOTH-3-20
-0.0050690123,-0.009144118,0.74650204,0.60348445,0.74651927,-1.0011107,0.99083304,1.991943746805191,-0.0058147516,1.7363237,-0.7597628961743493,-4609375.0,5.315399e-07,1.155346e-07,0.8942728597618804,0.0042693497406126124,/content/drive/MyDrive/N-MON/ALTRO/spectograms/HOOKED-SAWTOOTH-3-20/1088.npy,HOOKED-SAWTOOTH-3-20
0.0033007069,-0.00088531245,0.8600242,0.8047241,0.86003053,-1.0008421,0.99116397,1.992006003856659,-0.01426542,1.2571715,-0.7084070007374567,-2988281.25,8.596188e-07,1.462737e-07,0.9135792920514945,0.004431810508254258,/content/drive/MyDrive/N-MON/ALTRO/spectograms/HOOKED-SAWTOOTH-3-20/1089.npy,HOOKED-SAWTOOTH-3-20
-0.00496022,-0.017416555,0.75231916,0.61685777,0.75233555,-1.0017713,0.9901203,1.991891622543335,-0.00027397485,1.7073536,-0.7457073404882718,-4609375.0,5.5260097e-07,1.15827405e-07,0.8980898393459025,0.0028297888777746804,/content/drive/MyDrive/N-MON/ALTRO/spectograms/HOOKED-SAWTOOTH-3-20/1090.npy,HOOKED-SAWTOOTH-3-20
0.0040432033,0.046050325,0.7531431,0.6120111,0.7531539,-1.0007654,0.9911524,1.9919178634881973,-0.058940858,1.712835,-0.8289936639134013,-3203125.0,4.450191e-07,1.0898715e-07,0.896095085675807,0.004023491243854319,/content/drive/MyDrive/N-MON/ALTRO/spectograms/HOOKED-SAWTOOTH-3-20/1091.npy,HOOKED-SAWTOOTH-3-20
-0.009124744,0.007964581,0.7523917,0.6166849,0.752447,-0.9996575,0.99225676,1.9919142723083496,0.00078254787,1.7071416,-0.750039076870607,4667968.75,6.368208e-07,1.1778775e-07,0.8991362773132876,0.0034040976016638394,/content/drive/MyDrive/N-MON/ALTRO/spectograms/HOOKED-SAWTOOTH-3-20/1092.npy,HOOKED-SAWTOOTH-3-20
0.014706159,0.022121534,0.75161034,0.6141561,0.75175416,-1.0010598,0.99074864,1.991808459162712,-0.067522936,1.7119125,-0.72786817554245,-3203125.0,4.4324983e-07,1.09891175e-07,0.9031930026889834,0.004119101281363379,/content/drive/MyDrive/N-MON/ALTRO/spectograms/HOOKED-SAWTOOTH-3-20/1093.npy,HOOKED-SAWTOOTH-3-20
0.0057713897,0.047224157,0.77387804,0.64908886,0.77389956,-0.99945664,0.9924085,1.9918652176856995,-0.06165135,1.615111,-0.7855727416490322,-2539062.5,6.5468976e-07,1.13809065e-07,0.9143488604638824,0.015343030076603576,/content/drive/MyDrive/N-MON/ALTRO/spectograms/HOOKED-SAWTOOTH-3-20/1094.npy,HOOKED-SAWTOOTH-3-20
0.0012993488,0.006978033,0.7510549,0.6130126,0.75105596,-1.0007745,0.9910852,1.9918596595525742,-0.028217316,1.7138854,-0.7381428647405174,-3203125.0,4.4952657e-07,1.1100023e-07,0.9000654589056678,0.005680270712406605,/content/drive/MyDrive/N-MON/ALTRO/spectograms/HOOKED-SAWTOOTH-3-20/1095.npy,HOOKED-SAWTOOTH-3-20
-0.0029353914,-0.002093208,0.74775887,0.60511035,0.7477646,-1.0020299,0.9898771,1.9919069707393646,-0.016857533,1.7346668,-0.7755683200870599,4667968.75,5.516422e-07,1.0540385e-07,0.9012524806324441,0.003179944098635387,/content/drive/MyDrive/N-MON/ALTRO/spectograms/HOOKED-SAWTOOTH-3-20/1096.npy,HOOKED-SAWTOOTH-3-20
0.004763998,0.014812407,0.7496463,0.61308765,0.74966145,-1.0005243,0.99138755,1.9919118732213974,-0.03266881,1.718622,-0.7218229580871515,-3203125.0,5.1446307e-07,1.1196755e-07,0.9069834711124107,0.0022034529110606495,/content/drive/MyDrive/N-MON/ALTRO/spectograms/HOOKED-SAWTOOTH-3-20/1097.npy,HOOKED-SAWTOOTH-3-20
-0.0019347458,-0.008803695,0.7543008,0.6143922,0.7543033,-1.0008613,0.99102515,1.9918864518404007,-0.0029986477,1.7039497,-0.7977393965809033,4667968.75,4.8664083e-07,1.081284e-07,0.9220116626281663,0.016657067979343815,/content/drive/MyDrive/N-MON/ALTRO/spectograms/HOOKED-SAWTOOTH-3-20/1098.npy,HOOKED-SAWTOOTH-3-20
0.0009029982,0.022945957,0.7475955,0.60577255,0.74759597,-1.0003345,0.9915364,1.9918709695339203,-0.028013863,1.7349077,-0.7793018443371552,-2656250.0,4.4679103e-07,1.12484386e-07,0.9045657829328485,0.002381686057588631,/content/drive/MyDrive/N-MON/ALTRO/spectograms/HOOKED-SAWTOOTH-3-20/1099.npy,HOOKED-SAWTOOTH-3-20
-0.01069965,-0.015986644,0.7456539,0.6004029,0.7457307,-1.0003016,0.99156874,1.9918703585863113,0.013644868,1.7452966,-0.787841297440311,-2539062.5,4.5802437e-07,1.0555575e-07,0.9044824213587767,0.005645511639998039,/content/drive/MyDrive/N-MON/ALTRO/spectograms/HOOKED-SAWTOOTH-3-20/1100.npy,HOOKED-SAWTOOTH-3-20
-0.004140811,-0.0012036064,0.75146645,0.61404926,0.7514778,-1.0011113,0.990809,1.9919202476739883,-0.009300246,1.714519,-0.7728872672849249,-3203125.0,5.6410437e-07,1.1342728e-07,0.9051351974649597,0.0024676181275742133,/content/drive/MyDrive/N-MON/ALTRO/spectograms/HOOKED-SAWTOOTH-3-20/1101.npy,HOOKED-SAWTOOTH-3-20
0.016124291,0.030356728,0.750053,0.61163276,0.75022626,-1.0007727,0.99115276,1.9919254034757614,-0.062697105,1.7230039,-0.7563577662290132,-4765625.0,5.3183464e-07,1.0537654e-07,0.9046676014752433,0.004276002957199758,/content/drive/MyDrive/N-MON/ALTRO/spectograms/HOOKED-SAWTOOTH-3-20/1102.npy,HOOKED-SAWTOOTH-3-20
-0.0039612507,-0.009403221,0.75157917,0.60942847,0.75158966,-1.0013647,0.99056447,1.9919292479753494,0.0026100923,1.7160375,-0.7897307472568508,-3203125.0,5.7200896e-07,1.14275686e-07,0.9083027261222866,0.0035207192328469,/content/drive/MyDrive/N-MON/ALTRO/spectograms/HOOKED-SAWTOOTH-3-20/1103.npy,HOOKED-SAWTOOTH-3-20
0.016924178,0.030944046,0.7500902,0.6115868,0.7502811,-1.0000002,0.9918182,1.9918183982372284,-0.06381633,1.7224499,-0.7475296363035319,4785156.25,4.934367e-07,1.0619553e-07,0.9021496021137366,0.006597068123632207,/content/drive/MyDrive/N-MON/ALTRO/spectograms/HOOKED-SAWTOOTH-3-20/1104.npy,HOOKED-SAWTOOTH-3-20
-0.008708772,0.0021980233,0.7536368,0.6178129,0.7536871,-1.0015478,0.9903097,1.9918575435876846,0.0004736179,1.7022192,-0.7434585985767762,-3203125.0,5.6657075e-07,1.1459731e-07,0.9034545679091099,0.0033776375603427142,/content/drive/MyDrive/N-MON/ALTRO/spectograms/HOOKED-SAWTOOTH-3-20/1105.npy,HOOKED-SAWTOOTH-3-20
-0.0026876798,0.0071586804,0.7497716,0.61413467,0.7497764,-1.0005395,0.9913018,1.991841346025467,-0.007639957,1.7162495,-0.7161755914078337,-4707031.25,4.3337192e-07,1.0719087e-07,0.9071617746969933,0.003940261404551006,/content/drive/MyDrive/N-MON/ALTRO/spectograms/HOOKED-SAWTOOTH-3-20/1106.npy,HOOKED-SAWTOOTH-3-20
-0.0040159286,-0.008703465,0.7525216,0.6122277,0.75253236,-1.0008059,0.9911212,1.9919270128011703,-0.0022500784,1.7132293,-0.7842162036819539,-4667968.75,6.651496e-07,1.0675295e-07,0.904559186145018,0.0026546287666251492,/content/drive/MyDrive/N-MON/ALTRO/spectograms/HOOKED-SAWTOOTH-3-20/1107.npy,HOOKED-SAWTOOTH-3-20
0.0060927137,0.0056617362,0.74961257,0.61444825,0.7496373,-1.0019042,0.98999417,1.9918984919786453,-0.026703931,1.7167245,-0.709137427286426,-2656250.0,5.089046e-07,1.0777508e-07,0.9038279161838947,0.006168210889981457,/content/drive/MyDrive/N-MON/ALTRO/spectograms/HOOKED-SAWTOOTH-3-20/1108.npy,HOOKED-SAWTOOTH-3-20
0.011496684,0.0292238,0.7515,0.6130941,0.7515879,-1.0017978,0.9901154,1.991913229227066,-0.050251037,1.716761,-0.7753683805704493,-4667968.75,5.9558613e-07,1.0640134e-07,0.9014892844100466,0.004544341358698386,/content/drive/MyDrive/N-MON/ALTRO/spectograms/HOOKED-SAWTOOTH-3-20/1109.npy,HOOKED-SAWTOOTH-3-20
0.016205847,0.037752196,0.75124824,0.61546826,0.75142306,-1.0012903,0.99046564,1.9917559921741486,-0.07405618,1.7133998,-0.7299519617557789,-2988281.25,6.020339e-07,1.11378576e-07,0.9034241790332224,0.0061242618145614,/content/drive/MyDrive/N-MON/ALTRO/spectograms/HOOKED-SAWTOOTH-3-20/1110.npy,HOOKED-SAWTOOTH-3-20
-0.01044239,-0.008333532,0.7449293,0.5991137,0.74500245,-1.0004045,0.9915664,1.9919708669185638,0.0072629703,1.744562,-0.7565848079894782,4609375.0,6.203366e-07,1.0525388e-07,0.9032399449608635,0.003134134806365488,/content/drive/MyDrive/N-MON/ALTRO/spectograms/HOOKED-SAWTOOTH-3-20/1111.npy,HOOKED-SAWTOOTH-3-20
0.012277254,0.021636033,0.7529764,0.61381596,0.7530765,-1.0014935,0.9904068,1.9919002652168274,-0.051226232,1.713521,-0.7970868369798653,-2539062.5,5.7726425e-07,1.1028018e-07,0.894641122417517,0.0039921717973776,/content/drive/MyDrive/N-MON/ALTRO/spectograms/HOOKED-SAWTOOTH-3-20/1112.npy,HOOKED-SAWTOOTH-3-20
-0.022517247,-0.025601452,0.7505978,0.6118276,0.75093544,-1.0018964,0.98999023,1.9918866753578186,0.034338176,1.719525,-0.7569705135565591,-4667968.75,5.466254e-07,1.06065734e-07,0.8971833293443807,0.00263259590614311,/content/drive/MyDrive/N-MON/ALTRO/spectograms/HOOKED-SAWTOOTH-3-20/1113.npy,HOOKED-SAWTOOTH-3-20
0.005186571,0.014454866,0.7535686,0.6118349,0.7535864,-1.000851,0.9910436,1.991894707083702,-0.037692614,1.7123383,-0.8311457724539492,-2656250.0,6.2811586e-07,1.0945645e-07,0.8968358354597717,0.003269274094004087,/content/drive/MyDrive/N-MON/ALTRO/spectograms/HOOKED-SAWTOOTH-3-20/1114.npy,HOOKED-SAWTOOTH-3-20
-0.0071634636,-0.0013700358,0.74937004,0.60744905,0.74940425,-1.0013254,0.9906504,1.9919757097959518,-0.0027718686,1.7241006,-0.7681351551485635,-2539062.5,6.5674556e-07,1.17539834e-07,0.8940072488896808,0.002604930408349567,/content/drive/MyDrive/N-MON/ALTRO/spectograms/HOOKED-SAWTOOTH-3-20/1115.npy,HOOKED-SAWTOOTH-3-20
0.010415192,0.023374576,0.7459207,0.6078103,0.7459934,-0.99993694,0.9919281,1.9918650388717651,-0.047490712,1.7382908,-0.732239196835237,-2656250.0,6.0877426e-07,1.07480545e-07,0.8977854007113105,0.002749499380976178,/content/drive/MyDrive/N-MON/ALTRO/spectograms/HOOKED-SAWTOOTH-3-20/1116.npy,HOOKED-SAWTOOTH-3-20
-0.010196879,-0.016404033,0.7508546,0.61090684,0.7509239,-1.0006365,0.99131644,1.9919528514146805,0.021258384,1.7183948,-0.7627721587998205,-3203125.0,5.467016e-07,1.0614876e-07,0.8960430989553745,0.0036055247898254764,/content/drive/MyDrive/N-MON/ALTRO/spectograms/HOOKED-SAWTOOTH-3-20/1117.npy,HOOKED-SAWTOOTH-3-20
-0.005910824,-0.00066293107,0.74567544,0.6066064,0.7456988,-1.0003309,0.9914471,1.991778016090393,0.011333073,1.7340631,-0.706596178296449,-2656250.0,5.471181e-07,1.0691614e-07,0.8973575948406323,0.005605976858727316,/content/drive/MyDrive/N-MON/ALTRO/spectograms/HOOKED-SAWTOOTH-3-20/1118.npy,HOOKED-SAWTOOTH-3-20
-0.009273167,-0.017236058,0.74855703,0.6073331,0.7486145,-1.0013853,0.9904941,1.9918794482946396,0.014825825,1.7272673,-0.7626984586099842,-4667968.75,5.2175636e-07,1.0630649e-07,0.8962981894132716,0.0032688329856366953,/content/drive/MyDrive/N-MON/ALTRO/spectograms/HOOKED-SAWTOOTH-3-20/1119.npy,HOOKED-SAWTOOTH-3-20
-0.013856716,-0.0011970894,0.75491893,0.6147838,0.75504607,-1.00092,0.9909698,1.9918898791074753,0.008385221,1.7033297,-0.8048456086065069,-3203125.0,6.6808684e-07,1.07072694e-07,0.8957977440523797,0.004945004716683819,/content/drive/MyDrive/N-MON/ALTRO/spectograms/HOOKED-SAWTOOTH-3-20/1120.npy,HOOKED-SAWTOOTH-3-20
0.0045638476,0.013757963,0.74861366,0.60852116,0.74862754,-1.0016482,0.9902683,1.9919164329767227,-0.031249326,1.7269007,-0.7514155817798845,4667968.75,5.2973365e-07,1.053903e-07,0.8965090948029827,0.004683494982612118,/content/drive/MyDrive/N-MON/ALTRO/spectograms/HOOKED-SAWTOOTH-3-20/1121.npy,HOOKED-SAWTOOTH-3-20
-0.00080698205,-0.008231093,0.7516942,0.60709363,0.7516946,-1.000147,0.99176955,1.9919164776802063,0.0022468308,1.7200111,-0.8226641334939996,-2539062.5,4.7747085e-07,1.1337522e-07,0.8969841568196735,0.0036339436809999376,/content/drive/MyDrive/N-MON/ALTRO/spectograms/HOOKED-SAWTOOTH-3-20/1122.npy,HOOKED-SAWTOOTH-3-20
-0.0077165575,-0.016600506,0.7465561,0.60462624,0.74659604,-1.0009477,0.99093217,1.991879865527153,0.010772462,1.7361845,-0.7467883564847498,4667968.75,5.7372586e-07,1.0625444e-07,0.8976535090799002,0.003009004150317425,/content/drive/MyDrive/N-MON/ALTRO/spectograms/HOOKED-SAWTOOTH-3-20/1123.npy,HOOKED-SAWTOOTH-3-20
-0.014442268,-0.03326738,0.7536859,0.6113222,0.7538243,-1.0020157,0.9899051,1.9919208884239197,0.04094009,1.7126803,-0.8351773248095188,19531.25,4.9900433e-07,1.0595252e-07,0.9161225638618183,0.013593622478536835,/content/drive/MyDrive/N-MON/ALTRO/spectograms/HOOKED-SAWTOOTH-3-20/1124.npy,HOOKED-SAWTOOTH-3-20
0.023560178,0.03851933,0.7446915,0.59808743,0.7450641,-1.0003079,0.99152946,1.991837427020073,-0.081786945,1.7564387,-0.8206945080009646,-4609375.0,4.7084626e-07,1.06305755e-07,0.8982459895597181,0.0022207516572564064,/content/drive/MyDrive/N-MON/ALTRO/spectograms/HOOKED-SAWTOOTH-3-20/1125.npy,HOOKED-SAWTOOTH-3-20
0.0013989997,-0.0020124246,0.74938035,0.6075401,0.74938154,-1.0018414,0.9900906,1.9919320940971375,-0.0135487765,1.7228088,-0.7445732436180884,-3203125.0,5.8534874e-07,1.1604687e-07,0.8977818420409265,0.006529264227653225,/content/drive/MyDrive/N-MON/ALTRO/spectograms/HOOKED-SAWTOOTH-3-20/1126.npy,HOOKED-SAWTOOTH-3-20
-0.01646112,-0.024341626,0.7295198,0.5862628,0.7297055,-1.0008657,0.990837,1.9917027354240417,0.026753085,1.8135383,-0.6848625510873535,4667968.75,5.016182e-07,1.0020392e-07,0.90070069529707,0.0034717893064944816,/content/drive/MyDrive/N-MON/ALTRO/spectograms/HOOKED-SAWTOOTH-3-20/1127.npy,HOOKED-SAWTOOTH-3-20
0.011819682,0.037375595,0.75208336,0.6099887,0.75217617,-1.0014393,0.9904238,1.9918631464242935,-0.066377185,1.716789,-0.7996942601977254,-4218750.0,5.1308473e-07,1.17134334e-07,0.8997816167390652,0.0050027326164556836,/content/drive/MyDrive/N-MON/ALTRO/spectograms/HOOKED-SAWTOOTH-3-20/1128.npy,HOOKED-SAWTOOTH-3-20
-0.008218534,-0.001588447,0.7486464,0.6047589,0.74869156,-1.0015012,0.99045163,1.991952821612358,-0.0013171263,1.7316072,-0.79593607388329,4667968.75,4.9239685e-07,1.08812074e-07,0.9016005254020097,0.0029755045947865402,/content/drive/MyDrive/N-MON/ALTRO/spectograms/HOOKED-SAWTOOTH-3-20/1129.npy,HOOKED-SAWTOOTH-3-20
-0.0050345478,0.021470953,0.75166196,0.6120466,0.7516788,-1.0017269,0.99010646,1.991833359003067,-0.021181047,1.7163568,-0.7949232241737408,-4726562.5,5.9549404e-07,1.1733531e-07,0.8987773192863653,0.004888419768248283,/content/drive/MyDrive/N-MON/ALTRO/spectograms/HOOKED-SAWTOOTH-3-20/1130.npy,HOOKED-SAWTOOTH-3-20
0.012742465,0.015066219,0.764279,0.6254029,0.7643852,-1.0005693,0.991378,1.9919473081827164,-0.046139643,1.667239,-0.8726048000382748,-3437500.0,5.619996e-07,1.1841696e-07,0.905197921834197,0.004718725638810962,/content/drive/MyDrive/N-MON/ALTRO/spectograms/HOOKED-SAWTOOTH-3-20/1131.npy,HOOKED-SAWTOOTH-3-20
0.0025122757,0.006001391,0.7506539,0.6118711,0.75065815,-1.0015738,0.9902983,1.991872102022171,-0.023441298,1.7189205,-0.7626670857523888,-4726562.5,5.9763863e-07,1.18790155e-07,0.9077495103029964,0.002097896794713994,/content/drive/MyDrive/N-MON/ALTRO/spectograms/HOOKED-SAWTOOTH-3-20/1132.npy,HOOKED-SAWTOOTH-3-20
-0.00025408174,-0.0012115594,0.7527663,0.61380297,0.7527663,-1.0013038,0.9906273,1.9919310957193375,-0.0100983875,1.7122728,-0.786647585294297,-4765625.0,5.032331e-07,1.1057432e-07,0.9048024970484871,0.006797555891160187,/content/drive/MyDrive/N-MON/ALTRO/spectograms/HOOKED-SAWTOOTH-3-20/1133.npy,HOOKED-SAWTOOTH-3-20
0.001282259,-0.0045985035,0.7497337,0.60882425,0.74973476,-1.000531,0.99139947,1.991930440068245,-0.007222579,1.7249249,-0.7814221405734739,-4726562.5,6.7082067e-07,1.19444e-07,0.9049835225407155,0.004110874111302331,/content/drive/MyDrive/N-MON/ALTRO/spectograms/HOOKED-SAWTOOTH-3-20/1134.npy,HOOKED-SAWTOOTH-3-20
-0.015101045,-0.00949971,0.75172806,0.6158962,0.7518797,-1.0017602,0.9900911,1.9918513596057892,0.021820128,1.7113783,-0.7603564499354746,-4765625.0,5.078309e-07,1.11227834e-07,0.9042642981279376,0.0041479438487181716,/content/drive/MyDrive/N-MON/ALTRO/spectograms/HOOKED-SAWTOOTH-3-20/1135.npy,HOOKED-SAWTOOTH-3-20
-0.004171995,-0.0014695729,0.751227,0.6143921,0.75123864,-1.0012528,0.9906487,1.9919014424085617,-0.010483136,1.7157246,-0.7634809176624816,-3203125.0,6.2329445e-07,1.056082e-07,0.9232111937476539,0.013500065088462255,/content/drive/MyDrive/N-MON/ALTRO/spectograms/HOOKED-SAWTOOTH-3-20/1136.npy,HOOKED-SAWTOOTH-3-20
-0.004194878,0.005902068,0.748071,0.6107784,0.74808276,-1.001656,0.9902166,1.9918726831674576,-0.011789515,1.7256684,-0.7175350173754681,-4765625.0,5.2752796e-07,1.1161812e-07,0.9044564621748956,0.0024936418723978063,/content/drive/MyDrive/N-MON/ALTRO/spectograms/HOOKED-SAWTOOTH-3-20/1137.npy,HOOKED-SAWTOOTH-3-20
0.0002778611,0.0074287187,0.7478305,0.6113747,0.7478305,-1.0003848,0.9915297,1.9919144660234451,-0.016198503,1.7251107,-0.7118182433920631,4550781.25,5.9772225e-07,1.2039126e-07,0.9063027477034009,0.0016666240152527897,/content/drive/MyDrive/N-MON/ALTRO/spectograms/HOOKED-SAWTOOTH-3-20/1138.npy,HOOKED-SAWTOOTH-3-20
-0.00034671163,-0.0010311573,0.74930006,0.6043031,0.74930006,-1.000943,0.99097776,1.9919207245111465,-0.010577558,1.7304387,-0.8200488014413133,-4765625.0,5.36987e-07,1.1235119e-07,0.9043855873720011,0.004617434588359125,/content/drive/MyDrive/N-MON/ALTRO/spectograms/HOOKED-SAWTOOTH-3-20/1139.npy,HOOKED-SAWTOOTH-3-20
-0.0024040842,-0.017223306,0.75181484,0.6109666,0.7518188,-1.0014327,0.9904567,1.9918892830610275,0.00032887055,1.7140867,-0.772071449722148,4550781.25,7.2605076e-07,1.2197658e-07,0.9005994744064627,0.007296282655588446,/content/drive/MyDrive/N-MON/ALTRO/spectograms/HOOKED-SAWTOOTH-3-20/1140.npy,HOOKED-SAWTOOTH-3-20
0.00525438,-0.0010437879,0.7504168,0.61154974,0.7504352,-1.000947,0.9909434,1.9918903857469559,-0.016654747,1.7232003,-0.7887245822513328,-4550781.25,5.0769796e-07,1.1345368e-07,0.9058509308725377,0.004001840220197239,/content/drive/MyDrive/N-MON/ALTRO/spectograms/HOOKED-SAWTOOTH-3-20/1141.npy,HOOKED-SAWTOOTH-3-20
-0.009083788,-0.016546126,0.7502349,0.6062797,0.7502899,-1.0008109,0.991011,1.9918219149112701,0.019367231,1.7241933,-0.8072062942788244,-3203125.0,5.2368745e-07,1.0557326e-07,0.9239589238894336,0.010443338871642628,/content/drive/MyDrive/N-MON/ALTRO/spectograms/HOOKED-SAWTOOTH-3-20/1142.npy,HOOKED-SAWTOOTH-3-20
-0.012252176,-0.016996274,0.746722,0.60243523,0.7468225,-1.001136,0.9906628,1.991798758506775,0.016185379,1.7398448,-0.7874409427826149,4726562.5,5.203317e-07,1.1454607e-07,0.9003613997832259,0.0032136345094091663,/content/drive/MyDrive/N-MON/ALTRO/spectograms/HOOKED-SAWTOOTH-3-20/1143.npy,HOOKED-SAWTOOTH-3-20
0.009474401,0.029472059,0.7505647,0.6134874,0.7506245,-1.0014559,0.99036825,1.9918241500854492,-0.05481598,1.7185934,-0.746797381979552,-3203125.0,5.4871526e-07,1.07423254e-07,0.9031989089534991,0.003703646174858259,/content/drive/MyDrive/N-MON/ALTRO/spectograms/HOOKED-SAWTOOTH-3-20/1144.npy,HOOKED-SAWTOOTH-3-20
0.0048519326,0.0063438583,0.7527556,0.61077857,0.75277126,-1.001346,0.9905846,1.9919306337833405,-0.029187227,1.7155752,-0.8131017337301457,-4765625.0,4.9703164e-07,1.16038485e-07,0.9051321533951373,0.004533804228926858,/content/drive/MyDrive/N-MON/ALTRO/spectograms/HOOKED-SAWTOOTH-3-20/1145.npy,HOOKED-SAWTOOTH-3-20
-0.006757307,-0.008540215,0.74822867,0.6054289,0.7482592,-1.000485,0.99142706,1.9919119626283646,0.011351523,1.731898,-0.7875419844592227,-3203125.0,5.2381256e-07,1.08087434e-07,0.9060028797531146,0.006472347841181035,/content/drive/MyDrive/N-MON/ALTRO/spectograms/HOOKED-SAWTOOTH-3-20/1146.npy,HOOKED-SAWTOOTH-3-20
-0.006869682,-0.0076595834,0.7488542,0.60355306,0.7488857,-0.9995879,0.9923053,1.991893157362938,0.010308654,1.7330668,-0.8158306370722094,-4707031.25,5.546995e-07,1.16520305e-07,0.9000333638270573,0.0029605942716344896,/content/drive/MyDrive/N-MON/ALTRO/spectograms/HOOKED-SAWTOOTH-3-20/1147.npy,HOOKED-SAWTOOTH-3-20
-0.010238845,-0.02402123,0.75032765,0.6077798,0.75039756,-1.0003018,0.9915377,1.9918395429849625,0.025984386,1.7214614,-0.7734024383819574,-3203125.0,5.1414423e-07,1.09044805e-07,0.9041801993843074,0.0045980514609283325,/content/drive/MyDrive/N-MON/ALTRO/spectograms/HOOKED-SAWTOOTH-3-20/1148.npy,HOOKED-SAWTOOTH-3-20
0.000855217,0.038511466,0.7493289,0.6150212,0.7493294,-1.000533,0.99134636,1.991879403591156,-0.044107538,1.7180154,-0.7117919421089925,4726562.5,4.9273314e-07,1.0677647e-07,0.9263875482550316,0.014862201625845917,/content/drive/MyDrive/N-MON/ALTRO/spectograms/HOOKED-SAWTOOTH-3-20/1149.npy,HOOKED-SAWTOOTH-3-20
0.0007651329,-0.017150033,0.7495929,0.6088748,0.7495933,-1.001385,0.99057496,1.9919599741697311,-0.0014272451,1.7237607,-0.7698188886208507,-4667968.75,5.3411196e-07,1.09832484e-07,0.9009303143136352,0.0033382230449356736,/content/drive/MyDrive/N-MON/ALTRO/spectograms/HOOKED-SAWTOOTH-3-20/1150.npy,HOOKED-SAWTOOTH-3-20
-0.0074253487,0.0059773605,0.75329393,0.6182374,0.7533305,-1.0015932,0.990304,1.9918972253799438,-0.008585287,1.7032659,-0.7499865205881334,-3203125.0,5.3003356e-07,1.0614792e-07,0.903166036309518,0.004976283903169053,/content/drive/MyDrive/N-MON/ALTRO/spectograms/HOOKED-SAWTOOTH-3-20/1151.npy,HOOKED-SAWTOOTH-3-20
-0.00012880706,-0.0010551038,0.75544447,0.6207882,0.7554445,-1.0008599,0.9910612,1.9919210523366928,-0.011834886,1.6947223,-0.7523189440602379,4550781.25,5.188555e-07,1.11408454e-07,0.9035207100296455,0.0025617097710224418,/content/drive/MyDrive/N-MON/ALTRO/spectograms/HOOKED-SAWTOOTH-3-20/1152.npy,HOOKED-SAWTOOTH-3-20
0.011313933,0.03036296,0.7495453,0.6063445,0.74963063,-1.0007061,0.9910957,1.9918018132448196,-0.05123142,1.7291842,-0.7969814693248615,-2988281.25,5.405612e-07,1.0568354e-07,0.9039553259259869,0.010954673425006558,/content/drive/MyDrive/N-MON/ALTRO/spectograms/HOOKED-SAWTOOTH-3-20/1153.npy,HOOKED-SAWTOOTH-3-20
-0.000448524,-0.0025214818,0.7537316,0.61840403,0.7537318,-1.0023175,0.989627,1.9919446110725403,-0.0057892213,1.7038248,-0.7654088930631816,4609375.0,5.7839685e-07,1.1171445e-07,0.9007171041782693,0.002401364525570145,/content/drive/MyDrive/N-MON/ALTRO/spectograms/HOOKED-SAWTOOTH-3-20/1154.npy,HOOKED-SAWTOOTH-3-20
0.013165161,0.022039019,0.75027466,0.6062345,0.7503902,-1.0011225,0.9907845,1.9919070452451706,-0.051572673,1.7261674,-0.8143696851914514,-2539062.5,5.644941e-07,1.0610127e-07,0.89749897329432,0.002638502565069202,/content/drive/MyDrive/N-MON/ALTRO/spectograms/HOOKED-SAWTOOTH-3-20/1155.npy,HOOKED-SAWTOOTH-3-20
0.0060521555,0.029387418,0.75012577,0.6134035,0.7501502,-1.0017843,0.99012625,1.9919106364250183,-0.04475043,1.7210091,-0.7586559090792281,-4667968.75,5.8048204e-07,1.1216547e-07,0.9004813865911345,0.002128976937689793,/content/drive/MyDrive/N-MON/ALTRO/spectograms/HOOKED-SAWTOOTH-3-20/1156.npy,HOOKED-SAWTOOTH-3-20
0.0060957987,0.015684295,0.75038654,0.6145488,0.75041133,-0.99989545,0.99192786,1.9918233305215836,-0.038798172,1.7164448,-0.7274059043007038,-2539062.5,4.7050523e-07,1.05932344e-07,0.8995439269113024,0.006472471590326502,/content/drive/MyDrive/N-MON/ALTRO/spectograms/HOOKED-SAWTOOTH-3-20/1157.npy,HOOKED-SAWTOOTH-3-20
-0.0074494216,-0.009217488,0.7522538,0.6161102,0.75229067,-1.0013251,0.9905594,1.9918845295906067,-0.002093944,1.7084144,-0.7493158523362552,4609375.0,4.982739e-07,1.1367473e-07,0.9000571197534373,0.00287681990380347,/content/drive/MyDrive/N-MON/ALTRO/spectograms/HOOKED-SAWTOOTH-3-20/1158.npy,HOOKED-SAWTOOTH-3-20
-0.01339947,-0.03287556,0.74673194,0.6088261,0.7468521,-1.0013301,0.9903172,1.9916473627090454,0.03437424,1.7302681,-0.7065118067833601,-2539062.5,5.1219166e-07,1.0542035e-07,0.9184960520680308,0.016434289363548394,/content/drive/MyDrive/N-MON/ALTRO/spectograms/HOOKED-SAWTOOTH-3-20/1159.npy,HOOKED-SAWTOOTH-3-20
-0.0029340377,-0.008937973,0.7547162,0.61836314,0.7547219,-1.0009732,0.9909903,1.9919634610414505,-0.001973227,1.7014936,-0.7744630471669353,-2656250.0,5.7011687e-07,1.1408262e-07,0.8996280161883738,0.004070946070944995,/content/drive/MyDrive/N-MON/ALTRO/spectograms/HOOKED-SAWTOOTH-3-20/1160.npy,HOOKED-SAWTOOTH-3-20
-0.0087865405,-0.00012971727,0.7497709,0.611343,0.7498224,-0.9999317,0.99203163,1.991963341832161,0.0026323667,1.7223705,-0.7607408984034222,-4648437.5,5.2708776e-07,1.0664331e-07,0.9069057830921872,0.0027583278604501648,/content/drive/MyDrive/N-MON/ALTRO/spectograms/HOOKED-SAWTOOTH-3-20/1161.npy,HOOKED-SAWTOOTH-3-20
-0.009030712,-0.0015335293,0.75224745,0.6142185,0.75230175,-1.0014907,0.9903996,1.9918902963399887,-0.0036850446,1.7096862,-0.7482752687298567,-3203125.0,5.62947e-07,1.15263916e-07,0.8976365199737524,0.004825184295919216,/content/drive/MyDrive/N-MON/ALTRO/spectograms/HOOKED-SAWTOOTH-3-20/1162.npy,HOOKED-SAWTOOTH-3-20
-0.002478878,0.023017187,0.750881,0.6137914,0.75088507,-1.0002575,0.9916642,1.991921603679657,-0.031417485,1.7109405,-0.7242228597176937,-3203125.0,5.8500797e-07,1.2087794e-07,0.9014914824244936,0.0046736171493872315,/content/drive/MyDrive/N-MON/ALTRO/spectograms/HOOKED-SAWTOOTH-3-20/1163.npy,HOOKED-SAWTOOTH-3-20
0.0019610338,0.021614727,0.75275975,0.6175062,0.7527624,-1.0015912,0.99033827,1.991929441690445,-0.03215501,1.707824,-0.7563274777696033,-3203125.0,5.8158673e-07,1.1568946e-07,0.8996447271132888,0.0025778419401907404,/content/drive/MyDrive/N-MON/ALTRO/spectograms/HOOKED-SAWTOOTH-3-20/1164.npy,HOOKED-SAWTOOTH-3-20
0.0127349915,0.022260344,0.7509024,0.6114276,0.75101036,-1.0010595,0.990826,1.9918855279684067,-0.051189665,1.721165,-0.7797037599964575,-2539062.5,5.971075e-07,1.2020692e-07,0.8949246655634965,0.002983400086758874,/content/drive/MyDrive/N-MON/ALTRO/spectograms/HOOKED-SAWTOOTH-3-20/1165.npy,HOOKED-SAWTOOTH-3-20
0.004375132,0.007259652,0.75394964,0.61861867,0.7539623,-1.0005505,0.9913473,1.9918977320194244,-0.031108879,1.7003196,-0.756542096166478,-4667968.75,7.109176e-07,1.1663066e-07,0.8972055781446231,0.0031570471991293953,/content/drive/MyDrive/N-MON/ALTRO/spectograms/HOOKED-SAWTOOTH-3-20/1166.npy,HOOKED-SAWTOOTH-3-20
0.0015943417,-0.0010522318,0.7748299,0.6406885,0.7748316,-1.0008373,0.99118376,1.9920211285352707,-0.007646404,1.6205912,-0.8864397592830732,-3203125.0,5.9408075e-07,1.1705592e-07,0.905210051160606,0.016962503175086498,/content/drive/MyDrive/N-MON/ALTRO/spectograms/HOOKED-SAWTOOTH-3-20/1167.npy,HOOKED-SAWTOOTH-3-20
0.003921445,0.015040126,0.75182897,0.61419785,0.7518392,-1.0004616,0.9914471,1.9919087290763855,-0.032348905,1.7156528,-0.7774705773675016,-4667968.75,6.100111e-07,1.1683875e-07,0.8953499649649859,0.0034739076702535016,/content/drive/MyDrive/N-MON/ALTRO/spectograms/HOOKED-SAWTOOTH-3-20/1168.npy,HOOKED-SAWTOOTH-3-20
-0.0034022485,0.0063033057,0.7496465,0.61145324,0.7496542,-1.001307,0.9906025,1.9919095188379288,-0.017478483,1.7208064,-0.7430112825258127,-4648437.5,4.7243358e-07,1.10075035e-07,0.8935004893248671,0.0037521363828187586,/content/drive/MyDrive/N-MON/ALTRO/spectograms/HOOKED-SAWTOOTH-3-20/1169.npy,HOOKED-SAWTOOTH-3-20
0.0005326438,0.015326925,0.75186443,0.6140445,0.7518646,-1.0002632,0.99168676,1.9919500350952148,-0.02660514,1.7125309,-0.7599993897012559,4667968.75,6.4842834e-07,1.1782505e-07,0.8971896324270949,0.0022599658735014635,/content/drive/MyDrive/N-MON/ALTRO/spectograms/HOOKED-SAWTOOTH-3-20/1170.npy,HOOKED-SAWTOOTH-3-20
0.0021453914,0.022222739,0.7509745,0.60711765,0.7509776,-1.0009778,0.99095005,1.9919277429580688,-0.036228996,1.7236716,-0.8189466384103207,-3203125.0,4.2829961e-07,1.1058485e-07,0.8977842222525594,0.004073736679335703,/content/drive/MyDrive/N-MON/ALTRO/spectograms/HOOKED-SAWTOOTH-3-20/1171.npy,HOOKED-SAWTOOTH-3-20
0.0051186,0.018241975,0.7452753,0.600999,0.7452929,-1.0011934,0.99074876,1.991942211985588,-0.04288963,1.7432845,-0.7582133592748656,4667968.75,6.6745235e-07,1.18610316e-07,0.8955088047863557,0.002845130463379802,/content/drive/MyDrive/N-MON/ALTRO/spectograms/HOOKED-SAWTOOTH-3-20/1172.npy,HOOKED-SAWTOOTH-3-20
0.00473203,0.014667189,0.74889195,0.6098367,0.74890685,-1.0007298,0.9911592,1.991889014840126,-0.03160248,1.7256604,-0.7362542409641081,-3203125.0,6.6788755e-07,1.164544e-07,0.8888839195997017,0.005057500775320788,/content/drive/MyDrive/N-MON/ALTRO/spectograms/HOOKED-SAWTOOTH-3-20/1173.npy,HOOKED-SAWTOOTH-3-20
0.00064147473,-0.0007933865,0.7523952,0.6132382,0.7523954,-1.0007632,0.9911827,1.9919458329677582,-0.017785069,1.7108623,-0.7754904842888629,4609375.0,6.432609e-07,1.1974991e-07,0.8994152505651553,0.0031766468126483583,/content/drive/MyDrive/N-MON/ALTRO/spectograms/HOOKED-SAWTOOTH-3-20/1174.npy,HOOKED-SAWTOOTH-3-20
0.0065791835,0.007051812,0.75354195,0.610832,0.7535707,-1.0007483,0.99120545,1.9919537901878357,-0.036527496,1.7136226,-0.8417644379927652,-3203125.0,6.831919e-07,1.16506534e-07,0.896760152316531,0.00282789283803757,/content/drive/MyDrive/N-MON/ALTRO/spectograms/HOOKED-SAWTOOTH-3-20/1175.npy,HOOKED-SAWTOOTH-3-20
0.005978894,0.0065074293,0.7543083,0.61637217,0.75433195,-1.0011207,0.990765,1.9918856024742126,-0.031414486,1.7040206,-0.771289829356789,4667968.75,7.9756234e-07,1.2091033e-07,0.8999595170166972,0.0036176101062683434,/content/drive/MyDrive/N-MON/ALTRO/spectograms/HOOKED-SAWTOOTH-3-20/1176.npy,HOOKED-SAWTOOTH-3-20
-0.0014997816,0.034233637,0.75147855,0.6113231,0.75148004,-1.0008247,0.99111015,1.991934821009636,-0.038607273,1.7144449,-0.7831340157372139,-2539062.5,4.946084e-07,1.13903155e-07,0.8975186833097968,0.005389781639144374,/content/drive/MyDrive/N-MON/ALTRO/spectograms/HOOKED-SAWTOOTH-3-20/1177.npy,HOOKED-SAWTOOTH-3-20
-0.0071586547,-0.016494859,0.74761194,0.60504144,0.7476462,-1.0006179,0.9912707,1.9918885976076126,0.022989478,1.7327583,-0.770211670601583,-3378906.25,6.834533e-07,1.2154185e-07,0.8962858439237646,0.0034017386139391,/content/drive/MyDrive/N-MON/ALTRO/spectograms/HOOKED-SAWTOOTH-3-20/1178.npy,HOOKED-SAWTOOTH-3-20
-0.006773842,0.006846152,0.75142694,0.6156725,0.75145745,-1.0006895,0.9911419,1.9918313324451447,0.0061270334,1.7108083,-0.7399382332554821,-3203125.0,6.140046e-07,1.1436824e-07,0.8951027948729088,0.0035926130154592083,/content/drive/MyDrive/N-MON/ALTRO/spectograms/HOOKED-SAWTOOTH-3-20/1179.npy,HOOKED-SAWTOOTH-3-20
-0.020797938,-0.04857557,0.7103147,0.55576575,0.71061915,-0.66578656,0.717052,1.3828385919332504,0.062349595,1.9156744,-0.6920771425483344,-2988281.25,5.584776e-07,1.0586493e-07,0.9171647000969321,0.016820580670305535,/content/drive/MyDrive/N-MON/ALTRO/spectograms/HOOKED-SAWTOOTH-3-20/1180.npy,HOOKED-SAWTOOTH-3-20
0.00019217681,0.015261456,0.74796355,0.6038153,0.74796355,-1.0002354,0.9916799,1.991915374994278,-0.029023694,1.7325236,-0.7779712561609317,-3203125.0,6.3891656e-07,1.127963e-07,0.8980212473873738,0.004252364770277762,/content/drive/MyDrive/N-MON/ALTRO/spectograms/HOOKED-SAWTOOTH-3-20/1181.npy,HOOKED-SAWTOOTH-3-20
-0.01992772,-0.018134281,0.7512372,0.61406004,0.7515015,-1.0021604,0.9896757,1.9918361604213715,0.03351093,1.7137846,-0.7505257074772144,-4609375.0,5.799087e-07,1.0585514e-07,0.899711782068926,0.002841328671726326,/content/drive/MyDrive/N-MON/ALTRO/spectograms/HOOKED-SAWTOOTH-3-20/1182.npy,HOOKED-SAWTOOTH-3-20
-0.012634846,-0.008227701,0.7538745,0.6172347,0.7539804,-1.0004269,0.99146533,1.9918922781944275,0.01501969,1.7051325,-0.7715811964780271,-2539062.5,5.841769e-07,1.1250159e-07,0.8965438347384832,0.0043931424957173015,/content/drive/MyDrive/N-MON/ALTRO/spectograms/HOOKED-SAWTOOTH-3-20/1183.npy,HOOKED-SAWTOOTH-3-20
-0.0064439327,-0.00046172738,0.75085664,0.6115877,0.75088423,-1.0002646,0.9915984,1.9918631166219711,0.006801238,1.7160001,-0.7514210845481167,4667968.75,7.082456e-07,1.2033736e-07,0.9008159629145573,0.0037996032310913127,/content/drive/MyDrive/N-MON/ALTRO/spectograms/HOOKED-SAWTOOTH-3-20/1184.npy,HOOKED-SAWTOOTH-3-20
-0.005809957,-0.0006679605,0.7496264,0.6086705,0.749649,-1.0006906,0.9912305,1.991921067237854,-0.0073779225,1.7217302,-0.7614525422346096,-3203125.0,6.4697906e-07,1.11003914e-07,0.9010964985897405,0.007043487743591305,/content/drive/MyDrive/N-MON/ALTRO/spectograms/HOOKED-SAWTOOTH-3-20/1185.npy,HOOKED-SAWTOOTH-3-20
-0.0016215448,-0.0009835244,0.7458642,0.60245985,0.74586606,-1.0007209,0.9911848,1.9919056445360184,-0.007570399,1.7393775,-0.7540612471627607,-3378906.25,6.290055e-07,1.18995075e-07,0.903396761204064,0.002710211120494476,/content/drive/MyDrive/N-MON/ALTRO/spectograms/HOOKED-SAWTOOTH-3-20/1186.npy,HOOKED-SAWTOOTH-3-20
-0.012351695,-0.023624089,0.75232977,0.6114386,0.7524312,-0.9999523,0.99185914,1.9918114840984344,0.03377371,1.7149633,-0.8023148208924865,4707031.25,6.695033e-07,1.1782451e-07,0.9041028717592372,0.01144652979837663,/content/drive/MyDrive/N-MON/ALTRO/spectograms/HOOKED-SAWTOOTH-3-20/1187.npy,HOOKED-SAWTOOTH-3-20
-0.0038353032,-0.008981757,0.7512654,0.6144198,0.7512752,-1.001137,0.99080074,1.9919377267360687,-0.009993046,1.7154174,-0.76592674069585,-3203125.0,5.691484e-07,1.1768942e-07,0.8997711274999918,0.002955313981305013,/content/drive/MyDrive/N-MON/ALTRO/spectograms/HOOKED-SAWTOOTH-3-20/1188.npy,HOOKED-SAWTOOTH-3-20
-0.009869837,-0.0013504936,0.75271636,0.6165513,0.7527811,-1.0012897,0.9906143,1.991904079914093,0.004259856,1.7065724,-0.7494629508379599,-4433593.75,5.5693556e-07,1.1907726e-07,0.8996065204796038,0.006182602495770087,/content/drive/MyDrive/N-MON/ALTRO/spectograms/HOOKED-SAWTOOTH-3-20/1189.npy,HOOKED-SAWTOOTH-3-20
-0.0068890764,0.014068671,0.7471371,0.603947,0.7471688,-1.0014405,0.9903972,1.9918377101421356,-0.01510616,1.7330087,-0.7584767531468498,-2539062.5,6.165579e-07,1.1717674e-07,0.9023557384520839,0.0034862666837385714,/content/drive/MyDrive/N-MON/ALTRO/spectograms/HOOKED-SAWTOOTH-3-20/1190.npy,HOOKED-SAWTOOTH-3-20
0.0014299821,0.0065201763,0.74882466,0.6089967,0.748826,-1.0010945,0.9908166,1.9919110983610153,-0.023525367,1.7272109,-0.7674473166965338,-4726562.5,5.5281544e-07,1.1870706e-07,0.8955186397542582,0.004870130204908575,/content/drive/MyDrive/N-MON/ALTRO/spectograms/HOOKED-SAWTOOTH-3-20/1191.npy,HOOKED-SAWTOOTH-3-20
0.0067805727,0.015302792,0.75163746,0.6166482,0.75166804,-1.0001606,0.99175805,1.9919186532497406,-0.024120936,1.7095212,-0.7331553888701122,-4609375.0,5.5137366e-07,1.11916194e-07,0.900036762522575,0.002439082558421936,/content/drive/MyDrive/N-MON/ALTRO/spectograms/HOOKED-SAWTOOTH-3-20/1192.npy,HOOKED-SAWTOOTH-3-20
0.0035362924,-0.005256914,0.7500271,0.6045711,0.7500354,-1.0011952,0.9906895,1.9918846487998962,-0.011382039,1.7272123,-0.8146906747790333,-4726562.5,5.414984e-07,1.1971667e-07,0.8980018507274073,0.004601638428531202,/content/drive/MyDrive/N-MON/ALTRO/spectograms/HOOKED-SAWTOOTH-3-20/1193.npy,HOOKED-SAWTOOTH-3-20
-0.002355011,0.007177262,0.7521456,0.618863,0.7521493,-1.0004045,0.99146885,1.991873323917389,-0.0177722,1.7019962,-0.6931492804477114,4667968.75,5.199219e-07,1.1239709e-07,0.9023824382896166,0.004488148251009929,/content/drive/MyDrive/N-MON/ALTRO/spectograms/HOOKED-SAWTOOTH-3-20/1194.npy,HOOKED-SAWTOOTH-3-20
-0.012893463,-0.03561397,0.77890986,0.6549394,0.77901655,-1.0003108,0.9916644,1.99197518825531,0.034866158,1.5957757,-0.8079387368556105,-2988281.25,5.2357757e-07,1.176539e-07,0.9287443638937651,0.012986350712796586,/content/drive/MyDrive/N-MON/ALTRO/spectograms/HOOKED-SAWTOOTH-3-20/1195.npy,HOOKED-SAWTOOTH-3-20
-0.013806311,-0.0010768115,0.75231993,0.61747396,0.7524466,-1.0008919,0.9909832,1.9918751269578934,0.0045240317,1.7097311,-0.7555820308876325,-2988281.25,5.2690035e-07,1.12581574e-07,0.9010549752586234,0.006058273826445243,/content/drive/MyDrive/N-MON/ALTRO/spectograms/HOOKED-SAWTOOTH-3-20/1196.npy,HOOKED-SAWTOOTH-3-20
0.00010675812,0.022161223,0.7521996,0.6128646,0.7521996,-1.0010979,0.9908172,1.9919151067733765,-0.029298062,1.7144165,-0.7853362804950895,4550781.25,4.5223305e-07,1.0602204e-07,0.8978898135777975,0.006555974986029964,/content/drive/MyDrive/N-MON/ALTRO/spectograms/HOOKED-SAWTOOTH-3-20/1197.npy,HOOKED-SAWTOOTH-3-20
-0.007993806,-0.0011397063,0.75237304,0.6155572,0.7524155,-1.0011181,0.9907795,1.9918976128101349,-0.006578207,1.7111843,-0.771148353162107,-2988281.25,5.694061e-07,1.1372155e-07,0.9041007457476005,0.006150271263976583,/content/drive/MyDrive/N-MON/ALTRO/spectograms/HOOKED-SAWTOOTH-3-20/1198.npy,HOOKED-SAWTOOTH-3-20
0.008976952,0.015100167,0.7523561,0.6112847,0.75240964,-1.000239,0.9916955,1.9919345676898956,-0.03700022,1.7145069,-0.7910854115571074,-3203125.0,6.8761324e-07,1.2207092e-07,0.8969248219470785,0.005472428919417099,/content/drive/MyDrive/N-MON/ALTRO/spectograms/HOOKED-SAWTOOTH-3-20/1199.npy,HOOKED-SAWTOOTH-3-20
-0.010875663,-0.016029876,0.75139403,0.61409354,0.75147265,-1.000254,0.99163216,1.9918861836194992,0.014985377,1.717075,-0.7743108664558039,4667968.75,4.7297993e-07,1.1460932e-07,0.9049121173722046,0.004858250233510372,/content/drive/MyDrive/N-MON/ALTRO/spectograms/HOOKED-SAWTOOTH-3-20/1200.npy,HOOKED-SAWTOOTH-3-20
-0.0081972405,-0.008429618,0.7517617,0.6121414,0.7518064,-1.0005947,0.9912942,1.9918889552354813,0.0042301808,1.7136106,-0.760829305272937,-3203125.0,6.828883e-07,1.2107418e-07,0.8980254171465085,0.005169531725205605,/content/drive/MyDrive/N-MON/ALTRO/spectograms/HOOKED-SAWTOOTH-3-20/1201.npy,HOOKED-SAWTOOTH-3-20
-0.0004393549,-0.007898152,0.7531404,0.61525434,0.7531405,-1.0000608,0.99189836,1.9919592291116714,-0.006713083,1.7068408,-0.7610318151183711,-3378906.25,5.199031e-07,1.1570708e-07,0.9015826019672266,0.004875984636424616,/content/drive/MyDrive/N-MON/ALTRO/spectograms/HOOKED-SAWTOOTH-3-20/1202.npy,HOOKED-SAWTOOTH-3-20
0.01713134,0.022421408,0.75020874,0.6121311,0.7504043,-1.0009499,0.99080855,1.9917583614587784,-0.06750875,1.7198092,-0.7387079428237869,-2988281.25,5.86036e-07,1.2065406e-07,0.9076174352656794,0.003088998920814975,/content/drive/MyDrive/N-MON/ALTRO/spectograms/HOOKED-SAWTOOTH-3-20/1203.npy,HOOKED-SAWTOOTH-3-20
0.0029660068,0.0067550866,0.7465807,0.6056564,0.74658656,-1.000895,0.99095327,1.9918483048677444,-0.024257021,1.7343106,-0.7229194293807374,-4765625.0,5.3151166e-07,1.1622766e-07,0.903015233508276,0.005782148873291957,/content/drive/MyDrive/N-MON/ALTRO/spectograms/HOOKED-SAWTOOTH-3-20/1204.npy,HOOKED-SAWTOOTH-3-20
-0.0014480858,0.010714924,0.74751747,0.6068067,0.74751884,-1.0008472,0.99107385,1.9919210523366928,-0.013932058,1.73279,-0.7535994498546358,-3203125.0,6.955966e-07,1.1856433e-07,0.9037571083873785,0.00303766624584586,/content/drive/MyDrive/N-MON/ALTRO/spectograms/HOOKED-SAWTOOTH-3-20/1205.npy,HOOKED-SAWTOOTH-3-20
0.00018885518,-0.008946305,0.74679303,0.6039444,0.74679303,-1.0010766,0.9908124,1.9918890297412872,-0.014422814,1.7378844,-0.7838487917718845,-4765625.0,6.8338977e-07,1.16972295e-07,0.9045492867845002,0.004638627252512733,/content/drive/MyDrive/N-MON/ALTRO/spectograms/HOOKED-SAWTOOTH-3-20/1206.npy,HOOKED-SAWTOOTH-3-20
0.00058805273,-0.017075155,0.783021,0.65522736,0.78302115,-1.0012401,0.9907672,1.9920073598623276,0.000937521,1.5830668,-0.8759406238307684,-3203125.0,6.905864e-07,1.18739564e-07,0.9127140011965491,0.012600928908261285,/content/drive/MyDrive/N-MON/ALTRO/spectograms/HOOKED-SAWTOOTH-3-20/1207.npy,HOOKED-SAWTOOTH-3-20
0.01052082,0.0075644916,0.7495115,0.61317515,0.74958533,-1.0002389,0.9916343,1.9918732643127441,-0.038190242,1.7206912,-0.7353221970830816,-4765625.0,6.2089015e-07,1.1727205e-07,0.9070687723637587,0.002780865764915825,/content/drive/MyDrive/N-MON/ALTRO/spectograms/HOOKED-SAWTOOTH-3-20/1208.npy,HOOKED-SAWTOOTH-3-20
0.00032605935,-0.016584039,0.73340505,0.5861312,0.7334051,-1.0008283,0.99102885,1.9918571561574936,-0.0068773497,1.7962372,-0.7262044854467612,-3203125.0,5.5954587e-07,1.0518711e-07,0.916220899063269,0.014163982300746395,/content/drive/MyDrive/N-MON/ALTRO/spectograms/HOOKED-SAWTOOTH-3-20/1209.npy,HOOKED-SAWTOOTH-3-20
9.862423e-06,0.006652411,0.7520026,0.6090236,0.7520026,-1.000913,0.9910627,1.9919757544994354,-0.007576573,1.7190168,-0.8208969605735811,-4550781.25,6.1675695e-07,1.18872066e-07,0.9055903605724911,0.006490055080953793,/content/drive/MyDrive/N-MON/ALTRO/spectograms/HOOKED-SAWTOOTH-3-20/1210.npy,HOOKED-SAWTOOTH-3-20
0.0028861302,0.0067397943,0.7504461,0.6069343,0.75045156,-1.001092,0.99079835,1.9918902218341827,-0.012727665,1.7240525,-0.8160194181864774,4550781.25,5.2592446e-07,1.11892476e-07,0.9037792067766309,0.0028350313515416257,/content/drive/MyDrive/N-MON/ALTRO/spectograms/HOOKED-SAWTOOTH-3-20/1211.npy,HOOKED-SAWTOOTH-3-20
-0.0028402081,-0.001828367,0.7515444,0.61491454,0.7515497,-1.0017701,0.9901594,1.9919295608997345,-0.010710357,1.710871,-0.737147092528308,-4765625.0,6.401603e-07,1.2005725e-07,0.9063745107494461,0.004058354919305909,/content/drive/MyDrive/N-MON/ALTRO/spectograms/HOOKED-SAWTOOTH-3-20/1212.npy,HOOKED-SAWTOOTH-3-20
-0.008512977,-0.016195029,0.74923146,0.6123152,0.74927974,-1.0004783,0.9914046,1.9918828904628754,0.014941585,1.7210171,-0.7318970867908005,-3203125.0,5.9912065e-07,1.1278878e-07,0.9054777584715054,0.0032021049528909136,/content/drive/MyDrive/N-MON/ALTRO/spectograms/HOOKED-SAWTOOTH-3-20/1213.npy,HOOKED-SAWTOOTH-3-20
-0.0038219744,-0.0011413884,0.7494622,0.60660183,0.749472,-1.0008663,0.9910301,1.9918964505195618,-0.0043984037,1.7255968,-0.7735931676077376,4726562.5,6.688688e-07,1.2121535e-07,0.9034045042337274,0.00536386668646777,/content/drive/MyDrive/N-MON/ALTRO/spectograms/HOOKED-SAWTOOTH-3-20/1214.npy,HOOKED-SAWTOOTH-3-20
-0.0051489836,-0.024394248,0.7502664,0.60705453,0.7502841,-1.0007093,0.9912414,1.9919506758451462,0.015634691,1.7232535,-0.7990354755840682,-3203125.0,5.0910285e-07,1.13228765e-07,0.9074163846861318,0.003253432754558362,/content/drive/MyDrive/N-MON/ALTRO/spectograms/HOOKED-SAWTOOTH-3-20/1215.npy,HOOKED-SAWTOOTH-3-20
-0.0038169676,-0.0014220315,0.7510754,0.6108388,0.75108516,-1.001112,0.99074507,1.9918570220470428,0.004800682,1.7187692,-0.7856507154168099,-4765625.0,5.5749155e-07,1.0556393e-07,0.9052624071509591,0.0038369994436540703,/content/drive/MyDrive/N-MON/ALTRO/spectograms/HOOKED-SAWTOOTH-3-20/1216.npy,HOOKED-SAWTOOTH-3-20
0.006893255,0.017916739,0.752205,0.61839694,0.75223655,-1.0014492,0.99045295,1.9919022023677826,-0.040918678,1.707835,-0.7349923560601691,-3203125.0,5.512499e-07,1.1455761e-07,0.9040990673543613,0.006985555804460551,/content/drive/MyDrive/N-MON/ALTRO/spectograms/HOOKED-SAWTOOTH-3-20/1217.npy,HOOKED-SAWTOOTH-3-20
-0.01556761,-0.031628042,0.74922633,0.60542077,0.74938804,-1.0003215,0.9916086,1.9919301122426987,0.03990661,1.7294651,-0.7971469261355911,-4492187.5,4.77118e-07,1.059132e-07,0.9065423991979221,0.002964178786544645,/content/drive/MyDrive/N-MON/ALTRO/spectograms/HOOKED-SAWTOOTH-3-20/1218.npy,HOOKED-SAWTOOTH-3-20
0.003838283,0.022709737,0.74861723,0.60379434,0.74862707,-1.0007337,0.99118793,1.9919216483831406,-0.050504904,1.7309415,-0.8030266885916088,-3203125.0,6.136295e-07,1.14853876e-07,0.9046166322912197,0.00457214867098502,/content/drive/MyDrive/N-MON/ALTRO/spectograms/HOOKED-SAWTOOTH-3-20/1219.npy,HOOKED-SAWTOOTH-3-20
-0.011169217,-0.008542061,0.7901173,0.6698789,0.79019624,-1.0005298,0.9914056,1.9919354319572449,0.007423369,1.5526257,-0.8593523503628467,-3203125.0,5.6831897e-07,1.2066255e-07,0.9118620691132073,0.0042117809667962915,/content/drive/MyDrive/N-MON/ALTRO/spectograms/HOOKED-SAWTOOTH-3-20/1220.npy,HOOKED-SAWTOOTH-3-20
-0.011444634,-0.008865386,0.7503279,0.613069,0.75041515,-1.0008545,0.9910338,1.99188831448555,0.010035885,1.7175441,-0.7493391032703177,4550781.25,5.5128453e-07,1.15407516e-07,0.9013315519912763,0.005560704962191006,/content/drive/MyDrive/N-MON/ALTRO/spectograms/HOOKED-SAWTOOTH-3-20/1221.npy,HOOKED-SAWTOOTH-3-20
0.0047160718,0.0384503,0.7494941,0.6112498,0.7495089,-1.000494,0.99138296,1.9918769598007202,-0.060766242,1.7233579,-0.7568662294449401,-2539062.5,6.3299365e-07,1.1983833e-07,0.9071327808469383,0.00551104152847142,/content/drive/MyDrive/N-MON/ALTRO/spectograms/HOOKED-SAWTOOTH-3-20/1222.npy,HOOKED-SAWTOOTH-3-20
-0.0052457885,-0.0011337596,0.7523384,0.6150881,0.7523567,-1.0010687,0.990743,1.9918117076158524,0.007821909,1.7094866,-0.7621017485829605,-3203125.0,6.5967055e-07,1.1118573e-07,0.9010590430067889,0.0036006082271210767,/content/drive/MyDrive/N-MON/ALTRO/spectograms/HOOKED-SAWTOOTH-3-20/1223.npy,HOOKED-SAWTOOTH-3-20
-0.010518635,-0.008575201,0.7485714,0.6128175,0.74864525,-1.0004828,0.99138653,1.991869330406189,0.0067599025,1.7252115,-0.742818817323574,-3378906.25,5.62244e-07,1.18062516e-07,0.9073971634161493,0.0027621919528923976,/content/drive/MyDrive/N-MON/ALTRO/spectograms/HOOKED-SAWTOOTH-3-20/1224.npy,HOOKED-SAWTOOTH-3-20
-0.00014359046,-0.0009261139,0.7497832,0.606563,0.74978334,-1.0008235,0.9911252,1.9919487088918686,-0.012955372,1.7239014,-0.7742781346029562,-2539062.5,6.356927e-07,1.1070805e-07,0.9057479869809887,0.0040040267563042405,/content/drive/MyDrive/N-MON/ALTRO/spectograms/HOOKED-SAWTOOTH-3-20/1225.npy,HOOKED-SAWTOOTH-3-20
-0.002797894,-0.00053185876,0.74808913,0.608112,0.7480944,-1.0003709,0.99157494,1.9919458329677582,-0.0078050857,1.7297112,-0.7634176241229539,-2539062.5,6.189201e-07,1.17586474e-07,0.9048541287717747,0.0032838372453535677,/content/drive/MyDrive/N-MON/ALTRO/spectograms/HOOKED-SAWTOOTH-3-20/1226.npy,HOOKED-SAWTOOTH-3-20
-0.007866326,-0.017390497,0.7505655,0.6063124,0.7506067,-1.0014974,0.9903921,1.991889476776123,0.016966937,1.7231704,-0.8137413722560424,4550781.25,6.7208816e-07,1.1790607e-07,0.9058298452923834,0.002994848391389604,/content/drive/MyDrive/N-MON/ALTRO/spectograms/HOOKED-SAWTOOTH-3-20/1227.npy,HOOKED-SAWTOOTH-3-20
0.0042180666,0.014208408,0.7465207,0.6020643,0.74653256,-1.001226,0.9906413,1.9918672293424606,-0.034121275,1.7408236,-0.7789715663389335,-2539062.5,6.2712076e-07,1.1668287e-07,0.90296662799243,0.006538492711919924,/content/drive/MyDrive/N-MON/ALTRO/spectograms/HOOKED-SAWTOOTH-3-20/1228.npy,HOOKED-SAWTOOTH-3-20
0.004833024,0.01446032,0.75218755,0.61552685,0.7522031,-1.0009289,0.99100345,1.9919323772192001,-0.028387759,1.7087052,-0.7406025964971025,4550781.25,6.459216e-07,1.1988288e-07,0.9025914945238179,0.0066149998171876265,/content/drive/MyDrive/N-MON/ALTRO/spectograms/HOOKED-SAWTOOTH-3-20/1229.npy,HOOKED-SAWTOOTH-3-20
0.00031314182,-0.0013646334,0.7660431,0.6286046,0.7660432,-1.0011506,0.99079704,1.9919477105140686,-0.009745467,1.6575974,-0.8716375148301801,-3203125.0,6.162152e-07,1.161631e-07,0.9079696072526244,0.0046879193530880055,/content/drive/MyDrive/N-MON/ALTRO/spectograms/HOOKED-SAWTOOTH-3-20/1230.npy,HOOKED-SAWTOOTH-3-20
0.0037950946,-0.0010574467,0.74835443,0.6091684,0.74836403,-1.0008368,0.9910909,1.9919277429580688,-0.020108096,1.7250788,-0.7335160972096305,-3203125.0,6.3039533e-07,1.2026493e-07,0.904991821889569,0.003152084511841367,/content/drive/MyDrive/N-MON/ALTRO/spectograms/HOOKED-SAWTOOTH-3-20/1231.npy,HOOKED-SAWTOOTH-3-20
-0.00026917554,-0.0014530001,0.7519846,0.6162843,0.75198466,-1.0012643,0.9906097,1.9918740838766098,-0.0084019005,1.7107608,-0.7591781110230801,-4765625.0,4.9370055e-07,1.1209029e-07,0.9025552960413558,0.005359496048199101,/content/drive/MyDrive/N-MON/ALTRO/spectograms/HOOKED-SAWTOOTH-3-20/1232.npy,HOOKED-SAWTOOTH-3-20
-0.0052278643,-0.01636366,0.75623214,0.6162865,0.75625026,-1.0005867,0.9913349,1.9919217079877853,0.009242888,1.6948783,-0.7947727231390004,4550781.25,5.352355e-07,1.0859743e-07,0.9237957108430233,0.012571808165402588,/content/drive/MyDrive/N-MON/ALTRO/spectograms/HOOKED-SAWTOOTH-3-20/1233.npy,HOOKED-SAWTOOTH-3-20
0.0101234885,0.030147195,0.7530171,0.6155294,0.7530852,-1.0008178,0.99105895,1.9918766766786575,-0.043594453,1.7105211,-0.7812168259854692,-2539062.5,5.258008e-07,1.1283262e-07,0.9042248674866273,0.00760079745184316,/content/drive/MyDrive/N-MON/ALTRO/spectograms/HOOKED-SAWTOOTH-3-20/1234.npy,HOOKED-SAWTOOTH-3-20
0.00060626556,0.022305744,0.7493189,0.60949266,0.74931914,-1.0009308,0.9909407,1.9918715059757233,-0.031620476,1.7235631,-0.7582576567021527,-4726562.5,6.6557334e-07,1.2154376e-07,0.9053531274819091,0.004151692113264517,/content/drive/MyDrive/N-MON/ALTRO/spectograms/HOOKED-SAWTOOTH-3-20/1235.npy,HOOKED-SAWTOOTH-3-20
0.012161038,0.02232492,0.748247,0.61449707,0.74834585,-1.0010186,0.99079734,1.9918160140514374,-0.054049015,1.7219955,-0.6943730275692747,-2539062.5,5.0705086e-07,1.13380764e-07,0.907093194809442,0.0031802519468614007,/content/drive/MyDrive/N-MON/ALTRO/spectograms/HOOKED-SAWTOOTH-3-20/1236.npy,HOOKED-SAWTOOTH-3-20
0.000567225,0.00668661,0.74956083,0.606276,0.7495611,-1.0010744,0.9908042,1.991878628730774,-0.024250375,1.7261784,-0.7880965155514447,-3203125.0,7.7575754e-07,1.2216066e-07,0.9008194362864421,0.005516771080445817,/content/drive/MyDrive/N-MON/ALTRO/spectograms/HOOKED-SAWTOOTH-3-20/1237.npy,HOOKED-SAWTOOTH-3-20
0.00022051859,0.021538217,0.7493728,0.6064409,0.7493728,-1.0018655,0.99012285,1.991988405585289,-0.035338238,1.7298203,-0.8071334511385927,-2539062.5,4.805551e-07,1.1454578e-07,0.9064051846443506,0.0025627927728882295,/content/drive/MyDrive/N-MON/ALTRO/spectograms/HOOKED-SAWTOOTH-3-20/1238.npy,HOOKED-SAWTOOTH-3-20
0.0027902785,0.030026104,0.7489582,0.6071123,0.7489633,-1.0010607,0.99083495,1.9918956458568573,-0.047267366,1.7270094,-0.7736583997523311,-3203125.0,6.801439e-07,1.206165e-07,0.8995490532172459,0.00316286323471238,/content/drive/MyDrive/N-MON/ALTRO/spectograms/HOOKED-SAWTOOTH-3-20/1239.npy,HOOKED-SAWTOOTH-3-20
-0.012096867,-0.01633867,0.7505847,0.61363155,0.7506823,-1.0004697,0.99138045,1.9918501377105713,0.01979152,1.7172898,-0.7456864574283452,-4765625.0,5.3476293e-07,1.1501983e-07,0.9059726349346329,0.0034182308874927698,/content/drive/MyDrive/N-MON/ALTRO/spectograms/HOOKED-SAWTOOTH-3-20/1240.npy,HOOKED-SAWTOOTH-3-20
-0.009250644,-0.008514041,0.7508846,0.6115126,0.7509416,-1.000485,0.9913997,1.9918846637010574,0.0065224473,1.7183053,-0.771873286181541,-3203125.0,6.772449e-07,1.1963905e-07,0.899237489292597,0.0054169486689387755,/content/drive/MyDrive/N-MON/ALTRO/spectograms/HOOKED-SAWTOOTH-3-20/1241.npy,HOOKED-SAWTOOTH-3-20
0.0012061748,0.022904836,0.7523966,0.6112976,0.75239754,-1.000432,0.99146533,1.9918973445892334,-0.029847855,1.7134497,-0.7873267744180376,-4550781.25,5.241181e-07,1.1687237e-07,0.9087352344587495,0.0030165834462609936,/content/drive/MyDrive/N-MON/ALTRO/spectograms/HOOKED-SAWTOOTH-3-20/1242.npy,HOOKED-SAWTOOTH-3-20
0.0022429992,0.021992918,0.74968946,0.6066155,0.7496928,-1.0012993,0.9906032,1.9919025301933289,-0.0326597,1.7289561,-0.8114918225097353,-3203125.0,6.2502784e-07,1.1931968e-07,0.9032306907490621,0.0037190195342923786,/content/drive/MyDrive/N-MON/ALTRO/spectograms/HOOKED-SAWTOOTH-3-20/1243.npy,HOOKED-SAWTOOTH-3-20
0.010343603,0.029295899,0.7518316,0.61407363,0.75190276,-1.0016278,0.99025774,1.991885557770729,-0.05208872,1.7128525,-0.7622376244742856,-4765625.0,5.629113e-07,1.1748433e-07,0.9056053504580126,0.0029878733910515503,/content/drive/MyDrive/N-MON/ALTRO/spectograms/HOOKED-SAWTOOTH-3-20/1244.npy,HOOKED-SAWTOOTH-3-20
0.0062257843,0.015013312,0.75456035,0.6115591,0.754586,-1.0005767,0.9913198,1.9918965995311737,-0.036421683,1.7114481,-0.8537452502605226,-3203125.0,5.3297265e-07,1.1036522e-07,0.9048647854907517,0.0034140402505478734,/content/drive/MyDrive/N-MON/ALTRO/spectograms/HOOKED-SAWTOOTH-3-20/1245.npy,HOOKED-SAWTOOTH-3-20
-0.009016399,-0.009218279,0.7503254,0.6146035,0.75037956,-1.0012546,0.99060106,1.991855651140213,0.0025559447,1.7159675,-0.732667433532531,4726562.5,6.9320697e-07,1.1804867e-07,0.9066668211542508,0.007034382333378001,/content/drive/MyDrive/N-MON/ALTRO/spectograms/HOOKED-SAWTOOTH-3-20/1246.npy,HOOKED-SAWTOOTH-3-20
0.0061752624,0.015408225,0.75184363,0.61538684,0.751869,-1.0000291,0.9918366,1.991865634918213,-0.027845465,1.7117,-0.7486473920832967,-4726562.5,5.3280087e-07,1.1095824e-07,0.9051644090550319,0.00241301794745193,/content/drive/MyDrive/N-MON/ALTRO/spectograms/HOOKED-SAWTOOTH-3-20/1247.npy,HOOKED-SAWTOOTH-3-20
-0.026201002,-0.047575977,0.7513726,0.614756,0.7518293,-1.0002328,0.9914361,1.9916689097881317,0.08313065,1.7162976,-0.7368984995239237,4726562.5,5.075295e-07,1.05977215e-07,0.9063170375606671,0.0035078429721227124,/content/drive/MyDrive/N-MON/ALTRO/spectograms/HOOKED-SAWTOOTH-3-20/1248.npy,HOOKED-SAWTOOTH-3-20
-0.0010978045,-0.009501886,0.74803025,0.60438865,0.7480311,-1.0014412,0.99048674,1.9919280707836151,-0.0005580402,1.7347473,-0.8039317610472861,4492187.5,4.6430435e-07,1.11780565e-07,0.9025990693053595,0.004874263373465493,/content/drive/MyDrive/N-MON/ALTRO/spectograms/HOOKED-SAWTOOTH-3-20/1249.npy,HOOKED-SAWTOOTH-3-20
0.0062387544,0.022997633,0.7463583,0.6030565,0.7463844,-1.0002201,0.9916827,1.991902843117714,-0.039754625,1.7394391,-0.7754817297569564,4667968.75,5.3248846e-07,1.0517803e-07,0.903055813088468,0.005166465587983457,/content/drive/MyDrive/N-MON/ALTRO/spectograms/HOOKED-SAWTOOTH-3-20/1250.npy,HOOKED-SAWTOOTH-3-20
0.022127038,0.04554631,0.74498713,0.5998772,0.7453157,-1.0013267,0.99024665,1.9915733635425568,-0.09698439,1.7514175,-0.7786822713817757,-2539062.5,5.0657474e-07,1.0652538e-07,0.9172643710227939,0.017203563894507442,/content/drive/MyDrive/N-MON/ALTRO/spectograms/HOOKED-SAWTOOTH-3-20/1251.npy,HOOKED-SAWTOOTH-3-20
-0.014859663,-0.009722424,0.75354207,0.6167771,0.7536886,-1.0016143,0.99026924,1.9918836057186127,0.015795508,1.7058594,-0.7687651969828321,4667968.75,5.3244196e-07,1.0582251e-07,0.9018743645269798,0.0024789650190374444,/content/drive/MyDrive/N-MON/ALTRO/spectograms/HOOKED-SAWTOOTH-3-20/1252.npy,HOOKED-SAWTOOTH-3-20
-0.0106116785,0.014722444,0.7832608,0.6546666,0.7833327,-1.0008103,0.99115676,1.9919670671224594,-0.00086078123,1.5841687,-0.8966911083623118,-3203125.0,6.038653e-07,1.1980731e-07,0.9029352130735677,0.003104450084320753,/content/drive/MyDrive/N-MON/ALTRO/spectograms/HOOKED-SAWTOOTH-3-20/1253.npy,HOOKED-SAWTOOTH-3-20
0.014747755,0.042620152,0.74837047,0.60635483,0.7485157,-1.0001943,0.9916562,1.9918505102396011,-0.07174717,1.7340015,-0.7894022944854325,4667968.75,5.305431e-07,1.0535202e-07,0.9022936383362146,0.005414895479748213,/content/drive/MyDrive/N-MON/ALTRO/spectograms/HOOKED-SAWTOOTH-3-20/1254.npy,HOOKED-SAWTOOTH-3-20
-0.00902528,-0.016896151,0.7493625,0.61074245,0.7494169,-1.001052,0.99084425,1.9918962717056274,0.014585123,1.7222136,-0.7354821952537948,-2539062.5,4.6663845e-07,1.1341742e-07,0.8954595038241544,0.005853812052713656,/content/drive/MyDrive/N-MON/ALTRO/spectograms/HOOKED-SAWTOOTH-3-20/1255.npy,HOOKED-SAWTOOTH-3-20
-0.0049767,-0.00086095976,0.7526582,0.6160913,0.7526746,-1.0006434,0.99125654,1.99189992249012,-0.0060143215,1.7081985,-0.753600272613575,4667968.75,4.899586e-07,1.0595373e-07,0.9025052243444069,0.004542192609502299,/content/drive/MyDrive/N-MON/ALTRO/spectograms/HOOKED-SAWTOOTH-3-20/1256.npy,HOOKED-SAWTOOTH-3-20
0.010281486,0.015438372,0.7480338,0.6043608,0.74810445,-1.0001174,0.99180835,1.9919257909059525,-0.04124406,1.7332531,-0.779676713356171,-3203125.0,4.963679e-07,1.05756115e-07,0.8993538554365087,0.005473701745880059,/content/drive/MyDrive/N-MON/ALTRO/spectograms/HOOKED-SAWTOOTH-3-20/1257.npy,HOOKED-SAWTOOTH-3-20
-0.008577152,-0.0009722763,0.74319714,0.5998528,0.7432467,-1.0008953,0.99102235,1.991917684674263,-0.0040759896,1.744451,-0.7202842421768915,4667968.75,5.217777e-07,1.0641892e-07,0.9014259003394631,0.0044901278374294695,/content/drive/MyDrive/N-MON/ALTRO/spectograms/HOOKED-SAWTOOTH-3-20/1258.npy,HOOKED-SAWTOOTH-3-20
-0.0013693261,0.014930767,0.75153434,0.61378115,0.7515356,-1.0005916,0.99121594,1.9918075203895569,-0.017428746,1.7122507,-0.7507007025334601,-3203125.0,6.026564e-07,1.1594622e-07,0.9017999927326408,0.004548222250946969,/content/drive/MyDrive/N-MON/ALTRO/spectograms/HOOKED-SAWTOOTH-3-20/1259.npy,HOOKED-SAWTOOTH-3-20
0.0133371055,0.021725345,0.7512221,0.6109348,0.75134045,-1.001406,0.9904691,1.9918751120567322,-0.052475944,1.721413,-0.7861911308549311,-3378906.25,5.138968e-07,1.07885974e-07,0.9029749413624628,0.004685282742437214,/content/drive/MyDrive/N-MON/ALTRO/spectograms/HOOKED-SAWTOOTH-3-20/1260.npy,HOOKED-SAWTOOTH-3-20
-0.009560357,-0.017338097,0.75377256,0.6178318,0.75383323,-1.0015161,0.9903672,1.99188332259655,0.014553545,1.7023133,-0.7563814825147778,-4433593.75,5.937046e-07,1.1696503e-07,0.8998865317381719,0.00694918528363605,/content/drive/MyDrive/N-MON/ALTRO/spectograms/HOOKED-SAWTOOTH-3-20/1261.npy,HOOKED-SAWTOOTH-3-20
0.009778236,0.030193686,0.75379616,0.6173651,0.7538596,-1.0010364,0.9908556,1.991892009973526,-0.061912797,1.705738,-0.7583066646263427,4667968.75,5.302751e-07,1.089965e-07,0.8974513916216731,0.0025969484422827386,/content/drive/MyDrive/N-MON/ALTRO/spectograms/HOOKED-SAWTOOTH-3-20/1262.npy,HOOKED-SAWTOOTH-3-20
0.0025155735,-0.0056131426,0.8314981,0.76645803,0.83150196,-1.001488,0.99042845,1.9919163882732391,-0.0103780255,1.3134054,-0.4220877235509991,-2500000.0,2.0346044e-06,1.3307144e-07,0.8997242185283738,0.006527486962510507,/content/drive/MyDrive/N-MON/ALTRO/spectograms/HOOKED-SAWTOOTH-3-20/1263.npy,HOOKED-SAWTOOTH-3-20
0.017345887,0.029496334,0.7506904,0.6100901,0.75089085,-1.0015596,0.99021983,1.9917794167995453,-0.07346582,1.7228216,-0.7796434129480617,4667968.75,5.266087e-07,1.0992658e-07,0.8992960025896001,0.004569997564230396,/content/drive/MyDrive/N-MON/ALTRO/spectograms/HOOKED-SAWTOOTH-3-20/1264.npy,HOOKED-SAWTOOTH-3-20
-0.007140359,-0.0013169234,0.75046283,0.6137568,0.7504968,-1.0010765,0.9907828,1.9918592125177383,-0.0026510372,1.7161475,-0.7392786888946602,-3203125.0,4.919686e-07,1.0601866e-07,0.8945257670468724,0.006380695606419961,/content/drive/MyDrive/N-MON/ALTRO/spectograms/HOOKED-SAWTOOTH-3-20/1265.npy,HOOKED-SAWTOOTH-3-20
0.0044252286,-0.008365111,0.74986815,0.6138323,0.74988127,-1.0005395,0.991386,1.9919255673885345,-0.021634227,1.7177246,-0.7289654110895515,-4609375.0,5.240045e-07,1.1133817e-07,0.8993776730796996,0.0025816364009901894,/content/drive/MyDrive/N-MON/ALTRO/spectograms/HOOKED-SAWTOOTH-3-20/1266.npy,HOOKED-SAWTOOTH-3-20
-0.009183895,-0.018033432,0.7538125,0.61054015,0.75386846,-1.0021843,0.9897492,1.9919335097074509,0.016189875,1.7111251,-0.8325499966157289,-3203125.0,5.050562e-07,1.06478225e-07,0.8984388992828747,0.0044292033645130695,/content/drive/MyDrive/N-MON/ALTRO/spectograms/HOOKED-SAWTOOTH-3-20/1267.npy,HOOKED-SAWTOOTH-3-20
-0.0018383599,-0.0006867461,0.7463148,0.60467285,0.7463171,-1.0003815,0.991505,1.9918864220380783,-0.00047098025,1.7353561,-0.7365344447154768,-2539062.5,5.611346e-07,1.08417645e-07,0.8977898124661642,0.0029926301278099497,/content/drive/MyDrive/N-MON/ALTRO/spectograms/HOOKED-SAWTOOTH-3-20/1268.npy,HOOKED-SAWTOOTH-3-20
-0.0018522072,0.0070566395,0.74945676,0.61164063,0.749459,-1.0005103,0.9913807,1.991891086101532,-0.0066098613,1.7194794,-0.7309154755439585,-3203125.0,4.9369265e-07,1.0568357e-07,0.8919833320742788,0.00362266223112288,/content/drive/MyDrive/N-MON/ALTRO/spectograms/HOOKED-SAWTOOTH-3-20/1269.npy,HOOKED-SAWTOOTH-3-20
0.014877313,0.014338966,0.7516778,0.6153817,0.75182503,-1.001179,0.99069595,1.9918749928474426,-0.049446106,1.7098753,-0.7167657988980071,-3378906.25,6.0175506e-07,1.07073056e-07,0.9009007724376445,0.0026470210086433662,/content/drive/MyDrive/N-MON/ALTRO/spectograms/HOOKED-SAWTOOTH-3-20/1270.npy,HOOKED-SAWTOOTH-3-20
-0.0049008094,0.007717111,0.7500592,0.61183894,0.7500752,-1.0000571,0.9918403,1.9918974488973618,-0.015083814,1.72066,-0.7575084498149539,-2656250.0,4.7577063e-07,1.05431766e-07,0.8931475121436825,0.002777719233466787,/content/drive/MyDrive/N-MON/ALTRO/spectograms/HOOKED-SAWTOOTH-3-20/1271.npy,HOOKED-SAWTOOTH-3-20
-0.0054331045,-0.008482378,0.7814605,0.65458924,0.7814794,-1.0005838,0.9914022,1.9919859766960144,-0.002877943,1.5900007,-0.8604268999466652,4609375.0,7.0232454e-07,1.18526174e-07,0.9195955720320648,0.014044329009237176,/content/drive/MyDrive/N-MON/ALTRO/spectograms/HOOKED-SAWTOOTH-3-20/1272.npy,HOOKED-SAWTOOTH-3-20
0.0037428308,0.014039522,0.75114095,0.61390346,0.7511503,-1.0012064,0.9906214,1.991827830672264,-0.036114622,1.7155799,-0.7605850223848113,4277343.75,4.6036942e-07,1.06230786e-07,0.8936419593151619,0.0030441782379864793,/content/drive/MyDrive/N-MON/ALTRO/spectograms/HOOKED-SAWTOOTH-3-20/1273.npy,HOOKED-SAWTOOTH-3-20
-0.017607575,-0.062612996,0.74769217,0.6064573,0.7478995,-1.0000889,0.991692,1.991780862212181,0.062372223,1.7331613,-0.774896157428362,4667968.75,4.904233e-07,1.0625011e-07,0.920432019483679,0.016469476090868587,/content/drive/MyDrive/N-MON/ALTRO/spectograms/HOOKED-SAWTOOTH-3-20/1274.npy,HOOKED-SAWTOOTH-3-20
0.005782294,0.010702009,0.7508945,0.61638963,0.7509168,-1.0008535,0.9910111,1.991864636540413,-0.03970995,1.7124001,-0.7156652045054895,4492187.5,4.4190065e-07,1.064009e-07,0.8904054385255273,0.004705783502435586,/content/drive/MyDrive/N-MON/ALTRO/spectograms/HOOKED-SAWTOOTH-3-20/1275.npy,HOOKED-SAWTOOTH-3-20
0.0013786602,-0.0022124802,0.74533355,0.6023921,0.7453348,-1.0019531,0.98995167,1.991904839873314,-0.009815237,1.7416759,-0.7532844770593831,-3203125.0,5.081175e-07,1.14777684e-07,0.8945113630015467,0.006000000081486922,/content/drive/MyDrive/N-MON/ALTRO/spectograms/HOOKED-SAWTOOTH-3-20/1276.npy,HOOKED-SAWTOOTH-3-20
-0.017698893,-0.01320069,0.75243723,0.6134802,0.7526453,-1.001348,0.9905902,1.9919382631778717,0.035791595,1.7112019,-0.7659595757840308,-4785156.25,4.385541e-07,1.0729302e-07,0.9004711698749008,0.006771013693477644,/content/drive/MyDrive/N-MON/ALTRO/spectograms/HOOKED-SAWTOOTH-3-20/1277.npy,HOOKED-SAWTOOTH-3-20
0.002270142,-0.009342551,0.7465441,0.60136294,0.7465475,-1.001339,0.9906274,1.9919664114713669,-0.012164547,1.7402123,-0.796439543829326,-4609375.0,5.7256136e-07,1.1561056e-07,0.8953333905837522,0.004830628987029019,/content/drive/MyDrive/N-MON/ALTRO/spectograms/HOOKED-SAWTOOTH-3-20/1278.npy,HOOKED-SAWTOOTH-3-20
0.0057466067,0.013422821,0.7548475,0.6168027,0.75486934,-1.0021861,0.9897186,1.9919047355651855,-0.03575603,1.70097,-0.7658582839899709,-4433593.75,4.3501942e-07,1.08180515e-07,0.8952466835875916,0.005642946182747565,/content/drive/MyDrive/N-MON/ALTRO/spectograms/HOOKED-SAWTOOTH-3-20/1279.npy,HOOKED-SAWTOOTH-3-20
-0.0139226625,-0.0165332,0.7536475,0.6178463,0.75377613,-1.0009187,0.99092394,1.991842731833458,0.018595118,1.7018242,-0.7360852045761411,-4609375.0,5.8531157e-07,1.1626373e-07,0.8960233182735382,0.002195163855998597,/content/drive/MyDrive/N-MON/ALTRO/spectograms/HOOKED-SAWTOOTH-3-20/1280.npy,HOOKED-SAWTOOTH-3-20
-0.004552575,-0.018126622,0.7483355,0.6050527,0.74834937,-1.0022423,0.9896983,1.9919406175613403,0.017884698,1.7287868,-0.7714618212517764,-2656250.0,4.2351024e-07,1.0880797e-07,0.8939394070987259,0.0050604292169976585,/content/drive/MyDrive/N-MON/ALTRO/spectograms/HOOKED-SAWTOOTH-3-20/1281.npy,HOOKED-SAWTOOTH-3-20
-0.009895138,-0.009492093,0.7532312,0.61626905,0.7532962,-1.0015994,0.99027455,1.9918740093708038,0.014133279,1.7041502,-0.7462814495912805,-4609375.0,6.4548607e-07,1.173903e-07,0.8960317900530282,0.00229685946793365,/content/drive/MyDrive/N-MON/ALTRO/spectograms/HOOKED-SAWTOOTH-3-20/1282.npy,HOOKED-SAWTOOTH-3-20
-0.005563285,0.015811123,0.74746096,0.60735047,0.7474817,-0.9998182,0.9921591,1.9919773191213608,-0.022928659,1.7298037,-0.7408727290920619,-3203125.0,4.3990605e-07,1.09181585e-07,0.8979853966843088,0.004460067977866752,/content/drive/MyDrive/N-MON/ALTRO/spectograms/HOOKED-SAWTOOTH-3-20/1283.npy,HOOKED-SAWTOOTH-3-20
-0.005751659,-0.008946516,0.74826276,0.6055983,0.7482849,-1.0009482,0.99081,1.9917582124471664,0.0034893092,1.7289727,-0.7557182605564857,-4667968.75,5.928079e-07,1.0581882e-07,0.898526048631588,0.003038209206827308,/content/drive/MyDrive/N-MON/ALTRO/spectograms/HOOKED-SAWTOOTH-3-20/1284.npy,HOOKED-SAWTOOTH-3-20
0.0022038158,-0.018365692,0.7539824,0.6128712,0.75398564,-1.0024366,0.9894659,1.9919025748968124,-0.007514243,1.7100836,-0.8298832179212347,-4277343.75,4.4910567e-07,1.1065293e-07,0.896943046928924,0.004123217954318856,/content/drive/MyDrive/N-MON/ALTRO/spectograms/HOOKED-SAWTOOTH-3-20/1285.npy,HOOKED-SAWTOOTH-3-20
0.0026889248,0.014280049,0.752261,0.61230576,0.7522659,-1.0012394,0.99058574,1.9918251484632492,-0.040409744,1.7124035,-0.7722868508236075,-2539062.5,6.004703e-07,1.0627582e-07,0.8968383101512948,0.003018090411522572,/content/drive/MyDrive/N-MON/ALTRO/spectograms/HOOKED-SAWTOOTH-3-20/1286.npy,HOOKED-SAWTOOTH-3-20
0.020632103,0.06925528,0.75896174,0.6184433,0.7592421,-1.0006754,0.991062,1.9917373955249786,-0.10541906,1.692901,-0.8700375758648288,19531.25,4.2911185e-07,1.1265538e-07,0.9063323805467218,0.013188771428194945,/content/drive/MyDrive/N-MON/ALTRO/spectograms/HOOKED-SAWTOOTH-3-20/1287.npy,HOOKED-SAWTOOTH-3-20
-0.018732904,-0.024461761,0.7524724,0.61522484,0.7527055,-1.0008364,0.99108255,1.9919189512729645,0.025311379,1.7096574,-0.7562105438046657,-2539062.5,5.6528984e-07,1.05369736e-07,0.8995653588914719,0.0032299576391247916,/content/drive/MyDrive/N-MON/ALTRO/spectograms/HOOKED-SAWTOOTH-3-20/1288.npy,HOOKED-SAWTOOTH-3-20
0.017978529,0.015633747,0.7595719,0.61836904,0.75978464,-0.99991536,0.99188983,1.991805225610733,-0.052504998,1.6891302,-0.8671098976782138,-2539062.5,5.8439895e-07,1.1083098e-07,0.9012196227635945,0.010601847450772932,/content/drive/MyDrive/N-MON/ALTRO/spectograms/HOOKED-SAWTOOTH-3-20/1289.npy,HOOKED-SAWTOOTH-3-20
0.009093153,0.021555107,0.7516022,0.61046034,0.7516572,-1.0016887,0.99025834,1.9919471144676208,-0.044749692,1.7172264,-0.7887914157782882,-2539062.5,5.560285e-07,1.06152044e-07,0.9030787656978615,0.002798596165322527,/content/drive/MyDrive/N-MON/ALTRO/spectograms/HOOKED-SAWTOOTH-3-20/1290.npy,HOOKED-SAWTOOTH-3-20
0.0010461645,0.013448324,0.75175345,0.61160195,0.7517542,-1.0018847,0.99002856,1.9919133186340332,-0.020090466,1.7177525,-0.7972097806096966,-3378906.25,5.7001347e-07,1.0692731e-07,0.8943183191172783,0.0032579199909801102,/content/drive/MyDrive/N-MON/ALTRO/spectograms/HOOKED-SAWTOOTH-3-20/1291.npy,HOOKED-SAWTOOTH-3-20
-0.011005016,-0.0014366796,0.7495236,0.6102795,0.74960434,-1.0011895,0.99073184,1.991921380162239,0.003930464,1.719399,-0.7342991696360422,-2539062.5,5.027528e-07,1.06180096e-07,0.8992828704318122,0.002909440046345999,/content/drive/MyDrive/N-MON/ALTRO/spectograms/HOOKED-SAWTOOTH-3-20/1292.npy,HOOKED-SAWTOOTH-3-20
-0.010716588,-0.009482229,0.7503667,0.61287916,0.7504432,-1.0015495,0.99032474,1.9918742179870605,0.00474518,1.7182363,-0.7469394116877758,-2656250.0,5.5623764e-07,1.0628928e-07,0.896630446616993,0.0032372800344340614,/content/drive/MyDrive/N-MON/ALTRO/spectograms/HOOKED-SAWTOOTH-3-20/1293.npy,HOOKED-SAWTOOTH-3-20
-0.021735912,-0.031998638,0.7623104,0.62361246,0.7626202,-1.0005078,0.991333,1.9918408542871475,0.054675784,1.6697887,-0.8180752310843334,-2988281.25,6.401461e-07,1.2007204e-07,0.9235513649781826,0.015166421990161496,/content/drive/MyDrive/N-MON/ALTRO/spectograms/HOOKED-SAWTOOTH-3-20/1294.npy,HOOKED-SAWTOOTH-3-20
-0.013584406,-0.06680749,0.95176804,0.93101174,0.95186496,-1.000387,0.99177307,1.9921600073575974,0.020948987,1.0740306,-1.6538139958723417,-2421875.0,2.33517e-06,1.802928e-07,0.8874031140527946,0.00525151419448931,/content/drive/MyDrive/N-MON/ALTRO/spectograms/HOOKED-SAWTOOTH-3-20/1295.npy,HOOKED-SAWTOOTH-3-20
0.0071717473,0.02255037,0.7522926,0.6137444,0.7523268,-1.0008106,0.99111426,1.991924911737442,-0.04270484,1.7124681,-0.7629412926262394,-3203125.0,6.420161e-07,1.1353005e-07,0.9013462387667144,0.0026333578494439043,/content/drive/MyDrive/N-MON/ALTRO/spectograms/HOOKED-SAWTOOTH-3-20/1296.npy,HOOKED-SAWTOOTH-3-20
0.0072018444,0.023689795,0.73354536,0.5861981,0.73358077,-0.99945235,0.9923652,1.9918175637722015,-0.04289114,1.8004956,-0.7402027377645216,-4707031.25,5.732536e-07,1.05557e-07,0.8969582802720321,0.00397529063729613,/content/drive/MyDrive/N-MON/ALTRO/spectograms/HOOKED-SAWTOOTH-3-20/1297.npy,HOOKED-SAWTOOTH-3-20
0.010602056,0.031049006,0.7500341,0.6107009,0.750109,-1.0000794,0.9917472,1.991826593875885,-0.057523668,1.7177099,-0.7354799102124333,-3203125.0,7.10018e-07,1.1172339e-07,0.9030223888387163,0.0018484536528180088,/content/drive/MyDrive/N-MON/ALTRO/spectograms/HOOKED-SAWTOOTH-3-20/1298.npy,HOOKED-SAWTOOTH-3-20
0.012359035,0.028826132,0.7486912,0.60497475,0.74879324,-1.0023682,0.98953426,1.9919025301933289,-0.054890014,1.7346072,-0.800699972731355,-2988281.25,4.874006e-07,1.0509517e-07,0.902420978503417,0.004539335158133495,/content/drive/MyDrive/N-MON/ALTRO/spectograms/HOOKED-SAWTOOTH-3-20/1299.npy,HOOKED-SAWTOOTH-3-20
-0.008847194,-0.0010655283,0.7471333,0.6024914,0.7471857,-1.0010909,0.99087745,1.9919683635234833,-0.005933017,1.737995,-0.8014475916772553,-2539062.5,6.315562e-07,1.11853815e-07,0.9031186114681854,0.007518333841811505,/content/drive/MyDrive/N-MON/ALTRO/spectograms/HOOKED-SAWTOOTH-3-20/1300.npy,HOOKED-SAWTOOTH-3-20
-0.0046710665,-0.0055178152,0.74974245,0.6109285,0.74975705,-1.0014507,0.99035144,1.9918021261692047,0.0052957484,1.7219164,-0.7546122715088189,-3203125.0,5.0269733e-07,1.0567386e-07,0.9074553727664526,0.003762114737591957,/content/drive/MyDrive/N-MON/ALTRO/spectograms/HOOKED-SAWTOOTH-3-20/1301.npy,HOOKED-SAWTOOTH-3-20
-0.005215708,-0.00074183627,0.748624,0.6046392,0.74864227,-1.0006143,0.9913151,1.991929441690445,-0.0001974254,1.728741,-0.778421827281946,-3203125.0,6.410013e-07,1.10824026e-07,0.9047669648488457,0.003903386573795603,/content/drive/MyDrive/N-MON/ALTRO/spectograms/HOOKED-SAWTOOTH-3-20/1302.npy,HOOKED-SAWTOOTH-3-20
-0.0029036761,0.005344826,0.7535676,0.6159906,0.75357324,-1.002429,0.98944104,1.9918700158596039,-0.015272019,1.7062007,-0.7671853716687381,-3378906.25,5.366977e-07,1.0589336e-07,0.9035267062904537,0.006201678010249013,/content/drive/MyDrive/N-MON/ALTRO/spectograms/HOOKED-SAWTOOTH-3-20/1303.npy,HOOKED-SAWTOOTH-3-20
-0.0046046237,0.0059365104,0.7531095,0.6144546,0.75312364,-1.0016106,0.99027616,1.9918868243694305,-0.00893639,1.7066058,-0.7631390180938357,-4726562.5,5.250723e-07,1.1132423e-07,0.9011356450313923,0.004298602214376273,/content/drive/MyDrive/N-MON/ALTRO/spectograms/HOOKED-SAWTOOTH-3-20/1304.npy,HOOKED-SAWTOOTH-3-20
0.00875054,0.036831915,0.7513394,0.6144134,0.75139034,-1.0020013,0.9898648,1.991866022348404,-0.05637395,1.7140969,-0.7447318714152688,-4765625.0,4.861986e-07,1.0520577e-07,0.9059219255869442,0.005103367337136619,/content/drive/MyDrive/N-MON/ALTRO/spectograms/HOOKED-SAWTOOTH-3-20/1305.npy,HOOKED-SAWTOOTH-3-20
0.0051716804,0.03786014,0.74934095,0.6077211,0.74935883,-1.0009671,0.9909497,1.9919168502092361,-0.05535006,1.7258277,-0.7735735537793779,-4726562.5,4.7265937e-07,1.1153428e-07,0.9068645053376706,0.0033437004092013623,/content/drive/MyDrive/N-MON/ALTRO/spectograms/HOOKED-SAWTOOTH-3-20/1306.npy,HOOKED-SAWTOOTH-3-20
-0.00559133,-0.0071292436,0.7488323,0.60833824,0.74885315,-0.9991584,0.99274963,1.9919080585241318,0.0075179776,1.7247498,-0.7454719232948089,4667968.75,4.9119444e-07,1.0600275e-07,0.903483167899471,0.0027146892485439295,/content/drive/MyDrive/N-MON/ALTRO/spectograms/HOOKED-SAWTOOTH-3-20/1307.npy,HOOKED-SAWTOOTH-3-20
-0.016614148,-0.017178323,0.7505626,0.60662174,0.7507465,-1.0012248,0.990674,1.9918987452983856,0.029791174,1.7255648,-0.821302838800425,-3203125.0,6.4286763e-07,1.0778044e-07,0.9038493971963906,0.0046755862548256664,/content/drive/MyDrive/N-MON/ALTRO/spectograms/HOOKED-SAWTOOTH-3-20/1308.npy,HOOKED-SAWTOOTH-3-20
0.016606627,0.034513876,0.7526737,0.6155211,0.75285685,-1.0004845,0.9913943,1.9918787777423859,-0.057089962,1.7116208,-0.7664516397905602,4667968.75,4.8690293e-07,1.05478485e-07,0.9006988056676419,0.0036440548592143835,/content/drive/MyDrive/N-MON/ALTRO/spectograms/HOOKED-SAWTOOTH-3-20/1309.npy,HOOKED-SAWTOOTH-3-20
0.009248126,0.029964834,0.7511787,0.60823554,0.7512356,-1.0012753,0.9906454,1.991920679807663,-0.052150875,1.7220057,-0.8068334029448679,-3203125.0,5.9683117e-07,1.06128724e-07,0.9005310896865928,0.004956454584491384,/content/drive/MyDrive/N-MON/ALTRO/spectograms/HOOKED-SAWTOOTH-3-20/1310.npy,HOOKED-SAWTOOTH-3-20
-0.0145754535,-0.03263165,0.7577468,0.6248093,0.757887,-1.0011709,0.99067104,1.9918419122695923,0.03912426,1.683477,-0.742879741756232,-2988281.25,6.5912104e-07,1.1719595e-07,0.9199738113086924,0.018837959690808603,/content/drive/MyDrive/N-MON/ALTRO/spectograms/HOOKED-SAWTOOTH-3-20/1311.npy,HOOKED-SAWTOOTH-3-20
-0.009378118,-0.0006417016,0.7493157,0.61134535,0.74937433,-1.0003786,0.9915174,1.9918960481882095,0.00539851,1.7238697,-0.7518728587447266,-3203125.0,5.5628817e-07,1.0599935e-07,0.9030783939222538,0.005338020506343778,/content/drive/MyDrive/N-MON/ALTRO/spectograms/HOOKED-SAWTOOTH-3-20/1312.npy,HOOKED-SAWTOOTH-3-20
-0.0123847425,-0.00928435,0.74955386,0.60787755,0.7496562,-1.0012842,0.9906538,1.9919380843639374,0.008519993,1.7250955,-0.7763677490741917,-2539062.5,6.21471e-07,1.1342803e-07,0.8984618274960767,0.0034510355348042654,/content/drive/MyDrive/N-MON/ALTRO/spectograms/HOOKED-SAWTOOTH-3-20/1313.npy,HOOKED-SAWTOOTH-3-20
-0.013078294,-0.02326591,0.747399,0.6024917,0.7475134,-0.9997629,0.992199,1.991961881518364,0.032597244,1.7376776,-0.7955362824794739,-3203125.0,5.75328e-07,1.05565086e-07,0.9015684699028438,0.005798610876637009,/content/drive/MyDrive/N-MON/ALTRO/spectograms/HOOKED-SAWTOOTH-3-20/1314.npy,HOOKED-SAWTOOTH-3-20
-0.003879426,0.0072063864,0.74427783,0.60298955,0.7442879,-1.0005676,0.9912854,1.991852954030037,-0.015146067,1.742377,-0.7044286212135625,-3203125.0,5.9514207e-07,1.122845e-07,0.8960697689197147,0.005281136016193477,/content/drive/MyDrive/N-MON/ALTRO/spectograms/HOOKED-SAWTOOTH-3-20/1315.npy,HOOKED-SAWTOOTH-3-20
-0.00939171,-0.008970556,0.75234014,0.6119696,0.7523988,-1.0008605,0.9910316,1.9918920546770096,0.0085745305,1.7153658,-0.795486399146447,-4433593.75,4.916786e-07,1.0573624e-07,0.893895921723467,0.0031250775007965336,/content/drive/MyDrive/N-MON/ALTRO/spectograms/HOOKED-SAWTOOTH-3-20/1316.npy,HOOKED-SAWTOOTH-3-20
-0.014208495,-0.03282673,0.71605986,0.5655243,0.7162008,-0.8004765,0.86557126,1.666047751903534,0.03879424,1.8825958,-0.6772154228351522,-2539062.5,5.4066135e-07,9.793003e-08,0.8995050853942476,0.0066502997008648064,/content/drive/MyDrive/N-MON/ALTRO/spectograms/HOOKED-SAWTOOTH-3-20/1317.npy,HOOKED-SAWTOOTH-3-20
0.022654213,0.050210223,0.75401115,0.61286205,0.75435144,-1.000437,0.9914222,1.9918591976165771,-0.09286203,1.7122684,-0.804454007938774,-2539062.5,5.262943e-07,1.0649583e-07,0.8969364405819513,0.0033533360061332165,/content/drive/MyDrive/N-MON/ALTRO/spectograms/HOOKED-SAWTOOTH-3-20/1318.npy,HOOKED-SAWTOOTH-3-20
-0.0034966448,-0.0011860137,0.750402,0.61195344,0.75041014,-1.0008574,0.9910014,1.9918587654829025,-0.0011443737,1.7158768,-0.733603368026346,-3378906.25,6.335707e-07,1.1061244e-07,0.8966877683473725,0.004476379893860443,/content/drive/MyDrive/N-MON/ALTRO/spectograms/HOOKED-SAWTOOTH-3-20/1319.npy,HOOKED-SAWTOOTH-3-20
0.013152331,0.022737615,0.7455747,0.6014246,0.7456907,-1.0006065,0.99134725,1.9919538348913193,-0.057074968,1.7429973,-0.7602773141781923,-2656250.0,5.2262794e-07,1.0479387e-07,0.8932715877304698,0.0044323983238429565,/content/drive/MyDrive/N-MON/ALTRO/spectograms/HOOKED-SAWTOOTH-3-20/1320.npy,HOOKED-SAWTOOTH-3-20
0.020257408,0.06894526,0.7580888,0.6275449,0.75835943,-1.0013158,0.99046415,1.9917799979448318,-0.10470571,1.6814873,-0.7172582576954519,4609375.0,5.0248394e-07,1.1248446e-07,0.9242773845767813,0.015533651986557807,/content/drive/MyDrive/N-MON/ALTRO/spectograms/HOOKED-SAWTOOTH-3-20/1321.npy,HOOKED-SAWTOOTH-3-20
0.010253412,0.030745339,0.75623524,0.6186964,0.7563047,-1.0003816,0.991531,1.9919125735759735,-0.04973854,1.6963972,-0.7848796230727323,-2539062.5,4.6029004e-07,1.064723e-07,0.894872695484743,0.005354214671156353,/content/drive/MyDrive/N-MON/ALTRO/spectograms/HOOKED-SAWTOOTH-3-20/1322.npy,HOOKED-SAWTOOTH-3-20
-0.0042306813,-0.009299172,0.7457385,0.6009244,0.7457505,-1.0012914,0.99069154,1.9919829368591309,0.0073269187,1.7425742,-0.7680225483375392,4667968.75,4.962123e-07,1.0988663e-07,0.8921544823842674,0.0027268426863879276,/content/drive/MyDrive/N-MON/ALTRO/spectograms/HOOKED-SAWTOOTH-3-20/1323.npy,HOOKED-SAWTOOTH-3-20
0.0009633198,-0.016697943,0.74781585,0.60951394,0.7478165,-1.0010194,0.9908808,1.9919001311063766,-0.011193993,1.7277974,-0.7268297452922577,-2539062.5,5.049169e-07,1.0570754e-07,0.8972545009226043,0.00412091240280987,/content/drive/MyDrive/N-MON/ALTRO/spectograms/HOOKED-SAWTOOTH-3-20/1324.npy,HOOKED-SAWTOOTH-3-20
0.017610269,0.03765852,0.74428505,0.59733653,0.74449337,-1.001146,0.9907373,1.9918833374977112,-0.0768496,1.7533748,-0.779625580478963,-3203125.0,6.6050717e-07,1.086716e-07,0.8936476646408612,0.002873553512819783,/content/drive/MyDrive/N-MON/ALTRO/spectograms/HOOKED-SAWTOOTH-3-20/1325.npy,HOOKED-SAWTOOTH-3-20
-0.0064613437,-0.0046556666,0.7530868,0.61412513,0.7531146,-1.0006002,0.9912868,1.9918870031833649,0.003669334,1.7104592,-0.7861949058463945,-2656250.0,5.171721e-07,1.0589417e-07,0.89311539533599,0.003370027857718228,/content/drive/MyDrive/N-MON/ALTRO/spectograms/HOOKED-SAWTOOTH-3-20/1326.npy,HOOKED-SAWTOOTH-3-20
-0.0076835183,0.007691531,0.75112593,0.61451584,0.7511653,-0.9999073,0.99193084,1.9918381720781326,-0.0039184117,1.7127334,-0.7362046007537809,-2539062.5,5.802122e-07,1.0729261e-07,0.8964771188596847,0.003487209236582929,/content/drive/MyDrive/N-MON/ALTRO/spectograms/HOOKED-SAWTOOTH-3-20/1327.npy,HOOKED-SAWTOOTH-3-20
-0.0069220345,-0.015288973,0.75286186,0.6118867,0.7528937,-0.9996548,0.9922686,1.9919234216213226,0.0139630595,1.7091613,-0.7765231207232787,-3203125.0,6.6987747e-07,1.15494e-07,0.8957352351640644,0.004144726592642687,/content/drive/MyDrive/N-MON/ALTRO/spectograms/HOOKED-SAWTOOTH-3-20/1328.npy,HOOKED-SAWTOOTH-3-20
0.0073803305,0.023646075,0.749421,0.6075173,0.7494573,-0.9995204,0.9923664,1.9918868243694305,-0.03184588,1.7259661,-0.7754494416936312,-3203125.0,6.733456e-07,1.07280464e-07,0.8971910343516797,0.004180919283364258,/content/drive/MyDrive/N-MON/ALTRO/spectograms/HOOKED-SAWTOOTH-3-20/1329.npy,HOOKED-SAWTOOTH-3-20
-0.000333869,0.015514772,0.74800366,0.6102838,0.7480038,-0.9998592,0.99202704,1.9918862134218216,-0.019421007,1.7277986,-0.7399178235295861,-2988281.25,5.7040853e-07,1.14332394e-07,0.8983014790561462,0.003971750434584832,/content/drive/MyDrive/N-MON/ALTRO/spectograms/HOOKED-SAWTOOTH-3-20/1330.npy,HOOKED-SAWTOOTH-3-20
-0.016871529,-0.023269802,0.750911,0.61195993,0.75110054,-0.99967927,0.9921375,1.9918167889118195,0.027892593,1.7174354,-0.7587833719661817,-4667968.75,6.642552e-07,1.2141938e-07,0.9020803987396825,0.002833256267440177,/content/drive/MyDrive/N-MON/ALTRO/spectograms/HOOKED-SAWTOOTH-3-20/1331.npy,HOOKED-SAWTOOTH-3-20
-0.010030551,0.006791626,0.74485743,0.60512316,0.744925,-1.0007615,0.9911103,1.991871863603592,-0.009563391,1.7389184,-0.7228360645029205,-2656250.0,6.1042056e-07,1.13579745e-07,0.9056108553786826,0.0040037113646831405,/content/drive/MyDrive/N-MON/ALTRO/spectograms/HOOKED-SAWTOOTH-3-20/1332.npy,HOOKED-SAWTOOTH-3-20
-0.003840149,-0.0003000251,0.74719745,0.6057722,0.74720734,-1.0000154,0.991808,1.9918233901262283,0.0010907841,1.7279599,-0.716418722662974,-3203125.0,7.756349e-07,1.2067687e-07,0.9040049597903326,0.0035765096146578128,/content/drive/MyDrive/N-MON/ALTRO/spectograms/HOOKED-SAWTOOTH-3-20/1333.npy,HOOKED-SAWTOOTH-3-20
0.0033940473,-0.001467547,0.7475996,0.6114767,0.74760735,-1.0012665,0.9906552,1.9919216632843018,-0.014668202,1.7239943,-0.7008347074610112,-4707031.25,5.945192e-07,1.149984e-07,0.9091522151069416,0.003166320157371385,/content/drive/MyDrive/N-MON/ALTRO/spectograms/HOOKED-SAWTOOTH-3-20/1334.npy,HOOKED-SAWTOOTH-3-20
-0.0010541835,-0.0011163019,0.74935806,0.608288,0.7493588,-1.0009662,0.9909639,1.991930052638054,-0.008108935,1.7235119,-0.7511679461620365,-3203125.0,6.5610857e-07,1.2054984e-07,0.9045323346772484,0.0039981422609589165,/content/drive/MyDrive/N-MON/ALTRO/spectograms/HOOKED-SAWTOOTH-3-20/1335.npy,HOOKED-SAWTOOTH-3-20
-0.0030267744,-0.0006048397,0.7495193,0.6117667,0.7495254,-1.0005542,0.9914154,1.991969645023346,-0.0074151084,1.7214391,-0.7447681323519851,-4707031.25,5.328123e-07,1.16037555e-07,0.908241460254634,0.0019846715781779915,/content/drive/MyDrive/N-MON/ALTRO/spectograms/HOOKED-SAWTOOTH-3-20/1336.npy,HOOKED-SAWTOOTH-3-20
0.009060568,0.029073175,0.77130157,0.64176846,0.77135473,-1.0021913,0.98979425,1.9919855296611786,-0.053581193,1.6306989,-0.8193265421278638,-3203125.0,6.515436e-07,1.1986464e-07,0.9133853775942162,0.01575817921556729,/content/drive/MyDrive/N-MON/ALTRO/spectograms/HOOKED-SAWTOOTH-3-20/1337.npy,HOOKED-SAWTOOTH-3-20
0.00014048719,0.014764791,0.7459378,0.60005605,0.7459379,-1.0007688,0.9911282,1.9918970167636871,-0.029316487,1.7443335,-0.8046873552527246,-4550781.25,5.541961e-07,1.1560583e-07,0.8997605681402071,0.006903830694998293,/content/drive/MyDrive/N-MON/ALTRO/spectograms/HOOKED-SAWTOOTH-3-20/1338.npy,HOOKED-SAWTOOTH-3-20
0.00015608215,0.014912939,0.74964017,0.6054007,0.74964017,-1.0006771,0.99124837,1.9919254332780838,-0.031192288,1.7259563,-0.7945409290460522,-3203125.0,5.248955e-07,1.0875577e-07,0.90481995198132,0.0033440719704656723,/content/drive/MyDrive/N-MON/ALTRO/spectograms/HOOKED-SAWTOOTH-3-20/1339.npy,HOOKED-SAWTOOTH-3-20
0.0012187191,0.022097152,0.7508586,0.6057789,0.7508596,-1.0012892,0.99061626,1.9919055551290512,-0.03962786,1.7272234,-0.8536922904207273,-4550781.25,5.629999e-07,1.1764301e-07,0.9057197859269719,0.005208346462534652,/content/drive/MyDrive/N-MON/ALTRO/spectograms/HOOKED-SAWTOOTH-3-20/1340.npy,HOOKED-SAWTOOTH-3-20
0.0059584393,0.030582635,0.74918544,0.60756236,0.74920917,-1.0003297,0.991521,1.991850733757019,-0.043397296,1.7254629,-0.7637181484819077,-3203125.0,5.305418e-07,1.0990225e-07,0.9044352964798471,0.0020103827768142247,/content/drive/MyDrive/N-MON/ALTRO/spectograms/HOOKED-SAWTOOTH-3-20/1341.npy,HOOKED-SAWTOOTH-3-20
0.0052372594,0.014596906,0.7498651,0.6109016,0.7498835,-1.0008025,0.99106795,1.9918705075979233,-0.032442175,1.7220849,-0.7629708337383275,-4550781.25,6.2045586e-07,1.17960724e-07,0.9058285342190754,0.004760000888800879,/content/drive/MyDrive/N-MON/ALTRO/spectograms/HOOKED-SAWTOOTH-3-20/1342.npy,HOOKED-SAWTOOTH-3-20
5.824089e-05,0.014463424,0.7518958,0.6076581,0.7518958,-1.0011452,0.9907998,1.9919449985027313,-0.027460553,1.7195216,-0.819812333388697,-3203125.0,4.921436e-07,1.1111035e-07,0.9054542218669013,0.004294334560166223,/content/drive/MyDrive/N-MON/ALTRO/spectograms/HOOKED-SAWTOOTH-3-20/1343.npy,HOOKED-SAWTOOTH-3-20
-0.002997671,0.005980475,0.7784885,0.6526232,0.7784943,-1.0018522,0.9901127,1.991964891552925,-0.0044981493,1.5990444,-0.8339761471328863,-2656250.0,6.065997e-07,1.16573275e-07,0.916110950320979,0.012821434471222621,/content/drive/MyDrive/N-MON/ALTRO/spectograms/HOOKED-SAWTOOTH-3-20/1344.npy,HOOKED-SAWTOOTH-3-20
0.004112564,0.014670616,0.7490582,0.61066383,0.7490694,-1.0009713,0.99090016,1.9918714314699173,-0.04142801,1.7222525,-0.7318321405289511,-2539062.5,4.5712207e-07,1.1132009e-07,0.903932459979484,0.004883411806069952,/content/drive/MyDrive/N-MON/ALTRO/spectograms/HOOKED-SAWTOOTH-3-20/1345.npy,HOOKED-SAWTOOTH-3-20
-0.014435398,-0.017090145,0.7501633,0.6067296,0.7503022,-1.0012491,0.9906149,1.9918639361858368,0.01948518,1.7258232,-0.8020854181953344,4667968.75,5.152526e-07,1.06092145e-07,0.9029693298335126,0.008511215220222777,/content/drive/MyDrive/N-MON/ALTRO/spectograms/HOOKED-SAWTOOTH-3-20/1346.npy,HOOKED-SAWTOOTH-3-20
-0.028245037,-0.063947216,0.7838212,0.65455765,0.78432995,-1.0013444,0.9905016,1.991846039891243,0.07765687,1.5861478,-0.9033971574400016,-2539062.5,6.7489236e-07,1.2150836e-07,0.898865426734516,0.003303729636998362,/content/drive/MyDrive/N-MON/ALTRO/spectograms/HOOKED-SAWTOOTH-3-20/1347.npy,HOOKED-SAWTOOTH-3-20
-0.016150909,-0.016399387,0.75082976,0.6106972,0.7510034,-1.0005938,0.99136627,1.9919600188732147,0.024768976,1.7203603,-0.7829485882582096,4667968.75,5.3134517e-07,1.05970734e-07,0.9002160962441914,0.002730875066138388,/content/drive/MyDrive/N-MON/ALTRO/spectograms/HOOKED-SAWTOOTH-3-20/1348.npy,HOOKED-SAWTOOTH-3-20
-0.0013191075,0.0003541818,0.75207984,0.608128,0.75208104,-0.99972594,0.992237,1.99196295440197,-0.011174828,1.7180508,-0.8233578558771973,-3203125.0,5.754731e-07,1.07253726e-07,0.8964491685178323,0.005459869417650019,/content/drive/MyDrive/N-MON/ALTRO/spectograms/HOOKED-SAWTOOTH-3-20/1349.npy,HOOKED-SAWTOOTH-3-20
0.018405266,0.022796826,0.7469866,0.6029872,0.7472133,-1.00062,0.9913221,1.9919420927762985,-0.06403823,1.7416717,-0.7907064455479037,4609375.0,5.246228e-07,1.0521438e-07,0.8975672388252312,0.0023689633433639787,/content/drive/MyDrive/N-MON/ALTRO/spectograms/HOOKED-SAWTOOTH-3-20/1350.npy,HOOKED-SAWTOOTH-3-20
0.014218128,0.030871276,0.74896455,0.6078629,0.7490995,-1.000183,0.991756,1.9919390380382538,-0.049689572,1.7256984,-0.7448330175498442,-2988281.25,5.2439333e-07,1.05589336e-07,0.9010348636839227,0.0037774826696995397,/content/drive/MyDrive/N-MON/ALTRO/spectograms/HOOKED-SAWTOOTH-3-20/1351.npy,HOOKED-SAWTOOTH-3-20
0.00766648,0.022161378,0.7532711,0.6169554,0.7533101,-1.0010588,0.99086815,1.991926982998848,-0.04281039,1.7049829,-0.7496377256005077,-3203125.0,5.919647e-07,1.13888916e-07,0.8960762450734461,0.002835117510285514,/content/drive/MyDrive/N-MON/ALTRO/spectograms/HOOKED-SAWTOOTH-3-20/1352.npy,HOOKED-SAWTOOTH-3-20
-0.0018431082,0.014127394,0.7527601,0.61536795,0.7527624,-1.0012895,0.99059755,1.9918870627880096,-0.022140993,1.7086746,-0.7587584521895262,-3203125.0,4.5719406e-07,1.0581945e-07,0.8917546374535456,0.0024137727193206887,/content/drive/MyDrive/N-MON/ALTRO/spectograms/HOOKED-SAWTOOTH-3-20/1353.npy,HOOKED-SAWTOOTH-3-20
-0.0018535929,0.006347463,0.74782956,0.606949,0.7478318,-1.0012195,0.9906798,1.991899386048317,-0.019924132,1.7284498,-0.7396014225017159,4609375.0,5.2772594e-07,1.0774593e-07,0.8966217159196701,0.004208929160012035,/content/drive/MyDrive/N-MON/ALTRO/spectograms/HOOKED-SAWTOOTH-3-20/1354.npy,HOOKED-SAWTOOTH-3-20
0.008840115,0.029591987,0.7514115,0.60924524,0.75146353,-1.0014108,0.9905322,1.9919430762529373,-0.050554726,1.7207087,-0.8002095888299855,-4433593.75,5.361049e-07,1.0626689e-07,0.8957598575341179,0.0039016110251115623,/content/drive/MyDrive/N-MON/ALTRO/spectograms/HOOKED-SAWTOOTH-3-20/1355.npy,HOOKED-SAWTOOTH-3-20
-0.0045847977,0.0020844843,0.7476177,0.6033005,0.7476317,-1.0017004,0.99024844,1.9919488579034805,-0.009842702,1.7344081,-0.7783921478696058,-2656250.0,6.4853066e-07,1.1175756e-07,0.8958974035795894,0.004633232637945583,/content/drive/MyDrive/N-MON/ALTRO/spectograms/HOOKED-SAWTOOTH-3-20/1356.npy,HOOKED-SAWTOOTH-3-20
-0.0054002497,-0.0005079021,0.7520597,0.6103666,0.75207907,-1.0005075,0.9913586,1.9918660372495651,-0.004338575,1.7174963,-0.825863864053468,4277343.75,4.7033996e-07,1.0572202e-07,0.8936444009805002,0.0038188153406865915,/content/drive/MyDrive/N-MON/ALTRO/spectograms/HOOKED-SAWTOOTH-3-20/1357.npy,HOOKED-SAWTOOTH-3-20
-0.012374271,-0.00054305705,0.74521625,0.5993734,0.74531907,-1.0005198,0.9913822,1.9919019490480423,0.0087711215,1.7432516,-0.776933761180466,-3203125.0,7.159266e-07,1.1121516e-07,0.8977796436468761,0.0025359980183278365,/content/drive/MyDrive/N-MON/ALTRO/spectograms/HOOKED-SAWTOOTH-3-20/1358.npy,HOOKED-SAWTOOTH-3-20
0.018748421,0.022932477,0.71827036,0.5651485,0.71851504,-0.5963952,0.99133146,1.5877266824245453,-0.058972232,1.8756503,-0.6980502669513219,-3203125.0,5.6178226e-07,1.0489639e-07,0.9031099532272591,0.008373288426096352,/content/drive/MyDrive/N-MON/ALTRO/spectograms/HOOKED-SAWTOOTH-3-20/1359.npy,HOOKED-SAWTOOTH-3-20
-0.009843054,-0.00048086542,0.752675,0.6159469,0.7527393,-1.0003226,0.99157465,1.9918971955776215,0.0065224124,1.7086912,-0.7615579187128426,-3203125.0,7.462057e-07,1.09973286e-07,0.8970420672006245,0.00431774471996126,/content/drive/MyDrive/N-MON/ALTRO/spectograms/HOOKED-SAWTOOTH-3-20/1360.npy,HOOKED-SAWTOOTH-3-20
0.01499561,0.034513548,0.7492146,0.6121301,0.7493646,-1.0005168,0.9913554,1.9918722063302994,-0.06375749,1.7242789,-0.7273671930865638,-3378906.25,4.8477807e-07,1.0473563e-07,0.90654144140611,0.0056562690058027925,/content/drive/MyDrive/N-MON/ALTRO/spectograms/HOOKED-SAWTOOTH-3-20/1361.npy,HOOKED-SAWTOOTH-3-20
0.0064584464,0.017495668,0.7542893,0.61640286,0.75431705,-1.0018717,0.9900569,1.991928607225418,-0.0331791,1.7056537,-0.7955630018791028,-3203125.0,7.133843e-07,1.0939547e-07,0.8976020118706811,0.002602438305014998,/content/drive/MyDrive/N-MON/ALTRO/spectograms/HOOKED-SAWTOOTH-3-20/1362.npy,HOOKED-SAWTOOTH-3-20
-0.0021197062,0.018256856,0.75107574,0.61679906,0.7510787,-1.0011321,0.9907496,1.9918816685676575,-0.034220945,1.7094418,-0.7136939868772637,-2656250.0,4.9462005e-07,1.0556288e-07,0.9025686568878857,0.004750049995125085,/content/drive/MyDrive/N-MON/ALTRO/spectograms/HOOKED-SAWTOOTH-3-20/1363.npy,HOOKED-SAWTOOTH-3-20
0.002186368,0.005980999,0.75284314,0.6181797,0.75284624,-1.0017359,0.99016786,1.991903856396675,-0.02044364,1.7063366,-0.7562504569125191,-3203125.0,7.014176e-07,1.0870124e-07,0.9017920016646384,0.0025216033555502436,/content/drive/MyDrive/N-MON/ALTRO/spectograms/HOOKED-SAWTOOTH-3-20/1364.npy,HOOKED-SAWTOOTH-3-20
-0.009677593,-0.0052878787,0.7505962,0.60648316,0.7506586,-1.0012443,0.990685,1.9919292628765106,0.0071440674,1.7250949,-0.8155553228864402,-2539062.5,6.0129616e-07,1.1560575e-07,0.9015539029316617,0.0065432487609205755,/content/drive/MyDrive/N-MON/ALTRO/spectograms/HOOKED-SAWTOOTH-3-20/1365.npy,HOOKED-SAWTOOTH-3-20
0.011473733,0.015508132,0.7490716,0.6088485,0.7491594,-1.0001109,0.99178267,1.9918935298919678,-0.04392438,1.7252008,-0.7405043665378727,-3203125.0,6.8731225e-07,1.0721256e-07,0.9015784954816041,0.0029533168598620996,/content/drive/MyDrive/N-MON/ALTRO/spectograms/HOOKED-SAWTOOTH-3-20/1366.npy,HOOKED-SAWTOOTH-3-20
0.0022408164,6.567368e-05,0.74739033,0.6078258,0.7473937,-0.99979687,0.9920958,1.9918927252292633,-0.021089952,1.7297959,-0.7221324919443771,-3378906.25,6.140794e-07,1.1438902e-07,0.9087755175947627,0.0025648791970902733,/content/drive/MyDrive/N-MON/ALTRO/spectograms/HOOKED-SAWTOOTH-3-20/1367.npy,HOOKED-SAWTOOTH-3-20
-0.009425034,0.0023680683,0.74961245,0.6059524,0.7496717,-1.0014149,0.9905091,1.9919240027666092,0.0019670052,1.728472,-0.8117767863915423,-3203125.0,6.8472116e-07,1.0679241e-07,0.906911417834539,0.003288799742664468,/content/drive/MyDrive/N-MON/ALTRO/spectograms/HOOKED-SAWTOOTH-3-20/1368.npy,HOOKED-SAWTOOTH-3-20
0.0018921661,0.0079312315,0.745424,0.60143006,0.74542636,-0.999858,0.99201477,1.991872787475586,-0.020030888,1.744777,-0.7707430714510332,-2539062.5,5.977696e-07,1.13495034e-07,0.9000074272243502,0.005321720398097113,/content/drive/MyDrive/N-MON/ALTRO/spectograms/HOOKED-SAWTOOTH-3-20/1369.npy,HOOKED-SAWTOOTH-3-20
0.01147024,0.022834409,0.75270873,0.61518115,0.7527961,-1.00052,0.9913689,1.991888865828514,-0.0598914,1.7099241,-0.7482184733507556,-3203125.0,7.296404e-07,1.2194654e-07,0.9029602900656453,0.008910209609601762,/content/drive/MyDrive/N-MON/ALTRO/spectograms/HOOKED-SAWTOOTH-3-20/1370.npy,HOOKED-SAWTOOTH-3-20
0.024275318,0.045406915,0.7381349,0.5975449,0.73853403,-1.0011798,0.99041283,1.991592675447464,-0.09812284,1.7782953,-0.7082877900620047,4726562.5,5.7164254e-07,1.0986855e-07,0.9071425323939004,0.006138372817052634,/content/drive/MyDrive/N-MON/ALTRO/spectograms/HOOKED-SAWTOOTH-3-20/1371.npy,HOOKED-SAWTOOTH-3-20
-0.0084241275,-0.00980767,0.75145495,0.61326367,0.75150216,-1.0017807,0.99012554,1.9919062554836273,0.0067006513,1.7132645,-0.7472284301884714,-3203125.0,6.873103e-07,1.2090277e-07,0.9015386759359125,0.004146732538945494,/content/drive/MyDrive/N-MON/ALTRO/spectograms/HOOKED-SAWTOOTH-3-20/1372.npy,HOOKED-SAWTOOTH-3-20
0.010984843,0.031048652,0.74741083,0.6070106,0.7474916,-1.0001051,0.99183315,1.9919383525848389,-0.05754049,1.7312856,-0.7329948865454875,-2539062.5,5.947617e-07,1.1255609e-07,0.9033028177134952,0.0032061503280423273,/content/drive/MyDrive/N-MON/ALTRO/spectograms/HOOKED-SAWTOOTH-3-20/1373.npy,HOOKED-SAWTOOTH-3-20
0.004832631,0.02273515,0.7491777,0.6062416,0.7491933,-1.0005765,0.9913789,1.991955429315567,-0.037588846,1.7269857,-0.779974515055229,-2656250.0,6.5527456e-07,1.1982252e-07,0.8984289555167194,0.003910367309851526,/content/drive/MyDrive/N-MON/ALTRO/spectograms/HOOKED-SAWTOOTH-3-20/1374.npy,HOOKED-SAWTOOTH-3-20
-0.0138115,-0.017796077,0.7537068,0.61842567,0.7538334,-1.0019815,0.9899155,1.9918970465660095,0.012697861,1.7030771,-0.7523458285755505,-2539062.5,6.145015e-07,1.11688045e-07,0.9001170693018754,0.0073905508923453374,/content/drive/MyDrive/N-MON/ALTRO/spectograms/HOOKED-SAWTOOTH-3-20/1375.npy,HOOKED-SAWTOOTH-3-20
0.016492251,0.023010848,0.7491209,0.6096265,0.7493024,-1.0002675,0.9915179,1.99178546667099,-0.05104312,1.7230127,-0.7285150567372841,-2539062.5,6.360223e-07,1.1967951e-07,0.9052001869768925,0.003532748905983444,/content/drive/MyDrive/N-MON/ALTRO/spectograms/HOOKED-SAWTOOTH-3-20/1376.npy,HOOKED-SAWTOOTH-3-20
-0.0044233254,-0.0053555476,0.7600238,0.62916917,0.7600366,-1.0012827,0.99059117,1.9918738305568695,-0.0023397787,1.6741922,-0.7580348757485186,4667968.75,6.08334e-07,1.1929271e-07,0.9185368069839578,0.014921863384574267,/content/drive/MyDrive/N-MON/ALTRO/spectograms/HOOKED-SAWTOOTH-3-20/1377.npy,HOOKED-SAWTOOTH-3-20
-0.020010453,-0.031285353,0.74916327,0.609375,0.7494305,-1.0000377,0.9917005,1.991738185286522,0.050754506,1.7268311,-0.7570330746699484,-2656250.0,5.872696e-07,1.1845481e-07,0.9028729900418494,0.005284100625768201,/content/drive/MyDrive/N-MON/ALTRO/spectograms/HOOKED-SAWTOOTH-3-20/1378.npy,HOOKED-SAWTOOTH-3-20
-0.010334601,-0.020470036,0.74849695,0.6056628,0.7485683,-1.0007731,0.99112004,1.9918930977582932,0.026096338,1.7317667,-0.7844958565991879,4667968.75,6.09358e-07,1.1805927e-07,0.896142586591113,0.002710231914677509,/content/drive/MyDrive/N-MON/ALTRO/spectograms/HOOKED-SAWTOOTH-3-20/1379.npy,HOOKED-SAWTOOTH-3-20
0.0038347126,0.014439095,0.74913734,0.61203814,0.7491471,-1.0008801,0.99100006,1.9918801933526993,-0.021742979,1.7230815,-0.744256290977206,-3203125.0,6.349068e-07,1.1792247e-07,0.8926577731738821,0.00398563654278228,/content/drive/MyDrive/N-MON/ALTRO/spectograms/HOOKED-SAWTOOTH-3-20/1380.npy,HOOKED-SAWTOOTH-3-20
-0.0028733383,-0.008441505,0.7452776,0.603362,0.7452832,-1.0004563,0.99141943,1.991875797510147,-0.0009920292,1.7403411,-0.7384798655969808,-3203125.0,6.507226e-07,1.08546395e-07,0.8943478724070285,0.0022972722664304384,/content/drive/MyDrive/N-MON/ALTRO/spectograms/HOOKED-SAWTOOTH-3-20/1381.npy,HOOKED-SAWTOOTH-3-20
0.0018174123,0.02272537,0.7469313,0.60634106,0.74693346,-1.0006053,0.9912898,1.9918951243162155,-0.043190874,1.7347515,-0.7490795800331594,-2539062.5,5.808988e-07,1.1645069e-07,0.8953796624033643,0.005186824936617196,/content/drive/MyDrive/N-MON/ALTRO/spectograms/HOOKED-SAWTOOTH-3-20/1382.npy,HOOKED-SAWTOOTH-3-20
-0.022176776,-0.024576874,0.7432679,0.59572077,0.7435987,-1.0009308,0.99087936,1.9918101578950882,0.039467305,1.7595668,-0.7998837652379908,4609375.0,7.128326e-07,1.1759835e-07,0.9148161515015378,0.0180138362452271,/content/drive/MyDrive/N-MON/ALTRO/spectograms/HOOKED-SAWTOOTH-3-20/1383.npy,HOOKED-SAWTOOTH-3-20
-0.006722925,0.0067182356,0.7467614,0.60492784,0.74679166,-1.0009198,0.99101084,1.991930678486824,-0.012002539,1.735056,-0.7519677643634061,-2539062.5,6.0967307e-07,1.1632257e-07,0.8954840778003418,0.004148560601891578,/content/drive/MyDrive/N-MON/ALTRO/spectograms/HOOKED-SAWTOOTH-3-20/1384.npy,HOOKED-SAWTOOTH-3-20
0.0034705733,0.022811737,0.753311,0.61704713,0.753319,-1.0004829,0.9914328,1.9919157326221466,-0.03111465,1.7061651,-0.7642777429315873,-3203125.0,6.63938e-07,1.07275326e-07,0.8969067025741608,0.0032357051061648245,/content/drive/MyDrive/N-MON/ALTRO/spectograms/HOOKED-SAWTOOTH-3-20/1385.npy,HOOKED-SAWTOOTH-3-20
0.0004897617,-0.0013140792,0.74629825,0.6061495,0.74629843,-1.0011095,0.9908098,1.9919192790985107,-0.0097228335,1.7345054,-0.729083212802932,-2539062.5,5.999818e-07,1.1509616e-07,0.901662597320211,0.0036884827664495964,/content/drive/MyDrive/N-MON/ALTRO/spectograms/HOOKED-SAWTOOTH-3-20/1386.npy,HOOKED-SAWTOOTH-3-20
0.0009990912,0.014289851,0.7493697,0.6075388,0.7493704,-1.001168,0.9907287,1.9918966442346573,-0.029355893,1.7250975,-0.7733481611416037,-3203125.0,6.642848e-07,1.0674184e-07,0.9017544759119117,0.004222341410794124,/content/drive/MyDrive/N-MON/ALTRO/spectograms/HOOKED-SAWTOOTH-3-20/1387.npy,HOOKED-SAWTOOTH-3-20
-0.011355185,-0.016440693,0.7504861,0.6111146,0.75057197,-1.0007911,0.9910622,1.991853341460228,0.014753347,1.7214677,-0.7726260986814905,-2539062.5,5.8428145e-07,1.14536995e-07,0.9007227402571633,0.007596810188586788,/content/drive/MyDrive/N-MON/ALTRO/spectograms/HOOKED-SAWTOOTH-3-20/1388.npy,HOOKED-SAWTOOTH-3-20
-0.0074748592,-0.0006011961,0.752702,0.6146529,0.7527391,-1.0004183,0.9914954,1.9919136762619019,0.006953451,1.7124833,-0.8028085247211144,-3203125.0,6.008309e-07,1.0590938e-07,0.9016940668428743,0.0029456497266999934,/content/drive/MyDrive/N-MON/ALTRO/spectograms/HOOKED-SAWTOOTH-3-20/1389.npy,HOOKED-SAWTOOTH-3-20
0.0007329378,-5.2581778e-05,0.7454907,0.6060698,0.7454911,-0.9998738,0.99201584,1.9918896406888962,-0.008957508,1.7363071,-0.710694633484514,-2539062.5,6.3465376e-07,1.1328442e-07,0.9058438901073061,0.0022645162517959407,/content/drive/MyDrive/N-MON/ALTRO/spectograms/HOOKED-SAWTOOTH-3-20/1390.npy,HOOKED-SAWTOOTH-3-20
-0.0032514825,0.0066972063,0.75401586,0.6163236,0.75402284,-1.0010382,0.9909122,1.9919504523277283,-0.020308444,1.703975,-0.7764485747993942,-3203125.0,5.711285e-07,1.05749024e-07,0.9005802210604191,0.003104942545441742,/content/drive/MyDrive/N-MON/ALTRO/spectograms/HOOKED-SAWTOOTH-3-20/1391.npy,HOOKED-SAWTOOTH-3-20
-0.00018405342,0.0069364645,0.7510531,0.608416,0.7510531,-1.0006597,0.991261,1.9919207394123077,-0.022565214,1.7234646,-0.8225294619108566,-2656250.0,6.2859687e-07,1.1316282e-07,0.9009213411131958,0.004477567463165824,/content/drive/MyDrive/N-MON/ALTRO/spectograms/HOOKED-SAWTOOTH-3-20/1392.npy,HOOKED-SAWTOOTH-3-20
0.0041819504,0.003478976,0.7491187,0.6092138,0.74913037,-1.0002977,0.9916514,1.9919491410255432,-0.02347196,1.7230685,-0.7477058900714121,-3203125.0,7.067099e-07,1.2052215e-07,0.9059815466251714,0.004584065252292968,/content/drive/MyDrive/N-MON/ALTRO/spectograms/HOOKED-SAWTOOTH-3-20/1393.npy,HOOKED-SAWTOOTH-3-20
0.0018479672,0.0068527586,0.7471978,0.60376793,0.74720013,-1.0009471,0.9909531,1.9919002652168274,-0.025569333,1.7365884,-0.7747605280121413,-2539062.5,5.975415e-07,1.11591376e-07,0.9016104361355851,0.005787320660236882,/content/drive/MyDrive/N-MON/ALTRO/spectograms/HOOKED-SAWTOOTH-3-20/1394.npy,HOOKED-SAWTOOTH-3-20
0.01041082,0.03925069,0.7501414,0.6072898,0.7502136,-0.9995853,0.99232996,1.991915225982666,-0.05839043,1.7243226,-0.7950963334355975,-2988281.25,6.112028e-07,1.1960996e-07,0.9050828310962841,0.0024810738787466972,/content/drive/MyDrive/N-MON/ALTRO/spectograms/HOOKED-SAWTOOTH-3-20/1395.npy,HOOKED-SAWTOOTH-3-20
-0.010050358,-0.023910929,0.7451975,0.60091966,0.74526525,-1.000484,0.9913486,1.9918327033519745,0.015812425,1.7446736,-0.7632904840900655,-4765625.0,6.0496507e-07,1.1548565e-07,0.900810721160278,0.0036030713192270487,/content/drive/MyDrive/N-MON/ALTRO/spectograms/HOOKED-SAWTOOTH-3-20/1396.npy,HOOKED-SAWTOOTH-3-20
0.007991997,0.02198125,0.7390021,0.5903014,0.7390453,-1.001185,0.9906726,1.991857647895813,-0.045452543,1.7804629,-0.7986342793349445,-2988281.25,6.2143823e-07,1.1843661e-07,0.9053027069257384,0.00551129435880618,/content/drive/MyDrive/N-MON/ALTRO/spectograms/HOOKED-SAWTOOTH-3-20/1397.npy,HOOKED-SAWTOOTH-3-20
0.0007313919,0.006161332,0.7461213,0.6013285,0.74612164,-1.001362,0.9905814,1.991943359375,-0.0191758,1.7421821,-0.7791997335886106,4726562.5,5.7481856e-07,1.170521e-07,0.9023952514768001,0.003570262006117412,/content/drive/MyDrive/N-MON/ALTRO/spectograms/HOOKED-SAWTOOTH-3-20/1398.npy,HOOKED-SAWTOOTH-3-20
-0.0023977137,0.014779621,0.7507035,0.6147858,0.7507073,-1.0007248,0.9911934,1.9919181168079376,-0.019953761,1.7118888,-0.7270850913708023,-2656250.0,6.574924e-07,1.1820665e-07,0.9044653455106575,0.004193504728844453,/content/drive/MyDrive/N-MON/ALTRO/spectograms/HOOKED-SAWTOOTH-3-20/1399.npy,HOOKED-SAWTOOTH-3-20
0.012336712,0.031055715,0.7524664,0.6120392,0.7525675,-1.0001967,0.99175143,1.9919481873512268,-0.05674551,1.7151178,-0.7897094332834779,-2988281.25,5.8710623e-07,1.0938495e-07,0.8992830525191753,0.0024290851595265106,/content/drive/MyDrive/N-MON/ALTRO/spectograms/HOOKED-SAWTOOTH-3-20/1400.npy,HOOKED-SAWTOOTH-3-20
-0.0033527699,-0.0016793199,0.7512956,0.6069523,0.75130314,-1.0016212,0.99033064,1.9919519126415253,-0.01452433,1.7202824,-0.8137390012378188,-2656250.0,6.099153e-07,1.1706511e-07,0.8989511091594607,0.0064970471745323995,/content/drive/MyDrive/N-MON/ALTRO/spectograms/HOOKED-SAWTOOTH-3-20/1401.npy,HOOKED-SAWTOOTH-3-20
0.01952619,0.030606776,0.7522284,0.6158933,0.75248176,-1.0006516,0.99119043,1.9918420910835266,-0.06901239,1.7118998,-0.7458674732837,-3378906.25,5.8581554e-07,1.08379616e-07,0.8971253777098486,0.002824449401121717,/content/drive/MyDrive/N-MON/ALTRO/spectograms/HOOKED-SAWTOOTH-3-20/1402.npy,HOOKED-SAWTOOTH-3-20
0.0018411952,0.006815671,0.75492346,0.6170779,0.75492567,-1.0010352,0.9908883,1.9919235557317734,-0.015687434,1.701677,-0.7922132501961451,-3203125.0,5.8306244e-07,1.1750722e-07,0.8939065158002408,0.003754787092864371,/content/drive/MyDrive/N-MON/ALTRO/spectograms/HOOKED-SAWTOOTH-3-20/1403.npy,HOOKED-SAWTOOTH-3-20
-0.021958902,-0.038771257,0.74349266,0.5986095,0.74381685,-0.99963,0.9921494,1.9917794167995453,0.058355134,1.7537789,-0.7536802301675564,-3378906.25,6.1659233e-07,1.0719554e-07,0.892138786031623,0.004235909846739143,/content/drive/MyDrive/N-MON/ALTRO/spectograms/HOOKED-SAWTOOTH-3-20/1404.npy,HOOKED-SAWTOOTH-3-20
-0.004326276,0.029696267,0.7658733,0.63697183,0.7658855,-1.00121,0.9906244,1.9918344020843506,-0.031528622,1.6473688,-0.7685488888484847,-4277343.75,6.2438176e-07,1.2065368e-07,0.9034020144924495,0.015121196101900766,/content/drive/MyDrive/N-MON/ALTRO/spectograms/HOOKED-SAWTOOTH-3-20/1405.npy,HOOKED-SAWTOOTH-3-20
-0.01563331,-0.015834652,0.7492588,0.6059438,0.7494219,-1.0001194,0.9918243,1.9919437319040298,0.022171974,1.7294295,-0.7970515480686525,-3203125.0,6.571254e-07,1.0643838e-07,0.8951263543911352,0.0028013616022774866,/content/drive/MyDrive/N-MON/ALTRO/spectograms/HOOKED-SAWTOOTH-3-20/1406.npy,HOOKED-SAWTOOTH-3-20
-0.006217615,-0.00025191176,0.7503628,0.6160143,0.7503885,-1.0001695,0.99172425,1.9918938428163528,-0.011158978,1.7122521,-0.7004792264462899,-2656250.0,6.144678e-07,1.1479525e-07,0.8975140573827636,0.0036163591789433905,/content/drive/MyDrive/N-MON/ALTRO/spectograms/HOOKED-SAWTOOTH-3-20/1407.npy,HOOKED-SAWTOOTH-3-20
0.018659957,0.046977825,0.743433,0.59965825,0.7436672,-0.9997581,0.99213326,1.9918913543224335,-0.08592961,1.7513115,-0.7312316792496177,-3203125.0,5.423238e-07,1.0548592e-07,0.8938419041242773,0.003748542576995496,/content/drive/MyDrive/N-MON/ALTRO/spectograms/HOOKED-SAWTOOTH-3-20/1408.npy,HOOKED-SAWTOOTH-3-20
0.008116038,0.014247378,0.7476191,0.6092872,0.74766314,-1.0011678,0.99071723,1.9918849915266037,-0.027703347,1.7275339,-0.7165040871150082,-2539062.5,5.992712e-07,1.1299853e-07,0.8912848875630575,0.0037523487509726018,/content/drive/MyDrive/N-MON/ALTRO/spectograms/HOOKED-SAWTOOTH-3-20/1409.npy,HOOKED-SAWTOOTH-3-20
0.009228867,0.0468468,0.7498034,0.61056566,0.7498602,-0.99984705,0.99205583,1.9919028729200363,-0.07051084,1.7210693,-0.7497805409787174,-3203125.0,6.5000387e-07,1.2112497e-07,0.896495363466777,0.0034281465804436805,/content/drive/MyDrive/N-MON/ALTRO/spectograms/HOOKED-SAWTOOTH-3-20/1410.npy,HOOKED-SAWTOOTH-3-20
0.0025730676,0.0068592937,0.74979174,0.6058749,0.74979615,-1.0009339,0.99095947,1.9918933361768723,-0.027009586,1.7274855,-0.8107543146578245,-3203125.0,5.8158327e-07,1.12489246e-07,0.8946426707242867,0.0037544012829731238,/content/drive/MyDrive/N-MON/ALTRO/spectograms/HOOKED-SAWTOOTH-3-20/1411.npy,HOOKED-SAWTOOTH-3-20
0.008182007,0.030273002,0.74676895,0.6041905,0.7468138,-1.0006207,0.99122083,1.9918415546417236,-0.049504567,1.7357807,-0.7594271722562019,-3203125.0,8.0215233e-07,1.2005253e-07,0.9026970560664185,0.0025399061462385727,/content/drive/MyDrive/N-MON/ALTRO/spectograms/HOOKED-SAWTOOTH-3-20/1412.npy,HOOKED-SAWTOOTH-3-20
-0.009857693,0.006379393,0.7488278,0.60665226,0.7488927,-1.0014291,0.99052244,1.9919515401124954,-0.013875903,1.7268673,-0.7816085992569742,-2539062.5,5.891056e-07,1.11733684e-07,0.9059900592157559,0.0037996672185599102,/content/drive/MyDrive/N-MON/ALTRO/spectograms/HOOKED-SAWTOOTH-3-20/1413.npy,HOOKED-SAWTOOTH-3-20
-0.023309067,-0.016588021,0.7470646,0.6059159,0.7474281,-1.0006591,0.9910978,1.9917569309473038,0.048189405,1.7353218,-0.7474532075943278,-3203125.0,7.7619023e-07,1.1908615e-07,0.8987851278221344,0.003613938081220011,/content/drive/MyDrive/N-MON/ALTRO/spectograms/HOOKED-SAWTOOTH-3-20/1414.npy,HOOKED-SAWTOOTH-3-20
-0.011220654,-0.008415477,0.7487401,0.61217207,0.7488241,-1.0003867,0.991524,1.991910681128502,0.01916712,1.7201818,-0.7070424421354825,-2539062.5,5.53046e-07,1.1691533e-07,0.9062432663019944,0.003156004453317767,/content/drive/MyDrive/N-MON/ALTRO/spectograms/HOOKED-SAWTOOTH-3-20/1415.npy,HOOKED-SAWTOOTH-3-20
-0.006676218,0.0063661626,0.74849856,0.6065892,0.74852836,-1.0011698,0.99074733,1.9919171035289764,-0.0096738245,1.7289412,-0.776936029349253,-3203125.0,7.8568803e-07,1.190984e-07,0.9018821230339944,0.004992695582625645,/content/drive/MyDrive/N-MON/ALTRO/spectograms/HOOKED-SAWTOOTH-3-20/1416.npy,HOOKED-SAWTOOTH-3-20
0.0067605274,0.022807822,0.7484759,0.61016446,0.7485065,-1.0004297,0.99148357,1.9919133484363556,-0.032953132,1.7269043,-0.7397725750427001,4726562.5,5.4159034e-07,1.17455585e-07,0.9086155410633041,0.0031289792038835893,/content/drive/MyDrive/N-MON/ALTRO/spectograms/HOOKED-SAWTOOTH-3-20/1417.npy,HOOKED-SAWTOOTH-3-20
0.008050361,0.029906038,0.74645555,0.60657996,0.746499,-1.001189,0.9907024,1.991891324520111,-0.046836678,1.7311797,-0.7103669792136894,-4667968.75,4.899296e-07,1.1000718e-07,0.9038796250173591,0.004099116325639501,/content/drive/MyDrive/N-MON/ALTRO/spectograms/HOOKED-SAWTOOTH-3-20/1418.npy,HOOKED-SAWTOOTH-3-20
-0.008091901,0.005942883,0.74828357,0.60434103,0.7483273,-1.0016568,0.99025726,1.9919141232967377,-0.009083599,1.7342528,-0.8127071920603007,4726562.5,6.3684115e-07,1.1811718e-07,0.904553729452074,0.002945450507369575,/content/drive/MyDrive/N-MON/ALTRO/spectograms/HOOKED-SAWTOOTH-3-20/1419.npy,HOOKED-SAWTOOTH-3-20
-0.0016182056,0.014192803,0.74987125,0.6054,0.7498729,-1.0012867,0.9906351,1.991921916604042,-0.017307661,1.7284678,-0.8248181209375441,-4726562.5,4.6005889e-07,1.11127534e-07,0.9029492360023184,0.0031099720862677416,/content/drive/MyDrive/N-MON/ALTRO/spectograms/HOOKED-SAWTOOTH-3-20/1420.npy,HOOKED-SAWTOOTH-3-20
0.010130929,0.014372781,0.7505114,0.60984325,0.7505798,-1.00107,0.99083334,1.9919034093618393,-0.03640363,1.7231255,-0.793059831641446,-4765625.0,5.750147e-07,1.191346e-07,0.903119094990003,0.0022667504317333744,/content/drive/MyDrive/N-MON/ALTRO/spectograms/HOOKED-SAWTOOTH-3-20/1421.npy,HOOKED-SAWTOOTH-3-20
0.015830703,0.04612521,0.74993163,0.6089314,0.7500987,-1.0006684,0.9910177,1.991686075925827,-0.08427121,1.7244241,-0.7629756259259511,-2539062.5,5.555111e-07,1.1074984e-07,0.9205272069394326,0.013097096272504053,/content/drive/MyDrive/N-MON/ALTRO/spectograms/HOOKED-SAWTOOTH-3-20/1422.npy,HOOKED-SAWTOOTH-3-20
0.009586121,0.021851555,0.74874467,0.6066478,0.748806,-1.001473,0.9904074,1.9918803870677948,-0.053760856,1.7287259,-0.763904291687867,4667968.75,6.608452e-07,1.1979685e-07,0.900696642506233,0.00525334426701816,/content/drive/MyDrive/N-MON/ALTRO/spectograms/HOOKED-SAWTOOTH-3-20/1423.npy,HOOKED-SAWTOOTH-3-20
0.00727058,0.022098335,0.7500626,0.6090365,0.7500978,-1.0010387,0.9908534,1.991892084479332,-0.040197372,1.7237622,-0.7745494299481638,-3203125.0,6.24682e-07,1.15264825e-07,0.8938172641864677,0.005459754221211262,/content/drive/MyDrive/N-MON/ALTRO/spectograms/HOOKED-SAWTOOTH-3-20/1424.npy,HOOKED-SAWTOOTH-3-20
-0.0018519654,0.014748825,0.7513931,0.61631715,0.7513954,-1.0006287,0.99127185,1.9919005036354065,-0.022740066,1.7091106,-0.7267992096584851,4667968.75,6.742278e-07,1.2071233e-07,0.8975672614490079,0.0036455403780336756,/content/drive/MyDrive/N-MON/ALTRO/spectograms/HOOKED-SAWTOOTH-3-20/1425.npy,HOOKED-SAWTOOTH-3-20
-0.0040850667,0.014398707,0.7527267,0.61428005,0.75273776,-1.0009079,0.9909575,1.9918654561042786,-0.0048812195,1.7103437,-0.7788699002471323,-3203125.0,7.025409e-07,1.15017855e-07,0.8931483571495327,0.0028523481473691375,/content/drive/MyDrive/N-MON/ALTRO/spectograms/HOOKED-SAWTOOTH-3-20/1426.npy,HOOKED-SAWTOOTH-3-20
0.00878276,0.007414188,0.7506085,0.61108756,0.75065976,-1.0000731,0.99185807,1.991931140422821,-0.030687677,1.7202826,-0.7716234278451283,4667968.75,6.6719866e-07,1.2137576e-07,0.8938088632183225,0.0033979667542771512,/content/drive/MyDrive/N-MON/ALTRO/spectograms/HOOKED-SAWTOOTH-3-20/1427.npy,HOOKED-SAWTOOTH-3-20
-0.013198485,-0.0020187302,0.7524361,0.61036634,0.75255185,-1.0017321,0.990197,1.991929054260254,0.006562403,1.7158699,-0.8138074309373052,-2656250.0,6.173772e-07,1.14245125e-07,0.896282314721778,0.0042630188780537325,/content/drive/MyDrive/N-MON/ALTRO/spectograms/HOOKED-SAWTOOTH-3-20/1428.npy,HOOKED-SAWTOOTH-3-20
0.009901924,0.0146600865,0.7518544,0.61271936,0.7519197,-1.0008833,0.99101037,1.991893708705902,-0.05182614,1.7152522,-0.7749969133831033,4609375.0,7.047905e-07,1.2020979e-07,0.893995729939009,0.0031842218984874317,/content/drive/MyDrive/N-MON/ALTRO/spectograms/HOOKED-SAWTOOTH-3-20/1429.npy,HOOKED-SAWTOOTH-3-20
-0.010817712,0.014569016,0.74200416,0.5970199,0.74208295,-1.0010376,0.990893,1.9919305741786957,-0.019836076,1.7561021,-0.758650225735651,-3203125.0,6.079502e-07,1.1162534e-07,0.9099188821349335,0.0159870920750644,/content/drive/MyDrive/N-MON/ALTRO/spectograms/HOOKED-SAWTOOTH-3-20/1430.npy,HOOKED-SAWTOOTH-3-20
-0.0020432218,-0.016516754,0.7456573,0.6038986,0.7456602,-1.0006616,0.9912838,1.9919453412294388,0.010248343,1.7376993,-0.7377512341761562,-3203125.0,6.580865e-07,1.2012015e-07,0.8960654673543189,0.003353182994983968,/content/drive/MyDrive/N-MON/ALTRO/spectograms/HOOKED-SAWTOOTH-3-20/1431.npy,HOOKED-SAWTOOTH-3-20
0.00534097,0.015061002,0.7476359,0.6089515,0.7476549,-1.0004065,0.9915084,1.991914913058281,-0.021017175,1.727676,-0.7222417903549393,-3203125.0,5.2057436e-07,1.1593895e-07,0.9055841155707293,0.0031861001834266904,/content/drive/MyDrive/N-MON/ALTRO/spectograms/HOOKED-SAWTOOTH-3-20/1432.npy,HOOKED-SAWTOOTH-3-20
-0.0016766515,0.014049605,0.7482085,0.60509473,0.7482104,-1.001474,0.9904853,1.9919593632221222,-0.012725348,1.7308502,-0.7763166512257059,-3203125.0,6.792278e-07,1.2040333e-07,0.9042184953132264,0.003572224689558375,/content/drive/MyDrive/N-MON/ALTRO/spectograms/HOOKED-SAWTOOTH-3-20/1433.npy,HOOKED-SAWTOOTH-3-20
0.005062771,0.013639475,0.7509993,0.6146503,0.7510163,-1.001883,0.99000835,1.9918913543224335,-0.03005078,1.7119067,-0.7172688458824733,-4707031.25,6.914785e-07,1.1728165e-07,0.9097342720623522,0.0032606551544238976,/content/drive/MyDrive/N-MON/ALTRO/spectograms/HOOKED-SAWTOOTH-3-20/1434.npy,HOOKED-SAWTOOTH-3-20
0.018758914,0.045793418,0.75411063,0.61896324,0.7543439,-1.0009559,0.9907899,1.9917458593845367,-0.082526274,1.7071338,-0.7674643969595883,-3203125.0,5.967214e-07,1.0956147e-07,0.902981911948898,0.0021429364169891934,/content/drive/MyDrive/N-MON/ALTRO/spectograms/HOOKED-SAWTOOTH-3-20/1435.npy,HOOKED-SAWTOOTH-3-20
-0.0037939912,0.013884044,0.7509024,0.6149807,0.75091195,-1.0015949,0.9903023,1.9918972253799438,-0.018195886,1.7141134,-0.7486468127391347,4726562.5,5.3902846e-07,1.1748757e-07,0.907948891728529,0.004424627232104895,/content/drive/MyDrive/N-MON/ALTRO/spectograms/HOOKED-SAWTOOTH-3-20/1436.npy,HOOKED-SAWTOOTH-3-20
-0.0033145142,-0.0010634392,0.75215393,0.61479646,0.75216126,-1.000975,0.9909517,1.9919267147779465,-0.012593421,1.7116995,-0.7656846710814086,-3203125.0,5.231777e-07,1.1010263e-07,0.9047141980624458,0.0030896554095860033,/content/drive/MyDrive/N-MON/ALTRO/spectograms/HOOKED-SAWTOOTH-3-20/1437.npy,HOOKED-SAWTOOTH-3-20
-0.0037002526,0.014574941,0.7507763,0.61542165,0.75078535,-1.000902,0.99099666,1.9918987601995468,-0.022016436,1.7125827,-0.7258660811839573,4726562.5,5.425849e-07,1.0505058e-07,0.9075931916443796,0.0031048564264853904,/content/drive/MyDrive/N-MON/ALTRO/spectograms/HOOKED-SAWTOOTH-3-20/1438.npy,HOOKED-SAWTOOTH-3-20
-0.00036658382,0.014865739,0.749594,0.6123982,0.7495941,-1.000632,0.99124813,1.9918802082538605,-0.02787046,1.7212569,-0.7424179383624702,-3203125.0,5.378913e-07,1.1097717e-07,0.906728621068067,0.003447447546811381,/content/drive/MyDrive/N-MON/ALTRO/spectograms/HOOKED-SAWTOOTH-3-20/1439.npy,HOOKED-SAWTOOTH-3-20
-0.0060686735,-0.00032482197,0.75258,0.61335933,0.7526044,-1.0001642,0.99179006,1.9919542521238327,-0.00053550635,1.7135046,-0.7919371017014215,4667968.75,5.537585e-07,1.058236e-07,0.8997958533250738,0.003276137720876485,/content/drive/MyDrive/N-MON/ALTRO/spectograms/HOOKED-SAWTOOTH-3-20/1440.npy,HOOKED-SAWTOOTH-3-20
0.0027285614,-0.00472311,0.75500935,0.6118588,0.75501424,-1.0006562,0.9912706,1.991926833987236,-0.014449386,1.7085726,-0.8505522923850447,-3203125.0,4.858388e-07,1.1206636e-07,0.8991401363700802,0.004845703543621112,/content/drive/MyDrive/N-MON/ALTRO/spectograms/HOOKED-SAWTOOTH-3-20/1441.npy,HOOKED-SAWTOOTH-3-20
-0.010435894,-0.00973903,0.7505613,0.61099833,0.75063384,-1.0018313,0.9900554,1.991886705160141,0.0053973226,1.7204831,-0.7697293877368684,4667968.75,7.033977e-07,1.2020789e-07,0.899627242044791,0.0038521746391286917,/content/drive/MyDrive/N-MON/ALTRO/spectograms/HOOKED-SAWTOOTH-3-20/1442.npy,HOOKED-SAWTOOTH-3-20
-0.006157634,-0.024324423,0.74764603,0.60516936,0.7476714,-1.000874,0.9910607,1.9919347018003464,0.017828142,1.7324479,-0.7630392822684834,19531.25,4.862273e-07,1.13034815e-07,0.9025305254711792,0.007180850414314375,/content/drive/MyDrive/N-MON/ALTRO/spectograms/HOOKED-SAWTOOTH-3-20/1443.npy,HOOKED-SAWTOOTH-3-20
-0.0072372616,-0.028255159,0.7485274,0.6054755,0.74856246,-1.0006666,0.99111414,1.9917807579040527,0.022900116,1.7314329,-0.7873604741244621,4609375.0,5.1724237e-07,1.05773864e-07,0.8989536306877672,0.005470963234771255,/content/drive/MyDrive/N-MON/ALTRO/spectograms/HOOKED-SAWTOOTH-3-20/1444.npy,HOOKED-SAWTOOTH-3-20
-0.0071894913,-0.00036099643,0.7507691,0.61320156,0.7508035,-1.0003772,0.99151504,1.9918921440839767,-2.5517757e-05,1.7167515,-0.7612909271690561,-2539062.5,5.2172277e-07,1.1321609e-07,0.8911277527283201,0.0039284585453009556,/content/drive/MyDrive/N-MON/ALTRO/spectograms/HOOKED-SAWTOOTH-3-20/1445.npy,HOOKED-SAWTOOTH-3-20
-0.009167955,-0.008981144,0.75445634,0.61497146,0.7545121,-1.0010451,0.99090964,1.991954743862152,0.00197142,1.7060872,-0.814180755510563,-4667968.75,5.381561e-07,1.0618022e-07,0.8959809399914676,0.0028470462714898816,/content/drive/MyDrive/N-MON/ALTRO/spectograms/HOOKED-SAWTOOTH-3-20/1446.npy,HOOKED-SAWTOOTH-3-20
0.012572933,0.014193595,0.7497202,0.61157155,0.7498256,-1.0011427,0.990675,1.9918177127838135,-0.045104504,1.7236272,-0.7573458673572705,-3203125.0,4.9578654e-07,1.0559042e-07,0.8905132297433289,0.0032441059834621517,/content/drive/MyDrive/N-MON/ALTRO/spectograms/HOOKED-SAWTOOTH-3-20/1447.npy,HOOKED-SAWTOOTH-3-20
0.008819533,0.014092811,0.7520711,0.6142918,0.75212276,-1.00139,0.99052477,1.9919147938489914,-0.03526592,1.7126118,-0.7618987132809815,-2539062.5,4.66198e-07,1.0601205e-07,0.8979516784098964,0.003996016114264433,/content/drive/MyDrive/N-MON/ALTRO/spectograms/HOOKED-SAWTOOTH-3-20/1448.npy,HOOKED-SAWTOOTH-3-20
0.0076279794,0.007186568,0.7513781,0.6174115,0.7514168,-1.0005574,0.99134433,1.991901770234108,-0.033306744,1.705857,-0.6829786678880821,-4707031.25,4.6346253e-07,1.06358485e-07,0.9076116034411078,0.0035453353666934557,/content/drive/MyDrive/N-MON/ALTRO/spectograms/HOOKED-SAWTOOTH-3-20/1449.npy,HOOKED-SAWTOOTH-3-20
-0.00292587,-0.0011182188,0.755921,0.6232876,0.7559266,-1.0009191,0.9909806,1.9918997585773468,-0.0012625473,1.6891485,-0.725095303980548,4609375.0,5.0618956e-07,1.0748752e-07,0.9025754547719679,0.0027713141185517175,/content/drive/MyDrive/N-MON/ALTRO/spectograms/HOOKED-SAWTOOTH-3-20/1450.npy,HOOKED-SAWTOOTH-3-20
-0.0064943456,0.0067533245,0.75192267,0.61330056,0.7519507,-1.000775,0.9910959,1.991870939731598,-0.0032554732,1.7122098,-0.7585354992368903,-4707031.25,5.4662564e-07,1.05743425e-07,0.8995996282472956,0.002854874385093286,/content/drive/MyDrive/N-MON/ALTRO/spectograms/HOOKED-SAWTOOTH-3-20/1451.npy,HOOKED-SAWTOOTH-3-20
-0.00075708673,-0.0012849639,0.7511054,0.614526,0.7511058,-1.0011499,0.99077654,1.9919264763593674,-0.011621395,1.7162515,-0.7645114469058446,-4726562.5,5.469506e-07,1.0804475e-07,0.9031937508926523,0.0029350565930618914,/content/drive/MyDrive/N-MON/ALTRO/spectograms/HOOKED-SAWTOOTH-3-20/1452.npy,HOOKED-SAWTOOTH-3-20
0.020034354,0.07718949,0.78317416,0.6621123,0.78343034,-1.000653,0.99109095,1.9917439967393875,-0.09923389,1.5838462,-0.8433903736015732,-3437500.0,7.5334844e-07,1.1881102e-07,0.9141158982998423,0.004276155309775737,/content/drive/MyDrive/N-MON/ALTRO/spectograms/HOOKED-SAWTOOTH-3-20/1453.npy,HOOKED-SAWTOOTH-3-20
0.004576746,0.03788416,0.75295603,0.6098648,0.7529699,-1.0011474,0.9907639,1.991911306977272,-0.059730053,1.7134072,-0.8260695024260923,-3203125.0,5.2879733e-07,1.0955502e-07,0.9047492044329494,0.0034874823403654672,/content/drive/MyDrive/N-MON/ALTRO/spectograms/HOOKED-SAWTOOTH-3-20/1454.npy,HOOKED-SAWTOOTH-3-20
0.0016693334,0.021738537,0.75400954,0.61627954,0.7540114,-1.0014364,0.99045795,1.9918943345546722,-0.028366206,1.7025914,-0.760188702630841,4726562.5,5.367912e-07,1.1764091e-07,0.9053957584877943,0.003645715837975319,/content/drive/MyDrive/N-MON/ALTRO/spectograms/HOOKED-SAWTOOTH-3-20/1455.npy,HOOKED-SAWTOOTH-3-20
-0.008520537,-0.009747069,0.7513855,0.60731053,0.75143385,-1.0015767,0.9902763,1.9918529093265533,0.011125929,1.7205853,-0.8216748447057026,-3203125.0,4.692163e-07,1.104105e-07,0.9027703732572459,0.002333400675151829,/content/drive/MyDrive/N-MON/ALTRO/spectograms/HOOKED-SAWTOOTH-3-20/1456.npy,HOOKED-SAWTOOTH-3-20
0.015824853,0.045611523,0.75592816,0.6283435,0.7560938,-1.0009258,0.9908564,1.9917821884155273,-0.0861686,1.6808634,-0.659487473885828,4726562.5,5.925269e-07,1.2075175e-07,0.9050247929322465,0.002918848587649221,/content/drive/MyDrive/N-MON/ALTRO/spectograms/HOOKED-SAWTOOTH-3-20/1457.npy,HOOKED-SAWTOOTH-3-20
0.019904993,0.09899311,0.76357347,0.66095245,0.76383287,-1.0021515,0.989335,1.9914865642786026,-0.08911287,1.6158289,-0.583384495712263,19531.25,7.442729e-07,1.1407531e-07,0.9015729815160918,0.004426174264232344,/content/drive/MyDrive/N-MON/ALTRO/spectograms/HOOKED-SAWTOOTH-3-20/1458.npy,HOOKED-SAWTOOTH-3-20
0.021975126,0.07704791,0.76708776,0.6615057,0.76740235,-1.0010139,0.99069935,1.9917131960391998,-0.100783326,1.6127303,-0.6408161393448718,4726562.5,6.3710837e-07,1.2214173e-07,0.8985859938882921,0.0062357912768909235,/content/drive/MyDrive/N-MON/ALTRO/spectograms/HOOKED-SAWTOOTH-3-20/1459.npy,HOOKED-SAWTOOTH-3-20
0.013535875,0.115973756,0.7679229,0.65999234,0.7680422,-1.0008738,0.9908192,1.991693064570427,-0.096117124,1.6121483,-0.6507733169019857,19531.25,7.7451807e-07,1.15209076e-07,0.8963597394468696,0.005505284988797203,/content/drive/MyDrive/N-MON/ALTRO/spectograms/HOOKED-SAWTOOTH-3-20/1460.npy,HOOKED-SAWTOOTH-3-20
0.003985342,0.03665051,0.7558739,0.6395702,0.75588447,-1.0022395,0.9894322,1.9916717112064362,-0.042233635,1.6553881,-0.5373228997427121,-4609375.0,6.659751e-07,1.223453e-07,0.8943652324759221,0.0036674870739951183,/content/drive/MyDrive/N-MON/ALTRO/spectograms/HOOKED-SAWTOOTH-3-20/1461.npy,HOOKED-SAWTOOTH-3-20
-0.0036818828,-0.05072624,0.7912469,0.69021094,0.7912555,-0.99976885,0.9921001,1.9918689578771591,0.0068961624,1.5268734,-0.765651167862588,-2656250.0,6.4191687e-07,1.1779772e-07,0.8956950911052273,0.0063785345314732265,/content/drive/MyDrive/N-MON/ALTRO/spectograms/HOOKED-SAWTOOTH-3-20/1462.npy,HOOKED-SAWTOOTH-3-20
0.004233151,0.024394903,0.75516135,0.6246632,0.7551732,-0.99885416,0.99300796,1.9918621480464935,-0.045668032,1.687497,-0.6891858699721097,-4609375.0,6.564752e-07,1.2260266e-07,0.895261964177825,0.004887703401627175,/content/drive/MyDrive/N-MON/ALTRO/spectograms/HOOKED-SAWTOOTH-3-20/1463.npy,HOOKED-SAWTOOTH-3-20
-0.007910535,-0.020443372,0.7603323,0.6575831,0.7603734,-1.000746,0.9909153,1.9916613399982452,0.0016249393,1.6243135,-0.5864731816073975,19531.25,5.831826e-07,1.15975595e-07,0.8852995130142088,0.00400549394629431,/content/drive/MyDrive/N-MON/ALTRO/spectograms/HOOKED-SAWTOOTH-3-20/1464.npy,HOOKED-SAWTOOTH-3-20
-0.012607658,-0.04779374,0.7551232,0.62618315,0.7552284,-1.0006251,0.99118555,1.991810753941536,0.04135174,1.6854594,-0.6834312147281009,-4667968.75,6.2066255e-07,1.2405178e-07,0.8938536333957287,0.002976048574123922,/content/drive/MyDrive/N-MON/ALTRO/spectograms/HOOKED-SAWTOOTH-3-20/1465.npy,HOOKED-SAWTOOTH-3-20
-0.011142462,-0.002132507,0.75538445,0.63466954,0.75546664,-1.0017098,0.9899666,1.991676390171051,0.0120261,1.6667968,-0.5892965393174895,19531.25,6.269621e-07,1.1688984e-07,0.8986192427751829,0.002757179050938075,/content/drive/MyDrive/N-MON/ALTRO/spectograms/HOOKED-SAWTOOTH-3-20/1466.npy,HOOKED-SAWTOOTH-3-20
-0.0023594818,0.033486187,0.761306,0.661344,0.7613096,-1.0013269,0.9903844,1.9917113333940506,-0.01251548,1.6155894,-0.5919508492740554,-4667968.75,5.2690706e-07,1.0912307e-07,0.8937152150935137,0.0024352388062009026,/content/drive/MyDrive/N-MON/ALTRO/spectograms/HOOKED-SAWTOOTH-3-20/1467.npy,HOOKED-SAWTOOTH-3-20
0.022770122,0.07127359,0.7599921,0.64062536,0.7603332,-0.9986027,0.99301416,1.9916168600320816,-0.09873308,1.657402,-0.6272454965297413,19531.25,6.689564e-07,1.1821926e-07,0.896843500058488,0.004472925166411066,/content/drive/MyDrive/N-MON/ALTRO/spectograms/HOOKED-SAWTOOTH-3-20/1468.npy,HOOKED-SAWTOOTH-3-20
-0.021145932,-0.041381665,0.7578694,0.63786733,0.7581644,-1.0020905,0.98966765,1.991758108139038,0.052907012,1.6617428,-0.612596085225488,19531.25,6.468853e-07,1.1043036e-07,0.9022303464306625,0.0022110865778777558,/content/drive/MyDrive/N-MON/ALTRO/spectograms/HOOKED-SAWTOOTH-3-20/1469.npy,HOOKED-SAWTOOTH-3-20
0.0019037914,0.03160884,0.76299196,0.6565469,0.76299435,-0.99932766,0.9923315,1.9916591048240662,-0.037652753,1.6199032,-0.5873934363649919,19531.25,5.4929853e-07,1.08671856e-07,0.8941110414233615,0.0023709127928760393,/content/drive/MyDrive/N-MON/ALTRO/spectograms/HOOKED-SAWTOOTH-3-20/1470.npy,HOOKED-SAWTOOTH-3-20
-0.019805271,-0.030291593,0.7636118,0.6612716,0.76386863,-1.002523,0.98904014,1.991563081741333,0.032978952,1.6145471,-0.6075418114785692,-19531.25,5.21338e-07,1.1066028e-07,0.8988616524538358,0.004703340063151137,/content/drive/MyDrive/N-MON/ALTRO/spectograms/HOOKED-SAWTOOTH-3-20/1471.npy,HOOKED-SAWTOOTH-3-20
0.0045015346,0.021274269,0.7625583,0.64951825,0.7625715,-1.0021017,0.9895108,1.9916124939918518,-0.047113318,1.6300135,-0.5835589342293633,19531.25,7.5711785e-07,1.0992755e-07,0.9065486580015232,0.0032582660420256235,/content/drive/MyDrive/N-MON/ALTRO/spectograms/HOOKED-SAWTOOTH-3-20/1472.npy,HOOKED-SAWTOOTH-3-20
0.00085352466,0.045134228,0.7525918,0.6289073,0.7525923,-1.0015912,0.9902415,1.9918327033519745,-0.06453863,1.6799656,-0.5757903259904468,4550781.25,5.4418746e-07,1.1216625e-07,0.9026286438123527,0.0033368053688145774,/content/drive/MyDrive/N-MON/ALTRO/spectograms/HOOKED-SAWTOOTH-3-20/1473.npy,HOOKED-SAWTOOTH-3-20
-0.020007042,-0.031754635,0.7669824,0.66720146,0.7672433,-1.0000334,0.9915651,1.9915985465049744,0.06452475,1.6019632,-0.6518685089287041,19531.25,6.169617e-07,1.2011e-07,0.9003000898516267,0.003243334549456295,/content/drive/MyDrive/N-MON/ALTRO/spectograms/HOOKED-SAWTOOTH-3-20/1474.npy,HOOKED-SAWTOOTH-3-20
-0.019661333,-0.07062737,0.76066875,0.64249575,0.7609228,-1.0003115,0.9913909,1.9917024224996567,0.0590503,1.6507102,-0.6304166919647499,19531.25,5.8588955e-07,1.1353542e-07,0.9008780513821144,0.0057637727836123065,/content/drive/MyDrive/N-MON/ALTRO/spectograms/HOOKED-SAWTOOTH-3-20/1475.npy,HOOKED-SAWTOOTH-3-20
-0.020175828,-0.04589776,0.7584576,0.63364196,0.7587259,-0.99891585,0.9929354,1.9918513000011444,0.059433594,1.6671757,-0.6536069311927363,19531.25,5.9921155e-07,1.0939172e-07,0.8984179964060703,0.0026124914671049504,/content/drive/MyDrive/N-MON/ALTRO/spectograms/HOOKED-SAWTOOTH-3-20/1476.npy,HOOKED-SAWTOOTH-3-20
0.009767022,-0.007843228,0.76396847,0.651439,0.7640309,-0.9996993,0.99201703,1.991716355085373,-0.03547009,1.6290674,-0.6221338978974026,19531.25,5.6551727e-07,1.1350683e-07,0.8950550899201903,0.004561983581182342,/content/drive/MyDrive/N-MON/ALTRO/spectograms/HOOKED-SAWTOOTH-3-20/1477.npy,HOOKED-SAWTOOTH-3-20
0.01865977,0.053380445,0.7606348,0.6564735,0.7608636,-1.000772,0.9908144,1.9915863871574402,-0.076075986,1.6278342,-0.5688541642569193,-4609375.0,5.584458e-07,1.08538785e-07,0.8876188088033521,0.007376389438529697,/content/drive/MyDrive/N-MON/ALTRO/spectograms/HOOKED-SAWTOOTH-3-20/1478.npy,HOOKED-SAWTOOTH-3-20
-0.030493207,-0.06453941,0.7601203,0.64897084,0.76073164,-1.0014701,0.9901049,1.9915750324726105,0.08290995,1.6394377,-0.5638692662501593,19531.25,7.640289e-07,1.1446883e-07,0.891191850051569,0.004756851104318393,/content/drive/MyDrive/N-MON/ALTRO/spectograms/HOOKED-SAWTOOTH-3-20/1479.npy,HOOKED-SAWTOOTH-3-20
0.0029541196,0.005530797,0.7562218,0.6296325,0.75622755,-1.0021822,0.98953235,1.9917146563529968,-0.029802268,1.6718903,-0.609475904982543,4609375.0,5.064694e-07,1.0904234e-07,0.8901201672284003,0.0027083337546099893,/content/drive/MyDrive/N-MON/ALTRO/spectograms/HOOKED-SAWTOOTH-3-20/1480.npy,HOOKED-SAWTOOTH-3-20
-0.002572546,0.02847572,0.7639195,0.6599918,0.7639238,-1.0023692,0.9892879,1.991657093167305,-0.018041959,1.6130071,-0.5785193023620457,19531.25,6.624233e-07,1.154353e-07,0.8852568718939238,0.003055143414795344,/content/drive/MyDrive/N-MON/ALTRO/spectograms/HOOKED-SAWTOOTH-3-20/1481.npy,HOOKED-SAWTOOTH-3-20
0.015178608,0.0612542,0.76294935,0.6610118,0.7631003,-1.0009412,0.99065876,1.991599977016449,-0.059227433,1.6164255,-0.603254143926507,4609375.0,6.660956e-07,1.2333237e-07,0.8912458043753393,0.0037375532461571435,/content/drive/MyDrive/N-MON/ALTRO/spectograms/HOOKED-SAWTOOTH-3-20/1482.npy,HOOKED-SAWTOOTH-3-20
0.008507973,0.04828848,0.75662684,0.64031434,0.75667465,-0.9984592,0.9933082,1.9917674213647842,-0.059362456,1.6597755,-0.5941431957884787,19531.25,5.898011e-07,1.1579026e-07,0.9008411685902517,0.006194962426666144,/content/drive/MyDrive/N-MON/ALTRO/spectograms/HOOKED-SAWTOOTH-3-20/1483.npy,HOOKED-SAWTOOTH-3-20
-0.020534463,-0.04784275,0.7576056,0.6414958,0.75788385,-1.0008485,0.9908112,1.9916597306728363,0.04654559,1.652497,-0.5769237729807265,4609375.0,6.4461955e-07,1.2420918e-07,0.9000179498370255,0.003548979150066672,/content/drive/MyDrive/N-MON/ALTRO/spectograms/HOOKED-SAWTOOTH-3-20/1484.npy,HOOKED-SAWTOOTH-3-20
0.0056536407,-0.016681552,0.75705343,0.63376474,0.75707453,-1.0005844,0.9910953,1.9916797280311584,-0.02266002,1.6676865,-0.6357253059725415,19531.25,5.290568e-07,1.16548456e-07,0.8994632651905426,0.0038421243585792355,/content/drive/MyDrive/N-MON/ALTRO/spectograms/HOOKED-SAWTOOTH-3-20/1485.npy,HOOKED-SAWTOOTH-3-20
-0.026541622,-0.05552388,0.76878005,0.6439592,0.7692381,-1.0006113,0.991195,1.9918064028024673,0.074377395,1.6318904,-0.7157173684787487,19531.25,7.210315e-07,1.17018566e-07,0.905155025777854,0.008994802724593265,/content/drive/MyDrive/N-MON/ALTRO/spectograms/HOOKED-SAWTOOTH-3-20/1486.npy,HOOKED-SAWTOOTH-3-20
-0.0008097861,0.03765808,0.7555057,0.62985593,0.75550616,-1.0010903,0.9907577,1.9918479770421982,-0.023676215,1.6754881,-0.6284268961795761,39062.5,5.355414e-07,1.1763773e-07,0.905108463619202,0.004032666251849654,/content/drive/MyDrive/N-MON/ALTRO/spectograms/HOOKED-SAWTOOTH-3-20/1487.npy,HOOKED-SAWTOOTH-3-20
0.0100381,0.032012306,0.7575696,0.63228285,0.75763613,-0.99919105,0.99248433,1.9916754066944122,-0.03949988,1.6675606,-0.6584108548534361,-3203125.0,5.789633e-07,1.1022277e-07,0.9051192365897376,0.0049818731092830205,/content/drive/MyDrive/N-MON/ALTRO/spectograms/HOOKED-SAWTOOTH-3-20/1488.npy,HOOKED-SAWTOOTH-3-20
0.010705129,0.038270358,0.7595713,0.64524025,0.7596468,-1.0006617,0.99103,1.9916917383670807,-0.06530429,1.6449628,-0.5788536417503619,19531.25,7.1803964e-07,1.1885605e-07,0.8979671312538533,0.003717843871245115,/content/drive/MyDrive/N-MON/ALTRO/spectograms/HOOKED-SAWTOOTH-3-20/1489.npy,HOOKED-SAWTOOTH-3-20
-0.00726957,0.031387463,0.757584,0.6372386,0.75761884,-0.99940836,0.99225736,1.991665780544281,-0.0030441831,1.6580116,-0.610921527508384,-19531.25,5.312046e-07,1.1078288e-07,0.903559850945181,0.0026729717105092895,/content/drive/MyDrive/N-MON/ALTRO/spectograms/HOOKED-SAWTOOTH-3-20/1490.npy,HOOKED-SAWTOOTH-3-20
0.011498607,0.016631417,0.75641334,0.6341958,0.7565007,-0.9987985,0.9928974,1.9916958957910538,-0.05247628,1.6686902,-0.6115623616193072,19531.25,6.2010963e-07,1.195498e-07,0.8999678734888124,0.007322483502096452,/content/drive/MyDrive/N-MON/ALTRO/spectograms/HOOKED-SAWTOOTH-3-20/1491.npy,HOOKED-SAWTOOTH-3-20
-0.024042629,-0.04031075,0.7649669,0.6597644,0.76534456,-1.0010501,0.99057674,1.9916268438100815,0.0541996,1.611015,-0.5646958699102954,-19531.25,6.0049314e-07,1.12191366e-07,0.8871979633167899,0.005757454907898102,/content/drive/MyDrive/N-MON/ALTRO/spectograms/HOOKED-SAWTOOTH-3-20/1492.npy,HOOKED-SAWTOOTH-3-20
0.014955459,0.007397448,0.7652702,0.6533513,0.7654163,-1.0001379,0.99154764,1.9916855990886688,-0.048191167,1.622662,-0.6124010985209837,-4609375.0,6.372592e-07,1.2019666e-07,0.8951864544934709,0.002935185246636351,/content/drive/MyDrive/N-MON/ALTRO/spectograms/HOOKED-SAWTOOTH-3-20/1493.npy,HOOKED-SAWTOOTH-3-20
0.06444513,0.108448625,0.7506151,0.6180525,0.7533766,-1.0000579,0.9908278,1.9908856898546219,-0.25492558,1.7289841,-0.6237614520769085,19531.25,6.30445e-07,1.098321e-07,0.8928842866795133,0.004211010983444858,/content/drive/MyDrive/N-MON/ALTRO/spectograms/HOOKED-SAWTOOTH-3-20/1494.npy,HOOKED-SAWTOOTH-3-20
0.005177635,0.01476413,0.76472,0.6587584,0.7647376,-1.0008165,0.9909454,1.9917618781328201,-0.044359494,1.6171563,-0.6211138476964432,-4609375.0,5.939377e-07,1.2019632e-07,0.892795718560512,0.00357320764129318,/content/drive/MyDrive/N-MON/ALTRO/spectograms/HOOKED-SAWTOOTH-3-20/1495.npy,HOOKED-SAWTOOTH-3-20
0.0067303963,0.03137037,0.7622116,0.6572664,0.7622413,-0.99952453,0.99217093,1.9916954785585403,-0.041803934,1.6225885,-0.5923996922585762,19531.25,6.958502e-07,1.1409761e-07,0.8899148136403973,0.008264823910410531,/content/drive/MyDrive/N-MON/ALTRO/spectograms/HOOKED-SAWTOOTH-3-20/1496.npy,HOOKED-SAWTOOTH-3-20
0.00889793,0.038369372,0.7658056,0.6610322,0.76585734,-1.0005418,0.9911864,1.991728127002716,-0.057876006,1.6102813,-0.6085270641079151,-4609375.0,6.065346e-07,1.2063258e-07,0.8973411717137948,0.002976936899443814,/content/drive/MyDrive/N-MON/ALTRO/spectograms/HOOKED-SAWTOOTH-3-20/1497.npy,HOOKED-SAWTOOTH-3-20
-0.0111810425,-0.020811053,0.7659514,0.6660624,0.766033,-1.0010188,0.9905703,1.9915890842676163,0.02681048,1.6015078,-0.6093761071987097,19531.25,6.960025e-07,1.1430494e-07,0.8927499255013918,0.002211827862861122,/content/drive/MyDrive/N-MON/ALTRO/spectograms/HOOKED-SAWTOOTH-3-20/1498.npy,HOOKED-SAWTOOTH-3-20
-0.009445533,-0.0074651893,0.7573684,0.6452868,0.7574273,-0.99945474,0.9921785,1.9916332513093948,0.023074837,1.6472834,-0.5588833236927161,-19531.25,6.006196e-07,1.0780962e-07,0.8987722294548219,0.0049442397718679094,/content/drive/MyDrive/N-MON/ALTRO/spectograms/HOOKED-SAWTOOTH-3-20/1499.npy,HOOKED-SAWTOOTH-3-20
0.008172958,0.022839643,0.76179826,0.6478095,0.7618421,-1.000329,0.9913273,1.991656333208084,-0.040849052,1.6364763,-0.5930044270915734,19531.25,6.172507e-07,1.1464394e-07,0.8983412904610684,0.007775279596495043,/content/drive/MyDrive/N-MON/ALTRO/spectograms/HOOKED-SAWTOOTH-3-20/1500.npy,HOOKED-SAWTOOTH-3-20
-0.00817689,-0.028011184,0.77428305,0.66821235,0.7743262,-1.0003381,0.9914581,1.991796150803566,0.0051976927,1.5839434,-0.6596474035387826,19531.25,6.1379336e-07,1.14849634e-07,0.9198627143321665,0.014697303213667091,/content/drive/MyDrive/N-MON/ALTRO/spectograms/HOOKED-SAWTOOTH-3-20/1501.npy,HOOKED-SAWTOOTH-3-20
0.03420901,0.052921653,0.7573508,0.62847763,0.758123,-1.000911,0.9903785,1.99128957092762,-0.12324669,1.6798092,-0.6590175310293535,19531.25,5.7712913e-07,1.169045e-07,0.9030978024893634,0.0026773158135888395,/content/drive/MyDrive/N-MON/ALTRO/spectograms/HOOKED-SAWTOOTH-3-20/1502.npy,HOOKED-SAWTOOTH-3-20
-0.0067184144,-0.015837025,0.7643972,0.6586929,0.7644267,-1.000145,0.99153674,1.9916817396879196,0.0015771864,1.6135038,-0.5834830442094657,-3203125.0,6.3631745e-07,1.2425645e-07,0.8925273617932183,0.00811575624486304,/content/drive/MyDrive/N-MON/ALTRO/spectograms/HOOKED-SAWTOOTH-3-20/1503.npy,HOOKED-SAWTOOTH-3-20
0.0046206885,-0.0086862,0.75845796,0.64536345,0.758472,-1.0006455,0.9909897,1.991635262966156,-0.030135373,1.6438221,-0.5528156390762683,-3378906.25,6.183513e-07,1.1689982e-07,0.8943501609221829,0.005772131207362956,/content/drive/MyDrive/N-MON/ALTRO/spectograms/HOOKED-SAWTOOTH-3-20/1504.npy,HOOKED-SAWTOOTH-3-20
-0.01031578,-0.03655439,0.7568077,0.63597244,0.7568779,-1.0011321,0.9906585,1.9917906671762466,0.034359023,1.6668231,-0.6226456673494668,-2656250.0,6.5125107e-07,1.2395539e-07,0.8992813799428867,0.0031317564729632812,/content/drive/MyDrive/N-MON/ALTRO/spectograms/HOOKED-SAWTOOTH-3-20/1505.npy,HOOKED-SAWTOOTH-3-20
0.008666311,0.06278017,0.76004857,0.6396255,0.760098,-0.9997659,0.9918996,1.9916655123233795,-0.05919617,1.6588808,-0.6785265451964363,19531.25,7.344807e-07,1.16473714e-07,0.8972217605999668,0.0026000474898090894,/content/drive/MyDrive/N-MON/ALTRO/spectograms/HOOKED-SAWTOOTH-3-20/1506.npy,HOOKED-SAWTOOTH-3-20
0.005582641,0.024611939,0.75901324,0.636133,0.7590338,-0.9985206,0.99318683,1.991707444190979,-0.028070599,1.6610242,-0.6466211939686338,-3203125.0,6.305719e-07,1.229983e-07,0.896012228908457,0.0038284680190965245,/content/drive/MyDrive/N-MON/ALTRO/spectograms/HOOKED-SAWTOOTH-3-20/1507.npy,HOOKED-SAWTOOTH-3-20
0.0062097176,0.039513014,0.757207,0.6342141,0.7572325,-0.999197,0.99259084,1.9917878359556198,-0.04451078,1.6666652,-0.6233766377187174,19531.25,6.2727474e-07,1.1628843e-07,0.8937500145244589,0.004005651976551711,/content/drive/MyDrive/N-MON/ALTRO/spectograms/HOOKED-SAWTOOTH-3-20/1508.npy,HOOKED-SAWTOOTH-3-20
-0.0008687234,-0.024771772,0.73834085,0.6175297,0.73834133,-1.001131,0.99050236,1.9916333854198456,-0.01575386,1.7315834,-0.5169109937089004,19531.25,6.653868e-07,1.0832407e-07,0.8917306902239652,0.005570057491935266,/content/drive/MyDrive/N-MON/ALTRO/spectograms/HOOKED-SAWTOOTH-3-20/1509.npy,HOOKED-SAWTOOTH-3-20
0.003926452,0.014963897,0.75617033,0.63540673,0.7561805,-1.0004728,0.9912357,1.9917084723711014,-0.027757984,1.6644063,-0.5783619110368062,-2539062.5,6.3818203e-07,1.146467e-07,0.8941228847123088,0.004203786716569722,/content/drive/MyDrive/N-MON/ALTRO/spectograms/HOOKED-SAWTOOTH-3-20/1510.npy,HOOKED-SAWTOOTH-3-20
0.029882561,0.108472064,0.7633409,0.65924597,0.76392555,-1.0004392,0.9909383,1.9913774877786636,-0.12774122,1.6211336,-0.5674004408464467,19531.25,6.315243e-07,1.2190719e-07,0.8958860024467268,0.004715513321083247,/content/drive/MyDrive/N-MON/ALTRO/spectograms/HOOKED-SAWTOOTH-3-20/1511.npy,HOOKED-SAWTOOTH-3-20
0.024301095,0.023229655,0.7554461,0.63023996,0.75583684,-1.0000819,0.9916721,1.9917540401220322,-0.09059443,1.6819398,-0.6450380140969819,-3203125.0,6.2422924e-07,1.1304306e-07,0.9005921190391133,0.0028387558781640494,/content/drive/MyDrive/N-MON/ALTRO/spectograms/HOOKED-SAWTOOTH-3-20/1512.npy,HOOKED-SAWTOOTH-3-20
0.03000898,0.10069539,0.75578886,0.63910997,0.7563844,-1.0004652,0.9909583,1.991423413157463,-0.11224601,1.6676487,-0.5876329820341778,-2656250.0,6.6433495e-07,1.2056142e-07,0.906603599748414,0.002893895139580824,/content/drive/MyDrive/N-MON/ALTRO/spectograms/HOOKED-SAWTOOTH-3-20/1513.npy,HOOKED-SAWTOOTH-3-20
-0.001279047,-0.087535635,0.7407373,0.6320667,0.7407384,-0.99594533,0.99020195,1.9861472994089127,0.0028478822,1.703858,-0.537938236088973,19531.25,5.719599e-07,1.11771264e-07,0.9166354000016808,0.015603044586222302,/content/drive/MyDrive/N-MON/ALTRO/spectograms/HOOKED-SAWTOOTH-3-20/1514.npy,HOOKED-SAWTOOTH-3-20
0.013588106,0.006967324,0.76515543,0.6607941,0.76527613,-1.0008012,0.99069685,1.9914980679750443,-0.05949958,1.6096493,-0.5720477117273354,-2539062.5,5.76735e-07,1.2034705e-07,0.8975137003468397,0.004241524696084878,/content/drive/MyDrive/N-MON/ALTRO/spectograms/HOOKED-SAWTOOTH-3-20/1515.npy,HOOKED-SAWTOOTH-3-20
0.023489337,0.108431384,0.76279473,0.65601104,0.76315635,-1.0009168,0.9907429,1.991659790277481,-0.11749422,1.626589,-0.5870157749811585,19531.25,5.8132315e-07,1.2137227e-07,0.9014938094063905,0.004557626728717722,/content/drive/MyDrive/N-MON/ALTRO/spectograms/HOOKED-SAWTOOTH-3-20/1516.npy,HOOKED-SAWTOOTH-3-20
-0.008598363,0.023422955,0.75772136,0.64155173,0.7577702,-0.99986744,0.9917842,1.991651639342308,0.0070043476,1.6530113,-0.5963435148955131,-3203125.0,5.658188e-07,1.1963722e-07,0.8995351443883421,0.004422629464715557,/content/drive/MyDrive/N-MON/ALTRO/spectograms/HOOKED-SAWTOOTH-3-20/1517.npy,HOOKED-SAWTOOTH-3-20
-0.014222351,-0.0003858126,0.76402,0.6635532,0.76415235,-0.9999144,0.9917114,1.991625800728798,0.045085117,1.6083035,-0.5979844562021529,19531.25,9.4404834e-07,1.2309783e-07,0.8954168354659355,0.0060953371613262095,/content/drive/MyDrive/N-MON/ALTRO/spectograms/HOOKED-SAWTOOTH-3-20/1518.npy,HOOKED-SAWTOOTH-3-20
-0.014102552,-0.04067917,0.76327854,0.6613503,0.76340884,-1.0016174,0.9900707,1.9916880428791046,0.02626551,1.6138071,-0.6039011823358226,-2539062.5,6.1657124e-07,1.18305074e-07,0.8933692907187079,0.0038139891601540873,/content/drive/MyDrive/N-MON/ALTRO/spectograms/HOOKED-SAWTOOTH-3-20/1519.npy,HOOKED-SAWTOOTH-3-20
0.011392867,0.016109545,0.76643604,0.6654203,0.76652074,-0.9993717,0.9923018,1.9916734993457794,-0.057084218,1.6049321,-0.642019585639381,-3203125.0,7.03094e-07,1.2297218e-07,0.8911983349282457,0.008629432020457272,/content/drive/MyDrive/N-MON/ALTRO/spectograms/HOOKED-SAWTOOTH-3-20/1520.npy,HOOKED-SAWTOOTH-3-20
-0.017261,-0.035977263,0.75838983,0.6466031,0.7585862,-1.0007011,0.9908944,1.9915954172611237,0.033232965,1.6414039,-0.5362686924920342,-3378906.25,6.089014e-07,1.17552965e-07,0.888744247805504,0.006453703263639612,/content/drive/MyDrive/N-MON/ALTRO/spectograms/HOOKED-SAWTOOTH-3-20/1521.npy,HOOKED-SAWTOOTH-3-20
0.025395352,0.062030677,0.753405,0.62490517,0.7538328,-1.0002943,0.9914801,1.9917744398117065,-0.10226243,1.6920818,-0.6231659032109188,-3203125.0,5.9284343e-07,1.0886525e-07,0.8958212800935921,0.00412257640597253,/content/drive/MyDrive/N-MON/ALTRO/spectograms/HOOKED-SAWTOOTH-3-20/1522.npy,HOOKED-SAWTOOTH-3-20
-0.013934039,-0.040607497,0.7565938,0.62903416,0.75672215,-1.0012673,0.9903934,1.9916606843471527,0.04588617,1.6760159,-0.6517605527605,-2539062.5,6.4107405e-07,1.18357136e-07,0.8940047250885296,0.003519336137699832,/content/drive/MyDrive/N-MON/ALTRO/spectograms/HOOKED-SAWTOOTH-3-20/1523.npy,HOOKED-SAWTOOTH-3-20
-0.044983823,-0.11952616,0.75821877,0.6427852,0.759552,-1.0015228,0.9898426,1.9913653880357742,0.1392461,1.6640357,-0.6054465810426041,-19531.25,6.8247203e-07,1.088744e-07,0.8955651468725288,0.007303220012149332,/content/drive/MyDrive/N-MON/ALTRO/spectograms/HOOKED-SAWTOOTH-3-20/1524.npy,HOOKED-SAWTOOTH-3-20
0.013728222,0.035307974,0.7566762,0.62848324,0.7568007,-0.9995719,0.9922037,1.9917756468057632,-0.05865043,1.6792126,-0.6579227436576388,-3203125.0,5.495595e-07,1.0940644e-07,0.8979077658174682,0.0029956816328295553,/content/drive/MyDrive/N-MON/ALTRO/spectograms/HOOKED-SAWTOOTH-3-20/1525.npy,HOOKED-SAWTOOTH-3-20
-0.012704589,-0.039394505,0.7542733,0.628489,0.7543803,-1.0000741,0.99171966,1.9917938113212585,0.024250848,1.6794634,-0.6293663266508124,19531.25,6.704026e-07,1.0944134e-07,0.9070542822532089,0.003449480769329156,/content/drive/MyDrive/N-MON/ALTRO/spectograms/HOOKED-SAWTOOTH-3-20/1526.npy,HOOKED-SAWTOOTH-3-20
-0.006091923,-0.0004861182,0.7642175,0.6620631,0.76424176,-1.0003775,0.99136627,1.991743803024292,-0.006206019,1.610172,-0.5924319851213734,19531.25,5.118251e-07,1.09821855e-07,0.8986170662149431,0.0022020258629985756,/content/drive/MyDrive/N-MON/ALTRO/spectograms/HOOKED-SAWTOOTH-3-20/1527.npy,HOOKED-SAWTOOTH-3-20
0.051834427,0.12981564,0.76439345,0.65769976,0.7661489,-0.9986808,0.9925145,1.9911952465772629,-0.18692744,1.6316361,-0.5620469720430857,-19531.25,6.130541e-07,1.0889416e-07,0.8998460120159346,0.007076500232987573,/content/drive/MyDrive/N-MON/ALTRO/spectograms/HOOKED-SAWTOOTH-3-20/1528.npy,HOOKED-SAWTOOTH-3-20
-0.02439072,-0.07203184,0.7624491,0.6413201,0.76283914,-1.0012877,0.9901966,1.99148428440094,0.067577474,1.6480224,-0.6557988014089339,-2988281.25,5.904997e-07,1.1709554e-07,0.9084735392547609,0.011420407593431674,/content/drive/MyDrive/N-MON/ALTRO/spectograms/HOOKED-SAWTOOTH-3-20/1529.npy,HOOKED-SAWTOOTH-3-20
-0.02859683,-0.07125643,0.7602577,0.6403942,0.76079535,-1.0009207,0.9907725,1.9916931986808777,0.07675298,1.6515796,-0.6005136352513488,19531.25,6.113022e-07,1.0924977e-07,0.9049306730824829,0.008248612099271923,/content/drive/MyDrive/N-MON/ALTRO/spectograms/HOOKED-SAWTOOTH-3-20/1530.npy,HOOKED-SAWTOOTH-3-20
-0.0009046745,0.009451552,0.75368196,0.62492055,0.75368243,-0.9981987,0.9934837,1.9916824102401733,-0.011924238,1.6908329,-0.6702878675482601,19531.25,7.617278e-07,1.1394239e-07,0.9032743823053356,0.004249681764676577,/content/drive/MyDrive/N-MON/ALTRO/spectograms/HOOKED-SAWTOOTH-3-20/1531.npy,HOOKED-SAWTOOTH-3-20
-0.019645948,-0.07023636,0.7588524,0.64715177,0.7591067,-0.9998394,0.99184525,1.9916847199201584,0.048590325,1.6394944,-0.5554350300507817,19531.25,5.878058e-07,1.09619364e-07,0.8961230565007797,0.004571326231050858,/content/drive/MyDrive/N-MON/ALTRO/spectograms/HOOKED-SAWTOOTH-3-20/1532.npy,HOOKED-SAWTOOTH-3-20
0.013058505,0.039112963,0.7597068,0.6505407,0.759819,-0.9996987,0.9919674,1.9916660785675049,-0.057023205,1.6362691,-0.5739800962720302,-3203125.0,7.323155e-07,1.1317283e-07,0.8894594419747255,0.0076263322865505285,/content/drive/MyDrive/N-MON/ALTRO/spectograms/HOOKED-SAWTOOTH-3-20/1533.npy,HOOKED-SAWTOOTH-3-20
-0.0008068428,0.033900134,0.7647032,0.66065234,0.76470363,-1.0010056,0.990685,1.9916906207799911,-0.00926685,1.6112369,-0.5953784782973496,-2656250.0,6.8519626e-07,1.2085589e-07,0.8922861755582269,0.0040199840415922495,/content/drive/MyDrive/N-MON/ALTRO/spectograms/HOOKED-SAWTOOTH-3-20/1534.npy,HOOKED-SAWTOOTH-3-20
-0.027739314,-0.025408842,0.75338143,0.62805766,0.75389194,-1.0016786,0.9901458,1.9918243885040283,0.05547584,1.6850948,-0.6090603103242743,19531.25,7.791277e-07,1.13144e-07,0.8936105254330831,0.004995923241987078,/content/drive/MyDrive/N-MON/ALTRO/spectograms/HOOKED-SAWTOOTH-3-20/1535.npy,HOOKED-SAWTOOTH-3-20
0.016778816,0.022317592,0.76223207,0.6581742,0.76241666,-1.0008761,0.9906789,1.9915549755096436,-0.07432074,1.6195529,-0.557206787455277,-2539062.5,6.140095e-07,1.1974171e-07,0.889799252463106,0.00264110754184954,/content/drive/MyDrive/N-MON/ALTRO/spectograms/HOOKED-SAWTOOTH-3-20/1536.npy,HOOKED-SAWTOOTH-3-20
0.0037926673,-0.0015162568,0.7610277,0.64099574,0.7610371,-1.0014176,0.99034107,1.9917586743831635,-0.014926387,1.6484848,-0.6272207091192837,-2539062.5,6.625944e-07,1.10652536e-07,0.8950222892126642,0.004035842663223759,/content/drive/MyDrive/N-MON/ALTRO/spectograms/HOOKED-SAWTOOTH-3-20/1537.npy,HOOKED-SAWTOOTH-3-20
-0.0076218774,-0.005008392,0.7569502,0.6402286,0.7569886,-1.0008986,0.9908513,1.991749882698059,0.0007711654,1.6548355,-0.5641785608298503,-3203125.0,6.855883e-07,1.1902141e-07,0.897554928014427,0.005228264358333368,/content/drive/MyDrive/N-MON/ALTRO/spectograms/HOOKED-SAWTOOTH-3-20/1538.npy,HOOKED-SAWTOOTH-3-20
0.00028296805,-0.0077332226,0.7574771,0.6352549,0.7574772,-0.99948925,0.99222285,1.9917120933532715,-0.0031917628,1.6656083,-0.6275927093833645,-3203125.0,5.9785566e-07,1.2241424e-07,0.8980358921991036,0.004651139692036473,/content/drive/MyDrive/N-MON/ALTRO/spectograms/HOOKED-SAWTOOTH-3-20/1539.npy,HOOKED-SAWTOOTH-3-20
0.00093233277,-0.00086612575,0.7549975,0.6285756,0.75499815,-1.0007263,0.99107265,1.9917990267276764,-0.026272288,1.6788142,-0.6311679019813542,-2539062.5,6.9516057e-07,1.1771869e-07,0.9038666115025334,0.002888429564433732,/content/drive/MyDrive/N-MON/ALTRO/spectograms/HOOKED-SAWTOOTH-3-20/1540.npy,HOOKED-SAWTOOTH-3-20
0.02075149,0.07073276,0.7566559,0.62734723,0.7569403,-0.99944866,0.99234146,1.9917901307344437,-0.10108892,1.6848352,-0.703385092836082,4726562.5,6.3966127e-07,1.2378081e-07,0.9051905682044492,0.002385677106406117,/content/drive/MyDrive/N-MON/ALTRO/spectograms/HOOKED-SAWTOOTH-3-20/1541.npy,HOOKED-SAWTOOTH-3-20
0.0021070156,0.02434022,0.75886023,0.64570946,0.75886315,-0.99896616,0.9927741,1.9917403310537338,-0.026279705,1.6460018,-0.5873937507735346,-3203125.0,6.442984e-07,1.1670864e-07,0.9039184645312905,0.005801955945094479,/content/drive/MyDrive/N-MON/ALTRO/spectograms/HOOKED-SAWTOOTH-3-20/1542.npy,HOOKED-SAWTOOTH-3-20
-0.0061732703,0.021728799,0.7660875,0.66694176,0.7661123,-1.0015216,0.9901789,1.9917003959417343,-0.002198416,1.6010119,-0.6311408977833582,-19531.25,5.3860356e-07,1.0939947e-07,0.8984617356084397,0.004322173851032437,/content/drive/MyDrive/N-MON/ALTRO/spectograms/HOOKED-SAWTOOTH-3-20/1543.npy,HOOKED-SAWTOOTH-3-20
0.015881578,0.0771345,0.7628338,0.65700877,0.7629991,-1.0007374,0.9909092,1.9916466623544693,-0.07371048,1.6244409,-0.6048331575061595,19531.25,8.081571e-07,1.1654598e-07,0.8943986797146517,0.0031697737299023385,/content/drive/MyDrive/N-MON/ALTRO/spectograms/HOOKED-SAWTOOTH-3-20/1544.npy,HOOKED-SAWTOOTH-3-20
0.0049509117,0.0029201095,0.7602526,0.63967955,0.76026875,-1.0008235,0.9909491,1.9917726069688797,-0.019605596,1.6510379,-0.6109197297803065,-4609375.0,6.186968e-07,1.0942288e-07,0.8973473976954066,0.003667099531769893,/content/drive/MyDrive/N-MON/ALTRO/spectograms/HOOKED-SAWTOOTH-3-20/1545.npy,HOOKED-SAWTOOTH-3-20
-0.035215415,-0.10289505,0.7644959,0.6632638,0.7653066,-1.0009289,0.99049056,1.9914194345474243,0.09459066,1.6077269,-0.5517373872744892,-3203125.0,6.537036e-07,1.1581848e-07,0.8896207770716908,0.003495489311275849,/content/drive/MyDrive/N-MON/ALTRO/spectograms/HOOKED-SAWTOOTH-3-20/1546.npy,HOOKED-SAWTOOTH-3-20
-0.0094015505,0.019146347,0.7530024,0.6498363,0.7530611,-1.0001347,0.9914721,1.9916069209575653,0.009177615,1.6507914,-0.5763095833899189,19531.25,8.8533363e-07,1.207294e-07,0.9067922905804042,0.012626444393016328,/content/drive/MyDrive/N-MON/ALTRO/spectograms/HOOKED-SAWTOOTH-3-20/1547.npy,HOOKED-SAWTOOTH-3-20
0.017721472,0.021915171,0.7537852,0.62915874,0.7539935,-1.0014035,0.99034655,1.9917500615119934,-0.07427871,1.6873443,-0.6420015360244246,-2539062.5,6.4525034e-07,1.1411451e-07,0.8956090705720505,0.005162344167813906,/content/drive/MyDrive/N-MON/ALTRO/spectograms/HOOKED-SAWTOOTH-3-20/1548.npy,HOOKED-SAWTOOTH-3-20
0.0015392947,0.03770065,0.7560327,0.6277543,0.75603426,-1.0011319,0.9906971,1.9918289333581924,-0.050630476,1.6812347,-0.6812542085182455,-3203125.0,6.255284e-07,1.2169656e-07,0.8957274269812119,0.003244302609145012,/content/drive/MyDrive/N-MON/ALTRO/spectograms/HOOKED-SAWTOOTH-3-20/1549.npy,HOOKED-SAWTOOTH-3-20
0.010309467,0.026115388,0.7522279,0.6252,0.7522986,-1.0010648,0.99074304,1.9918078035116196,-0.050941154,1.6943808,-0.6420882644403331,-2656250.0,6.182858e-07,1.1338348e-07,0.8982590244147224,0.00464927972217174,/content/drive/MyDrive/N-MON/ALTRO/spectograms/HOOKED-SAWTOOTH-3-20/1550.npy,HOOKED-SAWTOOTH-3-20
0.0012973547,0.037898462,0.75508296,0.628839,0.75508404,-1.000957,0.9909291,1.9918861389160156,-0.04605941,1.6796334,-0.6568110748504897,-3437500.0,6.838705e-07,1.2118377e-07,0.8959375488575123,0.0024974701744773283,/content/drive/MyDrive/N-MON/ALTRO/spectograms/HOOKED-SAWTOOTH-3-20/1551.npy,HOOKED-SAWTOOTH-3-20
-0.026890721,-0.056218676,0.7636021,0.66181266,0.76407534,-1.0014293,0.9900859,1.9915152043104172,0.053036317,1.6139812,-0.5930948680662854,4726562.5,5.607668e-07,1.207454e-07,0.8924078126589827,0.004434445837599582,/content/drive/MyDrive/N-MON/ALTRO/spectograms/HOOKED-SAWTOOTH-3-20/1552.npy,HOOKED-SAWTOOTH-3-20
0.0006738386,-0.015511585,0.76064926,0.6521703,0.76064956,-0.9996674,0.9920547,1.9917221069335938,-0.013141622,1.6306907,-0.5723898929374186,-3203125.0,7.744949e-07,1.2055723e-07,0.8989422017086931,0.0035538857188519195,/content/drive/MyDrive/N-MON/ALTRO/spectograms/HOOKED-SAWTOOTH-3-20/1553.npy,HOOKED-SAWTOOTH-3-20
0.01662991,0.053252164,0.7583477,0.6304232,0.75853,-1.0013884,0.9904932,1.9918816685676575,-0.086965,1.6760559,-0.6916346209724421,4726562.5,6.21845e-07,1.2195534e-07,0.9062618381332386,0.0034216923485844513,/content/drive/MyDrive/N-MON/ALTRO/spectograms/HOOKED-SAWTOOTH-3-20/1554.npy,HOOKED-SAWTOOTH-3-20
-0.020469222,-0.007945403,0.7559497,0.63068813,0.75622684,-0.9997701,0.99197406,1.991744190454483,0.047842152,1.6756412,-0.6431903353969198,-3203125.0,6.106558e-07,1.1900612e-07,0.906637494548028,0.003408996689103387,/content/drive/MyDrive/N-MON/ALTRO/spectograms/HOOKED-SAWTOOTH-3-20/1555.npy,HOOKED-SAWTOOTH-3-20
-0.04634713,-0.09480406,0.7558076,0.62938184,0.7572273,-1.0007818,0.99081624,1.9915980696678162,0.13767697,1.6887492,-0.6471620141252848,19531.25,7.0637225e-07,1.1143048e-07,0.9064872345632805,0.0047062345601044395,/content/drive/MyDrive/N-MON/ALTRO/spectograms/HOOKED-SAWTOOTH-3-20/1556.npy,HOOKED-SAWTOOTH-3-20
0.004718767,0.023579074,0.7566787,0.63196915,0.7566934,-0.9997325,0.9920449,1.99177747964859,-0.047850467,1.6729538,-0.6459402680458731,-3203125.0,6.544986e-07,1.18877686e-07,0.9048033265901958,0.003939971694347585,/content/drive/MyDrive/N-MON/ALTRO/spectograms/HOOKED-SAWTOOTH-3-20/1557.npy,HOOKED-SAWTOOTH-3-20
0.11781448,0.24846204,0.74361056,0.6135199,0.7528858,-1.000641,0.8679913,1.868632361292839,-0.44915903,1.8287004,-0.5584408234910053,19531.25,1.2044565e-06,1.16490924e-07,0.9011839551566655,0.013388576989711977,/content/drive/MyDrive/N-MON/ALTRO/spectograms/HOOKED-SAWTOOTH-3-20/1558.npy,HOOKED-SAWTOOTH-3-20
-0.0008165853,-0.0083456,0.75828797,0.64140636,0.75828844,-1.0004119,0.9913626,1.9917744398117065,-0.011846143,1.6550981,-0.6089331746134025,-2656250.0,6.3329173e-07,1.1814294e-07,0.8972902172262197,0.007734510717544359,/content/drive/MyDrive/N-MON/ALTRO/spectograms/HOOKED-SAWTOOTH-3-20/1559.npy,HOOKED-SAWTOOTH-3-20
0.005091443,0.0066559575,0.7534213,0.6209499,0.7534385,-1.0008512,0.99087214,1.9917232692241669,-0.03558174,1.6957282,-0.6927058848467499,4609375.0,6.3562675e-07,1.23292e-07,0.894716248645748,0.004969602759488342,/content/drive/MyDrive/N-MON/ALTRO/spectograms/HOOKED-SAWTOOTH-3-20/1560.npy,HOOKED-SAWTOOTH-3-20
0.03179817,0.07058087,0.7560684,0.6356792,0.75673676,-0.99972355,0.991784,1.9915075302124023,-0.11997053,1.6731349,-0.5956159117119625,-2656250.0,5.768845e-07,1.1717673e-07,0.8977405378141292,0.005253153155928332,/content/drive/MyDrive/N-MON/ALTRO/spectograms/HOOKED-SAWTOOTH-3-20/1561.npy,HOOKED-SAWTOOTH-3-20
-0.00052391435,-0.011738842,0.7634334,0.6609735,0.7634336,-0.9997798,0.9919586,1.991738423705101,-0.027997103,1.6139613,-0.6116897025024405,-4609375.0,5.7556923e-07,1.08705834e-07,0.8926122654741573,0.0037484755537994887,/content/drive/MyDrive/N-MON/ALTRO/spectograms/HOOKED-SAWTOOTH-3-20/1562.npy,HOOKED-SAWTOOTH-3-20
-0.006403115,-0.013795461,0.7624698,0.659771,0.76249665,-1.0017776,0.98990524,1.9916827976703644,-0.0141767105,1.6172525,-0.5989354990982277,-2539062.5,6.249559e-07,1.1627674e-07,0.8916960491724377,0.00509216482898091,/content/drive/MyDrive/N-MON/ALTRO/spectograms/HOOKED-SAWTOOTH-3-20/1563.npy,HOOKED-SAWTOOTH-3-20
0.065168984,0.12831195,0.76337045,0.6613725,0.76614714,-1.0001526,0.990694,1.9908465296030045,-0.23252901,1.6297891,-0.5065750434079296,19531.25,9.729913e-07,1.2128947e-07,0.910199201751457,0.0161807773182204,/content/drive/MyDrive/N-MON/ALTRO/spectograms/HOOKED-SAWTOOTH-3-20/1564.npy,HOOKED-SAWTOOTH-3-20
0.013016691,0.061573867,0.7626576,0.64948833,0.76276857,-1.0004902,0.9911902,1.9916804134845734,-0.07472487,1.6347319,-0.6073469539069382,19531.25,7.6349386e-07,1.1602952e-07,0.8994317980815916,0.005824833519857531,/content/drive/MyDrive/N-MON/ALTRO/spectograms/HOOKED-SAWTOOTH-3-20/1565.npy,HOOKED-SAWTOOTH-3-20
0.017384449,0.037745595,0.73629284,0.61075854,0.73649806,-1.0011232,0.99041307,1.9915362894535065,-0.0743648,1.7521085,-0.5177811173134695,19531.25,6.3370004e-07,1.1472274e-07,0.904188261567896,0.0030601103909204566,/content/drive/MyDrive/N-MON/ALTRO/spectograms/HOOKED-SAWTOOTH-3-20/1566.npy,HOOKED-SAWTOOTH-3-20
-0.020395592,-0.032727875,0.75600195,0.6348208,0.756277,-1.0011444,0.99065477,1.9917992502450943,0.038419124,1.669935,-0.614014614372394,19531.25,5.796626e-07,1.1512495e-07,0.9041515742709005,0.003178467068133708,/content/drive/MyDrive/N-MON/ALTRO/spectograms/HOOKED-SAWTOOTH-3-20/1567.npy,HOOKED-SAWTOOTH-3-20
0.001366252,-0.008859878,0.7524032,0.62593406,0.75240445,-1.0009273,0.9909322,1.9918596148490906,-0.00645353,1.6898221,-0.6290246280576383,-3203125.0,7.0283465e-07,1.2115859e-07,0.9016043241213402,0.0022343394966685844,/content/drive/MyDrive/N-MON/ALTRO/spectograms/HOOKED-SAWTOOTH-3-20/1568.npy,HOOKED-SAWTOOTH-3-20
0.011343,0.022605494,0.7554603,0.6439798,0.7555455,-1.0006772,0.9908234,1.9915006160736084,-0.06333943,1.6399204,-0.4689287809214423,19531.25,6.6738613e-07,1.14163065e-07,0.9081316119565732,0.012892207088099043,/content/drive/MyDrive/N-MON/ALTRO/spectograms/HOOKED-SAWTOOTH-3-20/1569.npy,HOOKED-SAWTOOTH-3-20
-0.007925398,-0.016575733,0.7611141,0.65741885,0.76115537,-1.0005622,0.99109596,1.9916581511497498,-0.0025658712,1.6265249,-0.6258747262717793,-3203125.0,7.152123e-07,1.2016176e-07,0.8890499857448539,0.004345172376710461,/content/drive/MyDrive/N-MON/ALTRO/spectograms/HOOKED-SAWTOOTH-3-20/1570.npy,HOOKED-SAWTOOTH-3-20
0.002157427,-0.005920271,0.7682524,0.66830194,0.7682555,-1.0017773,0.98994446,1.9917217791080475,-0.032004826,1.5971704,-0.6548077426168294,-4609375.0,6.459988e-07,1.2099358e-07,0.8907064428948595,0.003990429672249389,/content/drive/MyDrive/N-MON/ALTRO/spectograms/HOOKED-SAWTOOTH-3-20/1571.npy,HOOKED-SAWTOOTH-3-20
-0.013332451,-0.047581993,0.76192236,0.6578814,0.76203895,-1.0006922,0.9909668,1.9916590452194214,0.016512906,1.622928,-0.6132272528214263,-3203125.0,5.8874366e-07,1.2055543e-07,0.8864543806977283,0.002711543738999332,/content/drive/MyDrive/N-MON/ALTRO/spectograms/HOOKED-SAWTOOTH-3-20/1572.npy,HOOKED-SAWTOOTH-3-20
0.01948171,0.0777362,0.7605918,0.6381807,0.7608413,-1.0001178,0.99169314,1.9918109774589539,-0.10220821,1.6604618,-0.6619648100370857,4609375.0,6.724203e-07,1.2111059e-07,0.8961303957340737,0.004014245124965508,/content/drive/MyDrive/N-MON/ALTRO/spectograms/HOOKED-SAWTOOTH-3-20/1573.npy,HOOKED-SAWTOOTH-3-20
-0.013789353,-0.05213242,0.75720555,0.6421488,0.75733113,-1.0009992,0.9906893,1.991688534617424,0.03749968,1.6551749,-0.6031343186371984,-2656250.0,5.936378e-07,1.1990585e-07,0.9036601461406686,0.004669085020726777,/content/drive/MyDrive/N-MON/ALTRO/spectograms/HOOKED-SAWTOOTH-3-20/1574.npy,HOOKED-SAWTOOTH-3-20
-0.032644372,-0.10057698,0.75871205,0.63413197,0.759414,-0.9987364,0.99288464,1.9916210025548935,0.12634863,1.6723222,-0.6812378976049446,19531.25,6.461803e-07,1.2165745e-07,0.8981254683408607,0.003100216346482769,/content/drive/MyDrive/N-MON/ALTRO/spectograms/HOOKED-SAWTOOTH-3-20/1575.npy,HOOKED-SAWTOOTH-3-20
0.0025006023,-0.016142016,0.76286197,0.6589083,0.7628661,-1.000269,0.9914206,1.991689682006836,-0.019981803,1.6169387,-0.5865271906888038,-2539062.5,6.101804e-07,1.1885136e-07,0.8973934595027838,0.005331490629839071,/content/drive/MyDrive/N-MON/ALTRO/spectograms/HOOKED-SAWTOOTH-3-20/1576.npy,HOOKED-SAWTOOTH-3-20
0.022082752,0.046105035,0.7646732,0.6620482,0.76499194,-1.0004914,0.991042,1.9915334284305573,-0.09241477,1.6090424,-0.5556132111446123,-3203125.0,7.749018e-07,1.2274894e-07,0.8988027319829992,0.004312544338976568,/content/drive/MyDrive/N-MON/ALTRO/spectograms/HOOKED-SAWTOOTH-3-20/1577.npy,HOOKED-SAWTOOTH-3-20
0.016690282,0.03780145,0.75369704,0.6261693,0.7538819,-1.0012741,0.99051595,1.9917901456356049,-0.06989424,1.689275,-0.6410436552250599,-2539062.5,6.421499e-07,1.1756019e-07,0.9051697670494285,0.004003613619686412,/content/drive/MyDrive/N-MON/ALTRO/spectograms/HOOKED-SAWTOOTH-3-20/1578.npy,HOOKED-SAWTOOTH-3-20
-0.015327642,-0.018642295,0.75888693,0.6393602,0.75904167,-1.0028968,0.9887855,1.9916822463274002,0.025214763,1.6530144,-0.5974787020767459,-2988281.25,6.4238856e-07,1.232304e-07,0.8983920746145206,0.006484717526511551,/content/drive/MyDrive/N-MON/ALTRO/spectograms/HOOKED-SAWTOOTH-3-20/1579.npy,HOOKED-SAWTOOTH-3-20
0.030369453,0.093233146,0.7680835,0.66298497,0.7686837,-1.000531,0.9909988,1.9915298372507095,-0.1337893,1.6093184,-0.6308335260655574,19531.25,6.423091e-07,1.1721458e-07,0.9001026267426521,0.003388003424966448,/content/drive/MyDrive/N-MON/ALTRO/spectograms/HOOKED-SAWTOOTH-3-20/1580.npy,HOOKED-SAWTOOTH-3-20
0.018085001,0.046032,0.76033676,0.65302956,0.76055175,-1.0007131,0.9908977,1.9916108846664429,-0.06877927,1.634555,-0.5755829172981636,-2656250.0,6.446242e-07,1.2374406e-07,0.8931063461383821,0.0074612643481121324,/content/drive/MyDrive/N-MON/ALTRO/spectograms/HOOKED-SAWTOOTH-3-20/1581.npy,HOOKED-SAWTOOTH-3-20
0.027442347,0.107034355,0.7606501,0.6372373,0.76114494,-1.0021496,0.9895302,1.991679698228836,-0.14818417,1.6659191,-0.6772300492359352,19531.25,7.1946033e-07,1.1761659e-07,0.8982868788060279,0.002280707577590929,/content/drive/MyDrive/N-MON/ALTRO/spectograms/HOOKED-SAWTOOTH-3-20/1582.npy,HOOKED-SAWTOOTH-3-20
0.008573232,0.054846503,0.7543508,0.62960607,0.7543995,-0.999771,0.9919822,1.9917532354593277,-0.071585834,1.6842124,-0.6538071917853482,-3203125.0,6.3017325e-07,1.2355622e-07,0.8948127103841003,0.00324910746321962,/content/drive/MyDrive/N-MON/ALTRO/spectograms/HOOKED-SAWTOOTH-3-20/1583.npy,HOOKED-SAWTOOTH-3-20
-0.020850532,-0.04831884,0.7584079,0.6287444,0.75869447,-1.001461,0.99026686,1.9917279183864594,0.053490225,1.6782253,-0.7250148023002422,19531.25,7.5434343e-07,1.2046135e-07,0.917009067775507,0.016636315057439018,/content/drive/MyDrive/N-MON/ALTRO/spectograms/HOOKED-SAWTOOTH-3-20/1584.npy,HOOKED-SAWTOOTH-3-20
-0.009077831,-0.052582115,0.7525896,0.6236578,0.7526443,-0.9977201,0.9940935,1.9918136149644852,0.042367168,1.6952413,-0.6703647290477744,-3203125.0,6.082139e-07,1.2259214e-07,0.8946162767261301,0.0036174337915067596,/content/drive/MyDrive/N-MON/ALTRO/spectograms/HOOKED-SAWTOOTH-3-20/1585.npy,HOOKED-SAWTOOTH-3-20
-0.026277214,-0.12628411,0.7613245,0.6470332,0.7617779,-1.0010812,0.99048454,1.991565778851509,0.09252118,1.6451539,-0.6499513139527188,-4667968.75,5.4585024e-07,1.1932755e-07,0.8977906585471335,0.002868251919628168,/content/drive/MyDrive/N-MON/ALTRO/spectograms/HOOKED-SAWTOOTH-3-20/1586.npy,HOOKED-SAWTOOTH-3-20
0.024725638,0.054022353,0.7662254,0.6649193,0.7666242,-1.0001527,0.99141073,1.9915634095668793,-0.10128514,1.6071731,-0.6198504622328783,19531.25,6.345433e-07,1.2201836e-07,0.8927859841688668,0.0017847977150057316,/content/drive/MyDrive/N-MON/ALTRO/spectograms/HOOKED-SAWTOOTH-3-20/1587.npy,HOOKED-SAWTOOTH-3-20
0.012931236,0.029525567,0.7587059,0.6406368,0.7588161,-1.0012897,0.9903836,1.991673320531845,-0.065537505,1.6506448,-0.5702103274775682,-3203125.0,5.5137997e-07,1.1967722e-07,0.9013109679435455,0.006366033953429328,/content/drive/MyDrive/N-MON/ALTRO/spectograms/HOOKED-SAWTOOTH-3-20/1588.npy,HOOKED-SAWTOOTH-3-20
-0.02355257,-0.016924579,0.7583356,0.6334319,0.75870126,-1.0008492,0.9907191,1.9915684163570404,0.062440835,1.6617575,-0.6326248710270274,-2539062.5,5.579e-07,1.2084614e-07,0.9038752747383341,0.004104652189815466,/content/drive/MyDrive/N-MON/ALTRO/spectograms/HOOKED-SAWTOOTH-3-20/1589.npy,HOOKED-SAWTOOTH-3-20
0.041645713,0.11714558,0.7598053,0.6449188,0.76094574,-0.9999835,0.9915329,1.9915164113044739,-0.14868417,1.6607475,-0.6235940674467947,19531.25,6.713326e-07,1.13393064e-07,0.902098656246531,0.00554046335071673,/content/drive/MyDrive/N-MON/ALTRO/spectograms/HOOKED-SAWTOOTH-3-20/1590.npy,HOOKED-SAWTOOTH-3-20
0.022093246,0.09903066,0.75811917,0.636905,0.75844103,-1.0024812,0.98915416,1.9916353523731232,-0.1275501,1.6693053,-0.6438916534634355,19531.25,6.3385795e-07,1.2114131e-07,0.9009793884802101,0.003875410014514174,/content/drive/MyDrive/N-MON/ALTRO/spectograms/HOOKED-SAWTOOTH-3-20/1591.npy,HOOKED-SAWTOOTH-3-20
0.023671987,0.031027045,0.7584321,0.63712084,0.75880146,-0.99994963,0.9918591,1.9918087422847748,-0.091437995,1.6654601,-0.6399824764348098,-3203125.0,6.492748e-07,1.1263653e-07,0.8955333754585549,0.00552293141313219,/content/drive/MyDrive/N-MON/ALTRO/spectograms/HOOKED-SAWTOOTH-3-20/1592.npy,HOOKED-SAWTOOTH-3-20
0.023358606,0.118120074,0.80643004,0.7104376,0.80676824,-0.9987722,0.9930445,1.9918166995048523,-0.08885989,1.475812,-0.7999325296090235,-2519531.25,1.0701135e-06,1.3852105e-07,0.8971362850694539,0.003448496584558404,/content/drive/MyDrive/N-MON/ALTRO/spectograms/HOOKED-SAWTOOTH-3-20/1593.npy,HOOKED-SAWTOOTH-3-20
-0.008401016,-0.016828714,0.75784135,0.6443508,0.75788796,-1.0006853,0.9909569,1.9916422367095947,0.018451914,1.6487497,-0.5757294459616303,19531.25,7.320811e-07,1.1129636e-07,0.8897203813741809,0.0062819147275178285,/content/drive/MyDrive/N-MON/ALTRO/spectograms/HOOKED-SAWTOOTH-3-20/1594.npy,HOOKED-SAWTOOTH-3-20
0.00823265,0.055075634,0.7587401,0.63576514,0.75878483,-0.99960035,0.99220747,1.9918078184127808,-0.049506057,1.6644609,-0.6524018174391727,-3203125.0,6.0730656e-07,1.1948012e-07,0.8964382727236275,0.0022953177529009554,/content/drive/MyDrive/N-MON/ALTRO/spectograms/HOOKED-SAWTOOTH-3-20/1595.npy,HOOKED-SAWTOOTH-3-20
0.010452058,0.04881084,0.76064277,0.64126015,0.7607146,-1.0017353,0.9900646,1.991799920797348,-0.04861613,1.6514329,-0.6312753492721691,-2656250.0,6.6320285e-07,1.10988566e-07,0.8947498147503188,0.002629957878686786,/content/drive/MyDrive/N-MON/ALTRO/spectograms/HOOKED-SAWTOOTH-3-20/1596.npy,HOOKED-SAWTOOTH-3-20
0.004796184,0.057209447,0.7618398,0.6429302,0.7618549,-1.0012218,0.99051714,1.9917389303445816,-0.05577036,1.6480967,-0.6565747273159978,-3203125.0,7.180929e-07,1.18763396e-07,0.8987661286199667,0.0028091324681119912,/content/drive/MyDrive/N-MON/ALTRO/spectograms/HOOKED-SAWTOOTH-3-20/1597.npy,HOOKED-SAWTOOTH-3-20
0.012656445,0.05384911,0.7632832,0.6601079,0.7633881,-1.0005746,0.9911489,1.9917235523462296,-0.06442611,1.6141993,-0.5695511270204473,4726562.5,5.690733e-07,1.2284987e-07,0.8994986598037813,0.006977091591641685,/content/drive/MyDrive/N-MON/ALTRO/spectograms/HOOKED-SAWTOOTH-3-20/1598.npy,HOOKED-SAWTOOTH-3-20
-0.012182289,-0.038874015,0.76015455,0.653335,0.76025224,-0.99984825,0.99185497,1.9917032122612,0.026183153,1.6312255,-0.57645494742689,-3203125.0,7.454441e-07,1.1787046e-07,0.8950184046404771,0.004166117649256281,/content/drive/MyDrive/N-MON/ALTRO/spectograms/HOOKED-SAWTOOTH-3-20/1599.npy,HOOKED-SAWTOOTH-3-20
-0.022531264,-0.048500333,0.75787395,0.6283269,0.7582088,-1.0014839,0.9904808,1.9919646084308624,0.0867145,1.6725622,-0.6761176873341227,4726562.5,6.304619e-07,1.2496201e-07,0.9060998710329328,0.0050488064895736874,/content/drive/MyDrive/N-MON/ALTRO/spectograms/HOOKED-SAWTOOTH-3-20/1600.npy,HOOKED-SAWTOOTH-3-20
-0.04035335,-0.10896671,0.74210066,0.612697,0.743197,-0.9995863,0.9915101,1.991096407175064,0.15223171,1.7430224,-0.5877581558182366,19531.25,7.0409817e-07,1.11102636e-07,0.9182693726650712,0.011390383617856811,/content/drive/MyDrive/N-MON/ALTRO/spectograms/HOOKED-SAWTOOTH-3-20/1601.npy,HOOKED-SAWTOOTH-3-20
0.0026970806,0.044815995,0.75713634,0.63689977,0.75714123,-1.0019166,0.9899274,1.991843968629837,-0.033899955,1.6667199,-0.6475475527460307,-4550781.25,6.0789955e-07,1.2347475e-07,0.8966185127170716,0.0036032466186420877,/content/drive/MyDrive/N-MON/ALTRO/spectograms/HOOKED-SAWTOOTH-3-20/1602.npy,HOOKED-SAWTOOTH-3-20
0.011098409,0.04194332,0.7658462,0.66487926,0.7659266,-1.0006236,0.99104804,1.9916716665029526,-0.065193474,1.6024232,-0.5798091639843018,-3203125.0,6.5052336e-07,1.15390876e-07,0.8899126014578118,0.003305055150018319,/content/drive/MyDrive/N-MON/ALTRO/spectograms/HOOKED-SAWTOOTH-3-20/1603.npy,HOOKED-SAWTOOTH-3-20
0.0019722066,0.029624553,0.75523233,0.62605715,0.7552349,-1.0013723,0.99040616,1.991778403520584,-0.042683657,1.6852273,-0.6793645295519283,-2539062.5,6.3130983e-07,1.2326394e-07,0.8946213365033782,0.007428654200753609,/content/drive/MyDrive/N-MON/ALTRO/spectograms/HOOKED-SAWTOOTH-3-20/1604.npy,HOOKED-SAWTOOTH-3-20
-0.035671335,-0.079947844,0.7563499,0.6326202,0.7571907,-1.0016061,0.9898454,1.9914515316486359,0.10356294,1.6767035,-0.6272940484862658,19531.25,6.605801e-07,1.150861e-07,0.891857131866304,0.004708081658396205,/content/drive/MyDrive/N-MON/ALTRO/spectograms/HOOKED-SAWTOOTH-3-20/1605.npy,HOOKED-SAWTOOTH-3-20
0.006015365,0.06452323,0.7643915,0.6556436,0.76441514,-1.0016897,0.9900719,1.9917615354061127,-0.060453452,1.6236964,-0.6331218933245647,-3203125.0,6.196673e-07,1.2230353e-07,0.894759046549074,0.003741848246266897,/content/drive/MyDrive/N-MON/ALTRO/spectograms/HOOKED-SAWTOOTH-3-20/1606.npy,HOOKED-SAWTOOTH-3-20
-0.024283055,-0.047859445,0.7534387,0.62692165,0.75382996,-1.0007964,0.99104464,1.991841122508049,0.05027478,1.6908406,-0.6607148677599818,19531.25,7.9860325e-07,1.1519304e-07,0.9027457537115203,0.0026343252133337073,/content/drive/MyDrive/N-MON/ALTRO/spectograms/HOOKED-SAWTOOTH-3-20/1607.npy,HOOKED-SAWTOOTH-3-20
-0.009530218,-0.0006805399,0.7557452,0.6290778,0.75580525,-1.0006115,0.99113923,1.9917508512735367,0.0042860126,1.6744244,-0.6226192067400717,-2539062.5,6.6730865e-07,1.2094318e-07,0.8993568620903821,0.004516330856148301,/content/drive/MyDrive/N-MON/ALTRO/spectograms/HOOKED-SAWTOOTH-3-20/1608.npy,HOOKED-SAWTOOTH-3-20
-0.02061002,-0.031666223,0.7533775,0.6270918,0.75365937,-1.0001607,0.9917593,1.9919200837612152,0.04111958,1.6870601,-0.6343138365939948,19531.25,6.925323e-07,1.13608124e-07,0.9074519077383063,0.0020927364486711454,/content/drive/MyDrive/N-MON/ALTRO/spectograms/HOOKED-SAWTOOTH-3-20/1609.npy,HOOKED-SAWTOOTH-3-20
-0.017657826,-0.00957746,0.75833374,0.64314806,0.7585392,-1.001281,0.99039674,1.9916777610778809,0.036684148,1.6495227,-0.5912820493172993,-3203125.0,6.8904455e-07,1.2010585e-07,0.900344907059812,0.0014455024389324143,/content/drive/MyDrive/N-MON/ALTRO/spectograms/HOOKED-SAWTOOTH-3-20/1610.npy,HOOKED-SAWTOOTH-3-20
0.021447716,0.06896302,0.7472504,0.61609304,0.7475581,-1.0013237,0.9902919,1.9916155636310577,-0.12128874,1.7237798,-0.6485762822361459,19531.25,7.1618086e-07,1.1301375e-07,0.9110548614439267,0.010002960163017017,/content/drive/MyDrive/N-MON/ALTRO/spectograms/HOOKED-SAWTOOTH-3-20/1611.npy,HOOKED-SAWTOOTH-3-20
-0.015579252,-0.016345426,0.76098615,0.6461523,0.76114565,-1.0006121,0.99104655,1.9916587173938751,0.028003389,1.6415137,-0.6095592438478478,-3203125.0,6.057953e-07,1.1983578e-07,0.8969121485092793,0.006555299835997762,/content/drive/MyDrive/N-MON/ALTRO/spectograms/HOOKED-SAWTOOTH-3-20/1612.npy,HOOKED-SAWTOOTH-3-20
0.024598107,0.07283749,0.763451,0.64238,0.7638472,-1.0013243,0.9903599,1.9916841685771942,-0.11740809,1.6484663,-0.6599750307392852,19531.25,6.080449e-07,1.2216648e-07,0.89818563858198,0.004001926161664766,/content/drive/MyDrive/N-MON/ALTRO/spectograms/HOOKED-SAWTOOTH-3-20/1613.npy,HOOKED-SAWTOOTH-3-20
0.006587232,0.021788854,0.7534512,0.6246065,0.75348,-1.001368,0.9904634,1.9918313920497894,-0.03753714,1.693697,-0.6700542695135426,-3203125.0,6.6831774e-07,1.1889341e-07,0.8956811702390802,0.003984539083648503,/content/drive/MyDrive/N-MON/ALTRO/spectograms/HOOKED-SAWTOOTH-3-20/1614.npy,HOOKED-SAWTOOTH-3-20
0.024284612,0.12393385,0.76405317,0.65164083,0.7644389,-1.0007975,0.9909751,1.9917725771665573,-0.12264687,1.6367553,-0.6422509938038533,-4609375.0,6.957262e-07,1.2221554e-07,0.8956576887976414,0.0031451033467428608,/content/drive/MyDrive/N-MON/ALTRO/spectograms/HOOKED-SAWTOOTH-3-20/1615.npy,HOOKED-SAWTOOTH-3-20
-0.013684224,-0.04849262,0.7623142,0.6580388,0.762437,-1.0012513,0.9904068,1.9916581809520721,0.0122681,1.6231803,-0.6239835832985242,-2539062.5,5.653882e-07,1.18048995e-07,0.8873364803710866,0.0028949652628406045,/content/drive/MyDrive/N-MON/ALTRO/spectograms/HOOKED-SAWTOOTH-3-20/1616.npy,HOOKED-SAWTOOTH-3-20
0.0059539406,0.04683271,0.75789624,0.6430121,0.75791967,-0.999941,0.9917883,1.9917293339967728,-0.050373368,1.6507303,-0.5832099525342863,4609375.0,6.686582e-07,1.2308372e-07,0.8961811483336676,0.0035283797159800854,/content/drive/MyDrive/N-MON/ALTRO/spectograms/HOOKED-SAWTOOTH-3-20/1617.npy,HOOKED-SAWTOOTH-3-20
-0.04014846,-0.103922784,0.7620998,0.6586468,0.76315665,-1.0017762,0.9895507,1.9913269877433777,0.11080399,1.6221112,-0.5496464620581031,-3203125.0,6.159959e-07,1.169236e-07,0.8908620026019715,0.007287351659766551,/content/drive/MyDrive/N-MON/ALTRO/spectograms/HOOKED-SAWTOOTH-3-20/1618.npy,HOOKED-SAWTOOTH-3-20
0.007307581,0.062176272,0.7594485,0.65117276,0.7594837,-1.0000589,0.991609,1.9916677922010422,-0.055974413,1.6354784,-0.5806633589754268,-3203125.0,7.0181295e-07,1.2338339e-07,0.8956622413808111,0.003845081616677124,/content/drive/MyDrive/N-MON/ALTRO/spectograms/HOOKED-SAWTOOTH-3-20/1619.npy,HOOKED-SAWTOOTH-3-20
-0.036388643,-0.05553714,0.7515207,0.6358021,0.7524011,-1.0006621,0.99062157,1.9912836700677872,0.10590308,1.674552,-0.5193388565307658,19531.25,8.1984405e-07,1.1446449e-07,0.9000764461783939,0.005626891835989291,/content/drive/MyDrive/N-MON/ALTRO/spectograms/HOOKED-SAWTOOTH-3-20/1620.npy,HOOKED-SAWTOOTH-3-20
-0.018022427,-0.063792884,0.7590031,0.64898473,0.759217,-1.0009764,0.9906586,1.9916350096464157,0.056795575,1.6439419,-0.609234068893228,-3203125.0,6.8490436e-07,1.2344793e-07,0.8926879927318709,0.004973551658783391,/content/drive/MyDrive/N-MON/ALTRO/spectograms/HOOKED-SAWTOOTH-3-20/1621.npy,HOOKED-SAWTOOTH-3-20
-0.006756154,-0.032988183,0.7594037,0.64333314,0.7594338,-1.0013723,0.9903923,1.9917647540569305,0.015096615,1.6466874,-0.5923791607963783,19531.25,6.2227815e-07,1.1799651e-07,0.8971629381597304,0.005703637083735613,/content/drive/MyDrive/N-MON/ALTRO/spectograms/HOOKED-SAWTOOTH-3-20/1622.npy,HOOKED-SAWTOOTH-3-20
-0.008295557,0.011741795,0.76093614,0.64461416,0.7609814,-0.99992955,0.99182034,1.991749882698059,0.0054271673,1.644283,-0.6218224750094957,-3203125.0,6.168638e-07,1.2273068e-07,0.8943636179973905,0.0065446946048359055,/content/drive/MyDrive/N-MON/ALTRO/spectograms/HOOKED-SAWTOOTH-3-20/1623.npy,HOOKED-SAWTOOTH-3-20
0.006611035,0.041476157,0.7580547,0.63290054,0.7580836,-1.0013735,0.9905408,1.991914376616478,-0.04232619,1.669427,-0.6728677084562592,-2539062.5,5.887599e-07,1.1503742e-07,0.8955122821734836,0.002756590637117469,/content/drive/MyDrive/N-MON/ALTRO/spectograms/HOOKED-SAWTOOTH-3-20/1624.npy,HOOKED-SAWTOOTH-3-20
0.012564817,0.027990282,0.75454897,0.62547725,0.7546536,-1.0028439,0.98879236,1.9916362017393112,-0.077227466,1.6863687,-0.6460311203304424,-2988281.25,6.1831093e-07,1.2194694e-07,0.8929444740108587,0.004762496056098904,/content/drive/MyDrive/N-MON/ALTRO/spectograms/HOOKED-SAWTOOTH-3-20/1625.npy,HOOKED-SAWTOOTH-3-20
-0.003036872,0.0077616237,0.75587004,0.6302319,0.7558761,-0.9997906,0.99203885,1.991829439997673,-0.019492853,1.6758595,-0.6438548845704181,-2656250.0,6.435986e-07,1.1426269e-07,0.8934015483004569,0.004275038974259618,/content/drive/MyDrive/N-MON/ALTRO/spectograms/HOOKED-SAWTOOTH-3-20/1626.npy,HOOKED-SAWTOOTH-3-20
-0.0042282254,-0.002374508,0.7560969,0.63573635,0.75610876,-1.0021222,0.9895989,1.9917210638523102,-0.0043163993,1.666437,-0.6072471402215475,-3203125.0,5.8228517e-07,1.2142823e-07,0.8965225993755668,0.004400507858503451,/content/drive/MyDrive/N-MON/ALTRO/spectograms/HOOKED-SAWTOOTH-3-20/1627.npy,HOOKED-SAWTOOTH-3-20
0.019875938,0.061640248,0.7628577,0.65623397,0.7631166,-1.0006624,0.9909884,1.9916508495807648,-0.07692219,1.6294533,-0.6454528813673709,19531.25,6.9015897e-07,1.137998e-07,0.901078243490137,0.004053941721962812,/content/drive/MyDrive/N-MON/ALTRO/spectograms/HOOKED-SAWTOOTH-3-20/1628.npy,HOOKED-SAWTOOTH-3-20
-0.0047436533,-0.032028913,0.755511,0.6268274,0.7555258,-1.0003299,0.99140084,1.9917307049036026,0.008525174,1.6804402,-0.6612105286584066,-2539062.5,6.0544664e-07,1.2054328e-07,0.9025412705114038,0.005967029658329827,/content/drive/MyDrive/N-MON/ALTRO/spectograms/HOOKED-SAWTOOTH-3-20/1629.npy,HOOKED-SAWTOOTH-3-20
-0.035187036,-0.13665345,0.7621489,0.6566687,0.76296073,-0.999683,0.9919078,1.9915907979011536,0.12660009,1.6278697,-0.5816834963885863,19531.25,6.2730203e-07,1.1996408e-07,0.9147078395182323,0.016608114403896927,/content/drive/MyDrive/N-MON/ALTRO/spectograms/HOOKED-SAWTOOTH-3-20/1630.npy,HOOKED-SAWTOOTH-3-20
-0.024852587,-0.05643583,0.7627821,0.6589789,0.7631868,-1.0011692,0.9902904,1.9914596378803253,0.058756076,1.6207026,-0.6042718417515395,-2539062.5,6.269855e-07,1.1991894e-07,0.8998150820529096,0.004975161932081204,/content/drive/MyDrive/N-MON/ALTRO/spectograms/HOOKED-SAWTOOTH-3-20/1631.npy,HOOKED-SAWTOOTH-3-20
0.0006579099,0.056296665,0.75584805,0.6323298,0.7558483,-0.99830854,0.9935027,1.991811215877533,-0.039167907,1.6722924,-0.6325233172297758,-3203125.0,5.677658e-07,1.2151153e-07,0.902064062954526,0.0037969414674245638,/content/drive/MyDrive/N-MON/ALTRO/spectograms/HOOKED-SAWTOOTH-3-20/1632.npy,HOOKED-SAWTOOTH-3-20
-0.008151819,0.007215841,0.7575961,0.64382756,0.7576399,-1.0005422,0.9910718,1.9916140139102936,0.0183387,1.6418072,-0.5208919635138552,-3203125.0,6.179254e-07,1.1937794e-07,0.8912021652279294,0.0029574198946992914,/content/drive/MyDrive/N-MON/ALTRO/spectograms/HOOKED-SAWTOOTH-3-20/1633.npy,HOOKED-SAWTOOTH-3-20
0.01304473,0.034818746,0.7573211,0.631527,0.7574335,-1.0003175,0.9914916,1.9918090254068375,-0.076755635,1.6744939,-0.6629462353129468,-3203125.0,5.81891e-07,1.2256679e-07,0.8901318926274536,0.006672229804038345,/content/drive/MyDrive/N-MON/ALTRO/spectograms/HOOKED-SAWTOOTH-3-20/1634.npy,HOOKED-SAWTOOTH-3-20
-0.0057742163,-0.00948794,0.7537956,0.6296515,0.7538178,-1.0014833,0.9902228,1.991706132888794,-0.008200662,1.6785074,-0.6027650226947704,-3203125.0,5.998864e-07,1.18749774e-07,0.8913279127937057,0.004759863550460504,/content/drive/MyDrive/N-MON/ALTRO/spectograms/HOOKED-SAWTOOTH-3-20/1635.npy,HOOKED-SAWTOOTH-3-20
0.009776311,0.03081271,0.7539837,0.62898254,0.75404704,-1.0002412,0.9915923,1.9918334186077118,-0.05664428,1.6834077,-0.6272048311069939,-3203125.0,6.463065e-07,1.2330769e-07,0.9024021885786908,0.0036761447174765488,/content/drive/MyDrive/N-MON/ALTRO/spectograms/HOOKED-SAWTOOTH-3-20/1636.npy,HOOKED-SAWTOOTH-3-20
-0.0050153174,0.02343047,0.75463414,0.62767977,0.7546508,-0.99992937,0.9919367,1.991866022348404,-0.014757915,1.6805601,-0.6458558249993339,-3203125.0,6.478657e-07,1.1749729e-07,0.8989463725891851,0.0034672154800778373,/content/drive/MyDrive/N-MON/ALTRO/spectograms/HOOKED-SAWTOOTH-3-20/1637.npy,HOOKED-SAWTOOTH-3-20
-0.003241909,-0.017011223,0.75574815,0.62672085,0.7557552,-1.001302,0.99056417,1.991866186261177,-0.0006580001,1.6847149,-0.69494469291738,-2539062.5,5.938851e-07,1.2332309e-07,0.9031244783915472,0.004294618659578215,/content/drive/MyDrive/N-MON/ALTRO/spectograms/HOOKED-SAWTOOTH-3-20/1638.npy,HOOKED-SAWTOOTH-3-20
-0.005455886,-0.07524373,0.7587455,0.6534265,0.7587651,-1.000715,0.9909276,1.9916425347328186,-0.0027062532,1.6295996,-0.5712014076624118,-3203125.0,6.649113e-07,1.175584e-07,0.8947049801961908,0.008145674819974174,/content/drive/MyDrive/N-MON/ALTRO/spectograms/HOOKED-SAWTOOTH-3-20/1639.npy,HOOKED-SAWTOOTH-3-20
-0.0017103114,0.0070247613,0.75547975,0.629129,0.7554817,-1.000709,0.9910522,1.9917612820863724,-0.016718717,1.6779205,-0.6369384520214966,-4550781.25,5.9864584e-07,1.2391438e-07,0.905584633743862,0.0032782897931306716,/content/drive/MyDrive/N-MON/ALTRO/spectograms/HOOKED-SAWTOOTH-3-20/1640.npy,HOOKED-SAWTOOTH-3-20
-0.018515209,-0.07377605,0.7560446,0.6316767,0.7562713,-0.99923444,0.9924669,1.9917014092206955,0.07554129,1.6748549,-0.6398431589967669,19531.25,7.286137e-07,1.1789076e-07,0.9022849710100932,0.005222194823563033,/content/drive/MyDrive/N-MON/ALTRO/spectograms/HOOKED-SAWTOOTH-3-20/1641.npy,HOOKED-SAWTOOTH-3-20
0.015576473,0.04650436,0.76482725,0.6640007,0.7649858,-1.000053,0.99152255,1.991575613617897,-0.06384164,1.6099083,-0.6276359980587359,-2988281.25,5.570239e-07,1.2323812e-07,0.894892141093576,0.003141289859962982,/content/drive/MyDrive/N-MON/ALTRO/spectograms/HOOKED-SAWTOOTH-3-20/1642.npy,HOOKED-SAWTOOTH-3-20
-0.019843305,-0.024801869,0.76272494,0.6542694,0.762983,-1.0007749,0.99061656,1.991391345858574,0.064173914,1.6232982,-0.5745026488926738,19531.25,7.881414e-07,1.1571333e-07,0.8902472914645077,0.005330841998037598,/content/drive/MyDrive/N-MON/ALTRO/spectograms/HOOKED-SAWTOOTH-3-20/1643.npy,HOOKED-SAWTOOTH-3-20
0.002314537,-0.00881057,0.73349285,0.61851,0.7334964,-0.90934163,0.9908152,1.9001568257808685,-0.019070877,1.7416669,-0.4901510857845689,-3183593.75,6.3252514e-07,1.1133681e-07,0.9081771209618749,0.01801809206330205,/content/drive/MyDrive/N-MON/ALTRO/spectograms/HOOKED-SAWTOOTH-3-20/1644.npy,HOOKED-SAWTOOTH-3-20
-0.0054449635,-0.0010934565,0.75270766,0.62607205,0.7527273,-1.0009105,0.99081624,1.991726815700531,0.006930031,1.6908997,-0.6437542066753529,-2539062.5,6.050978e-07,1.1409646e-07,0.8972332879261449,0.004027619465588409,/content/drive/MyDrive/N-MON/ALTRO/spectograms/HOOKED-SAWTOOTH-3-20/1645.npy,HOOKED-SAWTOOTH-3-20
-0.013332057,-0.022774946,0.7626996,0.65900356,0.7628162,-0.99889266,0.99276316,1.9916557967662811,0.027673492,1.6185123,-0.5879317299318175,-3203125.0,6.955673e-07,1.2184623e-07,0.8924844123275747,0.004059819630309192,/content/drive/MyDrive/N-MON/ALTRO/spectograms/HOOKED-SAWTOOTH-3-20/1646.npy,HOOKED-SAWTOOTH-3-20
-0.0026847287,0.016231174,0.75694513,0.6325288,0.7569499,-0.99920374,0.99254656,1.991750344634056,-0.014249183,1.6713008,-0.6534813400299698,19531.25,7.102758e-07,1.1319361e-07,0.8986235835084329,0.00483009794859786,/content/drive/MyDrive/N-MON/ALTRO/spectograms/HOOKED-SAWTOOTH-3-20/1647.npy,HOOKED-SAWTOOTH-3-20
0.024409538,0.1017696,0.7566397,0.6319878,0.75703335,-0.9994848,0.9921374,1.991622120141983,-0.1232101,1.682201,-0.683612786836486,-3203125.0,6.593822e-07,1.2116713e-07,0.9037358479033637,0.002474506353210941,/content/drive/MyDrive/N-MON/ALTRO/spectograms/HOOKED-SAWTOOTH-3-20/1648.npy,HOOKED-SAWTOOTH-3-20
0.011139447,0.038034126,0.7613842,0.6533761,0.76146567,-1.0009998,0.99067295,1.991672769188881,-0.06794862,1.6322796,-0.6059216380380229,19531.25,8.1914686e-07,1.1273079e-07,0.8998521531745058,0.0017087093586885935,/content/drive/MyDrive/N-MON/ALTRO/spectograms/HOOKED-SAWTOOTH-3-20/1649.npy,HOOKED-SAWTOOTH-3-20
-0.0011235218,-0.015624713,0.7546953,0.6314596,0.7546962,-0.99973494,0.9921157,1.9918506294488907,0.014910616,1.6755986,-0.6176364511789246,-3203125.0,6.456602e-07,1.200404e-07,0.902836375181068,0.002867576651996876,/content/drive/MyDrive/N-MON/ALTRO/spectograms/HOOKED-SAWTOOTH-3-20/1650.npy,HOOKED-SAWTOOTH-3-20
0.0123698125,0.08403478,0.760504,0.6426315,0.76060456,-1.0017848,0.9900383,1.9918231219053268,-0.07464686,1.651609,-0.6497972169976399,4667968.75,5.762951e-07,1.2169076e-07,0.8981271379159175,0.004153794298610113,/content/drive/MyDrive/N-MON/ALTRO/spectograms/HOOKED-SAWTOOTH-3-20/1651.npy,HOOKED-SAWTOOTH-3-20
-0.0034651188,0.0151326135,0.75504744,0.6285522,0.75505537,-1.0002906,0.99150574,1.9917962849140167,-0.024503203,1.67939,-0.6459667602720788,-3203125.0,6.381491e-07,1.1984771e-07,0.8933714104770496,0.007138480046937535,/content/drive/MyDrive/N-MON/ALTRO/spectograms/HOOKED-SAWTOOTH-3-20/1652.npy,HOOKED-SAWTOOTH-3-20
-5.9690474e-06,0.0031669138,0.7651505,0.6609141,0.7651505,-1.0003935,0.99137783,1.991771399974823,-0.022125717,1.6126673,-0.6277072336869712,-4609375.0,6.5106354e-07,1.2232589e-07,0.8922335593226622,0.0029579829934102846,/content/drive/MyDrive/N-MON/ALTRO/spectograms/HOOKED-SAWTOOTH-3-20/1653.npy,HOOKED-SAWTOOTH-3-20
-0.011905298,-0.0013257384,0.753063,0.6265281,0.7531572,-1.0009906,0.9908121,1.9918027818202972,0.007563554,1.691067,-0.6581622408045488,19531.25,7.3499035e-07,1.1083993e-07,0.8984266686663264,0.007167910819559693,/content/drive/MyDrive/N-MON/ALTRO/spectograms/HOOKED-SAWTOOTH-3-20/1654.npy,HOOKED-SAWTOOTH-3-20
0.0075445175,0.011797265,0.76493645,0.6601787,0.76497364,-0.99964356,0.99206877,1.9917123019695282,-0.03888337,1.6130095,-0.6130454771225323,-3203125.0,6.283976e-07,1.2231106e-07,0.8939117260416494,0.004976211058183435,/content/drive/MyDrive/N-MON/ALTRO/spectograms/HOOKED-SAWTOOTH-3-20/1655.npy,HOOKED-SAWTOOTH-3-20
0.029711641,0.08364503,0.71413964,0.57821214,0.71475744,-0.5689757,0.60162085,1.1705965250730515,-0.15087812,1.8694,-0.4845026447864279,-2539062.5,5.765115e-07,1.0184961e-07,0.9193493218112162,0.008794759689995482,/content/drive/MyDrive/N-MON/ALTRO/spectograms/HOOKED-SAWTOOTH-3-20/1656.npy,HOOKED-SAWTOOTH-3-20
-0.014004652,-0.056548618,0.7565768,0.6308417,0.75670636,-1.0017595,0.9900807,1.9918402135372162,0.04355716,1.6801834,-0.7002695887702802,-3203125.0,6.976782e-07,1.2315988e-07,0.9037596267999274,0.004230066753169676,/content/drive/MyDrive/N-MON/ALTRO/spectograms/HOOKED-SAWTOOTH-3-20/1657.npy,HOOKED-SAWTOOTH-3-20
-0.010077851,-0.0019293297,0.7580601,0.6319646,0.75812703,-1.0018283,0.99008167,1.9919100254774094,0.0058189468,1.6691533,-0.6560589676664615,-2539062.5,6.5784724e-07,1.1826227e-07,0.9028691275678118,0.002592664100149313,/content/drive/MyDrive/N-MON/ALTRO/spectograms/HOOKED-SAWTOOTH-3-20/1658.npy,HOOKED-SAWTOOTH-3-20
0.013347255,0.06088933,0.7622071,0.6550144,0.762324,-1.0012131,0.9904792,1.9916922301054,-0.07223436,1.6257497,-0.5813813465635037,-3203125.0,7.4060836e-07,1.2391617e-07,0.8918988630298402,0.005413103312799936,/content/drive/MyDrive/N-MON/ALTRO/spectograms/HOOKED-SAWTOOTH-3-20/1659.npy,HOOKED-SAWTOOTH-3-20
0.03637086,0.1468265,0.7529368,0.64042723,0.7538147,-1.000897,0.9901263,1.9910233616828918,-0.15019034,1.6754013,-0.5531619928308419,19531.25,9.702717e-07,1.1380122e-07,0.9178846510926134,0.017440283221754442,/content/drive/MyDrive/N-MON/ALTRO/spectograms/HOOKED-SAWTOOTH-3-20/1660.npy,HOOKED-SAWTOOTH-3-20
-0.024973579,0.0059783272,0.76037717,0.6514897,0.7607872,-1.0011636,0.9902438,1.991407424211502,0.056520574,1.6298584,-0.5726186594605888,-3203125.0,6.2522844e-07,1.2368102e-07,0.8887856926321226,0.009358181148362283,/content/drive/MyDrive/N-MON/ALTRO/spectograms/HOOKED-SAWTOOTH-3-20/1661.npy,HOOKED-SAWTOOTH-3-20
-0.008362608,-0.008152946,0.76507515,0.6597627,0.76512086,-1.0000383,0.9916702,1.9917084723711014,0.012031666,1.6100442,-0.5744295357121524,19531.25,5.2074216e-07,1.18112396e-07,0.8916565712550804,0.003992785338015994,/content/drive/MyDrive/N-MON/ALTRO/spectograms/HOOKED-SAWTOOTH-3-20/1662.npy,HOOKED-SAWTOOTH-3-20
0.032288477,0.10147651,0.7636922,0.6579083,0.7643745,-1.0000023,0.99136144,1.9913637191057205,-0.14244635,1.6236123,-0.5641395430388086,-3203125.0,6.198102e-07,1.2294507e-07,0.8879322886266079,0.0031392371647906555,/content/drive/MyDrive/N-MON/ALTRO/spectograms/HOOKED-SAWTOOTH-3-20/1663.npy,HOOKED-SAWTOOTH-3-20
-0.026339961,-0.0635665,0.7572447,0.6382912,0.75770265,-1.0008705,0.99071944,1.9915899336338043,0.07456792,1.6593126,-0.5705895019169828,-3203125.0,6.641556e-07,1.1491862e-07,0.8982548680186317,0.0022917240630250107,/content/drive/MyDrive/N-MON/ALTRO/spectograms/HOOKED-SAWTOOTH-3-20/1664.npy,HOOKED-SAWTOOTH-3-20
-0.01045793,-0.028482314,0.75444263,0.6258198,0.7545152,-1.000847,0.99087,1.9917170405387878,0.019971997,1.6869138,-0.6625358238863833,-3203125.0,6.0103076e-07,1.2255047e-07,0.9046854533565876,0.002306422764153017,/content/drive/MyDrive/N-MON/ALTRO/spectograms/HOOKED-SAWTOOTH-3-20/1665.npy,HOOKED-SAWTOOTH-3-20
-0.00092876627,0.00485578,0.7619943,0.65633535,0.7619949,-1.0027837,0.9888857,1.9916693717241287,-0.016271042,1.6237274,-0.5875986203833811,19531.25,5.6980497e-07,1.1946676e-07,0.8945478273554273,0.003318748012926761,/content/drive/MyDrive/N-MON/ALTRO/spectograms/HOOKED-SAWTOOTH-3-20/1666.npy,HOOKED-SAWTOOTH-3-20
-0.013473311,-0.008979488,0.7537817,0.6268388,0.7539021,-1.0009756,0.990731,1.9917065650224686,0.019992394,1.6853478,-0.6293688968151426,-3203125.0,5.368896e-07,1.2081568e-07,0.904429777519069,0.0023702051925894438,/content/drive/MyDrive/N-MON/ALTRO/spectograms/HOOKED-SAWTOOTH-3-20/1667.npy,HOOKED-SAWTOOTH-3-20
-0.0071470183,-0.01626292,0.7584507,0.63313055,0.75848436,-1.0004538,0.991306,1.9917598515748978,0.018124847,1.6664823,-0.6592110838188595,19531.25,5.508183e-07,1.2076404e-07,0.9012223307314069,0.0032521924574888577,/content/drive/MyDrive/N-MON/ALTRO/spectograms/HOOKED-SAWTOOTH-3-20/1668.npy,HOOKED-SAWTOOTH-3-20
0.009940784,0.046506003,0.7661025,0.65855616,0.766167,-1.0002186,0.99154925,1.9917678534984589,-0.07196298,1.6133811,-0.6127755497537192,-19531.25,4.9906146e-07,1.13656725e-07,0.8963867985465576,0.002728046069300828,/content/drive/MyDrive/N-MON/ALTRO/spectograms/HOOKED-SAWTOOTH-3-20/1669.npy,HOOKED-SAWTOOTH-3-20
0.0124069955,-0.0048876293,0.7642545,0.664034,0.7643552,-1.0006468,0.9909594,1.9916062504053116,-0.056921635,1.6082692,-0.605038894131985,19531.25,7.259633e-07,1.2107466e-07,0.8863964156294774,0.004516639704911169,/content/drive/MyDrive/N-MON/ALTRO/spectograms/HOOKED-SAWTOOTH-3-20/1670.npy,HOOKED-SAWTOOTH-3-20
-0.026428062,-0.07001193,0.7630489,0.65802646,0.7635064,-0.9996464,0.99186087,1.9915072917938232,0.08386607,1.6191736,-0.5774218658841451,-4609375.0,5.491955e-07,1.137241e-07,0.8935621215488008,0.006318357534034768,/content/drive/MyDrive/N-MON/ALTRO/spectograms/HOOKED-SAWTOOTH-3-20/1671.npy,HOOKED-SAWTOOTH-3-20
-0.021381931,-0.03899815,0.7648297,0.6662154,0.7651285,-0.9998361,0.9916534,1.9914894849061966,0.05007732,1.6022379,-0.5858283194163693,19531.25,6.510994e-07,1.2198635e-07,0.8876511222105116,0.0030765655733392743,/content/drive/MyDrive/N-MON/ALTRO/spectograms/HOOKED-SAWTOOTH-3-20/1672.npy,HOOKED-SAWTOOTH-3-20
0.033214893,0.124028176,0.7600447,0.63747984,0.76077014,-1.0004743,0.9910186,1.9914928823709488,-0.15859398,1.6695614,-0.6795663136811686,-19531.25,5.7450336e-07,1.1585138e-07,0.8971203782100041,0.004828840807935072,/content/drive/MyDrive/N-MON/ALTRO/spectograms/HOOKED-SAWTOOTH-3-20/1673.npy,HOOKED-SAWTOOTH-3-20
0.0048602354,0.013195839,0.75522864,0.6269397,0.75524426,-1.0022327,0.98948854,1.991721197962761,-0.034422655,1.6825318,-0.6507063933902374,-4277343.75,6.559757e-07,1.2191525e-07,0.9052199347499963,0.004635241582135454,/content/drive/MyDrive/N-MON/ALTRO/spectograms/HOOKED-SAWTOOTH-3-20/1674.npy,HOOKED-SAWTOOTH-3-20
-0.007456938,-0.008957243,0.7588771,0.65183675,0.75891376,-1.0006411,0.9908634,1.9915044754743576,0.0031428305,1.6389409,-0.5979251107425726,19531.25,7.3476053e-07,1.0989546e-07,0.9142050229847548,0.017725880262193495,/content/drive/MyDrive/N-MON/ALTRO/spectograms/HOOKED-SAWTOOTH-3-20/1675.npy,HOOKED-SAWTOOTH-3-20
-0.020080887,-0.07281442,0.76731503,0.6690689,0.7675777,-0.99834883,0.9931616,1.9915104359388351,0.04944982,1.5956193,-0.6127904004388568,4726562.5,6.705752e-07,1.2259164e-07,0.9027255826363743,0.0038085736468989636,/content/drive/MyDrive/N-MON/ALTRO/spectograms/HOOKED-SAWTOOTH-3-20/1676.npy,HOOKED-SAWTOOTH-3-20
-0.0042730444,0.014184291,0.7602688,0.6490134,0.76028085,-1.001121,0.9906091,1.9917301833629608,0.0031470347,1.6397535,-0.6009953194060264,-3203125.0,6.437747e-07,1.1748265e-07,0.8983627162779838,0.005311727921529253,/content/drive/MyDrive/N-MON/ALTRO/spectograms/HOOKED-SAWTOOTH-3-20/1677.npy,HOOKED-SAWTOOTH-3-20
0.021743985,0.007377642,0.7477455,0.6374038,0.7480616,-1.0003065,0.86226356,1.8625700771808624,-0.10817062,1.6666491,-0.4349048230102267,19531.25,8.767478e-07,1.1698325e-07,0.9230621958580494,0.013570693921945985,/content/drive/MyDrive/N-MON/ALTRO/spectograms/HOOKED-SAWTOOTH-3-20/1678.npy,HOOKED-SAWTOOTH-3-20
0.0076660644,0.022912998,0.7530549,0.6253612,0.7530939,-1.0002198,0.9915954,1.9918151795864105,-0.033142008,1.6912067,-0.644484914252308,-3203125.0,6.370342e-07,1.16738946e-07,0.8932026440937486,0.0035576146990912143,/content/drive/MyDrive/N-MON/ALTRO/spectograms/HOOKED-SAWTOOTH-3-20/1679.npy,HOOKED-SAWTOOTH-3-20
0.0038683433,0.029804692,0.75538015,0.6345217,0.75539,-1.0012716,0.9904523,1.9917238801717758,-0.037639793,1.6682034,-0.5865288018664635,-3203125.0,6.9795334e-07,1.2412373e-07,0.8905629985188939,0.003739170589389469,/content/drive/MyDrive/N-MON/ALTRO/spectograms/HOOKED-SAWTOOTH-3-20/1680.npy,HOOKED-SAWTOOTH-3-20
0.0014951935,0.03096421,0.7643738,0.65080726,0.7643752,-1.000061,0.991621,1.9916821420192719,-0.027229426,1.6276536,-0.6210438521969276,19531.25,6.131103e-07,1.16560194e-07,0.8946138330682548,0.003970114332009615,/content/drive/MyDrive/N-MON/ALTRO/spectograms/HOOKED-SAWTOOTH-3-20/1681.npy,HOOKED-SAWTOOTH-3-20
-0.003511175,0.0073008453,0.7564458,0.63022166,0.756454,-1.0002235,0.9916234,1.991846963763237,-0.014222669,1.6730474,-0.6366289691660684,-3203125.0,7.226804e-07,1.2227308e-07,0.8983468170326343,0.0037276499468525113,/content/drive/MyDrive/N-MON/ALTRO/spectograms/HOOKED-SAWTOOTH-3-20/1682.npy,HOOKED-SAWTOOTH-3-20
-0.0031879195,-0.048630867,0.7596198,0.6495331,0.75962645,-1.001681,0.9900092,1.991690218448639,-0.0033677353,1.6382848,-0.5826610760168976,-2539062.5,6.3468434e-07,1.1450118e-07,0.8971623546445112,0.005292652102241543,/content/drive/MyDrive/N-MON/ALTRO/spectograms/HOOKED-SAWTOOTH-3-20/1683.npy,HOOKED-SAWTOOTH-3-20
-0.011249564,0.013471921,0.75776184,0.6374755,0.7578454,-1.0020764,0.98965824,1.991734653711319,0.008517618,1.6604162,-0.6349611183181382,-2988281.25,6.662995e-07,1.2273603e-07,0.9037854408378858,0.0033313942857000948,/content/drive/MyDrive/N-MON/ALTRO/spectograms/HOOKED-SAWTOOTH-3-20/1684.npy,HOOKED-SAWTOOTH-3-20
-0.03391069,-0.071685925,0.753941,0.62731624,0.7547033,-1.0012256,0.9904385,1.9916641563177109,0.082022384,1.6914089,-0.6569660741085538,19531.25,6.595914e-07,1.1457804e-07,0.9054933146301192,0.003159115545031382,/content/drive/MyDrive/N-MON/ALTRO/spectograms/HOOKED-SAWTOOTH-3-20/1685.npy,HOOKED-SAWTOOTH-3-20
-0.111015216,-0.22756527,0.7246421,0.6011371,0.73309654,-0.71281904,0.37981498,1.0926340222358704,0.37675774,1.8647625,-0.39839138706576105,-3437500.0,5.461563e-07,1.0401304e-07,0.8946149300673978,0.010866366797938039,/content/drive/MyDrive/N-MON/ALTRO/spectograms/HOOKED-SAWTOOTH-3-20/1686.npy,HOOKED-SAWTOOTH-3-20
0.031472843,0.07839149,0.7615301,0.65386164,0.76218027,-0.99938583,0.9922249,1.9916107058525085,-0.12028664,1.6351315,-0.5741723872439649,19531.25,6.44522e-07,1.1377945e-07,0.8938584304176148,0.004804383674758163,/content/drive/MyDrive/N-MON/ALTRO/spectograms/HOOKED-SAWTOOTH-3-20/1687.npy,HOOKED-SAWTOOTH-3-20
-0.03195393,-0.08814559,0.7527311,0.6255415,0.75340897,-1.0020995,0.98960996,1.9917095601558685,0.11379128,1.6955634,-0.6390362559431547,19531.25,5.9736345e-07,1.2029263e-07,0.8933900591092065,0.005581394571146285,/content/drive/MyDrive/N-MON/ALTRO/spectograms/HOOKED-SAWTOOTH-3-20/1688.npy,HOOKED-SAWTOOTH-3-20
-0.007520044,-0.016985297,0.759204,0.63759226,0.7592412,-1.0008483,0.990829,1.9916773438453674,0.019662265,1.6622984,-0.6727326420639034,-3203125.0,7.1012994e-07,1.12593305e-07,0.8976864449856022,0.00306761841306748,/content/drive/MyDrive/N-MON/ALTRO/spectograms/HOOKED-SAWTOOTH-3-20/1689.npy,HOOKED-SAWTOOTH-3-20
0.0034913062,0.038847677,0.7653487,0.6598434,0.76535654,-1.0000951,0.9915749,1.99167001247406,-0.037016235,1.6134793,-0.6136180183572143,-2539062.5,5.749163e-07,1.1978736e-07,0.8914813330561259,0.0037511535326828376,/content/drive/MyDrive/N-MON/ALTRO/spectograms/HOOKED-SAWTOOTH-3-20/1690.npy,HOOKED-SAWTOOTH-3-20
-0.0055318917,0.009814206,0.7680854,0.6704351,0.7681054,-1.0017073,0.9899313,1.9916386157274246,0.008212162,1.5893703,-0.6086104311205426,-4667968.75,6.285562e-07,1.2191639e-07,0.8961601053732172,0.0019484814942414095,/content/drive/MyDrive/N-MON/ALTRO/spectograms/HOOKED-SAWTOOTH-3-20/1691.npy,HOOKED-SAWTOOTH-3-20
0.03374236,0.07699311,0.757109,0.6380331,0.7578606,-1.0009816,0.99044645,1.9914280772209167,-0.13031952,1.66984,-0.5943489889611194,-2539062.5,6.258408e-07,1.1980441e-07,0.9054181787300756,0.00318257472143764,/content/drive/MyDrive/N-MON/ALTRO/spectograms/HOOKED-SAWTOOTH-3-20/1692.npy,HOOKED-SAWTOOTH-3-20
0.039713204,0.11670843,0.7654749,0.6664945,0.7665044,-0.9999602,0.9913415,1.9913016855716705,-0.13329895,1.6146424,-0.6460292689547523,19531.25,7.3960706e-07,1.2246804e-07,0.8916627407813172,0.0055632665813052755,/content/drive/MyDrive/N-MON/ALTRO/spectograms/HOOKED-SAWTOOTH-3-20/1693.npy,HOOKED-SAWTOOTH-3-20
-0.002937534,-0.008802723,0.76420075,0.661709,0.76420647,-1.000732,0.9909706,1.9917025566101074,-0.011854546,1.613103,-0.6252080735707352,-2539062.5,6.4072077e-07,1.1894522e-07,0.8965493687684063,0.004323728293294416,/content/drive/MyDrive/N-MON/ALTRO/spectograms/HOOKED-SAWTOOTH-3-20/1694.npy,HOOKED-SAWTOOTH-3-20
-0.023330571,-0.048958622,0.76481724,0.66121644,0.76517296,-1.0018455,0.9897094,1.9915549159049988,0.048453547,1.6141503,-0.6212035719957055,-3203125.0,6.5695355e-07,1.2280661e-07,0.8874450555818785,0.004899888431032822,/content/drive/MyDrive/N-MON/ALTRO/spectograms/HOOKED-SAWTOOTH-3-20/1695.npy,HOOKED-SAWTOOTH-3-20
0.08880293,0.18733004,0.7437867,0.6100252,0.74906915,-0.99993324,0.99039876,1.9903320521116257,-0.3509229,1.7910134,-0.6194141270067918,19531.25,9.566309e-07,1.0998066e-07,0.8977472181387279,0.009804658008133772,/content/drive/MyDrive/N-MON/ALTRO/spectograms/HOOKED-SAWTOOTH-3-20/1696.npy,HOOKED-SAWTOOTH-3-20
0.00126332,0.0073582865,0.7660917,0.66191083,0.7660927,-1.0001256,0.9915595,1.9916851371526718,-0.0193477,1.6077914,-0.6149101946428034,-2656250.0,5.7751106e-07,1.2349187e-07,0.889054108382749,0.00413739829684618,/content/drive/MyDrive/N-MON/ALTRO/spectograms/HOOKED-SAWTOOTH-3-20/1697.npy,HOOKED-SAWTOOTH-3-20
0.029845385,0.045975402,0.7445453,0.62136126,0.7451432,-1.0005167,0.9907662,1.9912829250097275,-0.13118434,1.7074276,-0.48146239234749644,19531.25,6.458727e-07,1.1179631e-07,0.9155757409598737,0.011362607822468743,/content/drive/MyDrive/N-MON/ALTRO/spectograms/HOOKED-SAWTOOTH-3-20/1698.npy,HOOKED-SAWTOOTH-3-20
0.0042887325,0.024382398,0.7614283,0.6606764,0.7614404,-1.0028319,0.98885256,1.9916845709085464,-0.022145074,1.6167881,-0.58429072167091,-2539062.5,6.2855526e-07,1.2350341e-07,0.8964864405512036,0.005441072713651436,/content/drive/MyDrive/N-MON/ALTRO/spectograms/HOOKED-SAWTOOTH-3-20/1699.npy,HOOKED-SAWTOOTH-3-20
-0.019999616,-0.009441828,0.7628113,0.65648067,0.7630734,-1.0012041,0.9904404,1.9916445761919022,0.032681163,1.6235119,-0.6110296336307962,-3437500.0,7.0735774e-07,1.1570579e-07,0.9001345247628055,0.005953857248552697,/content/drive/MyDrive/N-MON/ALTRO/spectograms/HOOKED-SAWTOOTH-3-20/1700.npy,HOOKED-SAWTOOTH-3-20
-0.0061800554,-0.018522006,0.76332617,0.6604077,0.7633512,-1.0025482,0.98905826,1.9916065335273743,-0.0031375366,1.6137371,-0.5852197334595869,19531.25,5.8094946e-07,1.2359104e-07,0.8957972832346613,0.005876984550913971,/content/drive/MyDrive/N-MON/ALTRO/spectograms/HOOKED-SAWTOOTH-3-20/1701.npy,HOOKED-SAWTOOTH-3-20
-0.0009772921,0.030150764,0.7603743,0.6424166,0.76037496,-1.0007704,0.9909726,1.991743043065071,-0.028075956,1.6478152,-0.6164844304780371,-2656250.0,6.6702705e-07,1.1531929e-07,0.9003484461051191,0.0035024422270517144,/content/drive/MyDrive/N-MON/ALTRO/spectograms/HOOKED-SAWTOOTH-3-20/1702.npy,HOOKED-SAWTOOTH-3-20
0.0068020103,0.025454596,0.7583747,0.63214326,0.7584052,-1.0017993,0.9900358,1.991835132241249,-0.043753486,1.6676573,-0.6545507826145603,19531.25,6.2417257e-07,1.2275567e-07,0.8984405800882393,0.0027287398501064323,/content/drive/MyDrive/N-MON/ALTRO/spectograms/HOOKED-SAWTOOTH-3-20/1703.npy,HOOKED-SAWTOOTH-3-20
0.0051076403,0.036852475,0.752409,0.62597376,0.7524264,-1.0020825,0.98963284,1.991715282201767,-0.055042632,1.6892056,-0.6073991040553858,-3203125.0,6.841282e-07,1.1434735e-07,0.896746411318792,0.0077822208441086765,/content/drive/MyDrive/N-MON/ALTRO/spectograms/HOOKED-SAWTOOTH-3-20/1704.npy,HOOKED-SAWTOOTH-3-20
0.003298107,0.00035394615,0.7616781,0.64142174,0.7616852,-0.999162,0.9924597,1.991621732711792,-0.0057398085,1.6464759,-0.628064165583096,-4609375.0,6.578033e-07,1.10008145e-07,0.8973024863579165,0.0035492906682563262,/content/drive/MyDrive/N-MON/ALTRO/spectograms/HOOKED-SAWTOOTH-3-20/1705.npy,HOOKED-SAWTOOTH-3-20
0.005673499,0.019715868,0.754954,0.6271532,0.75497526,-0.99956155,0.99208295,1.991644486784935,-0.04312096,1.6819757,-0.6456588142637739,19531.25,7.4963515e-07,1.1395075e-07,0.8952816101184475,0.004861748537626027,/content/drive/MyDrive/N-MON/ALTRO/spectograms/HOOKED-SAWTOOTH-3-20/1706.npy,HOOKED-SAWTOOTH-3-20
0.031711128,0.100753665,0.75356686,0.6518959,0.7542338,-1.000433,0.99101627,1.9914492964744568,-0.12840062,1.6465502,-0.4946857846892715,-3203125.0,5.427856e-07,1.0907266e-07,0.9005336954521932,0.008078453655766765,/content/drive/MyDrive/N-MON/ALTRO/spectograms/HOOKED-SAWTOOTH-3-20/1707.npy,HOOKED-SAWTOOTH-3-20
-0.009800976,-0.02390473,0.76406556,0.6570552,0.7641284,-1.0004185,0.9913042,1.9917227625846863,0.023022303,1.6187913,-0.6060413112095723,-2539062.5,6.1638127e-07,1.13179226e-07,0.8940854129190208,0.0036033864737596314,/content/drive/MyDrive/N-MON/ALTRO/spectograms/HOOKED-SAWTOOTH-3-20/1708.npy,HOOKED-SAWTOOTH-3-20
0.0033425912,0.013287615,0.75817424,0.6421989,0.7581815,-1.0022306,0.9895512,1.9917818307876587,-0.04157387,1.6548983,-0.6122617255389421,-3203125.0,7.006683e-07,1.2022115e-07,0.9017827792029169,0.0023102452693388995,/content/drive/MyDrive/N-MON/ALTRO/spectograms/HOOKED-SAWTOOTH-3-20/1709.npy,HOOKED-SAWTOOTH-3-20
-0.013471802,-0.023504317,0.75323236,0.6225621,0.7533528,-0.99979705,0.99209905,1.9918961226940155,0.035451196,1.696857,-0.6937813862219963,19531.25,6.2002675e-07,1.1203178e-07,0.9028231494107856,0.004419541169844222,/content/drive/MyDrive/N-MON/ALTRO/spectograms/HOOKED-SAWTOOTH-3-20/1710.npy,HOOKED-SAWTOOTH-3-20
0.0032600497,0.04593903,0.7586911,0.6364211,0.7586981,-1.0006821,0.99106467,1.9917467832565308,-0.04612858,1.6594155,-0.6272576606880166,-3203125.0,6.569e-07,1.2016876e-07,0.9003410848838151,0.0035431562882550665,/content/drive/MyDrive/N-MON/ALTRO/spectograms/HOOKED-SAWTOOTH-3-20/1711.npy,HOOKED-SAWTOOTH-3-20
0.044115547,0.13329247,0.7646307,0.65310997,0.7659022,-0.99953187,0.9919067,1.9914385825395584,-0.16291231,1.6389055,-0.6158208840084988,-2539062.5,5.727008e-07,1.116455e-07,0.8953815583577167,0.0028657410360832442,/content/drive/MyDrive/N-MON/ALTRO/spectograms/HOOKED-SAWTOOTH-3-20/1712.npy,HOOKED-SAWTOOTH-3-20
0.022725316,0.022733865,0.75483537,0.63101757,0.75517744,-1.0006648,0.9909333,1.9915980994701385,-0.09294884,1.6786444,-0.6117109839992941,-2656250.0,6.4164897e-07,1.1859326e-07,0.8937641201440913,0.003247803517771042,/content/drive/MyDrive/N-MON/ALTRO/spectograms/HOOKED-SAWTOOTH-3-20/1713.npy,HOOKED-SAWTOOTH-3-20
0.0038622895,-0.00039208034,0.7534259,0.6320536,0.7534358,-1.0002427,0.9914939,1.9917365461587906,-0.025472485,1.6757151,-0.5707921947908866,-3203125.0,5.730642e-07,1.1059997e-07,0.8923219890576091,0.005911556546622388,/content/drive/MyDrive/N-MON/ALTRO/spectograms/HOOKED-SAWTOOTH-3-20/1714.npy,HOOKED-SAWTOOTH-3-20
0.022296842,0.054028764,0.75197166,0.62564707,0.7523022,-1.0005354,0.99107677,1.9916121512651443,-0.1044576,1.6950316,-0.6095139726966822,-2656250.0,6.323634e-07,1.1782398e-07,0.9009091022756401,0.003884797464337814,/content/drive/MyDrive/N-MON/ALTRO/spectograms/HOOKED-SAWTOOTH-3-20/1715.npy,HOOKED-SAWTOOTH-3-20
-0.009264828,-0.079794295,0.72546834,0.61143297,0.7255275,-0.6152874,0.7908867,1.4061741083860397,0.024007132,1.7710819,-0.47186573098982987,19531.25,5.336587e-07,1.0843554e-07,0.9215649583906675,0.01562860940531575,/content/drive/MyDrive/N-MON/ALTRO/spectograms/HOOKED-SAWTOOTH-3-20/1716.npy,HOOKED-SAWTOOTH-3-20
-0.011530514,-0.06309522,0.7621701,0.65030915,0.76225734,-1.0004463,0.99127614,1.9917224198579788,0.016248757,1.634869,-0.6452158466318655,-2656250.0,6.1389994e-07,1.1770573e-07,0.895427702989669,0.0017299162279637297,/content/drive/MyDrive/N-MON/ALTRO/spectograms/HOOKED-SAWTOOTH-3-20/1717.npy,HOOKED-SAWTOOTH-3-20
-0.007033522,-0.022371879,0.7559078,0.63420165,0.7559406,-0.99861413,0.99308735,1.991701453924179,0.02697162,1.6679822,-0.5958446372717391,-2988281.25,6.041406e-07,1.2318813e-07,0.89937071236434,0.0033966074829858434,/content/drive/MyDrive/N-MON/ALTRO/spectograms/HOOKED-SAWTOOTH-3-20/1718.npy,HOOKED-SAWTOOTH-3-20
-0.017944079,-0.031316347,0.7554125,0.627612,0.75562567,-1.000033,0.9918285,1.9918615370988846,0.035544246,1.6857634,-0.6860487176924136,-2539062.5,6.328636e-07,1.1681741e-07,0.9021866297384467,0.00489560646604174,/content/drive/MyDrive/N-MON/ALTRO/spectograms/HOOKED-SAWTOOTH-3-20/1719.npy,HOOKED-SAWTOOTH-3-20
0.008208405,0.015061131,0.7620222,0.64514905,0.7620664,-1.0004313,0.9913372,1.9917684495449066,-0.042461533,1.6398388,-0.6043033010461986,-3203125.0,6.1483246e-07,1.231558e-07,0.8934081570886345,0.0046989677370653056,/content/drive/MyDrive/N-MON/ALTRO/spectograms/HOOKED-SAWTOOTH-3-20/1720.npy,HOOKED-SAWTOOTH-3-20
0.0047971113,0.014915926,0.7591429,0.6330931,0.7591581,-1.0006953,0.9911401,1.991835504770279,-0.041192982,1.6674299,-0.676681611955826,19531.25,6.994882e-07,1.1602794e-07,0.8966130077226808,0.00395340369767654,/content/drive/MyDrive/N-MON/ALTRO/spectograms/HOOKED-SAWTOOTH-3-20/1721.npy,HOOKED-SAWTOOTH-3-20
0.011801309,0.03024153,0.7595205,0.64494395,0.75961214,-1.0009097,0.99083865,1.9917483180761337,-0.063339375,1.6452208,-0.5714421426034156,-3203125.0,6.0135926e-07,1.2302515e-07,0.894044740341939,0.007894621470262155,/content/drive/MyDrive/N-MON/ALTRO/spectograms/HOOKED-SAWTOOTH-3-20/1722.npy,HOOKED-SAWTOOTH-3-20
0.035723083,0.14058562,0.7442135,0.62431663,0.74507046,-0.99990976,0.9913534,1.991263136267662,-0.15552303,1.7272421,-0.5926280458055145,19531.25,6.357202e-07,1.1205542e-07,0.9049523576239588,0.013244178443465617,/content/drive/MyDrive/N-MON/ALTRO/spectograms/HOOKED-SAWTOOTH-3-20/1723.npy,HOOKED-SAWTOOTH-3-20
-0.0040148557,0.017304376,0.7640109,0.6614076,0.7640215,-1.0020268,0.98963857,1.9916653633117676,-0.021016318,1.6074504,-0.5557336751428831,-3203125.0,6.351841e-07,1.2280805e-07,0.8926527577591548,0.005904617432736156,/content/drive/MyDrive/N-MON/ALTRO/spectograms/HOOKED-SAWTOOTH-3-20/1724.npy,HOOKED-SAWTOOTH-3-20
0.028492777,0.063388035,0.76200616,0.6471813,0.7625387,-0.99910164,0.99251413,1.9916157871484756,-0.11249016,1.6434141,-0.6007382996369383,-2539062.5,6.7025024e-07,1.1375958e-07,0.9003453210873782,0.0021901762932283507,/content/drive/MyDrive/N-MON/ALTRO/spectograms/HOOKED-SAWTOOTH-3-20/1725.npy,HOOKED-SAWTOOTH-3-20
0.007663374,0.007130308,0.7660885,0.6648807,0.7661269,-1.0005183,0.99113214,1.9916504621505737,-0.05251407,1.602445,-0.6091930125692154,19531.25,6.5678296e-07,1.09213296e-07,0.9003512095937695,0.002054636094593242,/content/drive/MyDrive/N-MON/ALTRO/spectograms/HOOKED-SAWTOOTH-3-20/1726.npy,HOOKED-SAWTOOTH-3-20
-0.0063019195,-0.047700025,0.7771978,0.6625926,0.77722335,-1.0006711,0.9911832,1.9918544292449951,0.014815479,1.5870544,-0.7153261751930621,19531.25,8.677762e-07,1.2276696e-07,0.9015901877611066,0.0028841306062593673,/content/drive/MyDrive/N-MON/ALTRO/spectograms/HOOKED-SAWTOOTH-3-20/1727.npy,HOOKED-SAWTOOTH-3-20
0.004065622,-0.015803326,0.76519835,0.66365993,0.76520926,-1.0001574,0.99152565,1.9916830509901047,-0.032229118,1.6066636,-0.6167237703508129,19531.25,6.626514e-07,1.08854124e-07,0.892523380700228,0.004460819522805254,/content/drive/MyDrive/N-MON/ALTRO/spectograms/HOOKED-SAWTOOTH-3-20/1728.npy,HOOKED-SAWTOOTH-3-20
0.032628592,0.088620335,0.76677704,0.6659685,0.767471,-1.0006458,0.9907397,1.99138543009758,-0.11946569,1.6081688,-0.6217385972881432,-3203125.0,6.5683025e-07,1.126306e-07,0.8824944392525562,0.002868386753119068,/content/drive/MyDrive/N-MON/ALTRO/spectograms/HOOKED-SAWTOOTH-3-20/1729.npy,HOOKED-SAWTOOTH-3-20
0.02128328,0.046331223,0.75861424,0.6447167,0.75891274,-1.0001521,0.9915881,1.9917403161525726,-0.08488389,1.65078,-0.5794700194847203,-19531.25,6.1015743e-07,1.0912076e-07,0.8882850942750598,0.004928222405842499,/content/drive/MyDrive/N-MON/ALTRO/spectograms/HOOKED-SAWTOOTH-3-20/1730.npy,HOOKED-SAWTOOTH-3-20
0.025040397,0.046569433,0.7558377,0.6349853,0.75625235,-1.0000935,0.9916481,1.9917414784431458,-0.102686964,1.6723689,-0.5989924686239255,19531.25,6.1888187e-07,1.1114497e-07,0.8993309083905624,0.0061114056928859295,/content/drive/MyDrive/N-MON/ALTRO/spectograms/HOOKED-SAWTOOTH-3-20/1731.npy,HOOKED-SAWTOOTH-3-20
0.011020366,0.06166461,0.75929964,0.636315,0.7593796,-1.0007188,0.99115205,1.991870865225792,-0.05540289,1.6635026,-0.675494752877743,-3203125.0,7.0707495e-07,1.1972182e-07,0.8996208638180831,0.002511625652482327,/content/drive/MyDrive/N-MON/ALTRO/spectograms/HOOKED-SAWTOOTH-3-20/1732.npy,HOOKED-SAWTOOTH-3-20
0.0034609928,0.030246325,0.7555536,0.6340436,0.7555615,-1.0007832,0.9908698,1.9916529804468155,-0.022041567,1.6706781,-0.6076657650862752,-2539062.5,5.71658e-07,1.0943132e-07,0.9017521410033413,0.006048638387225956,/content/drive/MyDrive/N-MON/ALTRO/spectograms/HOOKED-SAWTOOTH-3-20/1733.npy,HOOKED-SAWTOOTH-3-20
0.0039808135,0.024369134,0.75492346,0.6274081,0.75493395,-0.998926,0.9928938,1.9918197691440582,-0.024034644,1.6836513,-0.6564749864412037,-3203125.0,6.7470444e-07,1.18297464e-07,0.9018223046980092,0.005723112383081361,/content/drive/MyDrive/N-MON/ALTRO/spectograms/HOOKED-SAWTOOTH-3-20/1734.npy,HOOKED-SAWTOOTH-3-20
0.029168708,0.12147688,0.7662676,0.6601233,0.7668225,-1.0028086,0.98856574,1.9913743883371353,-0.12102119,1.6185256,-0.6136162024978403,19531.25,7.405579e-07,1.2510374e-07,0.9014418105006462,0.0029687877899919643,/content/drive/MyDrive/N-MON/ALTRO/spectograms/HOOKED-SAWTOOTH-3-20/1735.npy,HOOKED-SAWTOOTH-3-20
0.004895852,0.0062913178,0.75401616,0.62525654,0.7540321,-1.001334,0.9904855,1.9918194562196732,-0.031635363,1.6899662,-0.6723476954582407,-3203125.0,6.808317e-07,1.1746387e-07,0.9005227250572754,0.004510016207586953,/content/drive/MyDrive/N-MON/ALTRO/spectograms/HOOKED-SAWTOOTH-3-20/1736.npy,HOOKED-SAWTOOTH-3-20
0.0052185096,0.01942394,0.767062,0.66442406,0.7670798,-0.9998769,0.99185896,1.9917358607053757,-0.037597984,1.6045425,-0.634742877531414,-4609375.0,6.751354e-07,1.241596e-07,0.8918147961028977,0.003631764323556332,/content/drive/MyDrive/N-MON/ALTRO/spectograms/HOOKED-SAWTOOTH-3-20/1737.npy,HOOKED-SAWTOOTH-3-20
0.005866788,-0.009476909,0.7658836,0.6591653,0.7659061,-1.0012711,0.99042225,1.991693377494812,-0.032338064,1.611647,-0.6085292018978078,-3203125.0,6.54159e-07,1.1639461e-07,0.8872471405075877,0.00549600889828458,/content/drive/MyDrive/N-MON/ALTRO/spectograms/HOOKED-SAWTOOTH-3-20/1738.npy,HOOKED-SAWTOOTH-3-20
-0.0059847413,0.033151098,0.7623102,0.64814454,0.76233375,-1.0017138,0.9900833,1.9917969554662704,-0.022873899,1.638268,-0.6392984858617591,4609375.0,6.5879243e-07,1.234561e-07,0.8960929656198535,0.0027451266864777866,/content/drive/MyDrive/N-MON/ALTRO/spectograms/HOOKED-SAWTOOTH-3-20/1739.npy,HOOKED-SAWTOOTH-3-20
0.0018256969,0.015052862,0.7636298,0.65758175,0.763632,-1.0000478,0.99158907,1.9916369020938873,-0.03529503,1.619465,-0.6091632135032735,19531.25,6.0674165e-07,1.0934087e-07,0.8911670301028153,0.0024404387696441506,/content/drive/MyDrive/N-MON/ALTRO/spectograms/HOOKED-SAWTOOTH-3-20/1740.npy,HOOKED-SAWTOOTH-3-20
-0.0244119,-0.07118898,0.7575159,0.63014585,0.75790924,-1.0005785,0.99117494,1.9917534589767456,0.0788725,1.6733929,-0.6629792774418758,-3203125.0,5.6120376e-07,1.0904542e-07,0.9018521225758476,0.005424502657318282,/content/drive/MyDrive/N-MON/ALTRO/spectograms/HOOKED-SAWTOOTH-3-20/1741.npy,HOOKED-SAWTOOTH-3-20
0.014081307,0.022254894,0.7795356,0.68294024,0.7796627,-1.0005934,0.99098915,1.991582527756691,-0.07415183,1.5408795,-0.5780410801127057,19531.25,6.9656676e-07,1.2109291e-07,0.9212790304430984,0.015815844355947344,/content/drive/MyDrive/N-MON/ALTRO/spectograms/HOOKED-SAWTOOTH-3-20/1742.npy,HOOKED-SAWTOOTH-3-20
0.018859807,0.09324174,0.76082176,0.6484309,0.76105547,-1.0002717,0.9914906,1.9917622655630112,-0.08521801,1.6420659,-0.5990640386811493,4550781.25,5.904638e-07,1.0847384e-07,0.8965611613071929,0.004404098956161365,/content/drive/MyDrive/N-MON/ALTRO/spectograms/HOOKED-SAWTOOTH-3-20/1743.npy,HOOKED-SAWTOOTH-3-20
-0.008447908,0.0145803,0.76359516,0.6499446,0.7636419,-1.0006424,0.99092937,1.9915717840194702,0.027720828,1.6253898,-0.6022638106238639,-19531.25,5.3906325e-07,1.11836115e-07,0.8978832149325481,0.005013081921972872,/content/drive/MyDrive/N-MON/ALTRO/spectograms/HOOKED-SAWTOOTH-3-20/1744.npy,HOOKED-SAWTOOTH-3-20
-0.0145084215,-0.03755136,0.7526559,0.624355,0.75279576,-0.99839604,0.9934634,1.9918594509363174,0.019958487,1.69333,-0.6606795055358826,19531.25,6.383333e-07,1.08830136e-07,0.8985029587818835,0.0033580406718836755,/content/drive/MyDrive/N-MON/ALTRO/spectograms/HOOKED-SAWTOOTH-3-20/1745.npy,HOOKED-SAWTOOTH-3-20
-0.016423788,0.03757131,0.7836308,0.68858933,0.78380287,-1.001604,0.98996097,1.9915649741888046,0.025296325,1.524617,-0.5786050434317876,19531.25,8.6942873e-07,1.221864e-07,0.9179516833139723,0.014154657918599614,/content/drive/MyDrive/N-MON/ALTRO/spectograms/HOOKED-SAWTOOTH-3-20/1746.npy,HOOKED-SAWTOOTH-3-20
0.033709615,0.10960937,0.7643228,0.6519351,0.7650658,-0.9992864,0.9923509,1.991637334227562,-0.13250169,1.6338415,-0.6011321781501567,19531.25,7.413223e-07,1.0822646e-07,0.8932040620493081,0.004702292269021922,/content/drive/MyDrive/N-MON/ALTRO/spectograms/HOOKED-SAWTOOTH-3-20/1747.npy,HOOKED-SAWTOOTH-3-20
-0.024923254,-0.061096154,0.75681484,0.6295895,0.7572251,-0.99855214,0.99332464,1.9918767809867859,0.07397693,1.68127,-0.6836254485738148,-3203125.0,6.987522e-07,1.1364044e-07,0.899121489171693,0.0030147545893122662,/content/drive/MyDrive/N-MON/ALTRO/spectograms/HOOKED-SAWTOOTH-3-20/1748.npy,HOOKED-SAWTOOTH-3-20
0.011887379,0.030520301,0.7647406,0.662147,0.7648329,-1.0005206,0.9911787,1.9916993081569672,-0.05443058,1.6120763,-0.6163106499428858,19531.25,6.717138e-07,1.0922539e-07,0.8996504188834036,0.0037000648530823685,/content/drive/MyDrive/N-MON/ALTRO/spectograms/HOOKED-SAWTOOTH-3-20/1749.npy,HOOKED-SAWTOOTH-3-20
0.029678881,0.05391714,0.76350796,0.6562209,0.7640846,-1.0007436,0.9907043,1.9914480149745941,-0.12430843,1.6266149,-0.5986301727364937,-2656250.0,6.2254617e-07,1.11554655e-07,0.8993440715503329,0.005048681892538004,/content/drive/MyDrive/N-MON/ALTRO/spectograms/HOOKED-SAWTOOTH-3-20/1750.npy,HOOKED-SAWTOOTH-3-20
0.027155116,0.12984902,0.7645967,0.66320354,0.7650787,-1.002926,0.9885857,1.9915117174386978,-0.117060214,1.6141033,-0.5808337415403121,-2539062.5,5.6261604e-07,1.193328e-07,0.9007350759954896,0.0018984004522769819,/content/drive/MyDrive/N-MON/ALTRO/spectograms/HOOKED-SAWTOOTH-3-20/1751.npy,HOOKED-SAWTOOTH-3-20
-0.023101151,-0.06730428,0.7640415,0.6627542,0.7643906,-1.0004194,0.99115443,1.9915738701820374,0.051300634,1.6130155,-0.6161960314101559,-3203125.0,6.50487e-07,1.1130313e-07,0.8902846405176383,0.0064218837481386645,/content/drive/MyDrive/N-MON/ALTRO/spectograms/HOOKED-SAWTOOTH-3-20/1752.npy,HOOKED-SAWTOOTH-3-20
0.022017654,0.053074922,0.75627744,0.6263944,0.75659794,-1.0015919,0.9903048,1.9918967485427856,-0.07567867,1.688301,-0.704197400041542,-19531.25,5.0664863e-07,1.0911562e-07,0.8982119295925315,0.00238498276366581,/content/drive/MyDrive/N-MON/ALTRO/spectograms/HOOKED-SAWTOOTH-3-20/1753.npy,HOOKED-SAWTOOTH-3-20
0.00091649435,0.029264491,0.76402676,0.6609314,0.7640273,-1.0017556,0.9899287,1.9916842877864838,-0.02885961,1.6120402,-0.5914577166124745,-3203125.0,6.975399e-07,1.10476435e-07,0.8855608150576179,0.0038389163546971327,/content/drive/MyDrive/N-MON/ALTRO/spectograms/HOOKED-SAWTOOTH-3-20/1754.npy,HOOKED-SAWTOOTH-3-20
-0.014022083,-0.02667675,0.76552653,0.65219283,0.7656549,-1.0027374,0.9889281,1.9916654229164124,0.018008538,1.6206373,-0.6124074590827063,-2539062.5,5.430556e-07,1.0899787e-07,0.8970313286746605,0.0068912426338169535,/content/drive/MyDrive/N-MON/ALTRO/spectograms/HOOKED-SAWTOOTH-3-20/1755.npy,HOOKED-SAWTOOTH-3-20
0.0011891003,0.0033008943,0.7673711,0.6686227,0.7673721,-1.0004641,0.9912313,1.9916954189538956,-0.018197661,1.5954963,-0.6403721760056299,19531.25,7.171997e-07,1.0940009e-07,0.8882763272863679,0.004688937225086968,/content/drive/MyDrive/N-MON/ALTRO/spectograms/HOOKED-SAWTOOTH-3-20/1756.npy,HOOKED-SAWTOOTH-3-20
-0.014530799,-0.009966699,0.76084524,0.63976747,0.760984,-1.0018988,0.98983693,1.9917356073856354,0.026942562,1.6495237,-0.6224536965723885,-19531.25,6.412904e-07,1.09826445e-07,0.9003117716363273,0.004647150608937401,/content/drive/MyDrive/N-MON/ALTRO/spectograms/HOOKED-SAWTOOTH-3-20/1757.npy,HOOKED-SAWTOOTH-3-20
0.024715507,0.115436986,0.75954556,0.6450996,0.7599476,-1.0017242,0.9900128,1.9917370229959488,-0.0994415,1.6499803,-0.6098156800194606,-19531.25,7.312637e-07,1.090941e-07,0.9029603414426278,0.0032921877999084973,/content/drive/MyDrive/N-MON/ALTRO/spectograms/HOOKED-SAWTOOTH-3-20/1758.npy,HOOKED-SAWTOOTH-3-20
-0.02758891,-0.08678422,0.75446373,0.6297717,0.7549679,-1.0006992,0.9910494,1.9917485415935516,0.08639778,1.6813252,-0.6186972966253094,-19531.25,5.470477e-07,1.1022384e-07,0.9012850460140548,0.004438371107250519,/content/drive/MyDrive/N-MON/ALTRO/spectograms/HOOKED-SAWTOOTH-3-20/1759.npy,HOOKED-SAWTOOTH-3-20
0.008302816,0.050660916,0.7615647,0.6591559,0.7616099,-0.9998669,0.9918459,1.9917128086090088,-0.037537087,1.621381,-0.6018163526305776,19531.25,6.505253e-07,1.0833963e-07,0.8944480032311175,0.005597562639323831,/content/drive/MyDrive/N-MON/ALTRO/spectograms/HOOKED-SAWTOOTH-3-20/1760.npy,HOOKED-SAWTOOTH-3-20
0.01881646,0.02646897,0.7560135,0.6264631,0.75624764,-1.0005902,0.9911684,1.9917585998773575,-0.079165936,1.6869674,-0.6841488323108608,-19531.25,5.122152e-07,1.10915146e-07,0.8896212868221491,0.005806109098453709,/content/drive/MyDrive/N-MON/ALTRO/spectograms/HOOKED-SAWTOOTH-3-20/1761.npy,HOOKED-SAWTOOTH-3-20
-0.015320427,-0.031859487,0.7600457,0.65106934,0.7602001,-1.0002316,0.99147177,1.991703450679779,0.035709046,1.6329653,-0.5598975822193984,19531.25,7.098891e-07,1.0985297e-07,0.8882320783668892,0.002524457059443037,/content/drive/MyDrive/N-MON/ALTRO/spectograms/HOOKED-SAWTOOTH-3-20/1762.npy,HOOKED-SAWTOOTH-3-20
0.003022457,0.014365884,0.76218086,0.6548152,0.7621869,-1.0012114,0.9905026,1.9917140156030655,-0.026141541,1.629524,-0.639619409060047,19531.25,5.9342403e-07,1.1095072e-07,0.8868412081076501,0.0031107507130548094,/content/drive/MyDrive/N-MON/ALTRO/spectograms/HOOKED-SAWTOOTH-3-20/1763.npy,HOOKED-SAWTOOTH-3-20
0.020237515,0.022312049,0.76514834,0.66468334,0.76541597,-1.00073,0.99080503,1.991535097360611,-0.09049365,1.6060747,-0.5850770954323466,19531.25,7.2382267e-07,1.1998797e-07,0.8969454911618628,0.002265650215588278,/content/drive/MyDrive/N-MON/ALTRO/spectograms/HOOKED-SAWTOOTH-3-20/1764.npy,HOOKED-SAWTOOTH-3-20
-0.0023433825,0.021415066,0.75815356,0.63516843,0.75815725,-1.0018661,0.99003625,1.9919024258852005,-0.032330263,1.6634374,-0.6275982237437417,-4492187.5,4.9929815e-07,1.1234138e-07,0.9073356567681505,0.0023411738265104293,/content/drive/MyDrive/N-MON/ALTRO/spectograms/HOOKED-SAWTOOTH-3-20/1765.npy,HOOKED-SAWTOOTH-3-20
-0.053564157,-0.09253687,0.7365817,0.5937906,0.73852676,-0.9985196,0.992417,1.99093659222126,0.19959967,1.7889332,-0.6503288491740334,19531.25,1.0412458e-06,1.0284688e-07,0.9055232807620913,0.005153047110092681,/content/drive/MyDrive/N-MON/ALTRO/spectograms/HOOKED-SAWTOOTH-3-20/1766.npy,HOOKED-SAWTOOTH-3-20
-0.010963524,-0.0200618,0.757064,0.6338524,0.7571433,-1.0003034,0.9914049,1.9917083382606506,0.028668074,1.6637503,-0.5846694394930251,19531.25,5.619052e-07,1.1296565e-07,0.9029795600398138,0.00496211707642573,/content/drive/MyDrive/N-MON/ALTRO/spectograms/HOOKED-SAWTOOTH-3-20/1767.npy,HOOKED-SAWTOOTH-3-20
-0.038344886,-0.03850714,0.7644537,0.64627194,0.7654148,-0.99934757,0.9924177,1.9917652904987335,0.10609027,1.6385987,-0.6316936300265167,19531.25,7.144851e-07,1.0902371e-07,0.8952761197453277,0.003611826847956523,/content/drive/MyDrive/N-MON/ALTRO/spectograms/HOOKED-SAWTOOTH-3-20/1768.npy,HOOKED-SAWTOOTH-3-20
0.011497872,0.029940356,0.7593868,0.651648,0.75947386,-1.0009872,0.9906548,1.9916420578956604,-0.04859319,1.6340414,-0.5540633239966218,39062.5,5.3520597e-07,1.141977e-07,0.8876424893990956,0.0022849311210669425,/content/drive/MyDrive/N-MON/ALTRO/spectograms/HOOKED-SAWTOOTH-3-20/1769.npy,HOOKED-SAWTOOTH-3-20
0.013023668,-0.0069847163,0.7652397,0.6492739,0.7653505,-0.99863577,0.99291337,1.9915491789579391,-0.05563222,1.6276346,-0.6458857558762113,19531.25,5.671697e-07,1.084435e-07,0.8912354937764052,0.003900210911333696,/content/drive/MyDrive/N-MON/ALTRO/spectograms/HOOKED-SAWTOOTH-3-20/1770.npy,HOOKED-SAWTOOTH-3-20
0.02644691,0.038222834,0.7824505,0.6650462,0.7828973,-1.0007633,0.9908145,1.9915777891874313,-0.11473186,1.5773714,-0.7582243076415552,-2539062.5,6.0926055e-07,1.2042764e-07,0.9082238182636445,0.017396251736839896,/content/drive/MyDrive/N-MON/ALTRO/spectograms/HOOKED-SAWTOOTH-3-20/1771.npy,HOOKED-SAWTOOTH-3-20
-0.013891827,-0.01660303,0.76101416,0.64984715,0.76114094,-1.0006934,0.99098337,1.9916767477989197,0.0053840433,1.6320037,-0.5777328542234202,19531.25,5.912731e-07,1.093141e-07,0.9003270609079091,0.006319348545504657,/content/drive/MyDrive/N-MON/ALTRO/spectograms/HOOKED-SAWTOOTH-3-20/1772.npy,HOOKED-SAWTOOTH-3-20
0.021066196,0.02885611,0.75764483,0.6428682,0.75793767,-1.0016413,0.9895562,1.9911974966526031,-0.08675831,1.6518615,-0.5672495493600956,-3203125.0,7.3769974e-07,1.0731766e-07,0.9207849634315046,0.012228581486426963,/content/drive/MyDrive/N-MON/ALTRO/spectograms/HOOKED-SAWTOOTH-3-20/1773.npy,HOOKED-SAWTOOTH-3-20
0.029317321,0.101274535,0.75725025,0.6287799,0.7578175,-1.0002122,0.991577,1.9917891770601273,-0.13044186,1.6858317,-0.7017996421870026,19531.25,5.6167477e-07,1.08940625e-07,0.8983533489474949,0.002956674422803448,/content/drive/MyDrive/N-MON/ALTRO/spectograms/HOOKED-SAWTOOTH-3-20/1774.npy,HOOKED-SAWTOOTH-3-20
-0.012806092,-0.020248465,0.7576691,0.64331675,0.7577772,-1.0004277,0.99121165,1.991639405488968,0.019638304,1.6532564,-0.5893995335354908,19531.25,6.9107045e-07,1.1595811e-07,0.8956080385089824,0.006016699988539354,/content/drive/MyDrive/N-MON/ALTRO/spectograms/HOOKED-SAWTOOTH-3-20/1775.npy,HOOKED-SAWTOOTH-3-20
0.018344777,0.10086334,0.78855556,0.6886801,0.7887689,-1.0001242,0.99154,1.9916642159223557,-0.089467146,1.5353667,-0.7356825035956512,19531.25,9.0408884e-07,1.2023118e-07,0.9227049823116813,0.012443680833014259,/content/drive/MyDrive/N-MON/ALTRO/spectograms/HOOKED-SAWTOOTH-3-20/1776.npy,HOOKED-SAWTOOTH-3-20
-0.01731423,-0.039365083,0.7523442,0.62132496,0.75254345,-1.0001057,0.99159324,1.9916990399360657,0.055717047,1.6994454,-0.6668961331832134,19531.25,7.357999e-07,1.16949586e-07,0.8927409417294687,0.004635708360217693,/content/drive/MyDrive/N-MON/ALTRO/spectograms/HOOKED-SAWTOOTH-3-20/1777.npy,HOOKED-SAWTOOTH-3-20
-0.0011679726,0.00594934,0.7639535,0.65886986,0.7639544,-1.0016532,0.99007523,1.9917283356189728,-0.012749102,1.6169581,-0.6082174038107705,4609375.0,6.3695103e-07,1.2398274e-07,0.8964638183959294,0.0017505707639432655,/content/drive/MyDrive/N-MON/ALTRO/spectograms/HOOKED-SAWTOOTH-3-20/1778.npy,HOOKED-SAWTOOTH-3-20
-0.00687076,-0.015524648,0.75449014,0.62497926,0.7545214,-0.9997805,0.99208367,1.9918641597032547,0.013482314,1.6856256,-0.656910116225606,19531.25,5.416367e-07,1.1806985e-07,0.9043820602644194,0.0029297070943028786,/content/drive/MyDrive/N-MON/ALTRO/spectograms/HOOKED-SAWTOOTH-3-20/1779.npy,HOOKED-SAWTOOTH-3-20
-0.033155292,-0.07245635,0.75972426,0.6445453,0.76044744,-1.0016967,0.98983693,1.9915336072444916,0.09214403,1.6490432,-0.5779146083096817,-3203125.0,6.822567e-07,1.2281792e-07,0.9019911320896814,0.001884984814721884,/content/drive/MyDrive/N-MON/ALTRO/spectograms/HOOKED-SAWTOOTH-3-20/1780.npy,HOOKED-SAWTOOTH-3-20
-0.022774467,-0.054604538,0.73344505,0.60716075,0.7337985,-0.9995721,0.90994614,1.9095182418823242,0.063205935,1.7623676,-0.5114622697740262,19531.25,6.0980796e-07,1.15546065e-07,0.9032012531152376,0.006197167115561372,/content/drive/MyDrive/N-MON/ALTRO/spectograms/HOOKED-SAWTOOTH-3-20/1781.npy,HOOKED-SAWTOOTH-3-20
-0.004875539,-0.00043072487,0.75750834,0.6337957,0.757524,-1.0002793,0.9914384,1.991717740893364,-0.016318126,1.6698196,-0.6671620977958322,-3203125.0,6.499345e-07,1.2208295e-07,0.8969492720022382,0.003615474515022016,/content/drive/MyDrive/N-MON/ALTRO/spectograms/HOOKED-SAWTOOTH-3-20/1782.npy,HOOKED-SAWTOOTH-3-20
-0.022940261,-0.04901208,0.75863016,0.6332488,0.7589769,-1.0018376,0.9900118,1.9918494820594788,0.07722517,1.6667398,-0.6530311920301745,19531.25,6.548529e-07,1.1966966e-07,0.8962604556681658,0.0030952248667142045,/content/drive/MyDrive/N-MON/ALTRO/spectograms/HOOKED-SAWTOOTH-3-20/1783.npy,HOOKED-SAWTOOTH-3-20
0.022851307,0.047059186,0.75762296,0.6381658,0.75796753,-0.99972796,0.99191207,1.9916400462388992,-0.08233147,1.6619283,-0.5886403555308518,-2539062.5,6.169734e-07,1.2179595e-07,0.8971434368880119,0.0047276264313843306,/content/drive/MyDrive/N-MON/ALTRO/spectograms/HOOKED-SAWTOOTH-3-20/1784.npy,HOOKED-SAWTOOTH-3-20
-0.031433757,-0.04792402,0.7620167,0.64071023,0.76266474,-1.0007313,0.99099207,1.9917234480381012,0.07591368,1.6520001,-0.6507988949166804,19531.25,7.3777676e-07,1.1342971e-07,0.8981287956973958,0.003294765246204929,/content/drive/MyDrive/N-MON/ALTRO/spectograms/HOOKED-SAWTOOTH-3-20/1785.npy,HOOKED-SAWTOOTH-3-20
-0.0128393425,-0.03599626,0.7615858,0.6528204,0.761694,-1.0004375,0.9912618,1.9916992783546448,0.017827244,1.6275954,-0.5749245586041899,-3203125.0,5.9429937e-07,1.1985207e-07,0.9012850234880214,0.004896473659225087,/content/drive/MyDrive/N-MON/ALTRO/spectograms/HOOKED-SAWTOOTH-3-20/1786.npy,HOOKED-SAWTOOTH-3-20
0.0032449819,0.085411355,0.72971046,0.61376834,0.7297176,-1.0004478,0.7181334,1.7185810655355453,-0.054366335,1.7632453,-0.5238264937305496,19531.25,1.0856778e-06,1.0912046e-07,0.9036587047664655,0.013715691076955772,/content/drive/MyDrive/N-MON/ALTRO/spectograms/HOOKED-SAWTOOTH-3-20/1787.npy,HOOKED-SAWTOOTH-3-20
-0.0067006196,-0.00038648723,0.75288826,0.62684304,0.752918,-1.0002397,0.9916412,1.991880938410759,0.003395929,1.690531,-0.6491159328787842,-2656250.0,5.7468594e-07,1.1938035e-07,0.9015368055430579,0.003454272075141616,/content/drive/MyDrive/N-MON/ALTRO/spectograms/HOOKED-SAWTOOTH-3-20/1788.npy,HOOKED-SAWTOOTH-3-20
0.03389937,0.09210926,0.76464075,0.6462032,0.7653918,-1.0010402,0.9904585,1.9914986789226532,-0.15888841,1.6404324,-0.612062683964716,19531.25,6.6881154e-07,1.2199132e-07,0.8956924619817412,0.005226792753620419,/content/drive/MyDrive/N-MON/ALTRO/spectograms/HOOKED-SAWTOOTH-3-20/1789.npy,HOOKED-SAWTOOTH-3-20
-0.0058701877,-0.031933777,0.76070005,0.64027065,0.7607227,-1.000466,0.9914026,1.9918686300516129,0.0065357154,1.6527189,-0.6474885782403917,-3378906.25,5.6485055e-07,1.1903548e-07,0.8972061874157522,0.004475002514119533,/content/drive/MyDrive/N-MON/ALTRO/spectograms/HOOKED-SAWTOOTH-3-20/1790.npy,HOOKED-SAWTOOTH-3-20
-0.009832491,-0.040526062,0.75602156,0.62930846,0.7560855,-1.0013545,0.9905162,1.9918707311153412,0.027609432,1.6756862,-0.6381788912579279,-4277343.75,5.896163e-07,1.2286802e-07,0.8955948355967936,0.0036068308890933034,/content/drive/MyDrive/N-MON/ALTRO/spectograms/HOOKED-SAWTOOTH-3-20/1791.npy,HOOKED-SAWTOOTH-3-20
-0.011981584,-0.10989058,0.772282,0.6721648,0.77237487,-1.0001794,0.9914951,1.9916744828224182,0.049431797,1.5780042,-0.6169507793019201,19531.25,6.1965596e-07,1.1770363e-07,0.9243492222128982,0.014802186952015826,/content/drive/MyDrive/N-MON/ALTRO/spectograms/HOOKED-SAWTOOTH-3-20/1792.npy,HOOKED-SAWTOOTH-3-20
0.00973117,0.04544517,0.7642,0.66187155,0.7642619,-1.0010237,0.99062735,1.9916510432958603,-0.048513003,1.6115695,-0.5812785452852759,4726562.5,5.913387e-07,1.234826e-07,0.8957696572158846,0.003940546988510376,/content/drive/MyDrive/N-MON/ALTRO/spectograms/HOOKED-SAWTOOTH-3-20/1793.npy,HOOKED-SAWTOOTH-3-20
0.003032515,0.0067078536,0.7509043,0.62383693,0.7509104,-1.0010664,0.9906991,1.9917655289173126,-0.02302984,1.698635,-0.6376238175717922,-3203125.0,7.405491e-07,1.1681243e-07,0.9007949809313696,0.0026738093246270246,/content/drive/MyDrive/N-MON/ALTRO/spectograms/HOOKED-SAWTOOTH-3-20/1794.npy,HOOKED-SAWTOOTH-3-20
0.028758805,0.06345508,0.7611648,0.645056,0.7617079,-0.9986144,0.9929592,1.9915735721588135,-0.110577494,1.6480044,-0.6137457602287758,-4550781.25,6.137961e-07,1.2445727e-07,0.8979855818188952,0.00828377254542382,/content/drive/MyDrive/N-MON/ALTRO/spectograms/HOOKED-SAWTOOTH-3-20/1795.npy,HOOKED-SAWTOOTH-3-20
0.008303398,0.0546247,0.75364447,0.62382466,0.7536902,-0.999799,0.9919257,1.991724744439125,-0.06370321,1.6937469,-0.6873167988376726,19531.25,6.3283704e-07,1.1647742e-07,0.8961825762401567,0.004590058100628257,/content/drive/MyDrive/N-MON/ALTRO/spectograms/HOOKED-SAWTOOTH-3-20/1796.npy,HOOKED-SAWTOOTH-3-20
-0.02190705,-0.04908604,0.7657147,0.6672805,0.76602805,-1.0017096,0.9897888,1.9914983958005905,0.04122495,1.6002824,-0.6070922772731447,-4609375.0,6.1937067e-07,1.2367218e-07,0.8929624399708442,0.004790877645803967,/content/drive/MyDrive/N-MON/ALTRO/spectograms/HOOKED-SAWTOOTH-3-20/1797.npy,HOOKED-SAWTOOTH-3-20
0.01607053,0.029065624,0.75578386,0.63965833,0.7559547,-1.0017775,0.98981607,1.9915935695171356,-0.069988266,1.6615124,-0.5553010352021018,19531.25,6.8003993e-07,1.1726155e-07,0.8921000870230593,0.00543394964273626,/content/drive/MyDrive/N-MON/ALTRO/spectograms/HOOKED-SAWTOOTH-3-20/1798.npy,HOOKED-SAWTOOTH-3-20
-0.013332006,-0.024623837,0.7632164,0.6577966,0.76333284,-1.0010225,0.99064547,1.991667926311493,0.014021021,1.6200796,-0.6021883876664412,-3203125.0,6.277467e-07,1.2362409e-07,0.8936069908308584,0.002359472046864425,/content/drive/MyDrive/N-MON/ALTRO/spectograms/HOOKED-SAWTOOTH-3-20/1799.npy,HOOKED-SAWTOOTH-3-20
0.014023193,0.06990518,0.76055187,0.6498861,0.7606811,-1.0000994,0.9916196,1.9917189627885818,-0.08000373,1.6380135,-0.590981828678249,19531.25,5.7346705e-07,1.1833583e-07,0.9029879996395711,0.006985957708640494,/content/drive/MyDrive/N-MON/ALTRO/spectograms/HOOKED-SAWTOOTH-3-20/1800.npy,HOOKED-SAWTOOTH-3-20
0.019500691,0.04526954,0.7751459,0.6600398,0.7753911,-1.0011661,0.9905464,1.991712525486946,-0.09348529,1.5959454,-0.6811279799733391,-2988281.25,6.311601e-07,1.1691453e-07,0.9141303392301201,0.012700390809008378,/content/drive/MyDrive/N-MON/ALTRO/spectograms/HOOKED-SAWTOOTH-3-20/1801.npy,HOOKED-SAWTOOTH-3-20
-0.034130078,-0.07376272,0.7614824,0.65768826,0.76224697,-0.9993081,0.9920155,1.9913235306739807,0.1059597,1.6238426,-0.5582543356186936,19531.25,6.9509116e-07,1.1905638e-07,0.8964617145306515,0.0032545677786370688,/content/drive/MyDrive/N-MON/ALTRO/spectograms/HOOKED-SAWTOOTH-3-20/1802.npy,HOOKED-SAWTOOTH-3-20
0.0032204858,0.0059543354,0.754754,0.62609386,0.75476086,-1.0017605,0.9899156,1.991676151752472,-0.03385849,1.68255,-0.6559284203324226,19531.25,7.766467e-07,1.12167086e-07,0.8992800309481875,0.004997247532272452,/content/drive/MyDrive/N-MON/ALTRO/spectograms/HOOKED-SAWTOOTH-3-20/1803.npy,HOOKED-SAWTOOTH-3-20
-0.005258511,-0.040860206,0.7611018,0.6501148,0.7611199,-1.0016767,0.98999906,1.9916757941246033,0.017108014,1.6334555,-0.5765373944452225,-4609375.0,5.5921424e-07,1.201992e-07,0.8871213688249425,0.002886071137708298,/content/drive/MyDrive/N-MON/ALTRO/spectograms/HOOKED-SAWTOOTH-3-20/1804.npy,HOOKED-SAWTOOTH-3-20
-0.005138544,-0.031916674,0.7577487,0.63444656,0.7577661,-1.0004776,0.99127424,1.9917517751455307,0.012374061,1.664529,-0.6337173606867365,-3203125.0,6.156907e-07,1.2103825e-07,0.8911980186340126,0.004843713280860087,/content/drive/MyDrive/N-MON/ALTRO/spectograms/HOOKED-SAWTOOTH-3-20/1805.npy,HOOKED-SAWTOOTH-3-20
0.00039887763,-0.0107910745,0.7556342,0.62880474,0.7556343,-0.9988332,0.99292034,1.9917535185813904,-0.004895209,1.6780229,-0.6377780735155644,-4667968.75,6.0372435e-07,1.2061287e-07,0.8972974598679608,0.002761258237301826,/content/drive/MyDrive/N-MON/ALTRO/spectograms/HOOKED-SAWTOOTH-3-20/1806.npy,HOOKED-SAWTOOTH-3-20
-0.017602675,-0.039475746,0.7564441,0.6342871,0.7566489,-0.9999571,0.9917476,1.9917046576738358,0.060911953,1.6684064,-0.6028225585357402,-2656250.0,6.514574e-07,1.2051757e-07,0.9060176058907754,0.0017885352449995378,/content/drive/MyDrive/N-MON/ALTRO/spectograms/HOOKED-SAWTOOTH-3-20/1807.npy,HOOKED-SAWTOOTH-3-20
0.0006216602,0.01959825,0.76187325,0.658219,0.7618735,-0.999767,0.99195635,1.9917234033346176,-0.01872448,1.6235807,-0.6239430033136842,-3203125.0,6.5374314e-07,1.2112679e-07,0.8963595780680638,0.0040122023523798045,/content/drive/MyDrive/N-MON/ALTRO/spectograms/HOOKED-SAWTOOTH-3-20/1808.npy,HOOKED-SAWTOOTH-3-20
-0.0101566445,0.007654543,0.77989787,0.6593707,0.779964,-0.99998236,0.9919876,1.991969957947731,0.012664405,1.585499,-0.7778505128089971,-2539062.5,7.0352e-07,1.2574745e-07,0.9141413629989448,0.0074469442818366465,/content/drive/MyDrive/N-MON/ALTRO/spectograms/HOOKED-SAWTOOTH-3-20/1809.npy,HOOKED-SAWTOOTH-3-20
0.011387813,0.03785699,0.7618035,0.640955,0.7618886,-1.0009017,0.9908165,1.991718128323555,-0.06302155,1.6488041,-0.6359347831248422,-3203125.0,6.22006e-07,1.2262626e-07,0.8966773627958977,0.003299075077030793,/content/drive/MyDrive/N-MON/ALTRO/spectograms/HOOKED-SAWTOOTH-3-20/1810.npy,HOOKED-SAWTOOTH-3-20
0.0052427463,0.015089026,0.7627585,0.6565814,0.76277655,-1.0002954,0.99144745,1.9917428940534592,-0.027125461,1.62141,-0.5898619203303231,19531.25,7.1176925e-07,1.15350055e-07,0.8900993788235199,0.004623869320493142,/content/drive/MyDrive/N-MON/ALTRO/spectograms/HOOKED-SAWTOOTH-3-20/1811.npy,HOOKED-SAWTOOTH-3-20
0.006369653,0.046144836,0.76092595,0.6568182,0.7609525,-1.0005264,0.99114895,1.991675466299057,-0.049162894,1.6254326,-0.5849164163698354,-3203125.0,5.717311e-07,1.227787e-07,0.8868843487379288,0.0034308043422861118,/content/drive/MyDrive/N-MON/ALTRO/spectograms/HOOKED-SAWTOOTH-3-20/1812.npy,HOOKED-SAWTOOTH-3-20
0.020455357,0.000599809,0.76209086,0.6474541,0.76236534,-0.999228,0.99240553,1.9916335344314575,-0.06232934,1.6409987,-0.638845010345051,19531.25,6.613525e-07,1.1614323e-07,0.8951542995420303,0.002268959481164438,/content/drive/MyDrive/N-MON/ALTRO/spectograms/HOOKED-SAWTOOTH-3-20/1813.npy,HOOKED-SAWTOOTH-3-20
0.011329929,0.00023586696,0.7532804,0.6240294,0.7533656,-0.9996092,0.9921933,1.9918024390935898,-0.05085202,1.69137,-0.6531410973079873,19531.25,4.73165e-07,1.0841223e-07,0.9000440410053636,0.0044064110005599625,/content/drive/MyDrive/N-MON/ALTRO/spectograms/HOOKED-SAWTOOTH-3-20/1814.npy,HOOKED-SAWTOOTH-3-20
-0.0039745006,-0.06296486,0.7582483,0.6392864,0.7582587,-1.0001287,0.99158055,1.9917093068361282,0.01924488,1.6568475,-0.624526827229536,19531.25,6.084992e-07,1.16577596e-07,0.9019389365504551,0.0031085480131335997,/content/drive/MyDrive/N-MON/ALTRO/spectograms/HOOKED-SAWTOOTH-3-20/1815.npy,HOOKED-SAWTOOTH-3-20
0.014112155,0.02375485,0.7657114,0.6623399,0.7658414,-0.9994387,0.99219483,1.9916335493326187,-0.0623037,1.6109952,-0.625918384750528,19531.25,5.790531e-07,1.08987386e-07,0.8974951803088811,0.006081098770134901,/content/drive/MyDrive/N-MON/ALTRO/spectograms/HOOKED-SAWTOOTH-3-20/1816.npy,HOOKED-SAWTOOTH-3-20
-0.0007555752,-0.031216173,0.7547883,0.6273729,0.7547886,-0.999929,0.99166465,1.9915936887264252,-0.012867604,1.6847916,-0.6742204032825355,-19531.25,5.465467e-07,1.17538434e-07,0.8986881614693482,0.003800337993752919,/content/drive/MyDrive/N-MON/ALTRO/spectograms/HOOKED-SAWTOOTH-3-20/1817.npy,HOOKED-SAWTOOTH-3-20
0.015904022,0.06195247,0.7635541,0.6585928,0.7637196,-1.0001675,0.99150497,1.9916724413633347,-0.068574436,1.6182476,-0.5877943921741472,-4609375.0,6.239413e-07,1.10312186e-07,0.8900773989150399,0.0028409423197651757,/content/drive/MyDrive/N-MON/ALTRO/spectograms/HOOKED-SAWTOOTH-3-20/1818.npy,HOOKED-SAWTOOTH-3-20
0.010098622,-0.00041175255,0.764098,0.6495997,0.76416475,-1.0003064,0.9914635,1.99176986515522,-0.042146593,1.63029,-0.6271047699400044,19531.25,7.8124316e-07,1.0945992e-07,0.8942438132351428,0.006062207741317744,/content/drive/MyDrive/N-MON/ALTRO/spectograms/HOOKED-SAWTOOTH-3-20/1819.npy,HOOKED-SAWTOOTH-3-20
-0.02952215,-0.0707374,0.7619105,0.6541096,0.7624822,-1.0002606,0.9911995,1.9914600104093552,0.0766264,1.6301553,-0.5763156647617117,19531.25,5.5989346e-07,1.1092685e-07,0.8943432156524396,0.002516061294680961,/content/drive/MyDrive/N-MON/ALTRO/spectograms/HOOKED-SAWTOOTH-3-20/1820.npy,HOOKED-SAWTOOTH-3-20
-0.011222547,-0.019775584,0.75283265,0.62241125,0.7529163,-1.0001311,0.9916067,1.9917377978563309,0.024703106,1.6965299,-0.678265868804573,-4277343.75,5.902757e-07,1.1880636e-07,0.9013033386120612,0.0028950740177682765,/content/drive/MyDrive/N-MON/ALTRO/spectograms/HOOKED-SAWTOOTH-3-20/1821.npy,HOOKED-SAWTOOTH-3-20
0.0004947648,0.046862163,0.75999355,0.63949764,0.7599937,-0.9997886,0.99198884,1.9917774051427841,-0.028096875,1.6527998,-0.6348975408348495,-19531.25,6.1440574e-07,1.12138935e-07,0.9026568158127249,0.004628433907495289,/content/drive/MyDrive/N-MON/ALTRO/spectograms/HOOKED-SAWTOOTH-3-20/1822.npy,HOOKED-SAWTOOTH-3-20
-0.022195706,-0.024735501,0.7605462,0.6511509,0.76087004,-1.0009005,0.9906362,1.9915367662906647,0.05029172,1.6357255,-0.5932299298987235,-4550781.25,6.349027e-07,1.1937847e-07,0.9013690862350233,0.002072938923546444,/content/drive/MyDrive/N-MON/ALTRO/spectograms/HOOKED-SAWTOOTH-3-20/1823.npy,HOOKED-SAWTOOTH-3-20
0.00668573,0.018313142,0.76431924,0.66145647,0.7643485,-1.000933,0.9907865,1.9917195737361908,-0.04959463,1.6144547,-0.6321329926835669,19531.25,7.291281e-07,1.12791e-07,0.8929516741823472,0.0062449311759954175,/content/drive/MyDrive/N-MON/ALTRO/spectograms/HOOKED-SAWTOOTH-3-20/1824.npy,HOOKED-SAWTOOTH-3-20
-0.024251526,-0.05685337,0.7572944,0.63685334,0.7576827,-1.0021026,0.98962975,1.9917323887348175,0.07246299,1.66509,-0.6173026595187202,-4609375.0,6.115119e-07,1.2131031e-07,0.898534112621792,0.0050718454368703465,/content/drive/MyDrive/N-MON/ALTRO/spectograms/HOOKED-SAWTOOTH-3-20/1825.npy,HOOKED-SAWTOOTH-3-20
-0.039275195,-0.031619538,0.7489242,0.617985,0.7499533,-1.0004183,0.99093246,1.9913507997989655,0.1099597,1.703692,-0.6238414656017329,19531.25,7.032852e-07,1.0889984e-07,0.9125968605461787,0.01327135161180933,/content/drive/MyDrive/N-MON/ALTRO/spectograms/HOOKED-SAWTOOTH-3-20/1826.npy,HOOKED-SAWTOOTH-3-20
-0.008319109,-0.016629823,0.76391417,0.6573092,0.76395947,-1.0008131,0.99096894,1.9917820990085602,0.016061438,1.6218965,-0.6352039017859986,-4609375.0,6.38306e-07,1.2139334e-07,0.891880469972155,0.005318629953193241,/content/drive/MyDrive/N-MON/ALTRO/spectograms/HOOKED-SAWTOOTH-3-20/1827.npy,HOOKED-SAWTOOTH-3-20
0.017992252,0.08403582,0.75752014,0.63954824,0.7577338,-1.0017916,0.98997337,1.9917649924755096,-0.103388414,1.661189,-0.5847299904527664,19531.25,5.7479656e-07,1.1445567e-07,0.9050146260725211,0.005096101991391618,/content/drive/MyDrive/N-MON/ALTRO/spectograms/HOOKED-SAWTOOTH-3-20/1828.npy,HOOKED-SAWTOOTH-3-20
0.0014840746,0.023129515,0.7550719,0.626605,0.7550733,-1.0000212,0.9917704,1.9917916059494019,-0.02067449,1.683165,-0.6603576520325874,-4667968.75,6.727312e-07,1.2202945e-07,0.9031363895562154,0.003621584272102743,/content/drive/MyDrive/N-MON/ALTRO/spectograms/HOOKED-SAWTOOTH-3-20/1829.npy,HOOKED-SAWTOOTH-3-20
-0.00043608522,0.045509767,0.7571955,0.6339123,0.7571956,-1.0012455,0.99067473,1.9919202625751495,-0.050039355,1.6675987,-0.6384532446088108,19531.25,7.007345e-07,1.15224935e-07,0.9048471176328753,0.004815176303112673,/content/drive/MyDrive/N-MON/ALTRO/spectograms/HOOKED-SAWTOOTH-3-20/1830.npy,HOOKED-SAWTOOTH-3-20
-0.002734611,0.029813703,0.7543321,0.62398523,0.7543371,-1.0012821,0.9904182,1.9917003512382507,-0.036932345,1.6892208,-0.6806314415187399,-19531.25,5.584007e-07,1.08878126e-07,0.8980872358041829,0.0047178397607669075,/content/drive/MyDrive/N-MON/ALTRO/spectograms/HOOKED-SAWTOOTH-3-20/1831.npy,HOOKED-SAWTOOTH-3-20
-0.012464174,0.016103102,0.7553287,0.6416006,0.7554316,-0.9993596,0.9922155,1.9915751516819,0.013843066,1.6568613,-0.5519244977508545,19531.25,5.963507e-07,1.1521724e-07,0.890399379913247,0.00587490664154085,/content/drive/MyDrive/N-MON/ALTRO/spectograms/HOOKED-SAWTOOTH-3-20/1832.npy,HOOKED-SAWTOOTH-3-20
0.013495749,0.023462692,0.76340526,0.66406935,0.76352453,-0.9996157,0.99201745,1.9916331619024277,-0.043555047,1.6042148,-0.5403817325702606,19531.25,5.297643e-07,1.0850604e-07,0.8823442416847478,0.0027155178100429795,/content/drive/MyDrive/N-MON/ALTRO/spectograms/HOOKED-SAWTOOTH-3-20/1833.npy,HOOKED-SAWTOOTH-3-20
0.007085398,-0.007885883,0.76123476,0.64158034,0.7612677,-0.99994314,0.99176955,1.991712674498558,-0.036976706,1.6479386,-0.6342571965666989,19531.25,6.568385e-07,1.1652561e-07,0.8946314898338205,0.002364330547855349,/content/drive/MyDrive/N-MON/ALTRO/spectograms/HOOKED-SAWTOOTH-3-20/1834.npy,HOOKED-SAWTOOTH-3-20
0.035685103,0.07637319,0.7857716,0.6702003,0.7865815,-1.0018958,0.990095,1.991990864276886,-0.14332674,1.5639422,-0.7245158585693671,-2539062.5,5.7041814e-07,1.237803e-07,0.9070713822849713,0.015604599534470624,/content/drive/MyDrive/N-MON/ALTRO/spectograms/HOOKED-SAWTOOTH-3-20/1835.npy,HOOKED-SAWTOOTH-3-20
-0.0040728115,-0.03582967,0.76669586,0.6662555,0.76670665,-1.0004135,0.9912794,1.9916929751634598,-0.0012230567,1.6019647,-0.6410745459082162,19531.25,7.2323644e-07,1.1754756e-07,0.8957819291189584,0.0038464831771139953,/content/drive/MyDrive/N-MON/ALTRO/spectograms/HOOKED-SAWTOOTH-3-20/1836.npy,HOOKED-SAWTOOTH-3-20
-0.027643174,-0.037370402,0.75825626,0.6438538,0.75876,-0.9981981,0.9934921,1.9916902333498,0.076643445,1.6506195,-0.5699987873021853,19531.25,5.6917e-07,1.0945042e-07,0.8976325749252927,0.005681723181889572,/content/drive/MyDrive/N-MON/ALTRO/spectograms/HOOKED-SAWTOOTH-3-20/1837.npy,HOOKED-SAWTOOTH-3-20
-0.0234582,-0.039624643,0.75862324,0.64626247,0.7589859,-1.0002596,0.99142694,1.9916865825653076,0.059199594,1.6461709,-0.5812719786911488,19531.25,6.885908e-07,1.1711556e-07,0.9010560908020907,0.003726005590164972,/content/drive/MyDrive/N-MON/ALTRO/spectograms/HOOKED-SAWTOOTH-3-20/1838.npy,HOOKED-SAWTOOTH-3-20
-0.020398308,-0.041247316,0.754959,0.6269231,0.7552345,-1.0020477,0.9897351,1.9917828142642975,0.03752736,1.6831211,-0.6459659170517674,19531.25,5.230954e-07,1.10209335e-07,0.8967521345240858,0.0020654448763049414,/content/drive/MyDrive/N-MON/ALTRO/spectograms/HOOKED-SAWTOOTH-3-20/1839.npy,HOOKED-SAWTOOTH-3-20
0.01484069,0.03817168,0.7521193,0.62349963,0.75226563,-1.0007176,0.9911074,1.9918250888586044,-0.090012565,1.6983702,-0.6632529498029173,19531.25,5.5737314e-07,1.1846572e-07,0.8922089857741703,0.0047994660474794055,/content/drive/MyDrive/N-MON/ALTRO/spectograms/HOOKED-SAWTOOTH-3-20/1840.npy,HOOKED-SAWTOOTH-3-20
-0.01822061,-0.040878005,0.7568111,0.6404591,0.75703037,-1.0014616,0.990178,1.9916396141052246,0.039425064,1.6570085,-0.5745296289710674,19531.25,5.8760594e-07,1.1125543e-07,0.8904949964555935,0.0025478659069384227,/content/drive/MyDrive/N-MON/ALTRO/spectograms/HOOKED-SAWTOOTH-3-20/1841.npy,HOOKED-SAWTOOTH-3-20
0.024205683,0.03864902,0.7778573,0.65467423,0.7782338,-1.0003688,0.9911106,1.9914794713258743,-0.11052149,1.5913181,-0.7581992918851067,19531.25,7.0791606e-07,1.1571684e-07,0.92162488230141,0.01386800935741637,/content/drive/MyDrive/N-MON/ALTRO/spectograms/HOOKED-SAWTOOTH-3-20/1842.npy,HOOKED-SAWTOOTH-3-20
-0.021225326,-0.0797241,0.7635355,0.65957534,0.7638305,-1.0011454,0.990335,1.991480365395546,0.049172174,1.6148301,-0.5825876730320135,19531.25,7.320527e-07,1.1170725e-07,0.8990630514020603,0.005307950719511623,/content/drive/MyDrive/N-MON/ALTRO/spectograms/HOOKED-SAWTOOTH-3-20/1843.npy,HOOKED-SAWTOOTH-3-20
0.0059779133,0.015628334,0.7588377,0.63287014,0.7588613,-0.99988997,0.99173844,1.9916284084320068,-0.05158627,1.6632873,-0.6382623941282494,19531.25,8.535096e-07,1.1107056e-07,0.903776155008954,0.002522275087516472,/content/drive/MyDrive/N-MON/ALTRO/spectograms/HOOKED-SAWTOOTH-3-20/1844.npy,HOOKED-SAWTOOTH-3-20
-0.025455695,-0.071415335,0.7628926,0.6614691,0.7633172,-1.0007575,0.9907067,1.9914641380310059,0.06350054,1.6183995,-0.6221722606625121,19531.25,6.542215e-07,1.1273106e-07,0.8906567157073866,0.004210441284870273,/content/drive/MyDrive/N-MON/ALTRO/spectograms/HOOKED-SAWTOOTH-3-20/1845.npy,HOOKED-SAWTOOTH-3-20
0.010047922,0.00020441375,0.7643716,0.65844923,0.7644376,-0.99961793,0.99216413,1.9917821288108826,-0.056866273,1.6124356,-0.5755749423354831,4667968.75,6.937452e-07,1.207504e-07,0.895398878002692,0.003862010054025373,/content/drive/MyDrive/N-MON/ALTRO/spectograms/HOOKED-SAWTOOTH-3-20/1846.npy,HOOKED-SAWTOOTH-3-20
0.030552948,0.10711232,0.7583816,0.6383379,0.7589968,-1.0018079,0.9897144,1.9915223270654678,-0.14601102,1.6680996,-0.6198540732594672,-19531.25,5.8050887e-07,1.1448317e-07,0.8963693588491172,0.004006276610835672,/content/drive/MyDrive/N-MON/ALTRO/spectograms/HOOKED-SAWTOOTH-3-20/1847.npy,HOOKED-SAWTOOTH-3-20
-0.009156232,0.007080597,0.7527738,0.62654334,0.75282943,-1.0005798,0.9910328,1.9916126877069473,-0.0070889285,1.6869214,-0.6230976624526586,4667968.75,5.8782433e-07,1.2148678e-07,0.8895953815642818,0.005619483691071975,/content/drive/MyDrive/N-MON/ALTRO/spectograms/HOOKED-SAWTOOTH-3-20/1848.npy,HOOKED-SAWTOOTH-3-20
0.027643073,0.06622493,0.76582414,0.65890574,0.76632285,-0.9998503,0.99172354,1.9915737509727478,-0.12032618,1.6180403,-0.6118083898191929,19531.25,8.757206e-07,1.1477972e-07,0.89128982359359,0.0038939895124320413,/content/drive/MyDrive/N-MON/ALTRO/spectograms/HOOKED-SAWTOOTH-3-20/1849.npy,HOOKED-SAWTOOTH-3-20
-0.0020472475,-0.023569254,0.7554156,0.6272375,0.7554184,-0.99989146,0.9919543,1.9918458312749863,0.011011613,1.6822957,-0.6747174669348147,-3203125.0,7.053853e-07,1.223149e-07,0.9011697074046023,0.00221305245634802,/content/drive/MyDrive/N-MON/ALTRO/spectograms/HOOKED-SAWTOOTH-3-20/1850.npy,HOOKED-SAWTOOTH-3-20
-0.024446031,-0.046635367,0.75687927,0.6292545,0.7572739,-0.99971217,0.9917866,1.9914987534284592,0.07400375,1.6761587,-0.6531386666513194,19531.25,7.4631777e-07,1.1636624e-07,0.9065173422521646,0.0036275532771296148,/content/drive/MyDrive/N-MON/ALTRO/spectograms/HOOKED-SAWTOOTH-3-20/1851.npy,HOOKED-SAWTOOTH-3-20
0.031135006,0.0944491,0.7589664,0.6421772,0.7596047,-0.99910015,0.9925034,1.9916035532951355,-0.12285051,1.6569881,-0.5797951400554259,-2988281.25,6.2168164e-07,1.2290343e-07,0.9025971945531346,0.002866387735578515,/content/drive/MyDrive/N-MON/ALTRO/spectograms/HOOKED-SAWTOOTH-3-20/1852.npy,HOOKED-SAWTOOTH-3-20
-0.008125507,0.014756205,0.7649832,0.6625094,0.76502633,-1.0007828,0.99088764,1.991670548915863,0.014396604,1.6068779,-0.5961712303378502,19531.25,6.658244e-07,1.1698378e-07,0.8929543011475023,0.004340778021880445,/content/drive/MyDrive/N-MON/ALTRO/spectograms/HOOKED-SAWTOOTH-3-20/1853.npy,HOOKED-SAWTOOTH-3-20
0.008782973,0.03395285,0.76287305,0.65796316,0.76292366,-1.0008413,0.99082863,1.991669937968254,-0.032161683,1.6205591,-0.6004214306764234,19531.25,6.885411e-07,1.2422196e-07,0.8876490439360278,0.00279859074954183,/content/drive/MyDrive/N-MON/ALTRO/spectograms/HOOKED-SAWTOOTH-3-20/1854.npy,HOOKED-SAWTOOTH-3-20
0.0009128614,0.030869313,0.75651443,0.6282117,0.75651497,-1.0002537,0.9916275,1.9918812066316605,-0.027260428,1.6781925,-0.682956045541964,-3437500.0,6.217384e-07,1.1638937e-07,0.8940163888111435,0.0033383928672874384,/content/drive/MyDrive/N-MON/ALTRO/spectograms/HOOKED-SAWTOOTH-3-20/1855.npy,HOOKED-SAWTOOTH-3-20
-0.0066214893,0.002810911,0.7602531,0.6528219,0.7602819,-1.0008075,0.99092287,1.9917303770780563,0.0065304767,1.6341113,-0.6011020099953975,-3203125.0,5.7964553e-07,1.234255e-07,0.8997003112066196,0.006846632574218978,/content/drive/MyDrive/N-MON/ALTRO/spectograms/HOOKED-SAWTOOTH-3-20/1856.npy,HOOKED-SAWTOOTH-3-20
-0.012819113,0.0062440047,0.7375733,0.6069605,0.7376847,-1.0011938,0.9903846,1.9915783554315567,0.023524351,1.7528173,-0.5722619342324357,19531.25,6.72735e-07,1.1146659e-07,0.9167136069968411,0.01647649424385273,/content/drive/MyDrive/N-MON/ALTRO/spectograms/HOOKED-SAWTOOTH-3-20/1857.npy,HOOKED-SAWTOOTH-3-20
-0.018464172,-0.012266288,0.7602243,0.6537245,0.7604484,-1.0002124,0.9913724,1.991584837436676,0.05440188,1.634822,-0.6164015967191175,-3203125.0,5.7431697e-07,1.2225816e-07,0.8975002854744311,0.002873545525736019,/content/drive/MyDrive/N-MON/ALTRO/spectograms/HOOKED-SAWTOOTH-3-20/1858.npy,HOOKED-SAWTOOTH-3-20
0.04067128,0.11668581,0.7601318,0.63378054,0.7612191,-1.0001488,0.9914929,1.991641715168953,-0.1746642,1.6779699,-0.6830015298801168,19531.25,6.3289986e-07,1.1981507e-07,0.9008548305508501,0.0040852697881289535,/content/drive/MyDrive/N-MON/ALTRO/spectograms/HOOKED-SAWTOOTH-3-20/1859.npy,HOOKED-SAWTOOTH-3-20
-0.0030077915,0.010567091,0.76131237,0.6553631,0.76131827,-1.0009043,0.9907732,1.9916774928569794,-0.0049512456,1.6286535,-0.6219103448889706,19531.25,7.1165687e-07,1.2209189e-07,0.8892609109737022,0.00362580892925946,/content/drive/MyDrive/N-MON/ALTRO/spectograms/HOOKED-SAWTOOTH-3-20/1860.npy,HOOKED-SAWTOOTH-3-20
0.0029351949,-0.013993248,0.76567423,0.6561781,0.76567984,-0.99804044,0.99365425,1.9916946738958359,-0.0017863438,1.6175228,-0.6281170200203025,-19531.25,5.916709e-07,1.1985998e-07,0.8895522496443813,0.005913347746826839,/content/drive/MyDrive/N-MON/ALTRO/spectograms/HOOKED-SAWTOOTH-3-20/1861.npy,HOOKED-SAWTOOTH-3-20
0.07469177,0.25753915,0.7619926,0.6584933,0.76564455,-0.9998273,0.9906788,1.990506112575531,-0.29134074,1.6613783,-0.5931859915603407,19531.25,8.5646036e-07,1.09311e-07,0.9182333280547705,0.014732214178818596,/content/drive/MyDrive/N-MON/ALTRO/spectograms/HOOKED-SAWTOOTH-3-20/1862.npy,HOOKED-SAWTOOTH-3-20
-0.019974785,-0.095071234,0.7584464,0.64502406,0.7587094,-1.0009536,0.9907349,1.9916884154081345,0.06704461,1.6481986,-0.5868942087912564,19531.25,5.534388e-07,1.2014192e-07,0.9047644902720383,0.004654901434535211,/content/drive/MyDrive/N-MON/ALTRO/spectograms/HOOKED-SAWTOOTH-3-20/1863.npy,HOOKED-SAWTOOTH-3-20
-0.022330096,-0.023314029,0.7590554,0.63490903,0.75938374,-0.99960685,0.99202,1.9916268289089203,0.061038624,1.6623785,-0.6387361718046566,-3203125.0,5.5710814e-07,1.13112165e-07,0.9032009762389928,0.0035230563306431527,/content/drive/MyDrive/N-MON/ALTRO/spectograms/HOOKED-SAWTOOTH-3-20/1864.npy,HOOKED-SAWTOOTH-3-20
-0.012905707,-0.03134199,0.7580881,0.62901306,0.75819796,-0.9999297,0.99187756,1.991807296872139,0.041483797,1.6739746,-0.6866109948791116,4726562.5,6.5670594e-07,1.2135224e-07,0.9044413618373061,0.00433077264069761,/content/drive/MyDrive/N-MON/ALTRO/spectograms/HOOKED-SAWTOOTH-3-20/1865.npy,HOOKED-SAWTOOTH-3-20
-0.009077021,-0.03241112,0.7618974,0.6526993,0.76195145,-1.0010366,0.9906734,1.9917100667953491,0.015233386,1.62936,-0.6078270965446305,-3203125.0,6.9059956e-07,1.193901e-07,0.8922517409568606,0.005265909897377805,/content/drive/MyDrive/N-MON/ALTRO/spectograms/HOOKED-SAWTOOTH-3-20/1866.npy,HOOKED-SAWTOOTH-3-20
0.005789513,0.038746737,0.75765,0.6295786,0.7576721,-1.0001028,0.9918287,1.9919314980506897,-0.062362194,1.6745518,-0.6777663167191338,-4609375.0,6.874655e-07,1.2183324e-07,0.8948948781914479,0.0025428959769261605,/content/drive/MyDrive/N-MON/ALTRO/spectograms/HOOKED-SAWTOOTH-3-20/1867.npy,HOOKED-SAWTOOTH-3-20
-0.0045331684,-0.032951593,0.7521153,0.6232344,0.7521291,-1.001539,0.9902903,1.9918293058872223,0.010804074,1.6963263,-0.6614357214696948,-3203125.0,5.7225486e-07,1.1832862e-07,0.8941637705011469,0.006355978236112538,/content/drive/MyDrive/N-MON/ALTRO/spectograms/HOOKED-SAWTOOTH-3-20/1868.npy,HOOKED-SAWTOOTH-3-20
0.014651876,0.078292154,0.75980884,0.64735574,0.7599501,-0.9996736,0.99201703,1.9916906207799911,-0.07355336,1.6418467,-0.5710874687166873,19531.25,6.656526e-07,1.225721e-07,0.8961001167953393,0.003162080263522258,/content/drive/MyDrive/N-MON/ALTRO/spectograms/HOOKED-SAWTOOTH-3-20/1869.npy,HOOKED-SAWTOOTH-3-20
0.03062784,0.13084908,0.7647888,0.6589743,0.76540184,-1.0016627,0.98984396,1.9915067553520203,-0.13427258,1.6209055,-0.5700002887282133,-19531.25,6.312371e-07,1.15897016e-07,0.8972653852263055,0.007752379784266865,/content/drive/MyDrive/N-MON/ALTRO/spectograms/HOOKED-SAWTOOTH-3-20/1870.npy,HOOKED-SAWTOOTH-3-20
-0.0027623244,0.0147510525,0.7585703,0.63819826,0.7585753,-1.0006142,0.9912381,1.991852268576622,-0.011111818,1.6623224,-0.6552936856699515,-3203125.0,7.3956954e-07,1.2313252e-07,0.9072990633150961,0.003931382239526094,/content/drive/MyDrive/N-MON/ALTRO/spectograms/HOOKED-SAWTOOTH-3-20/1871.npy,HOOKED-SAWTOOTH-3-20
0.001994258,0.00859159,0.76295894,0.64972717,0.76296157,-0.9991202,0.9926574,1.991777628660202,-0.032882452,1.6323274,-0.627913596919795,19531.25,6.5259655e-07,1.1639227e-07,0.8998796686642834,0.003503901576997172,/content/drive/MyDrive/N-MON/ALTRO/spectograms/HOOKED-SAWTOOTH-3-20/1872.npy,HOOKED-SAWTOOTH-3-20
0.026150262,0.0506982,0.7606687,0.6538933,0.7611181,-0.9998789,0.99155486,1.991433784365654,-0.096349165,1.631727,-0.5609039732684434,19531.25,5.882523e-07,1.2374667e-07,0.8984153495162535,0.007954314152051773,/content/drive/MyDrive/N-MON/ALTRO/spectograms/HOOKED-SAWTOOTH-3-20/1873.npy,HOOKED-SAWTOOTH-3-20
0.0037114134,0.029426465,0.76373273,0.65676165,0.76374173,-1.0015912,0.99018943,1.991780698299408,-0.024282638,1.6238216,-0.6401042604231365,19531.25,8.139354e-07,1.17950776e-07,0.8940994875271229,0.0030673111998831665,/content/drive/MyDrive/N-MON/ALTRO/spectograms/HOOKED-SAWTOOTH-3-20/1874.npy,HOOKED-SAWTOOTH-3-20
0.019651238,0.0685842,0.75118506,0.6237689,0.75144196,-1.0013095,0.99047035,1.991779863834381,-0.098207675,1.7019646,-0.6548639772908996,19531.25,5.9756735e-07,1.231475e-07,0.8962820839493585,0.0029505765194225743,/content/drive/MyDrive/N-MON/ALTRO/spectograms/HOOKED-SAWTOOTH-3-20/1875.npy,HOOKED-SAWTOOTH-3-20
-0.0030262708,-0.01615735,0.7545124,0.6228515,0.7545185,-1.000401,0.9915093,1.9919103980064392,0.016784694,1.689468,-0.6860527229492758,-2988281.25,5.737087e-07,1.1761913e-07,0.897245895414392,0.0023948387292993725,/content/drive/MyDrive/N-MON/ALTRO/spectograms/HOOKED-SAWTOOTH-3-20/1876.npy,HOOKED-SAWTOOTH-3-20
0.0010639481,0.039538704,0.7580867,0.6371653,0.7580874,-0.9994822,0.9922782,1.9917604178190231,-0.035767376,1.6626208,-0.6378945507148758,-3203125.0,6.0977953e-07,1.2312967e-07,0.8988254157749195,0.004514631591949856,/content/drive/MyDrive/N-MON/ALTRO/spectograms/HOOKED-SAWTOOTH-3-20/1877.npy,HOOKED-SAWTOOTH-3-20
-0.019339928,-0.0036806543,0.7589261,0.64408547,0.75917244,-1.0033051,0.9884116,1.991716668009758,0.027462533,1.6504204,-0.6252047343602217,19531.25,6.80069e-07,1.19022936e-07,0.9033061590311757,0.0018003025867089424,/content/drive/MyDrive/N-MON/ALTRO/spectograms/HOOKED-SAWTOOTH-3-20/1878.npy,HOOKED-SAWTOOTH-3-20
-0.007539463,0.004341222,0.7630695,0.6521194,0.7631067,-0.9992595,0.99250937,1.9917688369750977,-0.0017529771,1.6255275,-0.5784530248028387,4726562.5,5.775379e-07,1.2304004e-07,0.898853027170107,0.00392111413073176,/content/drive/MyDrive/N-MON/ALTRO/spectograms/HOOKED-SAWTOOTH-3-20/1879.npy,HOOKED-SAWTOOTH-3-20
-0.009360522,-0.019428542,0.7614095,0.65864366,0.76146704,-0.9995374,0.99217343,1.9917108118534088,0.026951022,1.6208327,-0.6076280311470149,19531.25,6.934986e-07,1.1893117e-07,0.88616163378924,0.003510060792143723,/content/drive/MyDrive/N-MON/ALTRO/spectograms/HOOKED-SAWTOOTH-3-20/1880.npy,HOOKED-SAWTOOTH-3-20
0.002625979,-0.016274136,0.76258016,0.64545286,0.7625847,-1.000545,0.99127686,1.9918217957019806,-0.013767492,1.6424663,-0.6588252427408375,-3378906.25,6.962325e-07,1.213653e-07,0.8952497680427749,0.003739441076322247,/content/drive/MyDrive/N-MON/ALTRO/spectograms/HOOKED-SAWTOOTH-3-20/1881.npy,HOOKED-SAWTOOTH-3-20
0.017985728,0.063728556,0.75499064,0.62841773,0.7552048,-0.9988103,0.99304056,1.9918508976697922,-0.09605244,1.6869776,-0.6766467013346632,-4492187.5,5.761568e-07,1.2028963e-07,0.9006381417334237,0.004584622458341535,/content/drive/MyDrive/N-MON/ALTRO/spectograms/HOOKED-SAWTOOTH-3-20/1882.npy,HOOKED-SAWTOOTH-3-20
0.00089028454,-0.052200355,0.7550882,0.6370759,0.7550888,-1.0012515,0.9903858,1.9916372001171112,-0.011564412,1.6679431,-0.6206264417415658,-2988281.25,7.0732244e-07,1.2028408e-07,0.9042368810785075,0.009484823040742293,/content/drive/MyDrive/N-MON/ALTRO/spectograms/HOOKED-SAWTOOTH-3-20/1883.npy,HOOKED-SAWTOOTH-3-20
0.016198168,0.037614256,0.76246756,0.65300024,0.7626396,-1.0010457,0.99063563,1.9916813373565674,-0.06734352,1.6321741,-0.6240835629836862,19531.25,6.3587e-07,1.2057889e-07,0.8946402054329772,0.004785094808102776,/content/drive/MyDrive/N-MON/ALTRO/spectograms/HOOKED-SAWTOOTH-3-20/1884.npy,HOOKED-SAWTOOTH-3-20
-0.024108475,-0.024609039,0.757228,0.6396771,0.7576117,-1.000596,0.99098366,1.9915797412395477,0.07115375,1.660631,-0.6051925187697808,-3203125.0,6.3000886e-07,1.203468e-07,0.9036651729166288,0.005940481744662978,/content/drive/MyDrive/N-MON/ALTRO/spectograms/HOOKED-SAWTOOTH-3-20/1885.npy,HOOKED-SAWTOOTH-3-20
0.012483946,0.03894405,0.76070315,0.6421247,0.76080555,-1.0000952,0.991717,1.9918122291564941,-0.064845584,1.6489441,-0.6185802475693923,-3378906.25,5.9635306e-07,1.2236148e-07,0.8976643864918962,0.00410760832154804,/content/drive/MyDrive/N-MON/ALTRO/spectograms/HOOKED-SAWTOOTH-3-20/1886.npy,HOOKED-SAWTOOTH-3-20
0.011920144,0.021727735,0.7568758,0.63360155,0.75696975,-1.0013182,0.9904368,1.9917549937963486,-0.052917093,1.6694567,-0.6246460570250508,-3203125.0,6.208476e-07,1.1849715e-07,0.891617731053584,0.004446157838858338,/content/drive/MyDrive/N-MON/ALTRO/spectograms/HOOKED-SAWTOOTH-3-20/1887.npy,HOOKED-SAWTOOTH-3-20
-0.010297078,-0.017217156,0.75285584,0.6263487,0.7529262,-1.0014765,0.9902773,1.9917538315057755,0.018339377,1.6837626,-0.600930026091871,-4667968.75,7.255999e-07,1.221458e-07,0.8932475627347041,0.003361436322240449,/content/drive/MyDrive/N-MON/ALTRO/spectograms/HOOKED-SAWTOOTH-3-20/1888.npy,HOOKED-SAWTOOTH-3-20
0.004125234,0.037388533,0.75507724,0.62892103,0.75508845,-1.0016018,0.99027294,1.9918747544288635,-0.06269233,1.6806668,-0.6539357332575709,-2656250.0,5.7629495e-07,1.1907688e-07,0.9050056147588699,0.004233266819776866,/content/drive/MyDrive/N-MON/ALTRO/spectograms/HOOKED-SAWTOOTH-3-20/1889.npy,HOOKED-SAWTOOTH-3-20
-0.0034637528,0.0019181524,0.76120645,0.6577909,0.7612143,-1.0017889,0.9899358,1.9917247146368027,-0.006478212,1.6259685,-0.6289076377212527,-3203125.0,7.0427785e-07,1.09709624e-07,0.8972135643070227,0.0020096749210190006,/content/drive/MyDrive/N-MON/ALTRO/spectograms/HOOKED-SAWTOOTH-3-20/1890.npy,HOOKED-SAWTOOTH-3-20
-0.046984997,-0.07175362,0.7425722,0.60653603,0.7440571,-1.0005692,0.99072236,1.9912916272878647,0.1626458,1.7485054,-0.630952228183265,19531.25,5.955346e-07,1.1207584e-07,0.9214101919911527,0.017918383277884795,/content/drive/MyDrive/N-MON/ALTRO/spectograms/HOOKED-SAWTOOTH-3-20/1891.npy,HOOKED-SAWTOOTH-3-20
-0.015261293,-0.0051180487,0.7592638,0.6346095,0.7594172,-1.0010431,0.99071366,1.9917567819356918,0.015241608,1.6608591,-0.6401581081394011,19531.25,6.939683e-07,1.09331864e-07,0.8973227002953038,0.0028757463198305073,/content/drive/MyDrive/N-MON/ALTRO/spectograms/HOOKED-SAWTOOTH-3-20/1892.npy,HOOKED-SAWTOOTH-3-20
-0.011903814,-0.017158857,0.7574489,0.6348811,0.75754243,-1.0012606,0.99049145,1.9917521327733994,0.001419539,1.6639532,-0.6164543121339651,-3203125.0,6.023024e-07,1.1727634e-07,0.894005746617558,0.0031386996207062325,/content/drive/MyDrive/N-MON/ALTRO/spectograms/HOOKED-SAWTOOTH-3-20/1893.npy,HOOKED-SAWTOOTH-3-20
0.008913777,0.04205658,0.7628047,0.65865993,0.7628568,-1.0007354,0.9909507,1.9916861653327942,-0.04037831,1.6207889,-0.6031223368082826,-19531.25,5.7324405e-07,1.08799895e-07,0.8846282127327572,0.0028944174051396,/content/drive/MyDrive/N-MON/ALTRO/spectograms/HOOKED-SAWTOOTH-3-20/1894.npy,HOOKED-SAWTOOTH-3-20
0.02660738,0.044344466,0.75949305,0.6459735,0.75995904,-0.99826926,0.99338025,1.9916495084762573,-0.09608917,1.6462979,-0.5733151687118997,-3203125.0,6.8185784e-07,1.1613836e-07,0.8956539499590037,0.0021181988905109197,/content/drive/MyDrive/N-MON/ALTRO/spectograms/HOOKED-SAWTOOTH-3-20/1895.npy,HOOKED-SAWTOOTH-3-20
0.0032766848,0.035913244,0.7639738,0.6564247,0.76398087,-0.9989792,0.9927132,1.9916924238204956,-0.023025092,1.6208799,-0.6164672682514977,-2539062.5,5.821802e-07,1.231295e-07,0.8921886174136433,0.002670239427611636,/content/drive/MyDrive/N-MON/ALTRO/spectograms/HOOKED-SAWTOOTH-3-20/1896.npy,HOOKED-SAWTOOTH-3-20
-0.0156080015,-0.02358457,0.7619679,0.6569791,0.76212776,-1.0001144,0.99157834,1.9916928112506866,0.026314924,1.6235778,-0.5956021869842819,-3203125.0,6.354662e-07,1.15344484e-07,0.8971412868486839,0.007804479426456804,/content/drive/MyDrive/N-MON/ALTRO/spectograms/HOOKED-SAWTOOTH-3-20/1897.npy,HOOKED-SAWTOOTH-3-20
-0.023307037,-0.036585882,0.7558851,0.6372575,0.75624436,-1.0009409,0.9906143,1.9915552586317062,0.05430734,1.666141,-0.5880796208415094,-3378906.25,5.4429535e-07,1.218975e-07,0.8992483124818229,0.0019486693596376273,/content/drive/MyDrive/N-MON/ALTRO/spectograms/HOOKED-SAWTOOTH-3-20/1898.npy,HOOKED-SAWTOOTH-3-20
0.021284368,0.115619674,0.7396104,0.6323993,0.73991656,-1.0009629,0.9282812,1.9292440712451935,-0.1051888,1.7075573,-0.491293857000101,19531.25,5.2876925e-07,1.09945375e-07,0.9036106779808428,0.017668467294682848,/content/drive/MyDrive/N-MON/ALTRO/spectograms/HOOKED-SAWTOOTH-3-20/1899.npy,HOOKED-SAWTOOTH-3-20
0.007565037,0.045002982,0.7563455,0.6343978,0.7563833,-1.0018556,0.98995286,1.9918083995580673,-0.04847546,1.669492,-0.6176727784581796,19531.25,6.9058024e-07,1.219659e-07,0.8949429341744451,0.0028563562516945077,/content/drive/MyDrive/N-MON/ALTRO/spectograms/HOOKED-SAWTOOTH-3-20/1900.npy,HOOKED-SAWTOOTH-3-20
0.0013959012,0.0068183057,0.75624853,0.6288673,0.7562498,-1.0008848,0.99097216,1.9918569177389145,-0.019960677,1.676453,-0.6443981616019095,-2988281.25,5.9535387e-07,1.13856586e-07,0.8941971163761124,0.003282558711970349,/content/drive/MyDrive/N-MON/ALTRO/spectograms/HOOKED-SAWTOOTH-3-20/1901.npy,HOOKED-SAWTOOTH-3-20
0.03517729,0.09474195,0.7563958,0.6342632,0.75721335,-0.9986871,0.99276745,1.9914545714855194,-0.14414124,1.6783156,-0.6135876284598575,-2988281.25,6.872831e-07,1.2028912e-07,0.8995678704004555,0.004423712058049602,/content/drive/MyDrive/N-MON/ALTRO/spectograms/HOOKED-SAWTOOTH-3-20/1902.npy,HOOKED-SAWTOOTH-3-20
-0.036713418,-0.087389484,0.7532231,0.624583,0.7541173,-1.0008557,0.99074745,1.9916031956672668,0.1130395,1.699479,-0.6715049999992725,-3203125.0,5.98246e-07,1.12964706e-07,0.9038278311801637,0.0034650482604891984,/content/drive/MyDrive/N-MON/ALTRO/spectograms/HOOKED-SAWTOOTH-3-20/1903.npy,HOOKED-SAWTOOTH-3-20
0.028765893,0.061653093,0.76174265,0.6476648,0.7622856,-1.0007973,0.99076104,1.9915582835674286,-0.11680275,1.6433778,-0.6085531934029033,-3203125.0,6.135388e-07,1.2113213e-07,0.9035664705755287,0.0027436411773097613,/content/drive/MyDrive/N-MON/ALTRO/spectograms/HOOKED-SAWTOOTH-3-20/1904.npy,HOOKED-SAWTOOTH-3-20
-0.008699178,-0.025155433,0.75777245,0.64544725,0.7578224,-1.0015659,0.9901599,1.9917258769273758,0.02037803,1.6474893,-0.5771289416063762,19531.25,7.044097e-07,1.1182813e-07,0.8947352461539103,0.0047800344581287665,/content/drive/MyDrive/N-MON/ALTRO/spectograms/HOOKED-SAWTOOTH-3-20/1905.npy,HOOKED-SAWTOOTH-3-20
0.015471363,0.035161838,0.76295143,0.65916383,0.76310825,-0.99980205,0.99183923,1.9916413128376007,-0.071215436,1.622017,-0.625723901377894,19531.25,5.472732e-07,1.0857764e-07,0.8865744655149267,0.0040573470233033915,/content/drive/MyDrive/N-MON/ALTRO/spectograms/HOOKED-SAWTOOTH-3-20/1906.npy,HOOKED-SAWTOOTH-3-20
0.06304581,0.21815783,0.78984857,0.696051,0.79236066,-1.0005016,0.99049014,1.9909918159246445,-0.23855586,1.5362117,-0.6316074291465662,4609375.0,6.0028003e-07,1.1987238e-07,0.9148856798861478,0.017395988077141024,/content/drive/MyDrive/N-MON/ALTRO/spectograms/HOOKED-SAWTOOTH-3-20/1907.npy,HOOKED-SAWTOOTH-3-20
0.021283872,0.104873866,0.76036096,0.6491487,0.7606588,-1.000386,0.99129343,1.9916794002056122,-0.0907232,1.6423918,-0.5992273595327778,-19531.25,6.2000385e-07,1.08712726e-07,0.8924963993859161,0.008013783932662997,/content/drive/MyDrive/N-MON/ALTRO/spectograms/HOOKED-SAWTOOTH-3-20/1908.npy,HOOKED-SAWTOOTH-3-20
0.018767474,0.07184437,0.7583005,0.636971,0.75853276,-0.99849015,0.9932841,1.9917742908000946,-0.08021538,1.6625699,-0.617746889824793,-3203125.0,6.41793e-07,1.1017236e-07,0.9031738314488178,0.0038485136821904977,/content/drive/MyDrive/N-MON/ALTRO/spectograms/HOOKED-SAWTOOTH-3-20/1909.npy,HOOKED-SAWTOOTH-3-20
-0.018153675,-0.055062257,0.7587821,0.6496829,0.7589992,-1.0000342,0.9916214,1.9916555732488632,0.048051972,1.6421694,-0.5992945410681597,19531.25,5.7850394e-07,1.0884161e-07,0.8970397576573295,0.005980277104877384,/content/drive/MyDrive/N-MON/ALTRO/spectograms/HOOKED-SAWTOOTH-3-20/1910.npy,HOOKED-SAWTOOTH-3-20
0.01250877,0.034194525,0.75110316,0.6161271,0.75120735,-1.0007963,0.99108547,1.9918818324804306,-0.05853944,1.7092425,-0.6928640894853714,-3203125.0,6.5647816e-07,1.0922108e-07,0.9000294545502407,0.0025478559803756716,/content/drive/MyDrive/N-MON/ALTRO/spectograms/HOOKED-SAWTOOTH-3-20/1911.npy,HOOKED-SAWTOOTH-3-20
-0.1086383,-0.19679025,0.74841917,0.6132027,0.75626284,-0.99947923,0.99057496,1.9900541752576828,0.3728238,1.7827194,-0.6513041319844374,-19531.25,6.5068986e-07,1.12311355e-07,0.8924771172179171,0.004389341950252028,/content/drive/MyDrive/N-MON/ALTRO/spectograms/HOOKED-SAWTOOTH-3-20/1912.npy,HOOKED-SAWTOOTH-3-20
0.016502958,0.085617885,0.76509213,0.654553,0.76527005,-1.0000539,0.9916531,1.991706982254982,-0.07526591,1.625154,-0.6360918881621621,19531.25,6.480706e-07,1.08591614e-07,0.8911575364079674,0.004110291016918102,/content/drive/MyDrive/N-MON/ALTRO/spectograms/HOOKED-SAWTOOTH-3-20/1913.npy,HOOKED-SAWTOOTH-3-20
-0.0010209875,0.0218761,0.75428605,0.63056475,0.75428677,-1.0013173,0.9904667,1.9917839765548706,-0.028022027,1.6789874,-0.6213695662360063,-2988281.25,7.117364e-07,1.1646988e-07,0.8955226719315734,0.003078372428108351,/content/drive/MyDrive/N-MON/ALTRO/spectograms/HOOKED-SAWTOOTH-3-20/1914.npy,HOOKED-SAWTOOTH-3-20
0.01391766,0.06204281,0.7541072,0.6294702,0.75423557,-1.0001357,0.99167883,1.9918145686388016,-0.058287017,1.6808496,-0.6186997687043015,-19531.25,5.829062e-07,1.0896322e-07,0.9048349278571729,0.0021712247102387903,/content/drive/MyDrive/N-MON/ALTRO/spectograms/HOOKED-SAWTOOTH-3-20/1915.npy,HOOKED-SAWTOOTH-3-20
-0.009179728,0.0056993007,0.76078486,0.6401692,0.7608402,-1.001948,0.9898805,1.9918285012245178,0.0021010921,1.6502624,-0.6267835295105489,-3203125.0,6.211058e-07,1.1595078e-07,0.9017000575609316,0.0029061260393629133,/content/drive/MyDrive/N-MON/ALTRO/spectograms/HOOKED-SAWTOOTH-3-20/1916.npy,HOOKED-SAWTOOTH-3-20
-0.008407726,0.023273177,0.75600815,0.6264286,0.75605494,-0.9999317,0.99186766,1.9917993545532227,-0.0007209668,1.6847334,-0.7111425679611935,19531.25,6.027175e-07,1.0867767e-07,0.9021060353499621,0.005540515940237286,/content/drive/MyDrive/N-MON/ALTRO/spectograms/HOOKED-SAWTOOTH-3-20/1917.npy,HOOKED-SAWTOOTH-3-20
0.025158146,0.038591012,0.7935292,0.682538,0.7939279,-1.0004667,0.991066,1.9915326833724976,-0.10409676,1.5266631,-0.7511988914179383,-2539062.5,6.8322373e-07,1.2794193e-07,0.9157647246823535,0.013652903044187498,/content/drive/MyDrive/N-MON/ALTRO/spectograms/HOOKED-SAWTOOTH-3-20/1918.npy,HOOKED-SAWTOOTH-3-20
-0.032008246,-0.049165864,0.7603914,0.6375992,0.76106477,-1.0017996,0.9899967,1.9917962402105331,0.08663325,1.6593583,-0.643653197578269,19531.25,6.065011e-07,1.0924684e-07,0.8952351546525734,0.0026138515044483407,/content/drive/MyDrive/N-MON/ALTRO/spectograms/HOOKED-SAWTOOTH-3-20/1919.npy,HOOKED-SAWTOOTH-3-20
-0.019624196,-0.049102575,0.7675586,0.66513026,0.7678094,-1.001775,0.98990554,1.991680547595024,0.040495504,1.6014143,-0.6199678949018131,-2656250.0,6.45174e-07,1.1427026e-07,0.8896449630068531,0.0031842757122383766,/content/drive/MyDrive/N-MON/ALTRO/spectograms/HOOKED-SAWTOOTH-3-20/1920.npy,HOOKED-SAWTOOTH-3-20
0.01902945,0.06269845,0.7606584,0.6421675,0.7608964,-0.99970186,0.9920515,1.9917533844709396,-0.08335959,1.6510733,-0.6170024600519187,4609375.0,6.1582494e-07,1.09279185e-07,0.903530035341072,0.0033933986275552597,/content/drive/MyDrive/N-MON/ALTRO/spectograms/HOOKED-SAWTOOTH-3-20/1921.npy,HOOKED-SAWTOOTH-3-20
-0.016305028,-0.017170463,0.7662229,0.66709656,0.76639634,-1.0013149,0.990316,1.9916308522224426,0.04606551,1.5966554,-0.5951048917612499,-2539062.5,6.1451044e-07,1.1324281e-07,0.8963479701032715,0.0033753778465959684,/content/drive/MyDrive/N-MON/ALTRO/spectograms/HOOKED-SAWTOOTH-3-20/1922.npy,HOOKED-SAWTOOTH-3-20
-0.056494277,-0.1641856,0.73264694,0.6203617,0.73482186,-0.9988842,0.6958262,1.6947103887796402,0.17419215,1.7571437,-0.487496228565946,-19531.25,8.3797124e-07,1.09641334e-07,0.8984782501511466,0.008324171105875815,/content/drive/MyDrive/N-MON/ALTRO/spectograms/HOOKED-SAWTOOTH-3-20/1923.npy,HOOKED-SAWTOOTH-3-20
0.0008708358,0.03828454,0.75764465,0.6340806,0.75764513,-1.0006888,0.9909528,1.9916415959596634,-0.03520453,1.6698666,-0.6644597038009953,19531.25,7.525492e-07,1.1216136e-07,0.8954241752492754,0.002631717247496245,/content/drive/MyDrive/N-MON/ALTRO/spectograms/HOOKED-SAWTOOTH-3-20/1924.npy,HOOKED-SAWTOOTH-3-20
0.0016405468,-0.013248021,0.7590709,0.64726716,0.7590726,-1.0013626,0.9903406,1.9917032122612,-0.0366454,1.6428275,-0.5761643875359282,-2656250.0,6.307754e-07,1.19189636e-07,0.8924094877185228,0.005386909542596538,/content/drive/MyDrive/N-MON/ALTRO/spectograms/HOOKED-SAWTOOTH-3-20/1925.npy,HOOKED-SAWTOOTH-3-20
-0.011831178,-0.046273742,0.75449485,0.62637913,0.7545876,-0.9989862,0.9927715,1.991757646203041,0.03351997,1.682448,-0.6568620814659917,-3203125.0,6.5747173e-07,1.1121399e-07,0.8905652383128078,0.004999114459274241,/content/drive/MyDrive/N-MON/ALTRO/spectograms/HOOKED-SAWTOOTH-3-20/1926.npy,HOOKED-SAWTOOTH-3-20
-0.0020472489,-0.019521741,0.76260144,0.66068846,0.7626041,-0.9996814,0.9920036,1.9916850626468658,-0.008668077,1.6170745,-0.6060787031912397,19531.25,5.8049903e-07,1.0825279e-07,0.8934233177665291,0.0041241835361344945,/content/drive/MyDrive/N-MON/ALTRO/spectograms/HOOKED-SAWTOOTH-3-20/1927.npy,HOOKED-SAWTOOTH-3-20
0.0070950966,0.0061102565,0.7656191,0.665975,0.76565194,-1.0011965,0.99048656,1.9916830360889435,-0.049404398,1.602168,-0.6082464756037674,-3203125.0,6.800163e-07,1.1019033e-07,0.8938001392807575,0.0030006358749110756,/content/drive/MyDrive/N-MON/ALTRO/spectograms/HOOKED-SAWTOOTH-3-20/1928.npy,HOOKED-SAWTOOTH-3-20
0.08024574,0.25740302,0.7477981,0.640094,0.7520913,-1.000162,0.9902891,1.9904511123895645,-0.297747,1.7213503,-0.5223597364728026,-19531.25,6.2154095e-07,1.105422e-07,0.9138522911120418,0.013345843353511782,/content/drive/MyDrive/N-MON/ALTRO/spectograms/HOOKED-SAWTOOTH-3-20/1929.npy,HOOKED-SAWTOOTH-3-20
-0.001736906,-0.008887295,0.76759297,0.66411656,0.76759493,-1.0008799,0.9908267,1.9917066544294357,-0.0054443683,1.605376,-0.660693370038847,19531.25,5.8806097e-07,1.0938103e-07,0.8894529763389104,0.004561848290787777,/content/drive/MyDrive/N-MON/ALTRO/spectograms/HOOKED-SAWTOOTH-3-20/1930.npy,HOOKED-SAWTOOTH-3-20
-0.003085121,-0.007983543,0.7572742,0.6322488,0.75728047,-0.99992263,0.9917459,1.9916685372591019,-0.0031109818,1.6712227,-0.6508733979934523,4667968.75,5.955265e-07,1.0905079e-07,0.8949023218481278,0.002746704737193771,/content/drive/MyDrive/N-MON/ALTRO/spectograms/HOOKED-SAWTOOTH-3-20/1931.npy,HOOKED-SAWTOOTH-3-20
0.016683495,0.023592843,0.7514855,0.62159455,0.7516707,-0.9997029,0.9920832,1.9917860478162766,-0.063850604,1.7015958,-0.6573541486977837,-19531.25,5.56556e-07,1.0880327e-07,0.895684851640053,0.006784005490016775,/content/drive/MyDrive/N-MON/ALTRO/spectograms/HOOKED-SAWTOOTH-3-20/1932.npy,HOOKED-SAWTOOTH-3-20
-0.025832249,-0.06305045,0.76132447,0.6421448,0.76176256,-1.0003475,0.9914243,1.9917718470096588,0.06855362,1.6513093,-0.6439697061685924,-2539062.5,5.49638e-07,1.0941177e-07,0.8984604321385288,0.0022416572076438862,/content/drive/MyDrive/N-MON/ALTRO/spectograms/HOOKED-SAWTOOTH-3-20/1933.npy,HOOKED-SAWTOOTH-3-20
-0.03945858,-0.08817789,0.7604946,0.64346343,0.7615175,-1.0016507,0.98980254,1.9914532601833344,0.114347264,1.6532991,-0.6085599544729182,19531.25,6.1554607e-07,1.0936409e-07,0.9002411803433171,0.008867548044002355,/content/drive/MyDrive/N-MON/ALTRO/spectograms/HOOKED-SAWTOOTH-3-20/1934.npy,HOOKED-SAWTOOTH-3-20
0.0078368075,0.04506582,0.7662267,0.6603727,0.7662668,-1.0015734,0.9901733,1.9917467683553696,-0.052992005,1.6107326,-0.6135500242928008,19531.25,5.445115e-07,1.10271976e-07,0.8939504239150414,0.006623902240613604,/content/drive/MyDrive/N-MON/ALTRO/spectograms/HOOKED-SAWTOOTH-3-20/1935.npy,HOOKED-SAWTOOTH-3-20
0.012128618,0.029800437,0.76059514,0.64448726,0.7606919,-1.001231,0.99055874,1.991789698600769,-0.047499456,1.6462818,-0.6121269660357181,-4550781.25,6.0054737e-07,1.08741226e-07,0.8949578921982098,0.003154646075406443,/content/drive/MyDrive/N-MON/ALTRO/spectograms/HOOKED-SAWTOOTH-3-20/1936.npy,HOOKED-SAWTOOTH-3-20
0.078484155,0.17807597,0.7680211,0.64508224,0.7720208,-1.0001509,0.99059135,1.9907423108816147,-0.3090794,1.6682311,-0.6630264876002939,19531.25,1.1019126e-06,1.17340335e-07,0.8910662402843432,0.004401647182127266,/content/drive/MyDrive/N-MON/ALTRO/spectograms/HOOKED-SAWTOOTH-3-20/1937.npy,HOOKED-SAWTOOTH-3-20
0.014476798,0.06877583,0.76317525,0.65597963,0.7633126,-1.001456,0.9902473,1.9917033463716507,-0.06656386,1.6196988,-0.5439996984445187,-4609375.0,5.844644e-07,1.0928301e-07,0.8908972004632967,0.0028903066689713965,/content/drive/MyDrive/N-MON/ALTRO/spectograms/HOOKED-SAWTOOTH-3-20/1938.npy,HOOKED-SAWTOOTH-3-20
-0.0018283458,-0.023780648,0.76334167,0.65777844,0.7633439,-1.0000895,0.99160063,1.991690218448639,-0.0044684894,1.623715,-0.6550609253612986,-2539062.5,6.770715e-07,1.1389949e-07,0.8912363433850118,0.0021872577052034596,/content/drive/MyDrive/N-MON/ALTRO/spectograms/HOOKED-SAWTOOTH-3-20/1939.npy,HOOKED-SAWTOOTH-3-20
0.012250942,0.014147205,0.767195,0.67009646,0.7672928,-1.0009382,0.99064463,1.9915828108787537,-0.075322986,1.5846971,-0.5449688115641084,19531.25,7.6980706e-07,1.2215969e-07,0.9250374852641585,0.012979818969749023,/content/drive/MyDrive/N-MON/ALTRO/spectograms/HOOKED-SAWTOOTH-3-20/1940.npy,HOOKED-SAWTOOTH-3-20
0.009683836,0.030440558,0.75915444,0.63636065,0.7592161,-1.0007432,0.99105936,1.9918024390935898,-0.06040931,1.660779,-0.6314363133261872,-3203125.0,6.631656e-07,1.139808e-07,0.9063130155757607,0.0031427031014282206,/content/drive/MyDrive/N-MON/ALTRO/spectograms/HOOKED-SAWTOOTH-3-20/1941.npy,HOOKED-SAWTOOTH-3-20
-0.03286534,-0.08633329,0.764492,0.6615041,0.7651981,-1.0001067,0.9913864,1.9914931505918503,0.08799466,1.616791,-0.6172605166152288,-2539062.5,5.886179e-07,1.2025332e-07,0.8886712745216906,0.004864292240687512,/content/drive/MyDrive/N-MON/ALTRO/spectograms/HOOKED-SAWTOOTH-3-20/1942.npy,HOOKED-SAWTOOTH-3-20
-0.014691728,-0.037292436,0.7570867,0.6467119,0.7572292,-1.0019683,0.98966414,1.9916324466466904,0.032013603,1.643488,-0.5227585092578934,19531.25,7.3294024e-07,1.12556066e-07,0.887659249348645,0.004764285261239501,/content/drive/MyDrive/N-MON/ALTRO/spectograms/HOOKED-SAWTOOTH-3-20/1943.npy,HOOKED-SAWTOOTH-3-20
0.01404331,0.07677199,0.7659794,0.66229624,0.7661082,-1.0009359,0.9907693,1.9917051941156387,-0.071603596,1.6128778,-0.6484625897317794,19531.25,6.088993e-07,1.08767125e-07,0.8872064429148789,0.003804368969511168,/content/drive/MyDrive/N-MON/ALTRO/spectograms/HOOKED-SAWTOOTH-3-20/1944.npy,HOOKED-SAWTOOTH-3-20
0.00082658435,0.05273866,0.758986,0.6401837,0.7589864,-1.0017004,0.9901373,1.9918376207351685,-0.0287139,1.6545831,-0.6239640394807201,-19531.25,5.845929e-07,1.11476865e-07,0.8966481149634723,0.0032036052240720686,/content/drive/MyDrive/N-MON/ALTRO/spectograms/HOOKED-SAWTOOTH-3-20/1945.npy,HOOKED-SAWTOOTH-3-20
0.016048286,0.052793,0.7574733,0.6345507,0.7576433,-1.0017848,0.9899853,1.9917700439691544,-0.06000673,1.6681293,-0.6297611221862561,-19531.25,5.2197043e-07,1.08528056e-07,0.9058166086374655,0.003941967495806702,/content/drive/MyDrive/N-MON/ALTRO/spectograms/HOOKED-SAWTOOTH-3-20/1946.npy,HOOKED-SAWTOOTH-3-20
0.01647412,0.006431427,0.76763266,0.66992104,0.7678094,-1.0007875,0.9908056,1.9915931671857834,-0.07793779,1.5946175,-0.632137319696681,19531.25,8.8276994e-07,1.11545646e-07,0.8906934916162751,0.005222695612686541,/content/drive/MyDrive/N-MON/ALTRO/spectograms/HOOKED-SAWTOOTH-3-20/1947.npy,HOOKED-SAWTOOTH-3-20
-0.016239867,-0.044325203,0.75990516,0.64948463,0.7600787,-1.0011212,0.9905462,1.9916674196720123,0.043130428,1.6362381,-0.5557094482519648,19531.25,6.1700484e-07,1.09438005e-07,0.8942950980410623,0.005691949643155698,/content/drive/MyDrive/N-MON/ALTRO/spectograms/HOOKED-SAWTOOTH-3-20/1948.npy,HOOKED-SAWTOOTH-3-20
-0.0093760565,-0.008374263,0.752982,0.6239441,0.7530404,-1.0002679,0.9915495,1.9918173551559448,0.0076849097,1.694069,-0.667058126445892,-3203125.0,6.6458495e-07,1.0989409e-07,0.8943456251055654,0.003880709174808343,/content/drive/MyDrive/N-MON/ALTRO/spectograms/HOOKED-SAWTOOTH-3-20/1949.npy,HOOKED-SAWTOOTH-3-20
-0.005533206,-0.051678814,0.7592814,0.64593226,0.7593016,-1.0005231,0.9911496,1.9916727393865585,0.0017041024,1.6418091,-0.5678282981181245,19531.25,6.065099e-07,1.0868335e-07,0.887803152207845,0.0034000050500082005,/content/drive/MyDrive/N-MON/ALTRO/spectograms/HOOKED-SAWTOOTH-3-20/1950.npy,HOOKED-SAWTOOTH-3-20
-0.01729738,-0.024016472,0.7529209,0.62252444,0.7531196,-1.0005502,0.99134123,1.9918914288282394,0.034309644,1.6945451,-0.661448001570717,19531.25,7.243693e-07,1.0965675e-07,0.9031706771773662,0.005750273081178719,/content/drive/MyDrive/N-MON/ALTRO/spectograms/HOOKED-SAWTOOTH-3-20/1951.npy,HOOKED-SAWTOOTH-3-20
-0.0026346862,0.015437711,0.7551378,0.629573,0.75514245,-1.0001023,0.991708,1.9918103069067001,-0.027849212,1.6796266,-0.6488457275484346,-3203125.0,7.14718e-07,1.1740769e-07,0.9004990215991111,0.0026883653242046764,/content/drive/MyDrive/N-MON/ALTRO/spectograms/HOOKED-SAWTOOTH-3-20/1952.npy,HOOKED-SAWTOOTH-3-20
-0.036629196,-0.07211676,0.754965,0.62539744,0.7558531,-1.0016946,0.990134,1.9918286204338074,0.09180432,1.6949725,-0.7154005258299866,19531.25,6.9519587e-07,1.0908014e-07,0.9028673514413963,0.005814309111014434,/content/drive/MyDrive/N-MON/ALTRO/spectograms/HOOKED-SAWTOOTH-3-20/1953.npy,HOOKED-SAWTOOTH-3-20
0.001379959,0.01844101,0.76315135,0.6555598,0.7631526,-1.0006573,0.99105096,1.9917083382606506,-0.020285832,1.621574,-0.5883411488277545,-3203125.0,6.2161797e-07,1.15802045e-07,0.8897571041250991,0.003570136901506047,/content/drive/MyDrive/N-MON/ALTRO/spectograms/HOOKED-SAWTOOTH-3-20/1954.npy,HOOKED-SAWTOOTH-3-20
-0.04583575,-0.07944259,0.76300627,0.64225966,0.7643817,-1.0005798,0.990861,1.991440787911415,0.13225697,1.6524014,-0.6418704026257355,19531.25,6.0209186e-07,1.08695154e-07,0.8912837593830993,0.003302937593101136,/content/drive/MyDrive/N-MON/ALTRO/spectograms/HOOKED-SAWTOOTH-3-20/1955.npy,HOOKED-SAWTOOTH-3-20
-0.00800274,-0.024513608,0.75188833,0.62421906,0.75193095,-1.0009998,0.99087656,1.991876408457756,0.0026583883,1.6926342,-0.6224792509773628,19531.25,5.963353e-07,1.1015209e-07,0.8987373108324864,0.0058522089030371175,/content/drive/MyDrive/N-MON/ALTRO/spectograms/HOOKED-SAWTOOTH-3-20/1956.npy,HOOKED-SAWTOOTH-3-20
-0.025002673,-0.04392136,0.75852776,0.64844155,0.7589397,-1.0007013,0.99105656,1.9917578995227814,0.06131934,1.6403455,-0.5405551274526977,-4667968.75,6.304291e-07,1.08837654e-07,0.8970428149903922,0.0034783583692845426,/content/drive/MyDrive/N-MON/ALTRO/spectograms/HOOKED-SAWTOOTH-3-20/1957.npy,HOOKED-SAWTOOTH-3-20
-0.021045396,-0.06382826,0.7553185,0.6276926,0.75561166,-1.0012691,0.9904982,1.9917671978473663,0.069711454,1.6835065,-0.6530840711025016,19531.25,6.321266e-07,1.1120653e-07,0.9025718725548478,0.004938016808171217,/content/drive/MyDrive/N-MON/ALTRO/spectograms/HOOKED-SAWTOOTH-3-20/1958.npy,HOOKED-SAWTOOTH-3-20
-0.0017337485,0.005405233,0.76633054,0.66342187,0.76633245,-1.0021696,0.9894847,1.9916542917490005,-0.025183842,1.603378,-0.6001774570949713,-19531.25,6.3292254e-07,1.089081e-07,0.8900880839214887,0.006519940750019198,/content/drive/MyDrive/N-MON/ALTRO/spectograms/HOOKED-SAWTOOTH-3-20/1959.npy,HOOKED-SAWTOOTH-3-20
-0.020608779,-0.03245502,0.75693977,0.6339824,0.75722027,-1.0011593,0.99042046,1.9915797859430313,0.049159,1.667084,-0.6155574167913987,19531.25,7.437782e-07,1.12763914e-07,0.8947656346461983,0.007312914844827186,/content/drive/MyDrive/N-MON/ALTRO/spectograms/HOOKED-SAWTOOTH-3-20/1960.npy,HOOKED-SAWTOOTH-3-20
0.03040707,0.1022032,0.7663484,0.65358514,0.7669514,-0.9988992,0.99275553,1.9916547387838364,-0.118055314,1.6259991,-0.6229784165624032,19531.25,6.7130986e-07,1.0981999e-07,0.8926699366884256,0.003339042046154534,/content/drive/MyDrive/N-MON/ALTRO/spectograms/HOOKED-SAWTOOTH-3-20/1961.npy,HOOKED-SAWTOOTH-3-20
-0.022344727,-0.07868385,0.7693646,0.64787525,0.769689,-1.0002891,0.99149466,1.9917837232351303,0.0751798,1.6260961,-0.7174205075646577,19531.25,7.0384203e-07,1.1727642e-07,0.8953195461708108,0.002571524743390722,/content/drive/MyDrive/N-MON/ALTRO/spectograms/HOOKED-SAWTOOTH-3-20/1962.npy,HOOKED-SAWTOOTH-3-20
-0.012056935,-0.04670815,0.76475453,0.6664332,0.7648496,-0.99952614,0.9920633,1.9915894865989685,0.019002767,1.6000618,-0.5785945145001073,19531.25,5.9469875e-07,1.082517e-07,0.8912011132084274,0.00400179612653166,/content/drive/MyDrive/N-MON/ALTRO/spectograms/HOOKED-SAWTOOTH-3-20/1963.npy,HOOKED-SAWTOOTH-3-20
0.015530616,0.020619344,0.76327807,0.66165173,0.7634361,-0.99829036,0.99318254,1.9914728701114655,-0.07072786,1.6141919,-0.6066028751168383,19531.25,6.4474125e-07,1.1173465e-07,0.8946006185042995,0.007390183623417655,/content/drive/MyDrive/N-MON/ALTRO/spectograms/HOOKED-SAWTOOTH-3-20/1964.npy,HOOKED-SAWTOOTH-3-20
-0.029440552,-0.06389297,0.76159537,0.661003,0.7621642,-1.0003237,0.99074125,1.9910649210214615,0.11011363,1.6124232,-0.5310376518003476,19531.25,5.755568e-07,1.16627476e-07,0.9080056977275837,0.015312252945312774,/content/drive/MyDrive/N-MON/ALTRO/spectograms/HOOKED-SAWTOOTH-3-20/1965.npy,HOOKED-SAWTOOTH-3-20
-0.007586791,-0.010244114,0.76392883,0.6619083,0.76396644,-1.0021232,0.9895317,1.9916548877954483,0.007939426,1.6098093,-0.5815268992817827,19531.25,6.385934e-07,1.10895535e-07,0.885660634315042,0.006871681042346788,/content/drive/MyDrive/N-MON/ALTRO/spectograms/HOOKED-SAWTOOTH-3-20/1966.npy,HOOKED-SAWTOOTH-3-20
-0.0020657864,0.015359449,0.75620687,0.6227438,0.75620973,-1.0000463,0.99178797,1.9918341487646103,-0.020127824,1.6897236,-0.7405760034163641,19531.25,5.661556e-07,1.093598e-07,0.8954591962919476,0.0030966776891633466,/content/drive/MyDrive/N-MON/ALTRO/spectograms/HOOKED-SAWTOOTH-3-20/1967.npy,HOOKED-SAWTOOTH-3-20
-0.007563682,-0.009253731,0.7672171,0.65994394,0.7672543,-1.0009911,0.9906821,1.9916731417179108,0.0026819743,1.6100562,-0.634024854918848,19531.25,6.354151e-07,1.10104466e-07,0.8915665655713629,0.0034914649264672884,/content/drive/MyDrive/N-MON/ALTRO/spectograms/HOOKED-SAWTOOTH-3-20/1968.npy,HOOKED-SAWTOOTH-3-20
-0.009974373,-0.020897156,0.763486,0.66026926,0.7635512,-1.001192,0.9905273,1.9917192459106445,0.012902561,1.6149904,-0.593022324406583,-3203125.0,5.375634e-07,1.0843018e-07,0.8974421329419613,0.0017175662513910631,/content/drive/MyDrive/N-MON/ALTRO/spectograms/HOOKED-SAWTOOTH-3-20/1969.npy,HOOKED-SAWTOOTH-3-20
-0.053107522,-0.11026169,0.75353044,0.62512964,0.7553996,-1.0002143,0.99126333,1.9914776533842087,0.1606879,1.7047889,-0.6514512751504561,19531.25,5.955281e-07,1.08846514e-07,0.9069961664590906,0.004094470906646887,/content/drive/MyDrive/N-MON/ALTRO/spectograms/HOOKED-SAWTOOTH-3-20/1970.npy,HOOKED-SAWTOOTH-3-20
0.003651266,0.030622307,0.7591879,0.63772655,0.7591967,-1.0005519,0.99130213,1.9918539971113205,-0.030333519,1.6594454,-0.6509005744390804,19531.25,5.654491e-07,1.08258305e-07,0.8989933787765498,0.003213411193570095,/content/drive/MyDrive/N-MON/ALTRO/spectograms/HOOKED-SAWTOOTH-3-20/1971.npy,HOOKED-SAWTOOTH-3-20
0.028681435,0.08755416,0.7605727,0.6390537,0.76111335,-1.0021751,0.9895741,1.9917492121458054,-0.12579088,1.6631519,-0.6579814753385859,-4609375.0,5.7003757e-07,1.09912996e-07,0.8969875986888791,0.0048377178463294805,/content/drive/MyDrive/N-MON/ALTRO/spectograms/HOOKED-SAWTOOTH-3-20/1972.npy,HOOKED-SAWTOOTH-3-20
-0.028603312,1.0509948e-05,0.7555396,0.6376101,0.75608087,-0.9995298,0.9920625,1.9915923178195953,0.0739862,1.6658357,-0.5881501805961503,19531.25,7.810259e-07,1.0975074e-07,0.8926672742857588,0.007242071673966135,/content/drive/MyDrive/N-MON/ALTRO/spectograms/HOOKED-SAWTOOTH-3-20/1973.npy,HOOKED-SAWTOOTH-3-20
-0.009809747,-0.008213341,0.7622066,0.6523271,0.7622698,-1.0002142,0.99142265,1.9916369318962097,0.03641914,1.6282532,-0.5952523617096769,19531.25,7.173791e-07,1.0842771e-07,0.8936242579153534,0.003803637218181088,/content/drive/MyDrive/N-MON/ALTRO/spectograms/HOOKED-SAWTOOTH-3-20/1974.npy,HOOKED-SAWTOOTH-3-20
-0.038964394,-0.08665845,0.7588162,0.6301634,0.75981593,-1.0006819,0.991087,1.9917689114809036,0.108161695,1.6803803,-0.7042872594661632,19531.25,5.6134945e-07,1.10768596e-07,0.904953265015845,0.003087122667595086,/content/drive/MyDrive/N-MON/ALTRO/spectograms/HOOKED-SAWTOOTH-3-20/1975.npy,HOOKED-SAWTOOTH-3-20
0.064349666,0.1617696,0.7896457,0.67477405,0.7922633,-1.0014442,0.9897424,1.9911865890026093,-0.24766833,1.5754199,-0.781771672236646,19531.25,1.0472801e-06,1.2070453e-07,0.9123507014825631,0.011542779516938398,/content/drive/MyDrive/N-MON/ALTRO/spectograms/HOOKED-SAWTOOTH-3-20/1976.npy,HOOKED-SAWTOOTH-3-20
0.020905891,0.07030839,0.7567362,0.6309909,0.75702494,-0.9999152,0.9919352,1.9918503910303116,-0.101312935,1.6779598,-0.6599130244935606,19531.25,5.3071784e-07,1.1127849e-07,0.8996352785182683,0.002850013506629158,/content/drive/MyDrive/N-MON/ALTRO/spectograms/HOOKED-SAWTOOTH-3-20/1977.npy,HOOKED-SAWTOOTH-3-20
0.013057831,0.0455833,0.76383114,0.66362906,0.7639427,-1.0007836,0.9907812,1.9915647208690643,-0.07400109,1.611741,-0.6205439340064062,19531.25,5.7977087e-07,1.0876868e-07,0.8815677545504388,0.0041645813559846095,/content/drive/MyDrive/N-MON/ALTRO/spectograms/HOOKED-SAWTOOTH-3-20/1978.npy,HOOKED-SAWTOOTH-3-20
-0.010638441,-0.0006669197,0.7584637,0.6308163,0.75853825,-1.0004102,0.9912864,1.9916965663433075,0.00013438227,1.6702315,-0.6793405062337269,-19531.25,5.7929236e-07,1.12622075e-07,0.8950912770396535,0.0042424526292061514,/content/drive/MyDrive/N-MON/ALTRO/spectograms/HOOKED-SAWTOOTH-3-20/1979.npy,HOOKED-SAWTOOTH-3-20
-0.018780556,-0.033095904,0.7514673,0.6190444,0.75170195,-1.0017309,0.9901469,1.9918777644634247,0.041084364,1.7051113,-0.6900151177200257,19531.25,5.7009004e-07,1.0876575e-07,0.9103415120235299,0.009064303270865867,/content/drive/MyDrive/N-MON/ALTRO/spectograms/HOOKED-SAWTOOTH-3-20/1980.npy,HOOKED-SAWTOOTH-3-20
-0.0012397232,0.0062246956,0.7562462,0.62836564,0.7562472,-1.0013734,0.9904576,1.9918310195207596,-0.020771427,1.6785238,-0.6777012246006208,19531.25,9.669332e-07,1.1416806e-07,0.9037602107031433,0.0030207929646175126,/content/drive/MyDrive/N-MON/ALTRO/spectograms/HOOKED-SAWTOOTH-3-20/1981.npy,HOOKED-SAWTOOTH-3-20
0.010959782,0.06152501,0.76337105,0.6474726,0.7634497,-1.0006988,0.9910823,1.991781160235405,-0.049485825,1.6371332,-0.6386080624818639,-19531.25,5.7774406e-07,1.0956474e-07,0.8991240031507278,0.003156876958661899,/content/drive/MyDrive/N-MON/ALTRO/spectograms/HOOKED-SAWTOOTH-3-20/1982.npy,HOOKED-SAWTOOTH-3-20
0.0058592404,-0.015481698,0.7550171,0.6256835,0.7550399,-0.9996318,0.99215174,1.9917835742235184,-0.020204341,1.6848077,-0.6699079633884005,-3203125.0,7.386328e-07,1.11991504e-07,0.8941245156813956,0.008772013591369452,/content/drive/MyDrive/N-MON/ALTRO/spectograms/HOOKED-SAWTOOTH-3-20/1983.npy,HOOKED-SAWTOOTH-3-20
-0.0019760628,0.02966278,0.7610527,0.6534122,0.76105535,-1.0012282,0.9904715,1.9916997402906418,-0.012804156,1.6281868,-0.5690929546771938,-19531.25,6.407205e-07,1.0952485e-07,0.888262834628173,0.0029512701537005538,/content/drive/MyDrive/N-MON/ALTRO/spectograms/HOOKED-SAWTOOTH-3-20/1984.npy,HOOKED-SAWTOOTH-3-20
0.016973846,0.10118899,0.76055294,0.64620006,0.7607423,-1.0000814,0.99168134,1.9917627424001694,-0.07694557,1.6457301,-0.6255884462161304,19531.25,6.49262e-07,1.1089398e-07,0.8940144763651133,0.004718914786528218,/content/drive/MyDrive/N-MON/ALTRO/spectograms/HOOKED-SAWTOOTH-3-20/1985.npy,HOOKED-SAWTOOTH-3-20
-0.027028117,-0.02494926,0.7538028,0.62463564,0.75428724,-1.0011528,0.9906353,1.9917880594730377,0.05882586,1.6943666,-0.6693553406248568,19531.25,6.2087946e-07,1.0859622e-07,0.8985032084287805,0.0037841224023211213,/content/drive/MyDrive/N-MON/ALTRO/spectograms/HOOKED-SAWTOOTH-3-20/1986.npy,HOOKED-SAWTOOTH-3-20
-0.0021510806,-0.01600714,0.7712617,0.6582261,0.7712647,-1.0001795,0.9914478,1.9916273057460785,-0.0037339022,1.6004806,-0.6206642095198786,19531.25,6.971754e-07,1.1640585e-07,0.914580818885512,0.016242867614690067,/content/drive/MyDrive/N-MON/ALTRO/spectograms/HOOKED-SAWTOOTH-3-20/1987.npy,HOOKED-SAWTOOTH-3-20
0.011892352,0.046679936,0.7554836,0.6251145,0.75557727,-1.000067,0.99153996,1.9916070401668549,-0.08574799,1.6851721,-0.6836384788745608,19531.25,6.0333934e-07,1.095619e-07,0.9016432904205506,0.002403843237132482,/content/drive/MyDrive/N-MON/ALTRO/spectograms/HOOKED-SAWTOOTH-3-20/1988.npy,HOOKED-SAWTOOTH-3-20
0.012593242,0.0545751,0.7629083,0.6479529,0.7630123,-0.99985,0.9919412,1.9917912185192108,-0.056331042,1.639073,-0.634976816605776,19531.25,5.355316e-07,1.1020575e-07,0.8940562570491908,0.002823736867101713,/content/drive/MyDrive/N-MON/ALTRO/spectograms/HOOKED-SAWTOOTH-3-20/1989.npy,HOOKED-SAWTOOTH-3-20
0.0019455986,0.046618864,0.7645043,0.6532367,0.76450676,-1.000079,0.9916106,1.9916896373033524,-0.027292017,1.6246951,-0.6230483839020177,19531.25,5.842993e-07,1.0846715e-07,0.8900216373398357,0.004138176442924351,/content/drive/MyDrive/N-MON/ALTRO/spectograms/HOOKED-SAWTOOTH-3-20/1990.npy,HOOKED-SAWTOOTH-3-20
0.030685604,0.06949318,0.75521296,0.62433237,0.7558361,-1.0007432,0.9910702,1.991813376545906,-0.118443675,1.6971602,-0.7035340369401305,-3378906.25,6.318403e-07,1.08999885e-07,0.8943955427111392,0.002937146851668713,/content/drive/MyDrive/N-MON/ALTRO/spectograms/HOOKED-SAWTOOTH-3-20/1991.npy,HOOKED-SAWTOOTH-3-20
-0.0018563976,-0.015958909,0.76067877,0.65696186,0.7606811,-0.99969006,0.9918256,1.9915155917406082,-0.0052473224,1.6241822,-0.5832505977022172,-2539062.5,5.8325844e-07,1.1481185e-07,0.9111974985239297,0.018568880749323877,/content/drive/MyDrive/N-MON/ALTRO/spectograms/HOOKED-SAWTOOTH-3-20/1992.npy,HOOKED-SAWTOOTH-3-20
0.008216374,0.045170084,0.76521033,0.6632959,0.76525444,-1.0015469,0.9901577,1.9917046129703522,-0.03919311,1.6067513,-0.587882166480605,19531.25,5.964949e-07,1.0907359e-07,0.8927595857810774,0.005143262420446117,/content/drive/MyDrive/N-MON/ALTRO/spectograms/HOOKED-SAWTOOTH-3-20/1993.npy,HOOKED-SAWTOOTH-3-20
-0.017912617,-0.016085193,0.7581152,0.63869387,0.7583268,-1.0004417,0.99123776,1.9916794747114182,0.03534126,1.6585859,-0.6145437302258624,19531.25,6.504819e-07,1.1592974e-07,0.9003604711510012,0.0035826766787761385,/content/drive/MyDrive/N-MON/ALTRO/spectograms/HOOKED-SAWTOOTH-3-20/1994.npy,HOOKED-SAWTOOTH-3-20
-0.04212278,-0.08704643,0.7551938,0.6280308,0.7563677,-1.0006868,0.9910058,1.9916925877332687,0.12058795,1.6902564,-0.6523044325905537,-19531.25,5.4887937e-07,1.08670555e-07,0.8991249597178446,0.004901054964527223,/content/drive/MyDrive/N-MON/ALTRO/spectograms/HOOKED-SAWTOOTH-3-20/1995.npy,HOOKED-SAWTOOTH-3-20
0.017366966,0.045016967,0.7560045,0.625673,0.756204,-0.9977982,0.9940381,1.9918362945318222,-0.058398172,1.6861727,-0.6937071603375992,19531.25,6.153219e-07,1.14997015e-07,0.8943759270526984,0.00381733241736819,/content/drive/MyDrive/N-MON/ALTRO/spectograms/HOOKED-SAWTOOTH-3-20/1996.npy,HOOKED-SAWTOOTH-3-20
0.028595971,0.045900922,0.75961727,0.64154416,0.7601553,-1.0004953,0.9911803,1.9916756600141525,-0.1071544,1.6570398,-0.617472911089677,19531.25,5.643717e-07,1.0846235e-07,0.8939065781853768,0.0034148613747709174,/content/drive/MyDrive/N-MON/ALTRO/spectograms/HOOKED-SAWTOOTH-3-20/1997.npy,HOOKED-SAWTOOTH-3-20
0.0095576495,-0.014339367,0.761789,0.65131015,0.7618489,-0.9984995,0.9931576,1.9916571378707886,-0.03430763,1.6324859,-0.6218326312882719,-3203125.0,7.1679796e-07,1.1320343e-07,0.8979648060159104,0.005463324352860787,/content/drive/MyDrive/N-MON/ALTRO/spectograms/HOOKED-SAWTOOTH-3-20/1998.npy,HOOKED-SAWTOOTH-3-20
0.044658165,0.10928373,0.7568196,0.62824786,0.75813603,-1.0002099,0.9913448,1.991554781794548,-0.17268428,1.6960095,-0.7010408373342641,-19531.25,5.6615465e-07,1.08996055e-07,0.9023891212510002,0.004606537105673173,/content/drive/MyDrive/N-MON/ALTRO/spectograms/HOOKED-SAWTOOTH-3-20/1999.npy,HOOKED-SAWTOOTH-3-20
