f1,f2,f3,f4,f5,f6,f7,f8,f9,f10,f11,f12,f13,f14,f15,f16,path_spec,class
-0.00012332392,-0.0014556285,0.5964403,0.442123,0.5964403,-0.25925398,0.24074522,0.49999919906258583,0.009146214,2.4047947,0.06843035260351803,-4785156.25,7.5499174e-06,7.1359985e-08,0.5743707716120723,0.030524607839729496,/content/drive/MyDrive/N-MON/ALTRO/spectograms/MULTITONE-NARROW-40-20/0.npy,MULTITONE-NARROW-40-20
0.0004592328,0.0061207437,0.6113768,0.45396635,0.61137706,-0.26144522,0.24832389,0.5097691267728806,0.002321814,2.3574681,-0.018063029060493407,-4785156.25,6.873601e-06,7.3626666e-08,0.5524737412323406,0.010927266456108722,/content/drive/MyDrive/N-MON/ALTRO/spectograms/MULTITONE-NARROW-40-20/1.npy,MULTITONE-NARROW-40-20
0.0001748128,-0.0012199664,0.5900639,0.4352674,0.5900639,-0.23561978,0.23311782,0.4687376022338867,-0.0028566627,2.4338586,0.09058981510418183,-4785156.25,7.6147235e-06,7.0470705e-08,0.5577242871407148,0.008574807976118818,/content/drive/MyDrive/N-MON/ALTRO/spectograms/MULTITONE-NARROW-40-20/2.npy,MULTITONE-NARROW-40-20
0.003981788,0.0061614746,0.6044182,0.44662628,0.60443133,-0.24374914,0.26397312,0.5077222362160683,0.0050937007,2.3998446,-0.010434405298277782,-4785156.25,7.137225e-06,7.408582e-08,0.5497269366617211,0.011171813232841901,/content/drive/MyDrive/N-MON/ALTRO/spectograms/MULTITONE-NARROW-40-20/3.npy,MULTITONE-NARROW-40-20
-0.0021029904,-0.00940522,0.6000495,0.44341844,0.6000532,-0.24379706,0.24832053,0.49211759492754936,0.008887031,2.3948867,0.02709913988104683,-4785156.25,7.0953674e-06,7.1401885e-08,0.5615931552155511,0.00903958869434113,/content/drive/MyDrive/N-MON/ALTRO/spectograms/MULTITONE-NARROW-40-20/4.npy,MULTITONE-NARROW-40-20
-0.0032398615,-0.0013671175,0.61000097,0.45187438,0.61000955,-0.24350901,0.24082792,0.4843369238078594,0.0012646784,2.3675249,-0.034264808404803074,-4785156.25,7.4671425e-06,7.471188e-08,0.5457956875567742,0.010126868949038591,/content/drive/MyDrive/N-MON/ALTRO/spectograms/MULTITONE-NARROW-40-20/5.npy,MULTITONE-NARROW-40-20
-0.0016900558,-0.0013795977,0.5990899,0.4414572,0.59909236,-0.2455191,0.21157666,0.45709576085209846,0.036683902,2.414894,0.02352949936716252,-4785156.25,6.772465e-06,7.123133e-08,0.5655834928263759,0.009870801590955982,/content/drive/MyDrive/N-MON/ALTRO/spectograms/MULTITONE-NARROW-40-20/6.npy,MULTITONE-NARROW-40-20
-0.00026784086,-0.009348027,0.6087195,0.45334554,0.6087196,-0.26719838,0.2405424,0.5077407918870449,0.024893172,2.357891,0.0036289634100529107,-4785156.25,7.542235e-06,7.332333e-08,0.5473442758248203,0.011162313703906008,/content/drive/MyDrive/N-MON/ALTRO/spectograms/MULTITONE-NARROW-40-20/7.npy,MULTITONE-NARROW-40-20
0.0076259947,0.0063512037,0.59633964,0.4380171,0.5963884,-0.21229343,0.24082485,0.4531182758510113,-0.004983276,2.4485462,0.011739189830483155,-4785156.25,6.568625e-06,7.1862885e-08,0.5644399030114058,0.009468805362475716,/content/drive/MyDrive/N-MON/ALTRO/spectograms/MULTITONE-NARROW-40-20/8.npy,MULTITONE-NARROW-40-20
-0.0017593541,-0.0015389391,0.6064206,0.4490575,0.60642314,-0.25932336,0.24063253,0.4999558962881565,0.015577106,2.3926055,-0.01967124609128502,-4785156.25,7.804098e-06,7.376769e-08,0.5466682192723806,0.01106657598652235,/content/drive/MyDrive/N-MON/ALTRO/spectograms/MULTITONE-NARROW-40-20/9.npy,MULTITONE-NARROW-40-20
-0.0032132552,-0.0013448214,0.6009589,0.4409811,0.60096747,-0.2201084,0.22521396,0.4453223682940006,-0.009908777,2.4383204,-0.04098725226515766,-4785156.25,6.350909e-06,7.249306e-08,0.6057282627262732,0.027951627680977573,/content/drive/MyDrive/N-MON/ALTRO/spectograms/MULTITONE-NARROW-40-20/10.npy,MULTITONE-NARROW-40-20
-0.005437885,-0.0016059533,0.59911215,0.44302708,0.59913677,-0.2593546,0.21715799,0.4765126034617424,0.022926213,2.4339628,0.016991715765991223,-4785156.25,7.9061465e-06,7.259469e-08,0.5494166149252766,0.008872325972714366,/content/drive/MyDrive/N-MON/ALTRO/spectograms/MULTITONE-NARROW-40-20/11.npy,MULTITONE-NARROW-40-20
0.0066453824,0.013965021,0.6088088,0.4506811,0.6088451,-0.23019862,0.24836212,0.47856074944138527,-0.021110887,2.3715487,-0.017106246782930278,-4785156.25,6.235472e-06,7.3057606e-08,0.5854167672312669,0.030298544678716597,/content/drive/MyDrive/N-MON/ALTRO/spectograms/MULTITONE-NARROW-40-20/12.npy,MULTITONE-NARROW-40-20
0.0044832723,0.006114897,0.6023441,0.44659656,0.6023608,-0.23603088,0.26393527,0.4999661333858967,-0.0003650684,2.389824,0.03080272922474846,-4785156.25,7.735324e-06,7.17806e-08,0.546316578724521,0.0083482838864715,/content/drive/MyDrive/N-MON/ALTRO/spectograms/MULTITONE-NARROW-40-20/13.npy,MULTITONE-NARROW-40-20
-0.0011753753,-0.0015050962,0.60191095,0.44353384,0.6019121,-0.23595071,0.24065048,0.47660116851329803,-0.005078259,2.420801,-0.022356008541497673,-4785156.25,6.578323e-06,7.315668e-08,0.5603560108631269,0.010567134974992322,/content/drive/MyDrive/N-MON/ALTRO/spectograms/MULTITONE-NARROW-40-20/14.npy,MULTITONE-NARROW-40-20
0.0030326343,0.0063727936,0.5939273,0.4397707,0.593935,-0.243581,0.25637397,0.4999549798667431,-0.006206132,2.422288,0.0793195137621615,-4785156.25,7.671622e-06,7.1377045e-08,0.5458111624137898,0.008977997112518399,/content/drive/MyDrive/N-MON/ALTRO/spectograms/MULTITONE-NARROW-40-20/15.npy,MULTITONE-NARROW-40-20
-0.0071996013,-0.009239421,0.60931724,0.45011494,0.60935974,-0.26123428,0.23488879,0.4961230680346489,0.02582585,2.3759642,-0.0377761958362567,-4785156.25,6.7125125e-06,7.3867064e-08,0.58187386684264,0.028116663076231875,/content/drive/MyDrive/N-MON/ALTRO/spectograms/MULTITONE-NARROW-40-20/16.npy,MULTITONE-NARROW-40-20
0.00650901,0.0062716613,0.6024246,0.44767523,0.60245985,-0.23781359,0.2641612,0.5019747838377953,-0.0016979459,2.3719969,0.050749532207954626,-4785156.25,7.748896e-06,7.198725e-08,0.5519369778500998,0.00889103696064213,/content/drive/MyDrive/N-MON/ALTRO/spectograms/MULTITONE-NARROW-40-20/17.npy,MULTITONE-NARROW-40-20
0.0024481693,0.0060811145,0.60870934,0.44911742,0.6087143,-0.23027854,0.23262426,0.4629027955234051,-0.010818482,2.3848379,-0.045541053882242846,-4785156.25,6.8618097e-06,7.343383e-08,0.5539985656680582,0.01111760779816244,/content/drive/MyDrive/N-MON/ALTRO/spectograms/MULTITONE-NARROW-40-20/18.npy,MULTITONE-NARROW-40-20
-0.0002333846,-0.0054518767,0.5973872,0.4433447,0.59738725,-0.2359082,0.24841857,0.4843267723917961,0.01184677,2.393271,0.06652693956272225,-4785156.25,7.38049e-06,7.072523e-08,0.561525752765105,0.014460985647331451,/content/drive/MyDrive/N-MON/ALTRO/spectograms/MULTITONE-NARROW-40-20/19.npy,MULTITONE-NARROW-40-20
-0.007056261,-0.009428202,0.60531604,0.44695544,0.60535717,-0.2457937,0.23472852,0.4805222265422344,0.01084479,2.4012053,-0.020973813933419138,-4785156.25,7.1996687e-06,7.3907074e-08,0.5530735174050336,0.011677218296137304,/content/drive/MyDrive/N-MON/ALTRO/spectograms/MULTITONE-NARROW-40-20/20.npy,MULTITONE-NARROW-40-20
0.0024543235,-0.0014807777,0.5891158,0.43616605,0.5891209,-0.2378501,0.2484858,0.4863359108567238,0.009814326,2.4341836,0.10228944215729006,-4785156.25,7.171034e-06,7.0205644e-08,0.564777478195668,0.01002849506703165,/content/drive/MyDrive/N-MON/ALTRO/spectograms/MULTITONE-NARROW-40-20/21.npy,MULTITONE-NARROW-40-20
0.0013649511,-0.0013503239,0.60769725,0.4500221,0.6076988,-0.2200884,0.24866545,0.4687538594007492,0.00981716,2.3775978,-0.01937514172140643,-4785156.25,7.3909096e-06,7.430293e-08,0.5495382055162735,0.011909510257295274,/content/drive/MyDrive/N-MON/ALTRO/spectograms/MULTITONE-NARROW-40-20/22.npy,MULTITONE-NARROW-40-20
-0.0028443835,0.006286962,0.59101635,0.43641672,0.5910232,-0.25142595,0.2328971,0.48432305827736855,0.002905975,2.4449253,0.09030048496683728,-4785156.25,7.137596e-06,7.093613e-08,0.5647272556956202,0.00980822558749098,/content/drive/MyDrive/N-MON/ALTRO/spectograms/MULTITONE-NARROW-40-20/23.npy,MULTITONE-NARROW-40-20
-0.0047815028,-0.009471152,0.600033,0.44076917,0.600052,-0.22044271,0.21900016,0.43944286927580833,0.014625187,2.4301724,-0.020228136607048818,-4785156.25,7.5065964e-06,7.3577326e-08,0.5442777662732136,0.010640153141059296,/content/drive/MyDrive/N-MON/ALTRO/spectograms/MULTITONE-NARROW-40-20/24.npy,MULTITONE-NARROW-40-20
0.0045832023,-0.0013966381,0.60102296,0.44508496,0.6010404,-0.251357,0.2564456,0.5078025534749031,0.011568836,2.3960125,0.0328215936121453,-4785156.25,6.526888e-06,7.1048355e-08,0.5788209527526338,0.017656387665166407,/content/drive/MyDrive/N-MON/ALTRO/spectograms/MULTITONE-NARROW-40-20/25.npy,MULTITONE-NARROW-40-20
0.004398385,0.0060867085,0.60018444,0.4424135,0.60020053,-0.20481096,0.2482119,0.45302286371588707,-0.02386263,2.429333,-0.015011066657854798,-4785156.25,7.656388e-06,7.420208e-08,0.5459807439357865,0.010658339751419933,/content/drive/MyDrive/N-MON/ALTRO/spectograms/MULTITONE-NARROW-40-20/26.npy,MULTITONE-NARROW-40-20
-0.0014185421,-0.001424535,0.6048088,0.44722918,0.6048105,-0.2435901,0.21932814,0.4629182443022728,0.016784525,2.3895178,0.007445202516680339,-4785156.25,6.6602406e-06,7.286119e-08,0.5687807694977045,0.009879483239800162,/content/drive/MyDrive/N-MON/ALTRO/spectograms/MULTITONE-NARROW-40-20/27.npy,MULTITONE-NARROW-40-20
-0.006367115,-0.017055389,0.6049364,0.44906625,0.6049699,-0.25926816,0.25630048,0.5155686438083649,0.029204333,2.3837266,0.010890892318274992,-4785156.25,7.5269522e-06,7.263052e-08,0.5451840295816093,0.01014438181774851,/content/drive/MyDrive/N-MON/ALTRO/spectograms/MULTITONE-NARROW-40-20/28.npy,MULTITONE-NARROW-40-20
0.0015223,0.010199174,0.60483736,0.44510475,0.60483927,-0.22804849,0.22502865,0.45307713747024536,-0.0072982507,2.4076817,-0.031160140626168464,-4785156.25,6.675074e-06,7.214791e-08,0.5686863081690037,0.009834268034458728,/content/drive/MyDrive/N-MON/ALTRO/spectograms/MULTITONE-NARROW-40-20/29.npy,MULTITONE-NARROW-40-20
-0.0028485453,-0.009312039,0.60559326,0.4505315,0.6056,-0.2691459,0.27184248,0.5409883856773376,0.01794406,2.3791885,0.021166249105409086,-4785156.25,7.862082e-06,7.352516e-08,0.5424345084856461,0.010159630879401941,/content/drive/MyDrive/N-MON/ALTRO/spectograms/MULTITONE-NARROW-40-20/30.npy,MULTITONE-NARROW-40-20
-0.0030475724,-0.0014807247,0.5991475,0.4395067,0.59915525,-0.22015071,0.21733913,0.4374898262321949,0.007209944,2.4489062,-0.026109210634066692,-4785156.25,6.5279446e-06,7.265933e-08,0.5635458394595799,0.009821965968204008,/content/drive/MyDrive/N-MON/ALTRO/spectograms/MULTITONE-NARROW-40-20/31.npy,MULTITONE-NARROW-40-20
-0.0053630313,-0.009287309,0.59503627,0.4388197,0.59506047,-0.2514553,0.24066919,0.4921244867146015,0.017027928,2.4499044,0.041900971763132996,-4785156.25,7.911503e-06,7.249392e-08,0.5420691167388878,0.009123881957681757,/content/drive/MyDrive/N-MON/ALTRO/spectograms/MULTITONE-NARROW-40-20/32.npy,MULTITONE-NARROW-40-20
0.0004703183,-0.0013585419,0.601326,0.4423986,0.6013262,-0.22208574,0.21937121,0.44145695120096207,0.004270893,2.42366,-0.023795866493869455,-4785156.25,6.714043e-06,7.355682e-08,0.5615981967678889,0.009954257959748917,/content/drive/MyDrive/N-MON/ALTRO/spectograms/MULTITONE-NARROW-40-20/33.npy,MULTITONE-NARROW-40-20
-0.0040099174,-0.0014111192,0.60420996,0.4498661,0.60422325,-0.2748182,0.26422694,0.5390451401472092,0.016054915,2.3861735,0.03836880405301711,-4785156.25,7.7437535e-06,7.223537e-08,0.5472185749475719,0.009229531165795574,/content/drive/MyDrive/N-MON/ALTRO/spectograms/MULTITONE-NARROW-40-20/34.npy,MULTITONE-NARROW-40-20
0.0039808694,0.006271365,0.5998695,0.4400638,0.5998828,-0.23584738,0.22506173,0.4609091132879257,-0.0061737257,2.4399705,-0.01991344506321203,-4785156.25,6.463711e-06,7.3093005e-08,0.560069170401065,0.01035476611566845,/content/drive/MyDrive/N-MON/ALTRO/spectograms/MULTITONE-NARROW-40-20/35.npy,MULTITONE-NARROW-40-20
-0.0013210439,-0.009463593,0.59138477,0.4361659,0.59138626,-0.23603784,0.23264694,0.46868477761745453,0.028499896,2.4537272,0.06828938367876335,-4785156.25,7.838713e-06,7.183513e-08,0.5487282815014014,0.009432397522659845,/content/drive/MyDrive/N-MON/ALTRO/spectograms/MULTITONE-NARROW-40-20/36.npy,MULTITONE-NARROW-40-20
0.0026611597,-0.0014513012,0.6102531,0.45167664,0.6102589,-0.24366955,0.24071597,0.48438552394509315,0.0011611092,2.3721805,-0.03599633315890406,-4785156.25,6.7202704e-06,7.36023e-08,0.5657889292442293,0.011985700628760934,/content/drive/MyDrive/N-MON/ALTRO/spectograms/MULTITONE-NARROW-40-20/37.npy,MULTITONE-NARROW-40-20
0.0018997943,0.0063190646,0.59255767,0.43755108,0.5925607,-0.24369635,0.2426453,0.4863416440784931,-0.0017844476,2.4421399,0.06106563013723042,-4785156.25,7.675437e-06,7.150818e-08,0.5485419004779994,0.008080873205689907,/content/drive/MyDrive/N-MON/ALTRO/spectograms/MULTITONE-NARROW-40-20/38.npy,MULTITONE-NARROW-40-20
0.002218564,-0.0014795645,0.6109124,0.4522068,0.61091644,-0.25146058,0.2484598,0.49992039054632187,-0.0029697814,2.3668025,-0.05781224324021318,-4785156.25,6.967916e-06,7.429669e-08,0.5595725875557431,0.012232527360884758,/content/drive/MyDrive/N-MON/ALTRO/spectograms/MULTITONE-NARROW-40-20/39.npy,MULTITONE-NARROW-40-20
-0.009738275,-0.0095357625,0.5964118,0.44211704,0.59649134,-0.2516271,0.24832797,0.49995506554841995,0.015892724,2.4025266,0.07498225655548817,-4785156.25,7.221526e-06,7.0152424e-08,0.5731550756772708,0.02336862681549345,/content/drive/MyDrive/N-MON/ALTRO/spectograms/MULTITONE-NARROW-40-20/40.npy,MULTITONE-NARROW-40-20
-0.0032051161,-0.0094675785,0.60718554,0.448872,0.607194,-0.24385744,0.2326199,0.47647733986377716,0.022464436,2.391146,-0.02902015000966619,-4785156.25,6.886558e-06,7.431225e-08,0.554977427807886,0.01099370551540586,/content/drive/MyDrive/N-MON/ALTRO/spectograms/MULTITONE-NARROW-40-20/41.npy,MULTITONE-NARROW-40-20
-0.0030312457,-0.0013793863,0.59547925,0.44301268,0.595487,-0.2591462,0.24281229,0.5019585229456425,0.01389536,2.385142,0.10263230386584331,-4785156.25,7.1927257e-06,7.004297e-08,0.5580151176014387,0.008811527317095112,/content/drive/MyDrive/N-MON/ALTRO/spectograms/MULTITONE-NARROW-40-20/42.npy,MULTITONE-NARROW-40-20
0.0014880495,-0.0013438081,0.6036577,0.4457385,0.60365963,-0.23570544,0.23692937,0.47263480350375175,0.0075587262,2.407243,-0.005457869668820458,-4785156.25,6.8338272e-06,7.4233085e-08,0.5794502239279142,0.020856104443269442,/content/drive/MyDrive/N-MON/ALTRO/spectograms/MULTITONE-NARROW-40-20/43.npy,MULTITONE-NARROW-40-20
0.0023756837,-0.001570153,0.5978468,0.4434035,0.5978515,-0.24378061,0.2640469,0.507827527821064,0.011673829,2.3831265,0.0690790773886024,-4785156.25,7.5197804e-06,7.1381336e-08,0.5567982417342618,0.009259345434629161,/content/drive/MyDrive/N-MON/ALTRO/spectograms/MULTITONE-NARROW-40-20/44.npy,MULTITONE-NARROW-40-20
0.0051206467,0.006357383,0.604,0.44516388,0.6040217,-0.25140053,0.24071863,0.4921191558241844,0.004979117,2.3951087,-0.011754621582101287,-4785156.25,7.0857063e-06,7.3770664e-08,0.5466825151225767,0.010202970626830857,/content/drive/MyDrive/N-MON/ALTRO/spectograms/MULTITONE-NARROW-40-20/45.npy,MULTITONE-NARROW-40-20
0.00014763974,-0.0015440222,0.5959895,0.4411978,0.5959895,-0.24365065,0.24069148,0.48434213921427727,0.011037368,2.4025803,0.07495994825415396,-4785156.25,7.1391873e-06,7.041368e-08,0.5592790410259517,0.009362495762626452,/content/drive/MyDrive/N-MON/ALTRO/spectograms/MULTITONE-NARROW-40-20/46.npy,MULTITONE-NARROW-40-20
-2.3640037e-05,-0.0016382174,0.6011775,0.4423625,0.60117745,-0.22816226,0.22490057,0.4530628174543381,0.016988628,2.4286833,-0.023039284302561868,-4785156.25,7.271253e-06,7.439326e-08,0.5468755436056005,0.010171038495018362,/content/drive/MyDrive/N-MON/ALTRO/spectograms/MULTITONE-NARROW-40-20/47.npy,MULTITONE-NARROW-40-20
-0.0007173338,-0.0012841735,0.5986068,0.44436097,0.5986073,-0.24338706,0.25658637,0.49997342750430107,0.010052437,2.3894541,0.07542862559279749,-4785156.25,6.8112345e-06,7.091126e-08,0.5990698364500952,0.028385594941635523,/content/drive/MyDrive/N-MON/ALTRO/spectograms/MULTITONE-NARROW-40-20/48.npy,MULTITONE-NARROW-40-20
0.0022315842,-0.0016150621,0.60765594,0.44929847,0.60766006,-0.25166434,0.24831444,0.49997878074645996,-0.00096260686,2.377739,-0.009597385825894322,-4785156.25,7.355322e-06,7.325583e-08,0.5506796051239919,0.010790300595109043,/content/drive/MyDrive/N-MON/ALTRO/spectograms/MULTITONE-NARROW-40-20/49.npy,MULTITONE-NARROW-40-20
0.005772235,-0.0014348961,0.58931994,0.43452212,0.58934826,-0.23001862,0.25629354,0.486312136054039,0.007374255,2.443102,0.09255715642283567,-4785156.25,6.821866e-06,7.01966e-08,0.5632790049030587,0.008829211730306919,/content/drive/MyDrive/N-MON/ALTRO/spectograms/MULTITONE-NARROW-40-20/50.npy,MULTITONE-NARROW-40-20
-0.005201129,-0.0016054951,0.6094763,0.45125258,0.6094985,-0.2594233,0.21711361,0.47653691470623016,0.016092168,2.3740225,-0.03386235211033574,-4785156.25,7.398142e-06,7.394669e-08,0.5503181735606799,0.010903665813492263,/content/drive/MyDrive/N-MON/ALTRO/spectograms/MULTITONE-NARROW-40-20/51.npy,MULTITONE-NARROW-40-20
-0.0008506806,-0.0017578786,0.59668094,0.44125322,0.59668154,-0.25166893,0.23267472,0.48434367030858994,0.013979687,2.4097824,0.06861209168757819,-4785156.25,6.8544946e-06,7.08345e-08,0.5692004328549232,0.009927658819031513,/content/drive/MyDrive/N-MON/ALTRO/spectograms/MULTITONE-NARROW-40-20/52.npy,MULTITONE-NARROW-40-20
0.0074725645,0.0060743806,0.6131241,0.45684895,0.61316967,-0.24388768,0.25602978,0.49991747736930847,-0.012654565,2.3450377,-0.026678384494601148,-4785156.25,7.552617e-06,7.342294e-08,0.5476866934677703,0.01141829641903549,/content/drive/MyDrive/N-MON/ALTRO/spectograms/MULTITONE-NARROW-40-20/53.npy,MULTITONE-NARROW-40-20
0.000953748,-0.0013159674,0.59470254,0.43693018,0.5947033,-0.2142758,0.22525236,0.4395281784236431,0.00018413388,2.4477365,0.02895166684692706,-4785156.25,6.885894e-06,7.1426655e-08,0.5680825394536122,0.009237290645825413,/content/drive/MyDrive/N-MON/ALTRO/spectograms/MULTITONE-NARROW-40-20/54.npy,MULTITONE-NARROW-40-20
0.0035719804,0.006348543,0.6068669,0.45128298,0.60687745,-0.23580566,0.24850044,0.48430608212947845,-0.0064409003,2.375686,0.0012241349536478048,-4785156.25,7.45067e-06,7.416325e-08,0.5464358673442267,0.011025173859210584,/content/drive/MyDrive/N-MON/ALTRO/spectograms/MULTITONE-NARROW-40-20/55.npy,MULTITONE-NARROW-40-20
0.00056867936,0.00631384,0.59985775,0.44423798,0.599858,-0.24362263,0.2271133,0.47073594108223915,0.011172023,2.4085467,0.03973933542276141,-4785156.25,6.502814e-06,7.112896e-08,0.5676802992747569,0.009753363338407909,/content/drive/MyDrive/N-MON/ALTRO/spectograms/MULTITONE-NARROW-40-20/56.npy,MULTITONE-NARROW-40-20
-0.002943545,0.00606562,0.60691255,0.45001006,0.6069196,-0.24391188,0.21900746,0.46291933953762054,0.008759634,2.3810973,-0.0032159884186536807,-4785156.25,7.5611047e-06,7.3554595e-08,0.5576236679656719,0.020190178556969248,/content/drive/MyDrive/N-MON/ALTRO/spectograms/MULTITONE-NARROW-40-20/57.npy,MULTITONE-NARROW-40-20
-0.0010258746,-0.0015829946,0.60175633,0.44300747,0.60175717,-0.22230351,0.23278776,0.4550912566483021,0.00831184,2.418229,-0.003454096129438377,-4785156.25,6.562804e-06,7.154186e-08,0.5669556307060771,0.009401774718296273,/content/drive/MyDrive/N-MON/ALTRO/spectograms/MULTITONE-NARROW-40-20/58.npy,MULTITONE-NARROW-40-20
0.005474781,0.01384756,0.60563743,0.4501137,0.60566217,-0.25952128,0.25802863,0.5175499096512794,-0.011612891,2.3794906,0.021820505480165998,-4785156.25,7.533111e-06,7.247033e-08,0.5493396339378992,0.01731041268975586,/content/drive/MyDrive/N-MON/ALTRO/spectograms/MULTITONE-NARROW-40-20/59.npy,MULTITONE-NARROW-40-20
0.003969787,-0.0015310445,0.5952462,0.43701866,0.5952594,-0.23012319,0.22502726,0.45515045896172523,0.00809969,2.4421115,0.028111777713179065,-4785156.25,6.5791146e-06,7.1880706e-08,0.5627815810758412,0.01002588317207232,/content/drive/MyDrive/N-MON/ALTRO/spectograms/MULTITONE-NARROW-40-20/60.npy,MULTITONE-NARROW-40-20
-0.000274889,-0.0015389302,0.60519785,0.4477082,0.60519785,-0.24380621,0.25620997,0.5000161677598953,-0.0024257335,2.387773,0.01658344019021284,-4785156.25,7.650354e-06,7.232508e-08,0.5426504379193187,0.009957011606640209,/content/drive/MyDrive/N-MON/ALTRO/spectograms/MULTITONE-NARROW-40-20/61.npy,MULTITONE-NARROW-40-20
-0.003249157,-0.0014796469,0.6040455,0.44565898,0.6040543,-0.22809859,0.23284903,0.4609476253390312,0.0074744825,2.4037626,0.001623122545193801,-4785156.25,6.6805774e-06,7.154141e-08,0.5669565810776169,0.010228511224099058,/content/drive/MyDrive/N-MON/ALTRO/spectograms/MULTITONE-NARROW-40-20/62.npy,MULTITONE-NARROW-40-20
0.0040388256,-0.0014619343,0.6079854,0.45312464,0.6079988,-0.24558234,0.25633216,0.5019145011901855,-0.012063545,2.3722327,0.021245706565214618,-4785156.25,7.872465e-06,7.315985e-08,0.5484430003481039,0.010375603752888218,/content/drive/MyDrive/N-MON/ALTRO/spectograms/MULTITONE-NARROW-40-20/63.npy,MULTITONE-NARROW-40-20
0.005031513,0.006189378,0.6014886,0.4406629,0.60150963,-0.21251866,0.22495472,0.4374733939766884,-0.0020245363,2.4328427,-0.03686915761111832,-4785156.25,6.5612967e-06,7.249168e-08,0.5704796426089664,0.010786163802660276,/content/drive/MyDrive/N-MON/ALTRO/spectograms/MULTITONE-NARROW-40-20/64.npy,MULTITONE-NARROW-40-20
-0.0011155658,-0.0016108451,0.6042306,0.4490056,0.6042316,-0.25936225,0.2561863,0.5155485570430756,0.02101756,2.3841493,0.027812634895484457,-4785156.25,7.961706e-06,7.269196e-08,0.5448219629428903,0.01066661112215789,/content/drive/MyDrive/N-MON/ALTRO/spectograms/MULTITONE-NARROW-40-20/65.npy,MULTITONE-NARROW-40-20
-0.00018174494,-0.0016084325,0.61041474,0.45192677,0.61041474,-0.23596677,0.2405695,0.47653626278042793,0.018785289,2.3705978,-0.038076698118660116,-4785156.25,6.9018292e-06,7.4173926e-08,0.5704722469474584,0.011254472114188403,/content/drive/MyDrive/N-MON/ALTRO/spectograms/MULTITONE-NARROW-40-20/66.npy,MULTITONE-NARROW-40-20
0.0044019944,0.0062035723,0.6026837,0.4474093,0.60269976,-0.25939012,0.25621575,0.5156058818101883,0.017683165,2.394681,0.04004009148081687,-4785156.25,7.5591993e-06,7.1896565e-08,0.5500730082796226,0.009009640799330147,/content/drive/MyDrive/N-MON/ALTRO/spectograms/MULTITONE-NARROW-40-20/67.npy,MULTITONE-NARROW-40-20
0.004691589,0.006518689,0.602658,0.44331092,0.6026763,-0.23563363,0.24870834,0.48434195667505264,0.006410159,2.4181228,-0.026790818865587106,-4785156.25,6.6119474e-06,7.241982e-08,0.5633059742863663,0.011049651536607228,/content/drive/MyDrive/N-MON/ALTRO/spectograms/MULTITONE-NARROW-40-20/68.npy,MULTITONE-NARROW-40-20
0.0039012325,0.0062002605,0.59367174,0.43804502,0.5936845,-0.22227378,0.25625652,0.47853029146790504,-0.012344077,2.4485648,0.04913188091764807,-4785156.25,7.9421225e-06,7.271437e-08,0.5416742659518881,0.009533783313126017,/content/drive/MyDrive/N-MON/ALTRO/spectograms/MULTITONE-NARROW-40-20/69.npy,MULTITONE-NARROW-40-20
-0.0040468653,-0.009226848,0.6059638,0.44774246,0.60597736,-0.2358113,0.24070874,0.47652002424001694,0.008771355,2.406266,-0.03676774289650288,-4785156.25,6.669398e-06,7.303266e-08,0.5685357623972674,0.009694289475950597,/content/drive/MyDrive/N-MON/ALTRO/spectograms/MULTITONE-NARROW-40-20/70.npy,MULTITONE-NARROW-40-20
-0.0026015658,-0.0014374957,0.5999891,0.44571626,0.5999948,-0.2748327,0.2583442,0.53317691385746,0.010781537,2.3982084,0.06338614416878828,-4785156.25,7.637391e-06,7.211169e-08,0.5438353498074057,0.009566040591305678,/content/drive/MyDrive/N-MON/ALTRO/spectograms/MULTITONE-NARROW-40-20/71.npy,MULTITONE-NARROW-40-20
-0.0029759998,-0.009377578,0.6085793,0.45040363,0.60858655,-0.25156477,0.23284584,0.4844106137752533,0.040088765,2.382616,-0.029566612531685032,-4785156.25,6.5147915e-06,7.356624e-08,0.5628448309368295,0.01062284833738412,/content/drive/MyDrive/N-MON/ALTRO/spectograms/MULTITONE-NARROW-40-20/72.npy,MULTITONE-NARROW-40-20
-0.002595536,-0.0014936903,0.5985592,0.44275436,0.59856486,-0.2593083,0.24072054,0.5000288486480713,0.017592337,2.4141796,0.03496512474004186,-4785156.25,7.673774e-06,7.153844e-08,0.5459595681200261,0.010180007213545334,/content/drive/MyDrive/N-MON/ALTRO/spectograms/MULTITONE-NARROW-40-20/73.npy,MULTITONE-NARROW-40-20
1.1290312e-05,0.0063341428,0.6102104,0.45034987,0.6102104,-0.24366249,0.24073447,0.48439695686101913,0.004156561,2.370115,-0.049537054260088934,-4785156.25,6.8894474e-06,7.352216e-08,0.5617148233614035,0.010510346021308901,/content/drive/MyDrive/N-MON/ALTRO/spectograms/MULTITONE-NARROW-40-20/74.npy,MULTITONE-NARROW-40-20
-0.010007902,-0.009248138,0.6014031,0.44529888,0.60148644,-0.26696223,0.23289615,0.4998583570122719,0.033268873,2.4025815,0.036967112457485615,-4785156.25,7.488393e-06,7.1006326e-08,0.5470656427454278,0.00911099430855685,/content/drive/MyDrive/N-MON/ALTRO/spectograms/MULTITONE-NARROW-40-20/75.npy,MULTITONE-NARROW-40-20
0.002176581,-0.001406596,0.6090971,0.4502932,0.609101,-0.24557847,0.24075556,0.48633401095867157,-0.0014483382,2.3737137,-0.045373951729054465,-4785156.25,6.682993e-06,7.313029e-08,0.5623757546144136,0.010291830544895705,/content/drive/MyDrive/N-MON/ALTRO/spectograms/MULTITONE-NARROW-40-20/76.npy,MULTITONE-NARROW-40-20
0.004651721,-0.001486015,0.60365367,0.4481102,0.6036716,-0.25938135,0.28947416,0.5488555133342743,-0.0038124896,2.3728108,0.04395474250029961,-4785156.25,7.832152e-06,7.2480226e-08,0.5512652057977593,0.009680709762104795,/content/drive/MyDrive/N-MON/ALTRO/spectograms/MULTITONE-NARROW-40-20/77.npy,MULTITONE-NARROW-40-20
-0.0063255117,-0.001491395,0.60038525,0.44153407,0.60041857,-0.2436394,0.2250788,0.46871819347143173,0.018231023,2.4304569,-0.01724916191298499,-4785156.25,6.5684785e-06,7.3173716e-08,0.5597856211701473,0.010684070969170945,/content/drive/MyDrive/N-MON/ALTRO/spectograms/MULTITONE-NARROW-40-20/78.npy,MULTITONE-NARROW-40-20
0.0020382614,0.0022560356,0.59110117,0.4374451,0.5911047,-0.22818625,0.24051838,0.46870461851358414,0.001988535,2.455157,0.08302874234176359,-4785156.25,7.70172e-06,7.151661e-08,0.5791371708933617,0.027205781519328537,/content/drive/MyDrive/N-MON/ALTRO/spectograms/MULTITONE-NARROW-40-20/79.npy,MULTITONE-NARROW-40-20
-0.0033998315,-0.0013005591,0.6088171,0.4545962,0.60882664,-0.2591461,0.24083212,0.4999782033264637,0.022155702,2.3643913,0.021993011191742674,-4785156.25,6.4848487e-06,7.315715e-08,0.5630226128162064,0.010038051180512727,/content/drive/MyDrive/N-MON/ALTRO/spectograms/MULTITONE-NARROW-40-20/80.npy,MULTITONE-NARROW-40-20
-0.00043309783,-0.009305662,0.5955693,0.441284,0.5955695,-0.25930074,0.25627118,0.5155719295144081,0.009937227,2.4115362,0.07803740464100782,-4785156.25,7.703537e-06,7.096447e-08,0.5493644830770054,0.009474200628021666,/content/drive/MyDrive/N-MON/ALTRO/spectograms/MULTITONE-NARROW-40-20/81.npy,MULTITONE-NARROW-40-20
-0.0033641567,-0.0016107562,0.60735536,0.4479331,0.60736465,-0.25155166,0.24054891,0.4921005740761757,0.012278509,2.3846438,-0.04670078089529296,-4785156.25,6.5957947e-06,7.355891e-08,0.5623372827687264,0.010586475575686335,/content/drive/MyDrive/N-MON/ALTRO/spectograms/MULTITONE-NARROW-40-20/82.npy,MULTITONE-NARROW-40-20
0.0043084305,-0.0016088046,0.58937514,0.43402708,0.58939093,-0.24377248,0.24053568,0.4843081571161747,0.004334456,2.4683292,0.07044486642948376,-4785156.25,7.684261e-06,7.06402e-08,0.5467983701631398,0.008492602929422926,/content/drive/MyDrive/N-MON/ALTRO/spectograms/MULTITONE-NARROW-40-20/83.npy,MULTITONE-NARROW-40-20
0.002233233,-0.0014507426,0.6023565,0.44544116,0.60236067,-0.2592615,0.23293398,0.4921954609453678,0.012045975,2.4076612,0.012496036497001362,-4785156.25,6.654965e-06,7.3867795e-08,0.55847749563188,0.010634943249723923,/content/drive/MyDrive/N-MON/ALTRO/spectograms/MULTITONE-NARROW-40-20/84.npy,MULTITONE-NARROW-40-20
-0.0027166167,-0.0015249092,0.59440553,0.44095933,0.5944117,-0.25147328,0.24069242,0.4921656996011734,0.0029927434,2.4264588,0.07915205123895395,-4785156.25,7.6175484e-06,7.113888e-08,0.5487916631566673,0.009154557068662708,/content/drive/MyDrive/N-MON/ALTRO/spectograms/MULTITONE-NARROW-40-20/85.npy,MULTITONE-NARROW-40-20
0.00048213292,-0.0013319105,0.61046666,0.45166358,0.61046684,-0.243575,0.2486556,0.4922306127846241,-0.0026083442,2.3739238,-0.04262712525011127,-4785156.25,6.834951e-06,7.411239e-08,0.5658095559613117,0.019189666585989466,/content/drive/MyDrive/N-MON/ALTRO/spectograms/MULTITONE-NARROW-40-20/86.npy,MULTITONE-NARROW-40-20
0.009489334,0.006512345,0.59573805,0.44163156,0.59581363,-0.22004798,0.2642604,0.4843083992600441,-0.027041305,2.404105,0.07955961693627055,-4785156.25,7.4066834e-06,6.99538e-08,0.5487549058396985,0.0090010105655431,/content/drive/MyDrive/N-MON/ALTRO/spectograms/MULTITONE-NARROW-40-20/87.npy,MULTITONE-NARROW-40-20
-0.0045760004,-0.0016684127,0.6038021,0.4450705,0.60381943,-0.22817476,0.21707171,0.44524647668004036,0.008016156,2.407186,-0.017940029222050968,-4785156.25,6.9788825e-06,7.353669e-08,0.5533477384838381,0.010984104777701205,/content/drive/MyDrive/N-MON/ALTRO/spectograms/MULTITONE-NARROW-40-20/88.npy,MULTITONE-NARROW-40-20
-0.0023334634,-0.0015247308,0.6019595,0.4505098,0.601964,-0.27499133,0.2797011,0.5546924471855164,0.0013285924,2.356152,0.09327749980719689,-4785156.25,7.2543844e-06,7.140183e-08,0.6268110404403329,0.04200112070271313,/content/drive/MyDrive/N-MON/ALTRO/spectograms/MULTITONE-NARROW-40-20/89.npy,MULTITONE-NARROW-40-20
0.00042078018,0.006158732,0.6019667,0.4457077,0.6019668,-0.24578547,0.24053818,0.48632365465164185,-0.012140475,2.4131205,0.009029421232343949,-4785156.25,6.65767e-06,7.357555e-08,0.5546082026724026,0.010352987270193457,/content/drive/MyDrive/N-MON/ALTRO/spectograms/MULTITONE-NARROW-40-20/90.npy,MULTITONE-NARROW-40-20
-0.008295478,-0.008931476,0.59065026,0.43611652,0.5907085,-0.24333787,0.24108939,0.4844272583723068,0.028577408,2.4477267,0.08310637071576808,-4785156.25,7.5718526e-06,7.0530746e-08,0.5525301890295866,0.00910718875208486,/content/drive/MyDrive/N-MON/ALTRO/spectograms/MULTITONE-NARROW-40-20/91.npy,MULTITONE-NARROW-40-20
-4.3166638e-05,-0.001308505,0.6093655,0.45102468,0.6093655,-0.25134763,0.22522816,0.4765758067369461,0.011485692,2.3733137,-0.03564311352083939,-4785156.25,6.74783e-06,7.381782e-08,0.5571311380649728,0.011574780242535979,/content/drive/MyDrive/N-MON/ALTRO/spectograms/MULTITONE-NARROW-40-20/92.npy,MULTITONE-NARROW-40-20
-0.0037437747,-0.0014474154,0.5856026,0.43216363,0.58561456,-0.24360815,0.21732323,0.4609313830733299,0.0126190195,2.4669628,0.10361843509508338,-4785156.25,7.674501e-06,7.10971e-08,0.5522704853236935,0.008165936524026404,/content/drive/MyDrive/N-MON/ALTRO/spectograms/MULTITONE-NARROW-40-20/93.npy,MULTITONE-NARROW-40-20
-0.0041097137,-0.009703904,0.60698074,0.4488798,0.6069947,-0.23630317,0.24222691,0.47853007912635803,-0.0043809726,2.384468,-0.017105229575463576,-4785156.25,6.8362565e-06,7.360056e-08,0.556952104792686,0.010582503314751211,/content/drive/MyDrive/N-MON/ALTRO/spectograms/MULTITONE-NARROW-40-20/94.npy,MULTITONE-NARROW-40-20
0.0027143054,0.0063054846,0.5907751,0.43862957,0.59078133,-0.24365404,0.24849534,0.49214938655495644,0.0037989346,2.4142118,0.11601564137459773,-4785156.25,7.4874692e-06,7.03228e-08,0.5550719189869963,0.009088969701269916,/content/drive/MyDrive/N-MON/ALTRO/spectograms/MULTITONE-NARROW-40-20/95.npy,MULTITONE-NARROW-40-20
-0.0028963818,-0.001417483,0.6037215,0.44558257,0.6037285,-0.24355908,0.23495652,0.4785155989229679,0.007889806,2.4021883,0.00021247247176768916,-4785156.25,6.9549424e-06,7.432163e-08,0.5527542975199441,0.010849596696154318,/content/drive/MyDrive/N-MON/ALTRO/spectograms/MULTITONE-NARROW-40-20/96.npy,MULTITONE-NARROW-40-20
-0.008727411,-0.005542136,0.5895815,0.4367134,0.5896461,-0.2672776,0.23275243,0.5000300295650959,0.023274194,2.4296865,0.10373824312120826,-4785156.25,7.34607e-06,7.0371414e-08,0.6056289395330225,0.020155787484591674,/content/drive/MyDrive/N-MON/ALTRO/spectograms/MULTITONE-NARROW-40-20/97.npy,MULTITONE-NARROW-40-20
-0.00063035917,-0.0015072497,0.60900575,0.4501794,0.6090061,-0.2514632,0.2504739,0.501937098801136,0.014966662,2.3759496,-0.04436361618492336,-4785156.25,7.061649e-06,7.422229e-08,0.5516812493097364,0.011130937962934538,/content/drive/MyDrive/N-MON/ALTRO/spectograms/MULTITONE-NARROW-40-20/98.npy,MULTITONE-NARROW-40-20
0.003998504,0.0064466125,0.5950941,0.44063288,0.5951075,-0.2435442,0.25838056,0.5019247643649578,-0.01677582,2.4025059,0.07561752118802621,-4785156.25,7.561878e-06,7.086922e-08,0.5551689847765473,0.00870274524993776,/content/drive/MyDrive/N-MON/ALTRO/spectograms/MULTITONE-NARROW-40-20/99.npy,MULTITONE-NARROW-40-20
0.0024076537,-0.0014858234,0.60400915,0.4462862,0.6040139,-0.23584221,0.24069916,0.4765413664281368,0.0050984696,2.4055948,-0.004455948572042467,-4785156.25,6.8028794e-06,7.316271e-08,0.5515248125024459,0.01074940658739329,/content/drive/MyDrive/N-MON/ALTRO/spectograms/MULTITONE-NARROW-40-20/100.npy,MULTITONE-NARROW-40-20
-0.005289182,-0.00927332,0.58136183,0.42798984,0.58138585,-0.23588906,0.20945045,0.44533950835466385,0.02373262,2.4891908,0.09886950104595092,-4785156.25,7.1221757e-06,6.9624605e-08,0.5572051097380414,0.00922569333554895,/content/drive/MyDrive/N-MON/ALTRO/spectograms/MULTITONE-NARROW-40-20/101.npy,MULTITONE-NARROW-40-20
-0.0011754282,-0.009441519,0.6077827,0.45051646,0.60778385,-0.25944638,0.25811687,0.5175632387399673,0.010909632,2.3758712,-0.025959140136787916,-4785156.25,6.936788e-06,7.3545266e-08,0.5511959340337973,0.010943518638731291,/content/drive/MyDrive/N-MON/ALTRO/spectograms/MULTITONE-NARROW-40-20/102.npy,MULTITONE-NARROW-40-20
-0.0005376706,-0.001443486,0.5961789,0.44357106,0.59617907,-0.24364471,0.24070431,0.4843490310013294,7.5857597e-06,2.398352,0.08013424947469515,-4785156.25,7.344613e-06,6.9831884e-08,0.555189387319519,0.008382525837277624,/content/drive/MyDrive/N-MON/ALTRO/spectograms/MULTITONE-NARROW-40-20/103.npy,MULTITONE-NARROW-40-20
0.005974551,0.0062826984,0.60403675,0.44624463,0.6040663,-0.23777694,0.24072275,0.478499673306942,-0.010336531,2.411145,-0.028369267789790997,-4785156.25,6.953821e-06,7.3907955e-08,0.5501083892778825,0.010994704367374694,/content/drive/MyDrive/N-MON/ALTRO/spectograms/MULTITONE-NARROW-40-20/104.npy,MULTITONE-NARROW-40-20
0.00065795257,-0.0014331499,0.5899346,0.43590057,0.589935,-0.23587322,0.24851465,0.4843878746032715,-0.0010220145,2.4308887,0.10081848491018063,-4785156.25,7.3081915e-06,6.9858956e-08,0.5527333347282721,0.009285669454078046,/content/drive/MyDrive/N-MON/ALTRO/spectograms/MULTITONE-NARROW-40-20/105.npy,MULTITONE-NARROW-40-20
-0.00037232923,-0.0016724621,0.6078947,0.4494107,0.6078948,-0.23605287,0.23273245,0.4687853083014488,-0.00025090214,2.378742,-0.03363532069688814,-4785156.25,6.8358167e-06,7.3765754e-08,0.5541883387848032,0.011474997037733033,/content/drive/MyDrive/N-MON/ALTRO/spectograms/MULTITONE-NARROW-40-20/106.npy,MULTITONE-NARROW-40-20
0.0024029247,-0.0015138783,0.58987635,0.4360555,0.58988124,-0.22219363,0.28165996,0.5038535818457603,-0.0059800385,2.4203117,0.0918441493125036,-4785156.25,7.3102005e-06,6.9920176e-08,0.5562642162938597,0.008797330172613907,/content/drive/MyDrive/N-MON/ALTRO/spectograms/MULTITONE-NARROW-40-20/107.npy,MULTITONE-NARROW-40-20
-6.3471794e-06,-0.0014727628,0.60396636,0.44526854,0.60396636,-0.22801083,0.24856406,0.4765749052166939,-0.004695529,2.403309,-0.023977165592129823,-4785156.25,7.116684e-06,7.4264776e-08,0.555393390719347,0.011123212125463378,/content/drive/MyDrive/N-MON/ALTRO/spectograms/MULTITONE-NARROW-40-20/108.npy,MULTITONE-NARROW-40-20
0.0028463863,-0.0016456624,0.59793997,0.4458171,0.5979467,-0.2595116,0.25603837,0.5155499652028084,-0.010220667,2.38174,0.09806284205187664,-4785156.25,7.3045867e-06,7.0232545e-08,0.5596681169438411,0.010499532423334219,/content/drive/MyDrive/N-MON/ALTRO/spectograms/MULTITONE-NARROW-40-20/109.npy,MULTITONE-NARROW-40-20
0.0044362964,0.006254209,0.6035519,0.44508812,0.60356826,-0.22816776,0.2405843,0.46875205636024475,-0.0025067178,2.407797,-0.007661263532908202,-4785156.25,6.922191e-06,7.287112e-08,0.5559360556544553,0.010587385066338538,/content/drive/MyDrive/N-MON/ALTRO/spectograms/MULTITONE-NARROW-40-20/110.npy,MULTITONE-NARROW-40-20
0.002726133,-0.0014675239,0.58831984,0.432554,0.58832616,-0.23590884,0.24264479,0.478553619235754,-9.958978e-05,2.4458723,0.08335263956042548,-4785156.25,7.5734297e-06,7.035305e-08,0.5544474829996081,0.009338164675158812,/content/drive/MyDrive/N-MON/ALTRO/spectograms/MULTITONE-NARROW-40-20/111.npy,MULTITONE-NARROW-40-20
0.0039493307,-0.0015037279,0.6081708,0.45087454,0.60818356,-0.24369729,0.25626945,0.4999667555093765,0.0039380556,2.3732464,-0.008714754169629423,-4785156.25,6.9119224e-06,7.369894e-08,0.5518260915724195,0.011071854506337396,/content/drive/MyDrive/N-MON/ALTRO/spectograms/MULTITONE-NARROW-40-20/112.npy,MULTITONE-NARROW-40-20
-0.0051273042,-0.0015175042,0.5948803,0.44079286,0.59490234,-0.26711708,0.23484594,0.5019630342721939,0.01914589,2.3981934,0.07683268993842317,-4785156.25,7.156993e-06,6.97498e-08,0.5539225948626296,0.008338641267025739,/content/drive/MyDrive/N-MON/ALTRO/spectograms/MULTITONE-NARROW-40-20/113.npy,MULTITONE-NARROW-40-20
-0.0012302253,-0.0014338798,0.60213715,0.4444049,0.6021384,-0.25138676,0.2329051,0.484291885048151,0.020136304,2.4058497,-0.005264706692277642,-4785156.25,7.000441e-06,7.385581e-08,0.5488286757030848,0.01045523959923466,/content/drive/MyDrive/N-MON/ALTRO/spectograms/MULTITONE-NARROW-40-20/114.npy,MULTITONE-NARROW-40-20
0.0029484427,-0.0014120915,0.5915529,0.4382282,0.59156024,-0.23580198,0.26610103,0.5019030086696148,0.0021069772,2.410796,0.09910827729872983,-4785156.25,7.1168906e-06,6.9898704e-08,0.5557986850359468,0.009061084474754202,/content/drive/MyDrive/N-MON/ALTRO/spectograms/MULTITONE-NARROW-40-20/115.npy,MULTITONE-NARROW-40-20
-0.0035823768,-0.0017303291,0.6103711,0.45148712,0.6103816,-0.24385267,0.23269203,0.47654470801353455,0.013282157,2.3705633,-0.04961046410192006,-4785156.25,7.0401275e-06,7.356388e-08,0.5533406419351729,0.009968935360592684,/content/drive/MyDrive/N-MON/ALTRO/spectograms/MULTITONE-NARROW-40-20/116.npy,MULTITONE-NARROW-40-20
0.0014330783,-0.0015079512,0.5950976,0.4414144,0.5950994,-0.24364154,0.24852061,0.49216214939951897,0.008396106,2.3973162,0.07675041783592716,-4785156.25,7.2401144e-06,7.016156e-08,0.5575376431331434,0.009953960303824023,/content/drive/MyDrive/N-MON/ALTRO/spectograms/MULTITONE-NARROW-40-20/117.npy,MULTITONE-NARROW-40-20
0.009813082,0.0063870386,0.6123664,0.45338777,0.61244506,-0.2279874,0.25831434,0.4863017462193966,-0.021730151,2.351659,-0.04472035346015803,-4785156.25,6.9872726e-06,7.3631476e-08,0.5528262206743514,0.010792499722080164,/content/drive/MyDrive/N-MON/ALTRO/spectograms/MULTITONE-NARROW-40-20/118.npy,MULTITONE-NARROW-40-20
-0.00057378295,0.006333695,0.59146565,0.43928754,0.59146595,-0.25146005,0.24074444,0.4922044724225998,-0.011254556,2.4093678,0.1135472363689941,-4785156.25,7.505814e-06,7.066815e-08,0.5593056461628068,0.00905813419066044,/content/drive/MyDrive/N-MON/ALTRO/spectograms/MULTITONE-NARROW-40-20/119.npy,MULTITONE-NARROW-40-20
0.002289049,-0.0016336932,0.6108224,0.45334885,0.6108267,-0.2438246,0.26401415,0.5078387670218945,0.00607644,2.3568957,-0.020753151243376188,-4785156.25,6.8934924e-06,7.409784e-08,0.5557021542062965,0.012361008111429449,/content/drive/MyDrive/N-MON/ALTRO/spectograms/MULTITONE-NARROW-40-20/120.npy,MULTITONE-NARROW-40-20
0.0029158634,-0.0016029351,0.5878435,0.4355387,0.58785075,-0.2280958,0.2561978,0.4842936061322689,0.008886331,2.4433005,0.11893307112412087,-4785156.25,7.3818405e-06,7.001017e-08,0.5573600274506252,0.009749960340704923,/content/drive/MyDrive/N-MON/ALTRO/spectograms/MULTITONE-NARROW-40-20/121.npy,MULTITONE-NARROW-40-20
0.0006512444,-0.0014444618,0.6152554,0.45995513,0.6152557,-0.25347608,0.2796768,0.5331528708338737,0.00207533,2.3305771,-0.020467501707044932,-4785156.25,7.0392157e-06,7.479257e-08,0.5745909857217998,0.026224963341349623,/content/drive/MyDrive/N-MON/ALTRO/spectograms/MULTITONE-NARROW-40-20/122.npy,MULTITONE-NARROW-40-20
0.00022216844,-0.0015647623,0.58921075,0.43707812,0.58921087,-0.23789856,0.24056612,0.47846468165516853,0.010213613,2.4355302,0.12340877911289093,-4785156.25,7.37014e-06,6.9657126e-08,0.5563421612994417,0.009697069437624009,/content/drive/MyDrive/N-MON/ALTRO/spectograms/MULTITONE-NARROW-40-20/123.npy,MULTITONE-NARROW-40-20
0.0036334905,-0.009282007,0.6137831,0.45776698,0.6137939,-0.24372575,0.2875696,0.5312953591346741,0.0026741466,2.333055,-0.0028443012115887505,-4785156.25,7.115302e-06,7.489821e-08,0.5591655811514813,0.011999991635322725,/content/drive/MyDrive/N-MON/ALTRO/spectograms/MULTITONE-NARROW-40-20/124.npy,MULTITONE-NARROW-40-20
-0.0055019297,-0.0014723637,0.58722794,0.43277034,0.5872537,-0.2455301,0.24079143,0.4863215312361717,0.017936664,2.453436,0.088394213231039,-4785156.25,7.7346895e-06,6.9853854e-08,0.5532461212075698,0.009529335035796664,/content/drive/MyDrive/N-MON/ALTRO/spectograms/MULTITONE-NARROW-40-20/125.npy,MULTITONE-NARROW-40-20
9.554398e-05,0.0062827915,0.60393155,0.44611946,0.60393155,-0.24367723,0.24846865,0.4921458885073662,-0.007473241,2.4021845,-0.019387246141491354,-4785156.25,6.9830294e-06,7.4053e-08,0.5517457143684905,0.010322944121367597,/content/drive/MyDrive/N-MON/ALTRO/spectograms/MULTITONE-NARROW-40-20/126.npy,MULTITONE-NARROW-40-20
-0.00024282408,-0.0055429097,0.5875038,0.43463817,0.58750385,-0.25161022,0.25034112,0.5019513331353664,0.0042729923,2.4443161,0.11883637296318016,-4785156.25,7.3845085e-06,7.073666e-08,0.5506933264821843,0.00897809420019828,/content/drive/MyDrive/N-MON/ALTRO/spectograms/MULTITONE-NARROW-40-20/127.npy,MULTITONE-NARROW-40-20
0.002418578,-0.0015861003,0.6040732,0.44604182,0.6040781,-0.23594806,0.24058352,0.47653157263994217,0.014741081,2.4057386,-0.009911615638576465,-4785156.25,7.0935193e-06,7.4432364e-08,0.5525753763367578,0.010533751214046011,/content/drive/MyDrive/N-MON/ALTRO/spectograms/MULTITONE-NARROW-40-20/128.npy,MULTITONE-NARROW-40-20
0.003307876,0.006272552,0.5944903,0.4412759,0.59449947,-0.23587856,0.26400733,0.4998858980834484,-0.01006369,2.4109757,0.08222453206266588,-4785156.25,7.5078756e-06,6.963845e-08,0.5520500017074252,0.008766670242846681,/content/drive/MyDrive/N-MON/ALTRO/spectograms/MULTITONE-NARROW-40-20/129.npy,MULTITONE-NARROW-40-20
0.0050551235,0.0062094424,0.61095387,0.45057446,0.6109748,-0.23585978,0.24062896,0.47648872807621956,0.0020672076,2.3684669,-0.06755548914451483,-4785156.25,6.8893924e-06,7.356587e-08,0.5553343923961843,0.010944475649180753,/content/drive/MyDrive/N-MON/ALTRO/spectograms/MULTITONE-NARROW-40-20/130.npy,MULTITONE-NARROW-40-20
-0.004185004,-0.0016255528,0.5916274,0.4397385,0.5916422,-0.26717234,0.2483882,0.5155605338513851,0.01852004,2.4235737,0.11137628945348409,-4785156.25,7.636648e-06,7.1001054e-08,0.5505251855203841,0.009277080480724178,/content/drive/MyDrive/N-MON/ALTRO/spectograms/MULTITONE-NARROW-40-20/131.npy,MULTITONE-NARROW-40-20
-0.0030313649,-0.009089871,0.604396,0.44567916,0.6044036,-0.24346206,0.21943909,0.46290115639567375,0.027173476,2.398689,-0.005700062384080284,-4785156.25,6.8044396e-06,7.3217066e-08,0.5533195300776714,0.010624360114437936,/content/drive/MyDrive/N-MON/ALTRO/spectograms/MULTITONE-NARROW-40-20/132.npy,MULTITONE-NARROW-40-20
0.006741392,0.00629248,0.58802396,0.43399325,0.5880626,-0.22804719,0.26413894,0.49218612536787987,-0.007842181,2.4476843,0.09458654482604599,-4785156.25,7.5810376e-06,7.12797e-08,0.5521712300447245,0.00908155620445543,/content/drive/MyDrive/N-MON/ALTRO/spectograms/MULTITONE-NARROW-40-20/133.npy,MULTITONE-NARROW-40-20
0.002816628,0.0063669705,0.6000929,0.44186687,0.6000995,-0.22805962,0.24847737,0.47653698548674583,-0.020554451,2.416519,0.009997422448525185,-4785156.25,6.714513e-06,7.3138615e-08,0.5612603204622479,0.011220700054482328,/content/drive/MyDrive/N-MON/ALTRO/spectograms/MULTITONE-NARROW-40-20/134.npy,MULTITONE-NARROW-40-20
-0.0002781594,0.006412584,0.5923629,0.43634167,0.59236294,-0.22795647,0.24084114,0.46879760548472404,0.01005586,2.4472983,0.0492781212250709,-4785156.25,7.4942172e-06,7.022699e-08,0.5514067201988275,0.009131970421696362,/content/drive/MyDrive/N-MON/ALTRO/spectograms/MULTITONE-NARROW-40-20/135.npy,MULTITONE-NARROW-40-20
-0.0033005157,-0.0016275689,0.6050795,0.446883,0.6050884,-0.25156173,0.2250092,0.4765709303319454,0.01238314,2.3923182,-0.009173636150651043,-4785156.25,6.7740384e-06,7.394888e-08,0.5584086617579905,0.010498713592691417,/content/drive/MyDrive/N-MON/ALTRO/spectograms/MULTITONE-NARROW-40-20/136.npy,MULTITONE-NARROW-40-20
0.006113839,0.0062394487,0.5981839,0.44359514,0.59821516,-0.23594978,0.25625718,0.49220695719122887,-0.010661016,2.4040267,0.06355556517449822,-4785156.25,7.798581e-06,7.0857624e-08,0.5516588392801601,0.009237308505847147,/content/drive/MyDrive/N-MON/ALTRO/spectograms/MULTITONE-NARROW-40-20/137.npy,MULTITONE-NARROW-40-20
0.002699226,0.006248423,0.6088923,0.45072693,0.6088983,-0.25933778,0.2484651,0.5078028924763203,0.007833339,2.3771155,-0.03508873617908849,-4785156.25,6.81187e-06,7.381564e-08,0.5643945756524371,0.010144922639638763,/content/drive/MyDrive/N-MON/ALTRO/spectograms/MULTITONE-NARROW-40-20/138.npy,MULTITONE-NARROW-40-20
-0.0065377224,-0.00941688,0.593115,0.4398269,0.59315103,-0.2535553,0.23282859,0.48638390377163887,0.019798,2.4257214,0.08986841324414195,-4785156.25,7.2145444e-06,7.104595e-08,0.5620576289397555,0.022151470419006763,/content/drive/MyDrive/N-MON/ALTRO/spectograms/MULTITONE-NARROW-40-20/139.npy,MULTITONE-NARROW-40-20
-0.00067626283,-0.0014391837,0.61291605,0.4542545,0.6129164,-0.2534347,0.2407088,0.4941434822976589,0.0028027734,2.3611171,-0.052181738857188034,-4785156.25,6.5522386e-06,7.374941e-08,0.5645718496419863,0.01087119488948832,/content/drive/MyDrive/N-MON/ALTRO/spectograms/MULTITONE-NARROW-40-20/140.npy,MULTITONE-NARROW-40-20
-0.00023533677,-0.0013697774,0.5926318,0.43810388,0.5926318,-0.25134298,0.27205855,0.5234015360474586,0.0075945146,2.4347901,0.07989940479940826,-4785156.25,7.68639e-06,7.15026e-08,0.5466465651020991,0.009228244413429808,/content/drive/MyDrive/N-MON/ALTRO/spectograms/MULTITONE-NARROW-40-20/141.npy,MULTITONE-NARROW-40-20
-0.010141939,-0.009141285,0.602212,0.44441426,0.6022974,-0.2454789,0.22528748,0.4707663767039776,0.029664349,2.419706,-0.0017392592030313174,-4785156.25,6.8259856e-06,7.397965e-08,0.5601574841367877,0.010360263218921945,/content/drive/MyDrive/N-MON/ALTRO/spectograms/MULTITONE-NARROW-40-20/142.npy,MULTITONE-NARROW-40-20
0.0059274957,0.0064542117,0.60092854,0.44564974,0.60095775,-0.2533759,0.2661533,0.5195292010903358,-0.006549806,2.3974369,0.04443987580587093,-4785156.25,7.5694015e-06,7.0532494e-08,0.5467826931807545,0.008848615120404961,/content/drive/MyDrive/N-MON/ALTRO/spectograms/MULTITONE-NARROW-40-20/143.npy,MULTITONE-NARROW-40-20
0.002153525,-0.0015153855,0.6050263,0.44652203,0.6050301,-0.23590417,0.23286045,0.46876461803913116,0.0046244105,2.3951857,-0.014712929819053266,-4785156.25,6.801068e-06,7.3003655e-08,0.5607708613458153,0.010410560223092061,/content/drive/MyDrive/N-MON/ALTRO/spectograms/MULTITONE-NARROW-40-20/144.npy,MULTITONE-NARROW-40-20
-0.00270857,-0.001499245,0.5939142,0.43884045,0.5939204,-0.25341153,0.22506694,0.47847846522927284,0.023488492,2.4438214,0.05939181803592396,-4785156.25,7.6525e-06,7.169439e-08,0.5419291641627091,0.009296165562625571,/content/drive/MyDrive/N-MON/ALTRO/spectograms/MULTITONE-NARROW-40-20/145.npy,MULTITONE-NARROW-40-20
0.00046204327,-0.0012159285,0.60505843,0.44600305,0.6050586,-0.23758423,0.23311289,0.4706971123814583,0.008006125,2.4053233,-0.012987958672520016,-4785156.25,6.5293702e-06,7.235435e-08,0.5645028356386093,0.010025032192255373,/content/drive/MyDrive/N-MON/ALTRO/spectograms/MULTITONE-NARROW-40-20/146.npy,MULTITONE-NARROW-40-20
0.003710526,0.0063045463,0.59436667,0.43778083,0.5943783,-0.23582917,0.24068277,0.4765119403600693,-0.012483218,2.4549932,0.041699492300703564,-4785156.25,7.971823e-06,7.213117e-08,0.54326927004183,0.009396394432384967,/content/drive/MyDrive/N-MON/ALTRO/spectograms/MULTITONE-NARROW-40-20/147.npy,MULTITONE-NARROW-40-20
0.007248396,-0.0012973566,0.599693,0.4416264,0.59973675,-0.21233936,0.23305422,0.4453935772180557,0.011479957,2.4376955,-0.008025769180865738,-4785156.25,6.6755133e-06,7.315193e-08,0.5669159613200848,0.010434429373670884,/content/drive/MyDrive/N-MON/ALTRO/spectograms/MULTITONE-NARROW-40-20/148.npy,MULTITONE-NARROW-40-20
-0.005663531,-0.009598047,0.6058184,0.44998512,0.6058449,-0.29081714,0.25602576,0.5468429252505302,0.016913796,2.3738399,0.023953856113237627,-4785156.25,7.529138e-06,7.297905e-08,0.5456493767594139,0.012892882370188772,/content/drive/MyDrive/N-MON/ALTRO/spectograms/MULTITONE-NARROW-40-20/149.npy,MULTITONE-NARROW-40-20
0.0034178586,-0.0014024184,0.60331476,0.4457345,0.6033245,-0.23578897,0.24078658,0.4765755422413349,0.011713935,2.4106688,-0.0001475348767209332,-4785156.25,6.498762e-06,7.206812e-08,0.56798358916778,0.009898847550206544,/content/drive/MyDrive/N-MON/ALTRO/spectograms/MULTITONE-NARROW-40-20/150.npy,MULTITONE-NARROW-40-20
-0.006109067,-0.0017420191,0.5995147,0.442934,0.59954584,-0.2672915,0.22481659,0.4921080879867077,0.03463683,2.4178324,0.028910489174996157,-4785156.25,7.552337e-06,7.1995494e-08,0.5460878904573647,0.01030444517053432,/content/drive/MyDrive/N-MON/ALTRO/spectograms/MULTITONE-NARROW-40-20/151.npy,MULTITONE-NARROW-40-20
-0.003475702,-0.0014308835,0.5966971,0.43963465,0.5967073,-0.2279732,0.22717005,0.4551432430744171,0.00806266,2.4444978,0.028666639949894147,-4785156.25,6.2908534e-06,7.269945e-08,0.6074642903063008,0.026232638912584278,/content/drive/MyDrive/N-MON/ALTRO/spectograms/MULTITONE-NARROW-40-20/152.npy,MULTITONE-NARROW-40-20
-0.00037856866,-0.0014333664,0.5983493,0.4424404,0.5983494,-0.24364556,0.25634578,0.4999913312494755,-0.0022903571,2.420482,0.033379855256620114,-4785156.25,7.66268e-06,7.286494e-08,0.5471125417234541,0.010402774372249247,/content/drive/MyDrive/N-MON/ALTRO/spectograms/MULTITONE-NARROW-40-20/153.npy,MULTITONE-NARROW-40-20
-0.0030918764,-0.0013429429,0.5952175,0.4361425,0.5952255,-0.22012383,0.21740502,0.4375288374722004,0.00037441522,2.4508371,0.0032375425383105345,-4785156.25,6.4161345e-06,7.104388e-08,0.566071805818197,0.009907135170438123,/content/drive/MyDrive/N-MON/ALTRO/spectograms/MULTITONE-NARROW-40-20/154.npy,MULTITONE-NARROW-40-20
8.45921e-05,-0.0014978745,0.5995535,0.44285852,0.5995535,-0.24375907,0.24837959,0.49213864654302597,-0.011265329,2.4164116,0.03189080391734121,-4785156.25,7.5442567e-06,7.296243e-08,0.5442947058146128,0.010248053836878846,/content/drive/MyDrive/N-MON/ALTRO/spectograms/MULTITONE-NARROW-40-20/155.npy,MULTITONE-NARROW-40-20
0.0017511296,0.0063219853,0.5981585,0.44069177,0.5981611,-0.23001711,0.2114611,0.4414782002568245,0.0014469647,2.4385633,0.008972305936430714,-4785156.25,6.746815e-06,7.193775e-08,0.5675973661826439,0.008927786289670203,/content/drive/MyDrive/N-MON/ALTRO/spectograms/MULTITONE-NARROW-40-20/156.npy,MULTITONE-NARROW-40-20
0.000780071,-0.0013777891,0.60383755,0.44856933,0.603838,-0.25138545,0.25056314,0.5019485875964165,0.001237694,2.3838105,0.029231953468879957,-4785156.25,7.5358344e-06,7.314179e-08,0.5438197443055273,0.010490803814290479,/content/drive/MyDrive/N-MON/ALTRO/spectograms/MULTITONE-NARROW-40-20/157.npy,MULTITONE-NARROW-40-20
-0.003358178,-0.0014885212,0.59304535,0.43692523,0.5930549,-0.24369466,0.21724546,0.4609401375055313,0.011509574,2.4579618,0.04424244587938363,-4785156.25,6.641224e-06,7.10337e-08,0.5656148562392733,0.009668650379609942,/content/drive/MyDrive/N-MON/ALTRO/spectograms/MULTITONE-NARROW-40-20/158.npy,MULTITONE-NARROW-40-20
0.0049896888,-0.0016395922,0.60860866,0.45164916,0.60862905,-0.23600437,0.27369282,0.5096971951425076,-0.0011457232,2.3694587,-0.005316514727152232,-4785156.25,7.607263e-06,7.337994e-08,0.5451287163998391,0.009832627042154946,/content/drive/MyDrive/N-MON/ALTRO/spectograms/MULTITONE-NARROW-40-20/159.npy,MULTITONE-NARROW-40-20
-0.0019484973,-0.0091655385,0.59711444,0.44009715,0.5971176,-0.22790429,0.24861811,0.47652240470051765,0.009501711,2.413998,0.048861628739993765,-4785156.25,6.694013e-06,7.0018245e-08,0.5652380592220094,0.009689553494219382,/content/drive/MyDrive/N-MON/ALTRO/spectograms/MULTITONE-NARROW-40-20/160.npy,MULTITONE-NARROW-40-20
-0.00468983,-0.0091211805,0.5993671,0.44165206,0.5993854,-0.24349652,0.21745324,0.46094977110624313,0.02118208,2.4259322,0.016034360355194777,-4785156.25,7.360058e-06,7.246679e-08,0.5441134595748269,0.010552250314839584,/content/drive/MyDrive/N-MON/ALTRO/spectograms/MULTITONE-NARROW-40-20/161.npy,MULTITONE-NARROW-40-20
0.00046948815,0.0063701225,0.59749424,0.4423421,0.59749436,-0.24559969,0.23299818,0.47859786450862885,-0.0067886305,2.4075062,0.06383419279381806,-4785156.25,6.738136e-06,7.0067344e-08,0.5666019882171773,0.009459245787203039,/content/drive/MyDrive/N-MON/ALTRO/spectograms/MULTITONE-NARROW-40-20/162.npy,MULTITONE-NARROW-40-20
-0.0011494696,-0.0013744852,0.6075284,0.44999084,0.60752946,-0.24361822,0.25642085,0.5000390931963921,0.0039035294,2.377188,-0.016161218938749344,-4785156.25,7.25248e-06,7.3139475e-08,0.5537656714516948,0.010582127544042636,/content/drive/MyDrive/N-MON/ALTRO/spectograms/MULTITONE-NARROW-40-20/163.npy,MULTITONE-NARROW-40-20
0.0012826858,0.014008775,0.59487516,0.4398827,0.5948766,-0.26720136,0.2426235,0.509824875742197,-0.0073333285,2.4171972,0.049481487562249224,-4785156.25,7.1244554e-06,7.061969e-08,0.5666322530930094,0.009727706676343833,/content/drive/MyDrive/N-MON/ALTRO/spectograms/MULTITONE-NARROW-40-20/164.npy,MULTITONE-NARROW-40-20
0.0026619537,-0.0015643383,0.5983493,0.44272006,0.59835523,-0.2223042,0.2328157,0.45511989295482635,-0.0026251122,2.4280083,0.028906174540581076,-4785156.25,7.1446752e-06,7.375402e-08,0.5482934136308201,0.010595912047016803,/content/drive/MyDrive/N-MON/ALTRO/spectograms/MULTITONE-NARROW-40-20/165.npy,MULTITONE-NARROW-40-20
-0.00071001553,-0.0015891003,0.5857118,0.43107936,0.58571225,-0.23595858,0.23269527,0.4686538390815258,0.012640623,2.4719179,0.08932032133891342,-4785156.25,7.0559613e-06,7.0416085e-08,0.5769764468588978,0.024787283114867567,/content/drive/MyDrive/N-MON/ALTRO/spectograms/MULTITONE-NARROW-40-20/166.npy,MULTITONE-NARROW-40-20
0.00027076673,-0.0015735831,0.59985715,0.44270122,0.5998573,-0.23596801,0.24064061,0.47660862281918526,-0.004477929,2.419148,0.014112619553393258,-4785156.25,7.0406777e-06,7.3504864e-08,0.5462728351933965,0.010882870008102084,/content/drive/MyDrive/N-MON/ALTRO/spectograms/MULTITONE-NARROW-40-20/167.npy,MULTITONE-NARROW-40-20
-0.0057979757,-0.005260065,0.58208674,0.42852414,0.5821156,-0.25912628,0.21157087,0.47069716081023216,0.023350324,2.4727867,0.12172416129361606,-4785156.25,7.2051075e-06,6.950616e-08,0.55894937096189,0.008394496366596393,/content/drive/MyDrive/N-MON/ALTRO/spectograms/MULTITONE-NARROW-40-20/168.npy,MULTITONE-NARROW-40-20
0.0009120059,-0.0054806857,0.605793,0.4495175,0.6057937,-0.23594485,0.25822747,0.4941723048686981,0.012550305,2.3794687,0.0008933565237868486,-4785156.25,6.9606444e-06,7.324308e-08,0.5525052038160652,0.01133448196075571,/content/drive/MyDrive/N-MON/ALTRO/spectograms/MULTITONE-NARROW-40-20/169.npy,MULTITONE-NARROW-40-20
-0.006485467,-0.009289078,0.5877684,0.4342919,0.58780414,-0.25141898,0.23490776,0.4863267354667187,0.022691388,2.4440331,0.08798177823527618,-4785156.25,7.4463687e-06,7.0022054e-08,0.5534595216669083,0.00941215477270731,/content/drive/MyDrive/N-MON/ALTRO/spectograms/MULTITONE-NARROW-40-20/170.npy,MULTITONE-NARROW-40-20
-0.00030689978,-0.009351542,0.60086924,0.44380286,0.6008693,-0.23593466,0.24254666,0.47848131507635117,0.014635221,2.4183867,0.007124233798994396,-4785156.25,6.7828228e-06,7.310814e-08,0.5506064875754806,0.010835192150097418,/content/drive/MyDrive/N-MON/ALTRO/spectograms/MULTITONE-NARROW-40-20/171.npy,MULTITONE-NARROW-40-20
-0.0036852693,-0.009269411,0.59091115,0.43619606,0.59092265,-0.23587348,0.22502398,0.46089746057987213,0.01574914,2.4330437,0.0828433006436081,-4785156.25,7.5417292e-06,7.0246806e-08,0.5543816846404579,0.009354150305568368,/content/drive/MyDrive/N-MON/ALTRO/spectograms/MULTITONE-NARROW-40-20/172.npy,MULTITONE-NARROW-40-20
-0.0011382313,-0.0015287192,0.607027,0.44803008,0.60702807,-0.2437449,0.22698629,0.4707311876118183,0.016425641,2.3903978,-0.03927904087792834,-4785156.25,7.081952e-06,7.3934494e-08,0.5548099243228616,0.010924614262176635,/content/drive/MyDrive/N-MON/ALTRO/spectograms/MULTITONE-NARROW-40-20/173.npy,MULTITONE-NARROW-40-20
-0.00039078045,-0.0018723544,0.58717,0.43512705,0.5871701,-0.2518904,0.24816813,0.5000585205852985,0.003494515,2.4418664,0.12334690738620933,-4785156.25,7.4891987e-06,6.9367545e-08,0.5510124566749002,0.008920090230505147,/content/drive/MyDrive/N-MON/ALTRO/spectograms/MULTITONE-NARROW-40-20/174.npy,MULTITONE-NARROW-40-20
-0.0049848813,-0.0016608746,0.6090191,0.45057312,0.6090395,-0.25937173,0.23474976,0.4941214993596077,0.008669604,2.3733292,-0.034704865702602686,-4785156.25,6.801146e-06,7.403834e-08,0.5558769489146275,0.010489149870264945,/content/drive/MyDrive/N-MON/ALTRO/spectograms/MULTITONE-NARROW-40-20/175.npy,MULTITONE-NARROW-40-20
0.0054418654,0.0062630423,0.5915253,0.43716392,0.5915504,-0.22218642,0.2640729,0.486259289085865,-0.0064571197,2.4231806,0.09345791887926401,-4785156.25,7.5610974e-06,7.070696e-08,0.550508150465945,0.008011510919957878,/content/drive/MyDrive/N-MON/ALTRO/spectograms/MULTITONE-NARROW-40-20/176.npy,MULTITONE-NARROW-40-20
-0.0073121227,-0.013331648,0.60379463,0.4457827,0.60383886,-0.25938612,0.21913044,0.4785165786743164,0.037604544,2.4058433,-0.016943483511184475,-4785156.25,6.557727e-06,7.23398e-08,0.559823329568852,0.010564487480701785,/content/drive/MyDrive/N-MON/ALTRO/spectograms/MULTITONE-NARROW-40-20/177.npy,MULTITONE-NARROW-40-20
-0.0038333754,-0.001325831,0.59571654,0.44290912,0.5957288,-0.28268218,0.23495354,0.517635703086853,0.014026633,2.408126,0.08201087517086224,-4785156.25,7.558737e-06,7.059257e-08,0.5543076575143919,0.008755708467185104,/content/drive/MyDrive/N-MON/ALTRO/spectograms/MULTITONE-NARROW-40-20/178.npy,MULTITONE-NARROW-40-20
0.0024943524,-0.0014945534,0.60847634,0.4493111,0.60848147,-0.2378577,0.25826144,0.4961191602051258,0.00034816813,2.3776517,-0.03834647377532642,-4785156.25,6.5615372e-06,7.2816455e-08,0.5614139837272136,0.01030805692246324,/content/drive/MyDrive/N-MON/ALTRO/spectograms/MULTITONE-NARROW-40-20/179.npy,MULTITONE-NARROW-40-20
0.0014579091,0.0061167055,0.5965992,0.4413692,0.596601,-0.24381769,0.25029632,0.4941140152513981,-0.010594361,2.4189136,0.053270347048882324,-4785156.25,7.807963e-06,7.139857e-08,0.5515031172871476,0.009856481197421368,/content/drive/MyDrive/N-MON/ALTRO/spectograms/MULTITONE-NARROW-40-20/180.npy,MULTITONE-NARROW-40-20
-0.005572726,-0.009194892,0.6081027,0.45298034,0.6081282,-0.27486533,0.23292656,0.5077919103205204,0.020089585,2.3781247,-0.0038403956804550325,-4785156.25,6.6239413e-06,7.305003e-08,0.5657437309071492,0.010706001392155044,/content/drive/MyDrive/N-MON/ALTRO/spectograms/MULTITONE-NARROW-40-20/181.npy,MULTITONE-NARROW-40-20
0.006046903,0.006360707,0.5876403,0.43335527,0.5876714,-0.22800952,0.25628775,0.4842972606420517,-0.015946947,2.4774842,0.09450969433385291,-4785156.25,7.718717e-06,7.1029355e-08,0.5487827539499239,0.00941694145453702,/content/drive/MyDrive/N-MON/ALTRO/spectograms/MULTITONE-NARROW-40-20/182.npy,MULTITONE-NARROW-40-20
0.0034115638,0.006079912,0.5986892,0.43890637,0.5986989,-0.21261875,0.22492094,0.4375396966934204,-0.0015582201,2.442568,-0.0061713227397125585,-4785156.25,6.6296707e-06,7.2696864e-08,0.5602721149010272,0.010093540052872657,/content/drive/MyDrive/N-MON/ALTRO/spectograms/MULTITONE-NARROW-40-20/183.npy,MULTITONE-NARROW-40-20
-0.0008554809,-0.001392514,0.59496367,0.44041562,0.59496427,-0.25910267,0.23300731,0.4921099841594696,0.030233055,2.4398656,0.06586960465057055,-4785156.25,7.782713e-06,7.1775034e-08,0.5437103835931736,0.009284646965222246,/content/drive/MyDrive/N-MON/ALTRO/spectograms/MULTITONE-NARROW-40-20/184.npy,MULTITONE-NARROW-40-20
2.7876376e-05,-0.0012133294,0.6002213,0.44251198,0.6002213,-0.22774987,0.23312628,0.46087614819407463,0.011184999,2.426711,0.009879249407158553,-4785156.25,6.3224757e-06,7.1915174e-08,0.6073809247409301,0.019511117064683284,/content/drive/MyDrive/N-MON/ALTRO/spectograms/MULTITONE-NARROW-40-20/185.npy,MULTITONE-NARROW-40-20
-0.005789397,-0.0054475972,0.5956315,0.43844467,0.5956596,-0.25156614,0.21721295,0.4687790907919407,0.03325615,2.4389458,0.03983174160999857,-4785156.25,7.7979e-06,7.238049e-08,0.5437445037172082,0.009424555615665254,/content/drive/MyDrive/N-MON/ALTRO/spectograms/MULTITONE-NARROW-40-20/186.npy,MULTITONE-NARROW-40-20
-0.0017852867,-0.0014766478,0.60281277,0.4446145,0.6028154,-0.24362832,0.2250536,0.4686819165945053,0.013408067,2.4050605,-0.0039675392369701405,-4785156.25,6.4934006e-06,7.216612e-08,0.5662109536712501,0.00944955658770821,/content/drive/MyDrive/N-MON/ALTRO/spectograms/MULTITONE-NARROW-40-20/187.npy,MULTITONE-NARROW-40-20
-0.0024097362,-0.0014492287,0.5951913,0.43908283,0.5951962,-0.26707566,0.22508928,0.4921649284660816,0.021574978,2.4397423,0.042551795058103234,-4785156.25,7.590941e-06,7.200248e-08,0.5393882298242937,0.0098836330258968,/content/drive/MyDrive/N-MON/ALTRO/spectograms/MULTITONE-NARROW-40-20/188.npy,MULTITONE-NARROW-40-20
-0.0030427317,-0.0015830318,0.594802,0.43619287,0.59480983,-0.23009524,0.209379,0.4394742362201214,0.0020028304,2.4599884,0.006805805947139077,-4785156.25,6.746029e-06,7.195656e-08,0.5664295884810326,0.009032844948739996,/content/drive/MyDrive/N-MON/ALTRO/spectograms/MULTITONE-NARROW-40-20/189.npy,MULTITONE-NARROW-40-20
0.0055443,0.0063778833,0.595349,0.43890077,0.5953748,-0.21234734,0.24851172,0.4608590640127659,-0.030735033,2.450858,0.02726029478098534,-4785156.25,7.5803327e-06,7.236965e-08,0.5416334978011458,0.010306396745289761,/content/drive/MyDrive/N-MON/ALTRO/spectograms/MULTITONE-NARROW-40-20/190.npy,MULTITONE-NARROW-40-20
0.0013810232,-0.009250964,0.5911032,0.43476215,0.59110487,-0.23782991,0.22502898,0.4628588818013668,0.010670357,2.4649503,0.04711212868684532,-4785156.25,6.592164e-06,7.065417e-08,0.5676514788244333,0.009276257238144988,/content/drive/MyDrive/N-MON/ALTRO/spectograms/MULTITONE-NARROW-40-20/191.npy,MULTITONE-NARROW-40-20
0.0011582766,-0.0015712527,0.59911484,0.44168964,0.5991159,-0.24382442,0.23272169,0.47654611617326736,0.016197996,2.4339004,0.015139883248675424,-4785156.25,7.331867e-06,7.328234e-08,0.5739919177309732,0.021478660804198735,/content/drive/MyDrive/N-MON/ALTRO/spectograms/MULTITONE-NARROW-40-20/192.npy,MULTITONE-NARROW-40-20
-0.0071091326,-0.0016969785,0.5918444,0.43666962,0.59188706,-0.23605986,0.22689919,0.46295905113220215,0.014900984,2.4547803,0.06714780290967136,-4785156.25,6.6686634e-06,7.0954556e-08,0.5693142969866696,0.009837775334927258,/content/drive/MyDrive/N-MON/ALTRO/spectograms/MULTITONE-NARROW-40-20/193.npy,MULTITONE-NARROW-40-20
0.001592218,0.0062573324,0.5942578,0.4386206,0.5942599,-0.23586936,0.24850947,0.4843788221478462,-0.010666713,2.4467444,0.0585727033941089,-4785156.25,6.74209e-06,7.2026324e-08,0.5999109403138969,0.02203773320827432,/content/drive/MyDrive/N-MON/ALTRO/spectograms/MULTITONE-NARROW-40-20/194.npy,MULTITONE-NARROW-40-20
0.007346994,0.0064194803,0.5979956,0.4423849,0.5980407,-0.22795019,0.25641242,0.484362605959177,-0.004463804,2.4071379,0.05844834356173832,-4785156.25,6.8519357e-06,7.0732455e-08,0.5686861916617598,0.009607028088180642,/content/drive/MyDrive/N-MON/ALTRO/spectograms/MULTITONE-NARROW-40-20/195.npy,MULTITONE-NARROW-40-20
-0.004996279,-0.0015745822,0.6069377,0.44958973,0.60695827,-0.25933075,0.24844255,0.5077733062207699,0.0060380637,2.3746965,-0.004162298794180629,-4785156.25,6.994625e-06,7.240702e-08,0.5464905153584905,0.011301162263585612,/content/drive/MyDrive/N-MON/ALTRO/spectograms/MULTITONE-NARROW-40-20/196.npy,MULTITONE-NARROW-40-20
0.0055781454,0.006605897,0.59421015,0.44038007,0.59423625,-0.23550238,0.25664437,0.4921467453241348,-0.015957098,2.405157,0.09560798096455324,-4785156.25,6.7566675e-06,6.895645e-08,0.5640430043845711,0.009471559731469998,/content/drive/MyDrive/N-MON/ALTRO/spectograms/MULTITONE-NARROW-40-20/197.npy,MULTITONE-NARROW-40-20
-0.003746913,-0.0014620386,0.60037637,0.4417317,0.60038805,-0.22796063,0.21729806,0.4452586993575096,0.015314182,2.4249043,-0.0036234074540698706,-4785156.25,7.364732e-06,7.3619375e-08,0.5444937513789899,0.0103013580972838,/content/drive/MyDrive/N-MON/ALTRO/spectograms/MULTITONE-NARROW-40-20/198.npy,MULTITONE-NARROW-40-20
0.0006742806,-0.0014711651,0.5857268,0.43302286,0.58572716,-0.23580864,0.21926178,0.4550704210996628,0.019242514,2.4591677,0.11898950898632497,-4785156.25,7.1321733e-06,6.960927e-08,0.5569375801801288,0.008795612675135246,/content/drive/MyDrive/N-MON/ALTRO/spectograms/MULTITONE-NARROW-40-20/199.npy,MULTITONE-NARROW-40-20
-0.0007545867,-0.0012041049,0.61056066,0.45349056,0.61056113,-0.26687157,0.24874564,0.5156171880662441,0.007659392,2.3581617,-0.021464414689938437,-4785156.25,7.0183864e-06,7.3712144e-08,0.5535402975783255,0.010297870261859264,/content/drive/MyDrive/N-MON/ALTRO/spectograms/MULTITONE-NARROW-40-20/200.npy,MULTITONE-NARROW-40-20
0.0022809512,-0.0014907666,0.58234,0.42686346,0.58234453,-0.21251312,0.22497034,0.43748344853520393,-0.0129578635,2.4815488,0.09289398438735295,-4785156.25,7.2983526e-06,6.946618e-08,0.5540636209715085,0.00896519031114843,/content/drive/MyDrive/N-MON/ALTRO/spectograms/MULTITONE-NARROW-40-20/201.npy,MULTITONE-NARROW-40-20
-0.0024292537,-0.0018108583,0.60439306,0.44677177,0.60439795,-0.24590486,0.24235395,0.48825880140066147,0.0115028005,2.3872783,-9.116003082455457e-05,-4785156.25,6.7296996e-06,7.338676e-08,0.5507267485255566,0.010609697762336931,/content/drive/MyDrive/N-MON/ALTRO/spectograms/MULTITONE-NARROW-40-20/202.npy,MULTITONE-NARROW-40-20
0.00040224433,-0.0014208117,0.5853239,0.4321494,0.58532405,-0.2514112,0.2250984,0.47650958970189095,0.011469263,2.4536178,0.11631777633995975,-4785156.25,7.2489856e-06,6.9898086e-08,0.5504619779404822,0.008813758664139536,/content/drive/MyDrive/N-MON/ALTRO/spectograms/MULTITONE-NARROW-40-20/203.npy,MULTITONE-NARROW-40-20
0.0015578086,-0.001619345,0.6100296,0.45209074,0.6100316,-0.24382992,0.24835366,0.4921835847198963,-0.0022415137,2.360581,-0.022905997869121408,-4785156.25,7.195025e-06,7.40504e-08,0.5558894457027275,0.011290570236310013,/content/drive/MyDrive/N-MON/ALTRO/spectograms/MULTITONE-NARROW-40-20/204.npy,MULTITONE-NARROW-40-20
-0.0024144908,-0.0015646145,0.5890682,0.43613183,0.5890732,-0.24570504,0.23279987,0.4785049110651016,0.02131441,2.438956,0.10452073401737737,-4785156.25,7.5046605e-06,7.070713e-08,0.5535018578471653,0.008719400570092684,/content/drive/MyDrive/N-MON/ALTRO/spectograms/MULTITONE-NARROW-40-20/205.npy,MULTITONE-NARROW-40-20
-0.0072139413,-0.009302737,0.60830086,0.4512146,0.60834366,-0.26123664,0.24076755,0.5020041950047016,0.029876165,2.3679883,-0.000811694543472307,-4785156.25,6.97592e-06,7.433457e-08,0.5603473441507668,0.011547448667003203,/content/drive/MyDrive/N-MON/ALTRO/spectograms/MULTITONE-NARROW-40-20/206.npy,MULTITONE-NARROW-40-20
0.0002630725,-0.0016144656,0.5900532,0.43982717,0.59005326,-0.2437625,0.24838781,0.49215030297636986,0.0038854384,2.4293022,0.13348209904917663,-4785156.25,7.601922e-06,7.119044e-08,0.5522181548623016,0.00933085323486297,/content/drive/MyDrive/N-MON/ALTRO/spectograms/MULTITONE-NARROW-40-20/207.npy,MULTITONE-NARROW-40-20
-0.00034098924,-0.0013684465,0.6060938,0.44740087,0.60609394,-0.2435199,0.22519042,0.4687103219330311,0.022766966,2.4008934,-0.030715387923868086,-4785156.25,6.723401e-06,7.330903e-08,0.5634746903328796,0.010642617078485902,/content/drive/MyDrive/N-MON/ALTRO/spectograms/MULTITONE-NARROW-40-20/208.npy,MULTITONE-NARROW-40-20
0.0026889523,0.0063838223,0.5898324,0.4360112,0.58983856,-0.25336125,0.25642586,0.5097871050238609,-0.0045359205,2.4502015,0.09268977241036667,-4785156.25,7.72105e-06,7.095788e-08,0.5472093536627729,0.009460747262050956,/content/drive/MyDrive/N-MON/ALTRO/spectograms/MULTITONE-NARROW-40-20/209.npy,MULTITONE-NARROW-40-20
0.0040059946,-0.0016062194,0.6052268,0.4464039,0.60524005,-0.22812837,0.23472726,0.46285563334822655,0.005748002,2.4005063,-0.023506828666978074,-4785156.25,6.6621574e-06,7.2910616e-08,0.5656431286685502,0.01183979178526132,/content/drive/MyDrive/N-MON/ALTRO/spectograms/MULTITONE-NARROW-40-20/210.npy,MULTITONE-NARROW-40-20
0.00043376756,-0.0013920914,0.5881207,0.4316778,0.5881208,-0.22802696,0.23487896,0.462905902415514,-0.0050977776,2.4840486,0.0611041786708658,-4785156.25,7.660755e-06,7.057464e-08,0.5436122653147186,0.009384473175879357,/content/drive/MyDrive/N-MON/ALTRO/spectograms/MULTITONE-NARROW-40-20/211.npy,MULTITONE-NARROW-40-20
0.0011892002,0.0064813974,0.5952193,0.4367083,0.5952205,-0.23563801,0.21937871,0.45501670613884926,0.0002720518,2.4568107,0.011771670494298603,-4785156.25,6.655617e-06,7.2403985e-08,0.5651947059711806,0.009759163267802469,/content/drive/MyDrive/N-MON/ALTRO/spectograms/MULTITONE-NARROW-40-20/212.npy,MULTITONE-NARROW-40-20
0.0041048103,-0.0014698254,0.6024446,0.44880974,0.6024586,-0.2514914,0.27394748,0.5254388749599457,0.010846401,2.3958185,0.052165518858313095,-4785156.25,7.679883e-06,7.207692e-08,0.5447943873671406,0.008552797288044112,/content/drive/MyDrive/N-MON/ALTRO/spectograms/MULTITONE-NARROW-40-20/213.npy,MULTITONE-NARROW-40-20
0.0017872856,0.006411158,0.60624844,0.44765443,0.6062511,-0.2279778,0.23304027,0.46101807802915573,-0.007978075,2.3962414,-0.026589688766822783,-4785156.25,6.402167e-06,7.214e-08,0.5657621660325118,0.010157483914668171,/content/drive/MyDrive/N-MON/ALTRO/spectograms/MULTITONE-NARROW-40-20/214.npy,MULTITONE-NARROW-40-20
0.0016291806,-0.0016743371,0.59291655,0.43680647,0.59291875,-0.22822744,0.248292,0.4765194319188595,-0.010832569,2.454164,0.03819197306775367,-4785156.25,7.624342e-06,7.148175e-08,0.5405956651507652,0.009969861650755923,/content/drive/MyDrive/N-MON/ALTRO/spectograms/MULTITONE-NARROW-40-20/215.npy,MULTITONE-NARROW-40-20
0.00030816437,-0.0012994194,0.60051566,0.44158518,0.6005158,-0.22790962,0.21746266,0.4453722760081291,0.009056624,2.4309852,-0.014001607529705262,-4785156.25,6.5513177e-06,7.2129765e-08,0.5655783833394281,0.009829989276842739,/content/drive/MyDrive/N-MON/ALTRO/spectograms/MULTITONE-NARROW-40-20/216.npy,MULTITONE-NARROW-40-20
-0.0026434893,-0.0014934186,0.6014127,0.44734284,0.6014185,-0.24561965,0.2485195,0.4941391497850418,0.0056975475,2.4066713,0.03997206461407275,-4785156.25,7.4349064e-06,7.175775e-08,0.5636318796781078,0.028953748928227385,/content/drive/MyDrive/N-MON/ALTRO/spectograms/MULTITONE-NARROW-40-20/217.npy,MULTITONE-NARROW-40-20
0.0013324642,0.006421441,0.5972704,0.43874797,0.5972719,-0.22014713,0.22908881,0.449235949665308,-0.017431421,2.4315343,0.009381822646437377,-4785156.25,6.5762138e-06,7.111049e-08,0.5671693663759314,0.010430383751462276,/content/drive/MyDrive/N-MON/ALTRO/spectograms/MULTITONE-NARROW-40-20/218.npy,MULTITONE-NARROW-40-20
0.0013691535,0.006225772,0.5944219,0.43778542,0.5944235,-0.2514792,0.22507834,0.47655754163861275,0.01891387,2.4530287,0.02932207204559122,-4785156.25,7.260645e-06,7.284829e-08,0.5448525161168489,0.010142906072655562,/content/drive/MyDrive/N-MON/ALTRO/spectograms/MULTITONE-NARROW-40-20/219.npy,MULTITONE-NARROW-40-20
-0.0025322693,-0.0013750149,0.5915628,0.43429595,0.59156823,-0.22788785,0.21937366,0.4472615048289299,0.008609912,2.464431,0.04904011946578089,-4785156.25,6.738317e-06,7.078463e-08,0.5675555514586312,0.009076271861584068,/content/drive/MyDrive/N-MON/ALTRO/spectograms/MULTITONE-NARROW-40-20/220.npy,MULTITONE-NARROW-40-20
0.002152779,-0.0014855021,0.60760534,0.45150807,0.60760915,-0.25148907,0.26415974,0.5156488046050072,0.007891915,2.3698294,0.008412734476885276,-4785156.25,7.492826e-06,7.235215e-08,0.5473864249173301,0.010239459360425867,/content/drive/MyDrive/N-MON/ALTRO/spectograms/MULTITONE-NARROW-40-20/221.npy,MULTITONE-NARROW-40-20
-0.0005333947,-0.0055078166,0.5931775,0.4373992,0.59317774,-0.22041422,0.2405654,0.4609796330332756,0.008356751,2.437639,0.06739130781224288,-4785156.25,6.790314e-06,7.015726e-08,0.567451623891533,0.009276355907968688,/content/drive/MyDrive/N-MON/ALTRO/spectograms/MULTITONE-NARROW-40-20/222.npy,MULTITONE-NARROW-40-20
0.00042558313,-0.0014824718,0.60920006,0.4534419,0.60920024,-0.25353187,0.24849737,0.5020292550325394,-0.004666182,2.3619208,0.009054740444739074,-4785156.25,7.323281e-06,7.326699e-08,0.548214127746397,0.010181427211862071,/content/drive/MyDrive/N-MON/ALTRO/spectograms/MULTITONE-NARROW-40-20/223.npy,MULTITONE-NARROW-40-20
-0.0064102216,-0.00900104,0.58806497,0.4341759,0.5880999,-0.2375985,0.20973673,0.44733523204922676,0.022223355,2.4564095,0.10093652669441942,-4785156.25,6.666021e-06,6.9292014e-08,0.5662597019602573,0.008932329651070785,/content/drive/MyDrive/N-MON/ALTRO/spectograms/MULTITONE-NARROW-40-20/224.npy,MULTITONE-NARROW-40-20
0.0016870408,-0.001450323,0.60233384,0.44537288,0.6023362,-0.24368124,0.24852493,0.4922061637043953,-0.005074082,2.4072194,0.007164426940250535,-4785156.25,7.3098904e-06,7.3203864e-08,0.5493724329690026,0.010603660775157134,/content/drive/MyDrive/N-MON/ALTRO/spectograms/MULTITONE-NARROW-40-20/225.npy,MULTITONE-NARROW-40-20
-0.0020319237,-0.009222492,0.5875758,0.43384784,0.5875793,-0.2513459,0.23298882,0.48433471843600273,0.024538461,2.4459677,0.11668852634157366,-4785156.25,7.0371366e-06,7.062614e-08,0.5598361389757358,0.008974160976112915,/content/drive/MyDrive/N-MON/ALTRO/spectograms/MULTITONE-NARROW-40-20/226.npy,MULTITONE-NARROW-40-20
-0.0060970066,-0.009331151,0.6003379,0.44122204,0.6003689,-0.23787597,0.2093653,0.44724126905202866,0.029441228,2.4273784,-0.0031337245304731247,-4785156.25,7.0786364e-06,7.337482e-08,0.5465852936281903,0.0105684847893236,/content/drive/MyDrive/N-MON/ALTRO/spectograms/MULTITONE-NARROW-40-20/227.npy,MULTITONE-NARROW-40-20
-0.0047910917,-0.00945829,0.59478325,0.4403908,0.5948025,-0.23609109,0.23272696,0.468818049877882,0.027572775,2.4089978,0.06558004590827148,-4785156.25,7.139155e-06,7.007321e-08,0.5586371856099065,0.008653194558954566,/content/drive/MyDrive/N-MON/ALTRO/spectograms/MULTITONE-NARROW-40-20/228.npy,MULTITONE-NARROW-40-20
-0.006645247,-0.009206517,0.605391,0.4473895,0.6054275,-0.24560946,0.21734607,0.4629555270075798,0.031576566,2.3894656,-0.003322963366220521,-4785156.25,7.1284335e-06,7.344949e-08,0.5495052022192564,0.010776630765416914,/content/drive/MyDrive/N-MON/ALTRO/spectograms/MULTITONE-NARROW-40-20/229.npy,MULTITONE-NARROW-40-20
0.011168734,0.014030082,0.58793586,0.43608174,0.58804196,-0.22036737,0.2640415,0.4844088852405548,-0.03257303,2.434088,0.12661042704297276,-4785156.25,7.294669e-06,6.9625486e-08,0.5547062425606393,0.008711591818338875,/content/drive/MyDrive/N-MON/ALTRO/spectograms/MULTITONE-NARROW-40-20/230.npy,MULTITONE-NARROW-40-20
0.0019455364,-0.0015479,0.6068054,0.4476417,0.60680854,-0.24570227,0.2426097,0.4883119687438011,0.0032107178,2.3845181,-0.03132182974228849,-4785156.25,6.8467307e-06,7.3956656e-08,0.5712131987161999,0.01723370660076435,/content/drive/MyDrive/N-MON/ALTRO/spectograms/MULTITONE-NARROW-40-20/231.npy,MULTITONE-NARROW-40-20
0.003702759,0.006257513,0.58813304,0.4351085,0.58814466,-0.22028707,0.26415837,0.4844454377889633,-0.013199109,2.4352355,0.11158952315777158,-4785156.25,7.468124e-06,7.0229746e-08,0.5517277108959672,0.00916658034860825,/content/drive/MyDrive/N-MON/ALTRO/spectograms/MULTITONE-NARROW-40-20/232.npy,MULTITONE-NARROW-40-20
-0.001979715,-0.0054694763,0.60392624,0.4432865,0.6039295,-0.23592965,0.23277453,0.4687041752040386,0.011727421,2.4141817,-0.03361970564167217,-4785156.25,6.5118984e-06,7.2268534e-08,0.5573269597980977,0.011056898991548658,/content/drive/MyDrive/N-MON/ALTRO/spectograms/MULTITONE-NARROW-40-20/233.npy,MULTITONE-NARROW-40-20
0.005396636,0.00607575,0.59562194,0.44150826,0.5956464,-0.23617963,0.27164134,0.5078209675848484,-0.031945717,2.4089997,0.07499818919893363,-4785156.25,7.568341e-06,7.0791906e-08,0.5510643876538663,0.00856826853135946,/content/drive/MyDrive/N-MON/ALTRO/spectograms/MULTITONE-NARROW-40-20/234.npy,MULTITONE-NARROW-40-20
-0.0050240685,-0.005276273,0.60234016,0.4448958,0.60236114,-0.2591711,0.21741322,0.4765843227505684,0.024332833,2.4175866,-0.004165785155003775,-4785156.25,6.74355e-06,7.29458e-08,0.560598026757734,0.010415641150753236,/content/drive/MyDrive/N-MON/ALTRO/spectograms/MULTITONE-NARROW-40-20/235.npy,MULTITONE-NARROW-40-20
-0.00067033817,0.0064519527,0.5912325,0.4376162,0.59123284,-0.23570402,0.26424116,0.49994516745209694,-0.015925905,2.4548554,0.07589929232960545,-4785156.25,7.4899826e-06,6.9959526e-08,0.5510715006352324,0.00931037863764488,/content/drive/MyDrive/N-MON/ALTRO/spectograms/MULTITONE-NARROW-40-20/236.npy,MULTITONE-NARROW-40-20
-0.003032711,-0.0016008257,0.60271883,0.44519123,0.6027265,-0.24383382,0.21911943,0.46295325458049774,0.02720958,2.4052784,0.0007195091330202026,-4785156.25,6.5967856e-06,7.202515e-08,0.5661404831197888,0.010705709354126857,/content/drive/MyDrive/N-MON/ALTRO/spectograms/MULTITONE-NARROW-40-20/237.npy,MULTITONE-NARROW-40-20
-0.0014486013,0.006200018,0.5978224,0.44305125,0.59782416,-0.22816062,0.24255559,0.4707162007689476,-0.016991867,2.4177668,0.05541939090215818,-4785156.25,7.682174e-06,7.173577e-08,0.546875201321384,0.009670022374063848,/content/drive/MyDrive/N-MON/ALTRO/spectograms/MULTITONE-NARROW-40-20/238.npy,MULTITONE-NARROW-40-20
-0.0046419585,-0.009392628,0.60320085,0.44478065,0.6032187,-0.25939938,0.22494859,0.48434797301888466,0.013545089,2.4107952,-0.013697500660872507,-4785156.25,6.463447e-06,7.2031554e-08,0.5633589084229468,0.010167757488769004,/content/drive/MyDrive/N-MON/ALTRO/spectograms/MULTITONE-NARROW-40-20/239.npy,MULTITONE-NARROW-40-20
0.008001145,0.014070459,0.603779,0.4493372,0.603832,-0.2515289,0.27191663,0.5234455242753029,-0.013821445,2.3855689,0.03280894180344239,-4785156.25,7.856267e-06,7.255335e-08,0.5433790231459374,0.009628490581960246,/content/drive/MyDrive/N-MON/ALTRO/spectograms/MULTITONE-NARROW-40-20/240.npy,MULTITONE-NARROW-40-20
0.009288439,0.010197473,0.59595585,0.43692392,0.5960282,-0.21246839,0.23287673,0.44534511119127274,-0.021413077,2.456836,0.0071443490301924435,-4785156.25,6.519035e-06,7.155623e-08,0.5701392080190142,0.010388236524377929,/content/drive/MyDrive/N-MON/ALTRO/spectograms/MULTITONE-NARROW-40-20/241.npy,MULTITONE-NARROW-40-20
0.0038536289,-0.0014842455,0.6044177,0.44649714,0.60442996,-0.23004988,0.26405454,0.49410441890358925,-0.0051570334,2.399615,-0.004124574654104884,-4785156.25,7.576197e-06,7.1349504e-08,0.5455750889292943,0.009476145616372507,/content/drive/MyDrive/N-MON/ALTRO/spectograms/MULTITONE-NARROW-40-20/242.npy,MULTITONE-NARROW-40-20
0.0003620062,-0.0013251018,0.60202104,0.44331703,0.60202116,-0.22790164,0.22518352,0.45308514311909676,0.0039338646,2.410162,-0.0034367264281859426,-4785156.25,6.6453117e-06,7.150675e-08,0.5680810048242324,0.009668335587721963,/content/drive/MyDrive/N-MON/ALTRO/spectograms/MULTITONE-NARROW-40-20/243.npy,MULTITONE-NARROW-40-20
0.0012562489,0.0062323683,0.6047052,0.44829884,0.6047065,-0.2593417,0.23277381,0.4921155087649822,-0.011112959,2.3887389,0.012008834014314174,-4785156.25,7.610802e-06,7.2489854e-08,0.5430278318101076,0.009728953469511869,/content/drive/MyDrive/N-MON/ALTRO/spectograms/MULTITONE-NARROW-40-20/244.npy,MULTITONE-NARROW-40-20
-0.003410157,0.006343224,0.5930909,0.43515602,0.5931007,-0.22991183,0.22711171,0.4570235498249531,-0.0016798411,2.458588,0.032175019980007366,-4785156.25,6.6646285e-06,7.088013e-08,0.5646701501650333,0.009614308440136539,/content/drive/MyDrive/N-MON/ALTRO/spectograms/MULTITONE-NARROW-40-20/245.npy,MULTITONE-NARROW-40-20
0.0047138296,-0.0015005288,0.5952658,0.43620488,0.59528446,-0.18896201,0.24066964,0.42963164299726486,-0.018818572,2.4535596,0.0018043802347545886,-4785156.25,7.492505e-06,7.278747e-08,0.5410792457612574,0.00987515272575613,/content/drive/MyDrive/N-MON/ALTRO/spectograms/MULTITONE-NARROW-40-20/246.npy,MULTITONE-NARROW-40-20
0.0072757145,0.006233588,0.58788,0.4299373,0.587925,-0.22818048,0.2191078,0.44728828966617584,0.002025164,2.4868019,0.04351924362235758,-4785156.25,6.756387e-06,7.0638386e-08,0.5635993908256074,0.008848140791988974,/content/drive/MyDrive/N-MON/ALTRO/spectograms/MULTITONE-NARROW-40-20/247.npy,MULTITONE-NARROW-40-20
0.0046786014,-0.0014970517,0.5991088,0.44186774,0.5991271,-0.22024621,0.23284797,0.4530941843986511,0.015450107,2.4349914,-0.01403671071984659,-4785156.25,7.173005e-06,7.294783e-08,0.5497136904827096,0.010759853344618176,/content/drive/MyDrive/N-MON/ALTRO/spectograms/MULTITONE-NARROW-40-20/248.npy,MULTITONE-NARROW-40-20
-0.0031862054,-0.0014855547,0.58392185,0.42707732,0.58393055,-0.20462808,0.20945394,0.41408202424645424,-0.0065459795,2.4944513,0.06820247815841794,-4785156.25,6.6746684e-06,6.917248e-08,0.5847971541962416,0.023684614294712796,/content/drive/MyDrive/N-MON/ALTRO/spectograms/MULTITONE-NARROW-40-20/249.npy,MULTITONE-NARROW-40-20
-0.002962324,-0.0016616064,0.61248267,0.45828897,0.6124898,-0.267277,0.24832495,0.5156019665300846,0.008860433,2.3404632,0.021390201771500073,-4785156.25,7.2856506e-06,7.43302e-08,0.554775331649417,0.011133988236255866,/content/drive/MyDrive/N-MON/ALTRO/spectograms/MULTITONE-NARROW-40-20/250.npy,MULTITONE-NARROW-40-20
0.0027788407,0.0064197467,0.5928022,0.4384308,0.5928088,-0.22795664,0.24854486,0.4765014946460724,-0.016659703,2.4148555,0.08233838989755236,-4785156.25,6.795635e-06,6.907597e-08,0.559335832698945,0.00912586368960222,/content/drive/MyDrive/N-MON/ALTRO/spectograms/MULTITONE-NARROW-40-20/251.npy,MULTITONE-NARROW-40-20
-0.0015117624,-0.009387361,0.6106094,0.45281243,0.61061126,-0.2515794,0.24260211,0.4941815137863159,0.027915101,2.3634727,-0.02055322397201843,-4785156.25,7.161111e-06,7.3287026e-08,0.5541222704360382,0.01152303343936023,/content/drive/MyDrive/N-MON/ALTRO/spectograms/MULTITONE-NARROW-40-20/252.npy,MULTITONE-NARROW-40-20
0.0035071573,0.006485103,0.5912878,0.44000342,0.59129816,-0.26692602,0.24090709,0.5078331008553505,0.0058065653,2.4161396,0.1080740410066373,-4785156.25,7.482514e-06,7.014219e-08,0.5590676102080977,0.00956550600097794,/content/drive/MyDrive/N-MON/ALTRO/spectograms/MULTITONE-NARROW-40-20/253.npy,MULTITONE-NARROW-40-20
-0.00011814916,0.0063252086,0.60992664,0.45131502,0.60992664,-0.2514965,0.23291674,0.484413243830204,0.008704585,2.368583,-0.03454657548362773,-4785156.25,6.8137997e-06,7.3229224e-08,0.5559235453352996,0.010308590439519288,/content/drive/MyDrive/N-MON/ALTRO/spectograms/MULTITONE-NARROW-40-20/254.npy,MULTITONE-NARROW-40-20
-0.0019716653,-0.0016617756,0.5838787,0.43114623,0.58388203,-0.25168937,0.24828465,0.49997400864958763,0.01271189,2.4772635,0.11827186712927672,-4785156.25,7.558717e-06,7.013852e-08,0.5471243203558606,0.008284697973670808,/content/drive/MyDrive/N-MON/ALTRO/spectograms/MULTITONE-NARROW-40-20/255.npy,MULTITONE-NARROW-40-20
-0.0019371533,-0.0013619366,0.6016054,0.44348127,0.6016085,-0.23571676,0.24077733,0.47649408876895905,-0.004686619,2.413173,0.008302241090506136,-4785156.25,6.712074e-06,7.324251e-08,0.555723307999714,0.010519425318158119,/content/drive/MyDrive/N-MON/ALTRO/spectograms/MULTITONE-NARROW-40-20/256.npy,MULTITONE-NARROW-40-20
0.0037283397,-0.0015054944,0.59235567,0.43626806,0.5923674,-0.23008431,0.24262032,0.4727046303451061,-0.0021107725,2.4424603,0.07078966222319126,-4785156.25,7.4524073e-06,7.042668e-08,0.5479300979758572,0.009221145249822161,/content/drive/MyDrive/N-MON/ALTRO/spectograms/MULTITONE-NARROW-40-20/257.npy,MULTITONE-NARROW-40-20
0.0037054562,-0.0015291905,0.6004079,0.4425594,0.6004193,-0.22028056,0.24261492,0.4628954865038395,0.00042745762,2.4209406,0.004633047436672356,-4785156.25,6.7514493e-06,7.331552e-08,0.5585200694241282,0.010582168035310386,/content/drive/MyDrive/N-MON/ALTRO/spectograms/MULTITONE-NARROW-40-20/258.npy,MULTITONE-NARROW-40-20
-0.001423255,-0.009263707,0.60236615,0.44758818,0.6023679,-0.27483928,0.26414794,0.5389872044324875,0.01792645,2.3823264,0.05795547447416803,-4785156.25,7.897101e-06,7.178534e-08,0.5449222866775411,0.010065670737562293,/content/drive/MyDrive/N-MON/ALTRO/spectograms/MULTITONE-NARROW-40-20/259.npy,MULTITONE-NARROW-40-20
-0.0057447497,-0.009339322,0.6010383,0.44351253,0.6010657,-0.24375308,0.21714747,0.46090053394436836,0.012123961,2.4297903,-0.003648886981905918,-4785156.25,6.559654e-06,7.1709024e-08,0.56152188131841,0.010531544433130141,/content/drive/MyDrive/N-MON/ALTRO/spectograms/MULTITONE-NARROW-40-20/260.npy,MULTITONE-NARROW-40-20
-0.0036238928,-0.0015290156,0.6038529,0.4477185,0.60386384,-0.27492267,0.2485218,0.5234444737434387,0.020837098,2.3851976,0.03479777679057504,-4785156.25,7.652559e-06,7.132538e-08,0.548551521854316,0.00965808740944543,/content/drive/MyDrive/N-MON/ALTRO/spectograms/MULTITONE-NARROW-40-20/261.npy,MULTITONE-NARROW-40-20
-6.171942e-05,-0.0017969941,0.6020662,0.44441935,0.6020662,-0.2361612,0.24036251,0.4765237122774124,0.016926115,2.408941,-0.017078426130565327,-4785156.25,6.358042e-06,7.144624e-08,0.5655942923999608,0.010016501165895813,/content/drive/MyDrive/N-MON/ALTRO/spectograms/MULTITONE-NARROW-40-20/262.npy,MULTITONE-NARROW-40-20
0.00042283107,-0.0015178036,0.59665346,0.4411129,0.5966536,-0.24373399,0.23280096,0.4765349552035332,0.01195379,2.4308414,0.04728857872591595,-4785156.25,7.6638225e-06,7.194461e-08,0.5454325839003503,0.01055192503846799,/content/drive/MyDrive/N-MON/ALTRO/spectograms/MULTITONE-NARROW-40-20/263.npy,MULTITONE-NARROW-40-20
-0.0003895061,0.0062221326,0.6002476,0.44192454,0.60024774,-0.2280957,0.23278412,0.4608798138797283,-0.015034105,2.42052,0.01831555004602935,-4785156.25,6.6121484e-06,7.143419e-08,0.5693939784964475,0.010209450508627968,/content/drive/MyDrive/N-MON/ALTRO/spectograms/MULTITONE-NARROW-40-20/264.npy,MULTITONE-NARROW-40-20
0.00279553,-0.0014847661,0.59997386,0.44445592,0.5999804,-0.2514563,0.2426698,0.4941261000931263,0.012485219,2.4078212,0.03893077825923795,-4785156.25,7.6807755e-06,7.2702505e-08,0.5450058126181714,0.01026248180412492,/content/drive/MyDrive/N-MON/ALTRO/spectograms/MULTITONE-NARROW-40-20/265.npy,MULTITONE-NARROW-40-20
0.0035175453,0.0026360417,0.59308267,0.4354162,0.59309316,-0.22000785,0.25068387,0.4706917218863964,-0.00397898,2.448478,0.04254170241816167,-4785156.25,6.694316e-06,7.024342e-08,0.5667982124612913,0.008884708910013082,/content/drive/MyDrive/N-MON/ALTRO/spectograms/MULTITONE-NARROW-40-20/266.npy,MULTITONE-NARROW-40-20
0.0010703783,-0.0015378022,0.5958334,0.4393368,0.5958344,-0.24564588,0.22503743,0.4706833064556122,0.025872061,2.438449,0.029512903789927648,-4785156.25,7.4307904e-06,7.2615315e-08,0.5455546722898535,0.009894276017706436,/content/drive/MyDrive/N-MON/ALTRO/spectograms/MULTITONE-NARROW-40-20/267.npy,MULTITONE-NARROW-40-20
0.0013148288,-0.0013942178,0.5870908,0.43162787,0.5870923,-0.22011319,0.22714166,0.44725485518574715,0.011916909,2.461781,0.08680558456210084,-4785156.25,6.7128667e-06,7.025216e-08,0.5645125595439147,0.009751955195168268,/content/drive/MyDrive/N-MON/ALTRO/spectograms/MULTITONE-NARROW-40-20/268.npy,MULTITONE-NARROW-40-20
0.0026676855,-0.0018174532,0.60716,0.45026407,0.6071659,-0.24393597,0.2481699,0.4921058639883995,0.0017021599,2.3783543,-0.002709796285424681,-4785156.25,7.2411194e-06,7.292931e-08,0.54854020991429,0.009996273615067676,/content/drive/MyDrive/N-MON/ALTRO/spectograms/MULTITONE-NARROW-40-20/269.npy,MULTITONE-NARROW-40-20
0.0027057317,0.0062905224,0.59522265,0.43959343,0.59522885,-0.2358224,0.22706299,0.46288537234067917,0.008695356,2.411849,0.06297991572685634,-4785156.25,7.183419e-06,7.0078435e-08,0.5601571566989929,0.008826803933465074,/content/drive/MyDrive/N-MON/ALTRO/spectograms/MULTITONE-NARROW-40-20/270.npy,MULTITONE-NARROW-40-20
0.0015138247,-0.0012930462,0.5994832,0.44269097,0.59948516,-0.24543673,0.24087246,0.4863091930747032,0.007267124,2.4295206,0.00437623373210615,-4785156.25,6.960852e-06,7.276006e-08,0.5505669967370278,0.010708595604702498,/content/drive/MyDrive/N-MON/ALTRO/spectograms/MULTITONE-NARROW-40-20/271.npy,MULTITONE-NARROW-40-20
0.0054571293,0.006366867,0.5917121,0.43709484,0.5917372,-0.25146174,0.25626653,0.5077282637357712,-0.00092469127,2.415579,0.07265877758993243,-4785156.25,7.0655724e-06,6.9094995e-08,0.5553161224759368,0.008239140137914129,/content/drive/MyDrive/N-MON/ALTRO/spectograms/MULTITONE-NARROW-40-20/272.npy,MULTITONE-NARROW-40-20
0.00045316506,0.0064975955,0.6102078,0.45233703,0.610208,-0.25910074,0.23306616,0.4921668954193592,0.0050791097,2.3619316,-0.022969132681507475,-4785156.25,6.75086e-06,7.3178214e-08,0.5568775346629985,0.010973127598847459,/content/drive/MyDrive/N-MON/ALTRO/spectograms/MULTITONE-NARROW-40-20/273.npy,MULTITONE-NARROW-40-20
0.0016549473,-0.0016553495,0.5973549,0.44490027,0.59735715,-0.259464,0.24828519,0.507749181240797,0.01669278,2.3894496,0.08993317931200893,-4785156.25,7.6167953e-06,7.0865525e-08,0.5505702784490185,0.008427831136269685,/content/drive/MyDrive/N-MON/ALTRO/spectograms/MULTITONE-NARROW-40-20/274.npy,MULTITONE-NARROW-40-20
0.002879026,0.002375734,0.5965115,0.4382824,0.5965184,-0.21250826,0.23280428,0.4453125558793545,0.007967136,2.4485645,0.021815578142425508,-4785156.25,6.5080094e-06,7.2764976e-08,0.556653888975607,0.010553691663831903,/content/drive/MyDrive/N-MON/ALTRO/spectograms/MULTITONE-NARROW-40-20/275.npy,MULTITONE-NARROW-40-20
0.002837632,-0.0016426535,0.59862316,0.4446483,0.5986299,-0.25170624,0.24047317,0.49217939376831055,0.022235373,2.3977337,0.068377817756036,-4785156.25,7.547062e-06,7.093996e-08,0.5505221579989794,0.009097214887635905,/content/drive/MyDrive/N-MON/ALTRO/spectograms/MULTITONE-NARROW-40-20/276.npy,MULTITONE-NARROW-40-20
0.0018002209,0.00619079,0.60540795,0.44726008,0.60541064,-0.25159746,0.24841036,0.5000078193843365,-0.01167315,2.3961787,-0.01410667700772995,-4785156.25,6.4603523e-06,7.332986e-08,0.5632234515491216,0.010119581683191466,/content/drive/MyDrive/N-MON/ALTRO/spectograms/MULTITONE-NARROW-40-20/277.npy,MULTITONE-NARROW-40-20
0.00015959906,-0.0014448473,0.5995241,0.44289067,0.5995241,-0.2593109,0.25627846,0.5155893340706825,0.003770533,2.4088988,0.03193667641265639,-4785156.25,7.66965e-06,7.08124e-08,0.5456038978864269,0.00921883646410032,/content/drive/MyDrive/N-MON/ALTRO/spectograms/MULTITONE-NARROW-40-20/278.npy,MULTITONE-NARROW-40-20
-0.0026758488,-0.0014967418,0.6003727,0.44276014,0.60037863,-0.22805597,0.24852642,0.4765823967754841,-0.006643767,2.4221284,0.007467184272072259,-4785156.25,6.5579775e-06,7.1871014e-08,0.5664355434622745,0.010446376138198755,/content/drive/MyDrive/N-MON/ALTRO/spectograms/MULTITONE-NARROW-40-20/279.npy,MULTITONE-NARROW-40-20
0.0008357744,-0.009272216,0.5998543,0.44309136,0.5998549,-0.22029677,0.2484869,0.4687836915254593,-0.0005792558,2.4121652,0.028055793702776433,-4785156.25,7.843136e-06,7.2324156e-08,0.5440785365998355,0.010391236625110921,/content/drive/MyDrive/N-MON/ALTRO/spectograms/MULTITONE-NARROW-40-20/280.npy,MULTITONE-NARROW-40-20
0.0018117703,-0.0012643891,0.5976561,0.43680146,0.5976588,-0.22203316,0.20382717,0.42586031928658485,0.009838862,2.4586823,-0.027764811777780573,-4785156.25,6.4422397e-06,7.017797e-08,0.5715418503330094,0.010193903382376595,/content/drive/MyDrive/N-MON/ALTRO/spectograms/MULTITONE-NARROW-40-20/281.npy,MULTITONE-NARROW-40-20
-0.0011639955,-0.0015786588,0.59727186,0.4418784,0.597273,-0.2359539,0.24257632,0.4785302132368088,-0.0026098627,2.4272575,0.04651072354534401,-4785156.25,7.260219e-06,7.24022e-08,0.5456828642989323,0.01219254738401404,/content/drive/MyDrive/N-MON/ALTRO/spectograms/MULTITONE-NARROW-40-20/282.npy,MULTITONE-NARROW-40-20
0.0030052976,-0.0014619234,0.589798,0.4327273,0.5898056,-0.21242604,0.21925463,0.43168066069483757,0.0148783745,2.4648933,0.06245693335852019,-4785156.25,6.687278e-06,7.004324e-08,0.565840352948065,0.008894038317877178,/content/drive/MyDrive/N-MON/ALTRO/spectograms/MULTITONE-NARROW-40-20/283.npy,MULTITONE-NARROW-40-20
-0.0014612286,-0.0014248912,0.60525125,0.4472749,0.60525304,-0.24353378,0.24859479,0.49212856963276863,0.018685069,2.3877592,-0.005697705753301762,-4785156.25,7.357758e-06,7.232454e-08,0.5418709577649226,0.010962006358247728,/content/drive/MyDrive/N-MON/ALTRO/spectograms/MULTITONE-NARROW-40-20/284.npy,MULTITONE-NARROW-40-20
0.009080045,0.006211049,0.5905602,0.4344247,0.59063005,-0.22032155,0.24254769,0.46286924183368683,-0.011651756,2.4424264,0.07971228350715341,-4785156.25,6.8666964e-06,7.04812e-08,0.5619095032216829,0.009140269400987841,/content/drive/MyDrive/N-MON/ALTRO/spectograms/MULTITONE-NARROW-40-20/285.npy,MULTITONE-NARROW-40-20
0.0058556586,0.006210628,0.5984689,0.44381633,0.5984975,-0.2672328,0.2503059,0.5175387039780617,-0.0056430493,2.418643,0.04628783523740308,-4785156.25,7.1944596e-06,7.309977e-08,0.5438335535736497,0.010570276440838224,/content/drive/MyDrive/N-MON/ALTRO/spectograms/MULTITONE-NARROW-40-20/286.npy,MULTITONE-NARROW-40-20
0.001549789,0.006284284,0.5847445,0.43069208,0.5847466,-0.243671,0.23284172,0.47651270776987076,0.0022268856,2.462393,0.11262992867403097,-4785156.25,6.9539265e-06,6.931528e-08,0.5574275507998876,0.008404111974363918,/content/drive/MyDrive/N-MON/ALTRO/spectograms/MULTITONE-NARROW-40-20/287.npy,MULTITONE-NARROW-40-20
-0.0021029701,-0.0016544992,0.6026292,0.44454324,0.6026329,-0.24384737,0.22491013,0.4687574841082096,0.0002542564,2.4073884,-0.009807688707941808,-4785156.25,7.001548e-06,7.347596e-08,0.5478224810740187,0.010982595545480103,/content/drive/MyDrive/N-MON/ALTRO/spectograms/MULTITONE-NARROW-40-20/288.npy,MULTITONE-NARROW-40-20
0.00022786832,0.0060568713,0.5845359,0.43314946,0.5845359,-0.23613238,0.24825366,0.48438604548573494,-0.0031061484,2.4611344,0.11605224931211199,-4785156.25,7.127525e-06,6.880704e-08,0.554468864633729,0.009167305491156307,/content/drive/MyDrive/N-MON/ALTRO/spectograms/MULTITONE-NARROW-40-20/289.npy,MULTITONE-NARROW-40-20
-0.0012486298,-0.009367317,0.6058176,0.44745055,0.605819,-0.2515648,0.24844006,0.5000048503279686,0.022132516,2.3949652,-0.023898551101052,-4785156.25,6.7335145e-06,7.2024775e-08,0.5561161265367263,0.010002667249444661,/content/drive/MyDrive/N-MON/ALTRO/spectograms/MULTITONE-NARROW-40-20/290.npy,MULTITONE-NARROW-40-20
0.0004788587,-0.001388948,0.5880191,0.4338555,0.5880192,-0.2435889,0.2251598,0.46874869242310524,0.016570535,2.4545317,0.08864618203357276,-4785156.25,7.433763e-06,7.0495275e-08,0.5509000378700852,0.008325008592225595,/content/drive/MyDrive/N-MON/ALTRO/spectograms/MULTITONE-NARROW-40-20/291.npy,MULTITONE-NARROW-40-20
-0.00017144727,-0.0016669615,0.59723264,0.4411062,0.59723264,-0.24384788,0.22493823,0.468786109238863,0.020953296,2.4368134,0.032716060435839064,-4785156.25,6.7843866e-06,7.280251e-08,0.5593639843248681,0.009803842644669594,/content/drive/MyDrive/N-MON/ALTRO/spectograms/MULTITONE-NARROW-40-20/292.npy,MULTITONE-NARROW-40-20
0.0022515964,-0.0014616705,0.58787644,0.43602452,0.5878808,-0.2358416,0.25627136,0.4921129532158375,0.007074022,2.4599037,0.11907971882904432,-4785156.25,7.567867e-06,6.97961e-08,0.5504516517747531,0.009048771291173943,/content/drive/MyDrive/N-MON/ALTRO/spectograms/MULTITONE-NARROW-40-20/293.npy,MULTITONE-NARROW-40-20
-0.001383659,-0.0015236335,0.60464317,0.44656482,0.6046448,-0.24569267,0.22698823,0.472680889070034,0.019575704,2.4034247,-0.01233189941710856,-4785156.25,6.3721004e-06,7.2362496e-08,0.6060746163779596,0.019577059275110748,/content/drive/MyDrive/N-MON/ALTRO/spectograms/MULTITONE-NARROW-40-20/294.npy,MULTITONE-NARROW-40-20
-0.00041235995,-0.0017221654,0.5983538,0.4413062,0.5983539,-0.25169328,0.25607577,0.5077690407633781,0.02311934,2.4170227,0.03127495394305223,-4785156.25,7.5404473e-06,7.099511e-08,0.5464132998419511,0.009346751756507994,/content/drive/MyDrive/N-MON/ALTRO/spectograms/MULTITONE-NARROW-40-20/295.npy,MULTITONE-NARROW-40-20
0.004909916,0.002385657,0.6032824,0.4452212,0.60330236,-0.22024177,0.23483829,0.4550800584256649,-0.0013716274,2.4001415,0.0015378392848698248,-4785156.25,6.5849795e-06,7.239011e-08,0.6013879017344973,0.03557126465467716,/content/drive/MyDrive/N-MON/ALTRO/spectograms/MULTITONE-NARROW-40-20/296.npy,MULTITONE-NARROW-40-20
-0.009113183,-0.009418085,0.59743226,0.44115695,0.59750175,-0.2594274,0.20927167,0.46869906783103943,0.04078726,2.4314277,0.04121693847728279,-4785156.25,7.535213e-06,7.150859e-08,0.5847459752388913,0.019525318406692638,/content/drive/MyDrive/N-MON/ALTRO/spectograms/MULTITONE-NARROW-40-20/297.npy,MULTITONE-NARROW-40-20
-0.0010554759,-0.0013298097,0.5992906,0.44146746,0.5992915,-0.25130042,0.22524567,0.4765460938215256,0.015707484,2.425418,0.013983333715825153,-4785156.25,6.510723e-06,7.1639946e-08,0.5641687375034066,0.009247763719537463,/content/drive/MyDrive/N-MON/ALTRO/spectograms/MULTITONE-NARROW-40-20/298.npy,MULTITONE-NARROW-40-20
-0.0031037463,-0.009387882,0.59537107,0.43790025,0.5953792,-0.23794928,0.21713743,0.45508671551942825,0.032625116,2.447038,0.02921810406557578,-4785156.25,7.699644e-06,7.242102e-08,0.5407451369863265,0.0100178283706491,/content/drive/MyDrive/N-MON/ALTRO/spectograms/MULTITONE-NARROW-40-20/299.npy,MULTITONE-NARROW-40-20
-0.004453203,-0.009214223,0.59930485,0.44235066,0.59932137,-0.23582883,0.24851324,0.484342060983181,0.0017977505,2.4171212,0.01402458486233359,-4785156.25,6.64223e-06,7.165185e-08,0.5658659155990076,0.008360659299633246,/content/drive/MyDrive/N-MON/ALTRO/spectograms/MULTITONE-NARROW-40-20/300.npy,MULTITONE-NARROW-40-20
-0.0015592842,-0.0017177572,0.6050301,0.44714427,0.60503215,-0.2438972,0.22492173,0.46881893277168274,0.009710548,2.3961036,-0.015200528380642574,-4785156.25,7.358813e-06,7.2728525e-08,0.5876446548559058,0.019340406030001433,/content/drive/MyDrive/N-MON/ALTRO/spectograms/MULTITONE-NARROW-40-20/301.npy,MULTITONE-NARROW-40-20
0.0020374716,0.006246327,0.596724,0.4401707,0.5967275,-0.2436568,0.24267173,0.48632853478193283,-0.00707106,2.4209511,0.05220047390712233,-4785156.25,6.7527285e-06,7.075232e-08,0.5636267130530166,0.009754619266212248,/content/drive/MyDrive/N-MON/ALTRO/spectograms/MULTITONE-NARROW-40-20/302.npy,MULTITONE-NARROW-40-20
0.0007383854,0.006390697,0.60139084,0.44356906,0.60139126,-0.23575132,0.23295587,0.4687071852385998,0.011978138,2.4108825,-7.161956588687055e-05,-4785156.25,7.1152954e-06,7.2338736e-08,0.5456401434145213,0.010999327541061596,/content/drive/MyDrive/N-MON/ALTRO/spectograms/MULTITONE-NARROW-40-20/303.npy,MULTITONE-NARROW-40-20
-0.0030658517,-0.0014407395,0.58826464,0.4338217,0.58827263,-0.24364959,0.2348696,0.47851919010281563,0.010442713,2.4531612,0.09548675543455941,-4785156.25,6.844335e-06,6.925238e-08,0.5619086003753131,0.008833888155726494,/content/drive/MyDrive/N-MON/ALTRO/spectograms/MULTITONE-NARROW-40-20/304.npy,MULTITONE-NARROW-40-20
0.001986505,-0.0017811283,0.6093392,0.45139027,0.60934246,-0.25174308,0.24818589,0.49992895498871803,0.010353453,2.3641458,-0.009870045703935248,-4785156.25,7.065521e-06,7.3597874e-08,0.550789831161886,0.010736056654486362,/content/drive/MyDrive/N-MON/ALTRO/spectograms/MULTITONE-NARROW-40-20/305.npy,MULTITONE-NARROW-40-20
-0.0031060795,-0.0013642192,0.5882226,0.4348948,0.58823085,-0.25137478,0.2564079,0.5077826827764511,-0.0034890682,2.4306645,0.09139097501374215,-4785156.25,7.210067e-06,6.9628015e-08,0.5579866844721153,0.009138573238141509,/content/drive/MyDrive/N-MON/ALTRO/spectograms/MULTITONE-NARROW-40-20/306.npy,MULTITONE-NARROW-40-20
-0.00096910977,-0.0012070362,0.60935825,0.45265704,0.609359,-0.2531953,0.25074977,0.5039450414478779,0.013927569,2.3581936,-0.002663111168678022,-4785156.25,6.9942494e-06,7.375802e-08,0.5527055284068138,0.010720809199588281,/content/drive/MyDrive/N-MON/ALTRO/spectograms/MULTITONE-NARROW-40-20/307.npy,MULTITONE-NARROW-40-20
0.002234205,-0.0015118434,0.5944897,0.44313288,0.5944939,-0.25140882,0.26413637,0.5155451893806458,0.014383553,2.3960643,0.10139844191325663,-4785156.25,7.360948e-06,6.959228e-08,0.5558145135770318,0.009575556254439772,/content/drive/MyDrive/N-MON/ALTRO/spectograms/MULTITONE-NARROW-40-20/308.npy,MULTITONE-NARROW-40-20
-0.0018577747,-0.0013386214,0.60000926,0.44192353,0.6000121,-0.23766688,0.2349817,0.4726485647261143,0.009424372,2.4225748,0.007458006033957843,-4785156.25,6.839553e-06,7.361521e-08,0.5542050741252059,0.011294308440279906,/content/drive/MyDrive/N-MON/ALTRO/spectograms/MULTITONE-NARROW-40-20/309.npy,MULTITONE-NARROW-40-20
0.0064393,0.0063938955,0.59424627,0.4421963,0.59428114,-0.25144732,0.25640243,0.5078497529029846,-0.010070043,2.4037244,0.09657440681100025,-4785156.25,7.645842e-06,7.093089e-08,0.5509665947079054,0.009404093326570342,/content/drive/MyDrive/N-MON/ALTRO/spectograms/MULTITONE-NARROW-40-20/310.npy,MULTITONE-NARROW-40-20
0.0034026532,0.006387542,0.6032037,0.44489965,0.6032133,-0.25135523,0.2193484,0.4707036465406418,0.009835686,2.4080203,-0.019689135112700328,-4785156.25,6.5886834e-06,7.26029e-08,0.5636257446932257,0.01071791664529082,/content/drive/MyDrive/N-MON/ALTRO/spectograms/MULTITONE-NARROW-40-20/311.npy,MULTITONE-NARROW-40-20
-0.0005713465,-0.001581772,0.5978824,0.44342142,0.5978826,-0.25933492,0.25628465,0.515619583427906,0.010513953,2.405417,0.05635410120095306,-4785156.25,7.940146e-06,7.1127495e-08,0.5460441516331662,0.009047205465320271,/content/drive/MyDrive/N-MON/ALTRO/spectograms/MULTITONE-NARROW-40-20/312.npy,MULTITONE-NARROW-40-20
0.004279869,0.0062126536,0.59999806,0.44136736,0.6000133,-0.22035219,0.23281631,0.45316850394010544,-0.011878828,2.4295456,-0.006774832326243662,-4785156.25,6.447136e-06,7.252264e-08,0.5626137272314504,0.01052542607963824,/content/drive/MyDrive/N-MON/ALTRO/spectograms/MULTITONE-NARROW-40-20/313.npy,MULTITONE-NARROW-40-20
-0.0055799107,-0.009222384,0.5896406,0.43353468,0.589667,-0.24365665,0.2250535,0.46871015802025795,0.0055261524,2.473038,0.054563683265497306,-4785156.25,7.3892297e-06,7.160358e-08,0.5785840527018937,0.029566679046283517,/content/drive/MyDrive/N-MON/ALTRO/spectograms/MULTITONE-NARROW-40-20/314.npy,MULTITONE-NARROW-40-20
-0.004846568,-0.0016306906,0.5933128,0.43528152,0.5933326,-0.24377301,0.21915457,0.46292758360505104,0.012303982,2.4637566,0.014382343732453385,-4785156.25,6.7823034e-06,7.269257e-08,0.5639496478358044,0.009446792712166325,/content/drive/MyDrive/N-MON/ALTRO/spectograms/MULTITONE-NARROW-40-20/315.npy,MULTITONE-NARROW-40-20
0.001112156,-0.0012976257,0.59744304,0.43952313,0.59744406,-0.2356526,0.248687,0.4843395836651325,0.0020451976,2.435745,0.021778331004073215,-4785156.25,7.5552366e-06,7.140912e-08,0.5421900683262609,0.010640443784595749,/content/drive/MyDrive/N-MON/ALTRO/spectograms/MULTITONE-NARROW-40-20/316.npy,MULTITONE-NARROW-40-20
0.0061179046,0.0062523405,0.5935627,0.4359566,0.59359425,-0.22812387,0.23284547,0.46096934750676155,-0.0011450637,2.459126,0.03620093568047521,-4785156.25,6.5551767e-06,7.0644745e-08,0.5615235880210123,0.008962386894305768,/content/drive/MyDrive/N-MON/ALTRO/spectograms/MULTITONE-NARROW-40-20/317.npy,MULTITONE-NARROW-40-20
-0.007276857,-0.0014882227,0.6034989,0.4459026,0.60354275,-0.24354541,0.22712505,0.4706704653799534,0.017094828,2.406472,-0.0017189138429049115,-4785156.25,7.542449e-06,7.278927e-08,0.5447756273677125,0.010510564362821028,/content/drive/MyDrive/N-MON/ALTRO/spectograms/MULTITONE-NARROW-40-20/318.npy,MULTITONE-NARROW-40-20
0.0032511456,-0.0014131416,0.5915858,0.43436182,0.5915947,-0.23002109,0.22703719,0.45705828070640564,-0.005094801,2.458369,0.04979587209828994,-4785156.25,6.40411e-06,7.032433e-08,0.5985589541753079,0.024620718965080585,/content/drive/MyDrive/N-MON/ALTRO/spectograms/MULTITONE-NARROW-40-20/319.npy,MULTITONE-NARROW-40-20
0.008942254,0.0139750615,0.6072599,0.4511256,0.6073258,-0.23789921,0.26602912,0.5039283446967602,-0.016556757,2.3704996,0.019981500617558424,-4785156.25,7.4247228e-06,7.3084735e-08,0.5516577313285574,0.010948699628425825,/content/drive/MyDrive/N-MON/ALTRO/spectograms/MULTITONE-NARROW-40-20/320.npy,MULTITONE-NARROW-40-20
-0.0008257756,-0.009395521,0.59345263,0.43683586,0.5934532,-0.20673016,0.24832289,0.45505304262042046,0.012294085,2.4300144,0.04898762574715919,-4785156.25,6.945665e-06,6.954555e-08,0.5638816501030417,0.008796075666105177,/content/drive/MyDrive/N-MON/ALTRO/spectograms/MULTITONE-NARROW-40-20/321.npy,MULTITONE-NARROW-40-20
-0.0048571816,-0.001459541,0.6073732,0.45187873,0.60739255,-0.2690208,0.250565,0.519585806876421,0.00798319,2.3624928,0.022726488632816334,-4785156.25,7.1629784e-06,7.31187e-08,0.5571803098602206,0.015407334104670206,/content/drive/MyDrive/N-MON/ALTRO/spectograms/MULTITONE-NARROW-40-20/322.npy,MULTITONE-NARROW-40-20
0.0040159216,0.0062904945,0.59479594,0.4413239,0.5948095,-0.24360299,0.24851358,0.4921165741980076,-0.0037958561,2.4027426,0.09919654318900127,-4785156.25,7.257328e-06,7.029767e-08,0.5617685625334725,0.009199127693304745,/content/drive/MyDrive/N-MON/ALTRO/spectograms/MULTITONE-NARROW-40-20/323.npy,MULTITONE-NARROW-40-20
0.0037006922,-0.0013955529,0.6064643,0.44988465,0.6064756,-0.23578358,0.2486004,0.4843839667737484,-0.0037001828,2.3819137,-0.0015568133581150938,-4785156.25,6.801724e-06,7.269277e-08,0.5535239078480636,0.010750707594851179,/content/drive/MyDrive/N-MON/ALTRO/spectograms/MULTITONE-NARROW-40-20/324.npy,MULTITONE-NARROW-40-20
-0.0013752045,0.0061665913,0.67415214,0.532473,0.6741535,-0.5582695,0.529703,1.0879725217819214,0.0067926506,1.9507104,-0.0525257491931851,-4785156.25,7.437306e-06,6.9506456e-08,0.600441231020121,0.07139485186189325,/content/drive/MyDrive/N-MON/ALTRO/spectograms/MULTITONE-NARROW-40-20/325.npy,MULTITONE-NARROW-40-20
-0.0042520324,-0.0017593238,0.60736233,0.4488445,0.6073772,-0.27520934,0.22479792,0.5000072531402111,0.009948654,2.3835204,-0.016837489907291513,-4785156.25,6.803909e-06,7.365797e-08,0.5554329923916222,0.010698551006666234,/content/drive/MyDrive/N-MON/ALTRO/spectograms/MULTITONE-NARROW-40-20/326.npy,MULTITONE-NARROW-40-20
-0.006320214,-0.009227808,0.59186363,0.43870404,0.59189737,-0.25923836,0.24073173,0.49997010454535484,0.02704937,2.430173,0.09534574215539392,-4785156.25,7.595892e-06,7.063832e-08,0.5455858497715993,0.009371389177411916,/content/drive/MyDrive/N-MON/ALTRO/spectograms/MULTITONE-NARROW-40-20/327.npy,MULTITONE-NARROW-40-20
0.0037022505,0.0065028686,0.60254925,0.44390556,0.60256064,-0.25131637,0.24869253,0.5000088848173618,-0.015462963,2.4075654,-0.0005591508982575426,-4785156.25,6.1923342e-06,7.118277e-08,0.5582908915182021,0.010214742899720191,/content/drive/MyDrive/N-MON/ALTRO/spectograms/MULTITONE-NARROW-40-20/328.npy,MULTITONE-NARROW-40-20
0.0005070033,-0.0014542439,0.58461577,0.42918092,0.58461595,-0.22987142,0.22517158,0.4550430104136467,0.016649224,2.4989133,0.08281448360631037,-4785156.25,7.549001e-06,7.038132e-08,0.5447443390156572,0.009066186421580637,/content/drive/MyDrive/N-MON/ALTRO/spectograms/MULTITONE-NARROW-40-20/329.npy,MULTITONE-NARROW-40-20
-0.004295024,-0.0014085122,0.5971799,0.43868664,0.5971954,-0.2435961,0.21734545,0.46094154939055443,0.0103439735,2.4471455,0.003655565427949859,-4785156.25,6.393448e-06,7.2193956e-08,0.5626030553220713,0.010101999487838994,/content/drive/MyDrive/N-MON/ALTRO/spectograms/MULTITONE-NARROW-40-20/330.npy,MULTITONE-NARROW-40-20
0.0047639525,0.0022931022,0.5970903,0.44202414,0.5971093,-0.23600212,0.27958322,0.5155853256583214,-0.01126543,2.424856,0.048958951231225054,-4785156.25,7.488395e-06,7.0884084e-08,0.5595373017338665,0.024290808255202627,/content/drive/MyDrive/N-MON/ALTRO/spectograms/MULTITONE-NARROW-40-20/331.npy,MULTITONE-NARROW-40-20
0.0010542801,0.006264923,0.60110885,0.4431277,0.60110974,-0.24367154,0.24847484,0.4921463765203953,-0.007841738,2.41197,0.013580486691984518,-4785156.25,6.4625033e-06,7.1919985e-08,0.567588066169705,0.010072917723652005,/content/drive/MyDrive/N-MON/ALTRO/spectograms/MULTITONE-NARROW-40-20/332.npy,MULTITONE-NARROW-40-20
-0.0033633597,0.006471867,0.6054327,0.45008984,0.60544205,-0.2747111,0.25845674,0.5331678315997124,-0.00594112,2.3783455,0.028763876703811298,-4785156.25,7.452084e-06,7.1770444e-08,0.5492385615972055,0.009810637094488666,/content/drive/MyDrive/N-MON/ALTRO/spectograms/MULTITONE-NARROW-40-20/333.npy,MULTITONE-NARROW-40-20
0.0034427727,0.0063647507,0.5901238,0.43287283,0.5901338,-0.22011943,0.24076541,0.46088483929634094,0.0022093495,2.470154,0.05693458075234124,-4785156.25,6.525548e-06,7.085703e-08,0.5696218261765555,0.00994654922732616,/content/drive/MyDrive/N-MON/ALTRO/spectograms/MULTITONE-NARROW-40-20/334.npy,MULTITONE-NARROW-40-20
-0.005345269,-0.00918104,0.59861207,0.4450117,0.598636,-0.26117435,0.23298645,0.49416080117225647,0.0066871624,2.4206738,0.06394743334098228,-4785156.25,7.6283277e-06,7.231168e-08,0.5472668833972931,0.0098414600800498,/content/drive/MyDrive/N-MON/ALTRO/spectograms/MULTITONE-NARROW-40-20/335.npy,MULTITONE-NARROW-40-20
0.0012961423,-0.001321381,0.59431297,0.43760082,0.5943144,-0.22010663,0.2330707,0.4531773328781128,0.010302672,2.4479344,0.04136523230289223,-4785156.25,6.5249246e-06,6.957373e-08,0.5681550323826111,0.009828786051178505,/content/drive/MyDrive/N-MON/ALTRO/spectograms/MULTITONE-NARROW-40-20/336.npy,MULTITONE-NARROW-40-20
0.00096780754,-0.0012053605,0.59361416,0.43588182,0.59361494,-0.22196168,0.22533858,0.4473002552986145,-0.012526223,2.4652057,0.025859364884459047,-4785156.25,7.315222e-06,7.209479e-08,0.5441646049574118,0.009985887614275516,/content/drive/MyDrive/N-MON/ALTRO/spectograms/MULTITONE-NARROW-40-20/337.npy,MULTITONE-NARROW-40-20
-0.0061442656,-0.0052754562,0.5855737,0.4295023,0.5856059,-0.24355564,0.23293582,0.47649145126342773,0.012702054,2.475815,0.09024071338745975,-4785156.25,6.8764034e-06,6.974109e-08,0.5626032957605832,0.008236137619270095,/content/drive/MyDrive/N-MON/ALTRO/spectograms/MULTITONE-NARROW-40-20/338.npy,MULTITONE-NARROW-40-20
-0.0007526498,-0.0014396145,0.60316133,0.44677547,0.6031618,-0.251412,0.24075197,0.4921639710664749,0.016130233,2.4021645,0.008560296830167558,-4785156.25,6.942085e-06,7.222928e-08,0.555101207853534,0.013843247520994233,/content/drive/MyDrive/N-MON/ALTRO/spectograms/MULTITONE-NARROW-40-20/339.npy,MULTITONE-NARROW-40-20
-0.002157753,-0.0014293848,0.5858408,0.4323139,0.5858448,-0.24361047,0.23289728,0.4765077456831932,0.007154526,2.4560049,0.10581177827965581,-4785156.25,7.2408543e-06,6.9721935e-08,0.5577922296349342,0.008802291698997575,/content/drive/MyDrive/N-MON/ALTRO/spectograms/MULTITONE-NARROW-40-20/340.npy,MULTITONE-NARROW-40-20
-0.0010637305,-0.0016831895,0.59918505,0.44282967,0.599186,-0.23604786,0.24051498,0.47656283155083656,0.013236528,2.4262288,0.021748383142444417,-4785156.25,7.0016745e-06,7.243397e-08,0.5473438108096331,0.011084428043377526,/content/drive/MyDrive/N-MON/ALTRO/spectograms/MULTITONE-NARROW-40-20/341.npy,MULTITONE-NARROW-40-20
0.0058468087,-0.0016712358,0.59230334,0.44066474,0.5923322,-0.23806919,0.25803632,0.49610548838973045,-0.0059917285,2.4049473,0.11867022736124243,-4785156.25,7.266031e-06,6.909499e-08,0.556545971984897,0.009047822657557976,/content/drive/MyDrive/N-MON/ALTRO/spectograms/MULTITONE-NARROW-40-20/342.npy,MULTITONE-NARROW-40-20
-0.0025515093,-0.009200794,0.6002242,0.44198096,0.6002296,-0.2514187,0.24857557,0.49999428167939186,0.009576676,2.4222987,0.000747537476320715,-4785156.25,7.0219244e-06,7.365534e-08,0.5497125803355619,0.010764118168579912,/content/drive/MyDrive/N-MON/ALTRO/spectograms/MULTITONE-NARROW-40-20/343.npy,MULTITONE-NARROW-40-20
-0.0037283525,-0.0017219672,0.59106624,0.4377409,0.591078,-0.23604757,0.25612834,0.4921759106218815,0.0008436191,2.4291806,0.10928268137288898,-4785156.25,7.66711e-06,7.0151785e-08,0.5490190436484021,0.009164873978526965,/content/drive/MyDrive/N-MON/ALTRO/spectograms/MULTITONE-NARROW-40-20/344.npy,MULTITONE-NARROW-40-20
-0.0048118774,-0.0014592765,0.59889525,0.44180578,0.5989146,-0.24357763,0.23493011,0.47850774601101875,0.0021118263,2.424731,0.014870476640012831,-4785156.25,6.561229e-06,7.263248e-08,0.5545599471289503,0.010698315805300717,/content/drive/MyDrive/N-MON/ALTRO/spectograms/MULTITONE-NARROW-40-20/345.npy,MULTITONE-NARROW-40-20
0.003942839,-0.0016012315,0.5943382,0.4404679,0.59435123,-0.25944257,0.25615638,0.515598937869072,0.0069485027,2.4267197,0.0755054336646611,-4785156.25,7.5207295e-06,7.0713625e-08,0.560340498399805,0.022243876233640745,/content/drive/MyDrive/N-MON/ALTRO/spectograms/MULTITONE-NARROW-40-20/346.npy,MULTITONE-NARROW-40-20
-0.0043121036,-0.005360145,0.6009054,0.4417986,0.60092086,-0.2514423,0.22510757,0.4765498861670494,0.008664992,2.4175818,0.0022792572060409307,-4785156.25,6.5113036e-06,7.234908e-08,0.5598628093564217,0.011170091856380087,/content/drive/MyDrive/N-MON/ALTRO/spectograms/MULTITONE-NARROW-40-20/347.npy,MULTITONE-NARROW-40-20
0.0034001742,-0.0016518142,0.58896285,0.43318176,0.5889727,-0.26737118,0.2248351,0.49220627546310425,0.021816771,2.4682872,0.06214404746849565,-4785156.25,7.665271e-06,7.08262e-08,0.564255328656184,0.03014560018805465,/content/drive/MyDrive/N-MON/ALTRO/spectograms/MULTITONE-NARROW-40-20/348.npy,MULTITONE-NARROW-40-20
-0.00014140678,0.0061334,0.59603184,0.43828386,0.59603184,-0.22240436,0.21710819,0.43951256200671196,-0.013724235,2.436281,0.021803295179228733,-4785156.25,6.2827485e-06,7.2167616e-08,0.5648474340394215,0.01364057556377153,/content/drive/MyDrive/N-MON/ALTRO/spectograms/MULTITONE-NARROW-40-20/349.npy,MULTITONE-NARROW-40-20
0.0040928633,-0.0016066935,0.60416895,0.44921356,0.60418284,-0.2692296,0.2658873,0.5351168662309647,0.004921959,2.383522,0.029193519102466026,-4785156.25,7.4098343e-06,7.169528e-08,0.5483980641502957,0.00981128426121307,/content/drive/MyDrive/N-MON/ALTRO/spectograms/MULTITONE-NARROW-40-20/350.npy,MULTITONE-NARROW-40-20
-0.0034537315,-0.0016679149,0.5995779,0.43964013,0.59958786,-0.22039796,0.21715339,0.4375513456761837,0.0031521255,2.4332898,-0.013692542403298213,-4785156.25,6.3541183e-06,7.133194e-08,0.5677482481845758,0.010363847642640806,/content/drive/MyDrive/N-MON/ALTRO/spectograms/MULTITONE-NARROW-40-20/351.npy,MULTITONE-NARROW-40-20
-0.0029822292,-0.009189326,0.6061591,0.4496693,0.6061664,-0.24562898,0.25832796,0.5039569362998009,0.018548835,2.378908,0.010280383486905954,-4785156.25,7.839406e-06,7.314429e-08,0.5452217111220785,0.009498111620848133,/content/drive/MyDrive/N-MON/ALTRO/spectograms/MULTITONE-NARROW-40-20/352.npy,MULTITONE-NARROW-40-20
0.0015662377,-0.0016100993,0.5911144,0.4322331,0.5911165,-0.22034392,0.20930165,0.4296455718576908,0.02385482,2.4816108,0.01664071505095054,-4785156.25,6.339767e-06,7.009027e-08,0.5653257802706622,0.00989661747467888,/content/drive/MyDrive/N-MON/ALTRO/spectograms/MULTITONE-NARROW-40-20/353.npy,MULTITONE-NARROW-40-20
0.001684201,-0.0017071753,0.60178626,0.44345593,0.60178864,-0.23607337,0.24821414,0.4842875190079212,0.008794178,2.4088647,0.011989424873226951,-4785156.25,7.3350275e-06,7.199266e-08,0.5578825578450675,0.01779776958727657,/content/drive/MyDrive/N-MON/ALTRO/spectograms/MULTITONE-NARROW-40-20/354.npy,MULTITONE-NARROW-40-20
-0.006017329,-0.009279756,0.59618783,0.4389881,0.5962182,-0.22808531,0.21719849,0.44528380781412125,0.025579495,2.4318106,0.03286840018411295,-4785156.25,6.9328203e-06,7.107478e-08,0.5646623809686733,0.008661709310584553,/content/drive/MyDrive/N-MON/ALTRO/spectograms/MULTITONE-NARROW-40-20/355.npy,MULTITONE-NARROW-40-20
6.397009e-05,0.0064411103,0.6078457,0.45214838,0.6078457,-0.25914705,0.23299596,0.4921429976820946,0.005817605,2.3616083,0.008179556338374517,-4785156.25,7.2487887e-06,7.297779e-08,0.5462414342434254,0.010387748214551639,/content/drive/MyDrive/N-MON/ALTRO/spectograms/MULTITONE-NARROW-40-20/356.npy,MULTITONE-NARROW-40-20
-0.004256138,-0.009439195,0.5881141,0.43250436,0.5881295,-0.23011711,0.23277423,0.4628913402557373,0.016402135,2.4616392,0.08147785645745374,-4785156.25,6.8088157e-06,6.940604e-08,0.5629307012491482,0.009696577050511787,/content/drive/MyDrive/N-MON/ALTRO/spectograms/MULTITONE-NARROW-40-20/357.npy,MULTITONE-NARROW-40-20
-0.007607757,-0.0011710483,0.607085,0.45011082,0.6071327,-0.2746445,0.21756281,0.4922073110938072,0.023218475,2.3821316,-0.0016822965980570863,-4785156.25,7.1497566e-06,7.280276e-08,0.5481486473921827,0.010300490097846534,/content/drive/MyDrive/N-MON/ALTRO/spectograms/MULTITONE-NARROW-40-20/358.npy,MULTITONE-NARROW-40-20
-0.002633118,-0.0014993555,0.590899,0.43848816,0.59090483,-0.2749332,0.2406123,0.5155454874038696,0.008786343,2.41596,0.10531975811306969,-4785156.25,7.117257e-06,6.861814e-08,0.5585349461096871,0.008961964681997055,/content/drive/MyDrive/N-MON/ALTRO/spectograms/MULTITONE-NARROW-40-20/359.npy,MULTITONE-NARROW-40-20
-0.0019767655,-0.0014875999,0.60541385,0.4471551,0.6054171,-0.2456201,0.24068275,0.48630284890532494,0.012384007,2.3931272,-0.022539560224617127,-4785156.25,7.3113665e-06,7.351045e-08,0.5521598150191577,0.010790513679825635,/content/drive/MyDrive/N-MON/ALTRO/spectograms/MULTITONE-NARROW-40-20/360.npy,MULTITONE-NARROW-40-20
0.00034780454,-0.0017942642,0.5894897,0.43769524,0.58948976,-0.26735514,0.24044912,0.5078042782843113,0.016964264,2.4238236,0.09761922528728638,-4785156.25,7.0807214e-06,7.0411424e-08,0.6427256731294938,0.030585865606209454,/content/drive/MyDrive/N-MON/ALTRO/spectograms/MULTITONE-NARROW-40-20/361.npy,MULTITONE-NARROW-40-20
0.005730307,0.002564429,0.60557467,0.4471804,0.6056017,-0.24352027,0.24086082,0.4843810945749283,0.0060926164,2.393417,-0.01439079419141821,-4785156.25,6.846478e-06,7.321873e-08,0.5587376447261851,0.011551803029090122,/content/drive/MyDrive/N-MON/ALTRO/spectograms/MULTITONE-NARROW-40-20/362.npy,MULTITONE-NARROW-40-20
0.0014886294,0.006034853,0.5955341,0.44010893,0.59553593,-0.23608741,0.24833667,0.48442408442497253,-0.013075522,2.4184988,0.05533470811390538,-4785156.25,7.4996383e-06,6.98255e-08,0.555066616108851,0.008640925258888953,/content/drive/MyDrive/N-MON/ALTRO/spectograms/MULTITONE-NARROW-40-20/363.npy,MULTITONE-NARROW-40-20
0.0030151682,-0.001566001,0.607379,0.44949755,0.6073865,-0.2359289,0.26403058,0.49995948001742363,-0.0037104574,2.3927064,-0.041298411213423716,-4785156.25,6.46272e-06,7.276896e-08,0.5633048660086211,0.009537963851798675,/content/drive/MyDrive/N-MON/ALTRO/spectograms/MULTITONE-NARROW-40-20/364.npy,MULTITONE-NARROW-40-20
0.0011406229,0.00643899,0.5893681,0.4354741,0.58936924,-0.24355717,0.24860568,0.4921628497540951,-0.0010247192,2.4590755,0.0965915968289036,-4785156.25,7.865856e-06,7.046408e-08,0.5476048516497378,0.009265811987577118,/content/drive/MyDrive/N-MON/ALTRO/spectograms/MULTITONE-NARROW-40-20/365.npy,MULTITONE-NARROW-40-20
0.008806429,-0.0013517856,0.59736544,0.4404846,0.5974303,-0.22019525,0.23491623,0.45511148124933243,0.0049720304,2.4406893,0.024296175916387653,-4785156.25,6.673799e-06,7.306715e-08,0.564768350064669,0.010669049394742723,/content/drive/MyDrive/N-MON/ALTRO/spectograms/MULTITONE-NARROW-40-20/366.npy,MULTITONE-NARROW-40-20
0.002395183,0.0063367547,0.5873514,0.43258324,0.58735627,-0.22800025,0.26418042,0.4921806678175926,-0.023036264,2.4856448,0.08690254583774225,-4785156.25,7.4884747e-06,6.998202e-08,0.5481803540827195,0.009758606431590603,/content/drive/MyDrive/N-MON/ALTRO/spectograms/MULTITONE-NARROW-40-20/367.npy,MULTITONE-NARROW-40-20
0.0006141088,-0.0015056767,0.599982,0.44191772,0.5999823,-0.23580112,0.22506371,0.4608648382127285,0.02369836,2.4223182,0.007330377410497902,-4785156.25,6.7546043e-06,7.24182e-08,0.5637807882018013,0.010349849061569072,/content/drive/MyDrive/N-MON/ALTRO/spectograms/MULTITONE-NARROW-40-20/368.npy,MULTITONE-NARROW-40-20
-0.0022667325,-0.0014323315,0.6028587,0.44919032,0.60286295,-0.27482933,0.26416668,0.5389959886670113,0.015176269,2.3880966,0.057047139347865414,-4785156.25,7.418944e-06,7.1805204e-08,0.5458420984108392,0.009013714530657675,/content/drive/MyDrive/N-MON/ALTRO/spectograms/MULTITONE-NARROW-40-20/369.npy,MULTITONE-NARROW-40-20
0.00024079443,-0.001540995,0.599986,0.4425242,0.5999861,-0.24372432,0.23272929,0.47645361348986626,0.01371155,2.4189317,0.013732705557103365,-4785156.25,6.501145e-06,7.138169e-08,0.565209389146443,0.009129504183362232,/content/drive/MyDrive/N-MON/ALTRO/spectograms/MULTITONE-NARROW-40-20/370.npy,MULTITONE-NARROW-40-20
0.002178229,-0.0014031685,0.6021365,0.44505656,0.6021404,-0.24356607,0.24275175,0.48631781339645386,0.00067113794,2.401818,0.008050773377210042,-4785156.25,7.609339e-06,7.1864946e-08,0.5435109762753684,0.009751480216034652,/content/drive/MyDrive/N-MON/ALTRO/spectograms/MULTITONE-NARROW-40-20/371.npy,MULTITONE-NARROW-40-20
-0.004970082,-0.0016340506,0.5977282,0.44053262,0.5977488,-0.25159013,0.22888339,0.48047350719571114,0.021696623,2.4329743,0.013042738127397747,-4785156.25,6.6816983e-06,7.112293e-08,0.5663040924444602,0.00952526923461173,/content/drive/MyDrive/N-MON/ALTRO/spectograms/MULTITONE-NARROW-40-20/372.npy,MULTITONE-NARROW-40-20
3.4852028e-06,-0.0015702685,0.6066392,0.4505338,0.6066392,-0.2614473,0.24833122,0.5097785405814648,-3.0340303e-05,2.3804936,-0.00139018757514554,-4785156.25,7.4070313e-06,7.230521e-08,0.5457226626673191,0.009735604351183707,/content/drive/MyDrive/N-MON/ALTRO/spectograms/MULTITONE-NARROW-40-20/373.npy,MULTITONE-NARROW-40-20
0.00436396,0.0063426616,0.59439075,0.4359865,0.59440684,-0.21242212,0.24273342,0.45515553653240204,-0.01565992,2.4488518,0.01520694874569083,-4785156.25,6.7148476e-06,7.0111895e-08,0.5636067631761296,0.00897755138205293,/content/drive/MyDrive/N-MON/ALTRO/spectograms/MULTITONE-NARROW-40-20/374.npy,MULTITONE-NARROW-40-20
-0.001217995,-0.0017400323,0.60722363,0.44845277,0.6072249,-0.24395686,0.24237223,0.4863290973007679,0.011955104,2.3911343,-0.0281503982352015,-4785156.25,7.193336e-06,7.294027e-08,0.5467330486701765,0.009320156000428896,/content/drive/MyDrive/N-MON/ALTRO/spectograms/MULTITONE-NARROW-40-20/375.npy,MULTITONE-NARROW-40-20
0.006766685,0.00624857,0.58518875,0.42976025,0.5852279,-0.20662957,0.21918854,0.4258181154727936,-0.0027461504,2.4714065,0.08641158220866783,-4785156.25,6.7326328e-06,6.944212e-08,0.5643999405116695,0.01069442588099008,/content/drive/MyDrive/N-MON/ALTRO/spectograms/MULTITONE-NARROW-40-20/376.npy,MULTITONE-NARROW-40-20
-0.0031201974,-0.009326642,0.59841496,0.4425262,0.59842306,-0.2593233,0.21919519,0.4785184860229492,0.030031592,2.4300075,0.03549039473704939,-4785156.25,7.155064e-06,7.309813e-08,0.5496863977648959,0.011051695750824783,/content/drive/MyDrive/N-MON/ALTRO/spectograms/MULTITONE-NARROW-40-20/377.npy,MULTITONE-NARROW-40-20
-0.0037299031,-0.0015870656,0.59209764,0.44039914,0.5921093,-0.2515118,0.25039428,0.5019060671329498,0.008374767,2.4066112,0.12303341916640141,-4785156.25,6.823578e-06,6.984884e-08,0.5895370964954111,0.026966601454400784,/content/drive/MyDrive/N-MON/ALTRO/spectograms/MULTITONE-NARROW-40-20/378.npy,MULTITONE-NARROW-40-20
0.0056604464,0.00641412,0.6075957,0.4497439,0.6076221,-0.21423356,0.2642986,0.4785321541130543,-0.012970114,2.3802648,-0.01579466197540492,-4785156.25,6.90731e-06,7.2915896e-08,0.5573595677146164,0.01043003801211414,/content/drive/MyDrive/N-MON/ALTRO/spectograms/MULTITONE-NARROW-40-20/379.npy,MULTITONE-NARROW-40-20
0.0066517857,0.0064891074,0.5946445,0.44127584,0.5946817,-0.22788444,0.2564265,0.48431094735860825,-0.002867422,2.4012988,0.08845508327518369,-4785156.25,7.3996034e-06,6.99861e-08,0.558023546914954,0.009074945231745395,/content/drive/MyDrive/N-MON/ALTRO/spectograms/MULTITONE-NARROW-40-20/380.npy,MULTITONE-NARROW-40-20
0.0049252636,0.005932031,0.59723586,0.44042653,0.5972561,-0.22848266,0.23248397,0.4609666280448437,0.0053233076,2.4405663,0.023085084860985695,-4785156.25,6.7048186e-06,7.3254455e-08,0.5564970420601038,0.009561549938442281,/content/drive/MyDrive/N-MON/ALTRO/spectograms/MULTITONE-NARROW-40-20/381.npy,MULTITONE-NARROW-40-20
0.0032624,-0.001414876,0.59624654,0.44318798,0.59625554,-0.2514261,0.2719881,0.5234142243862152,0.004731423,2.3993115,0.09138490764725736,-4785156.25,7.617737e-06,7.020901e-08,0.549725598747325,0.00892779307652564,/content/drive/MyDrive/N-MON/ALTRO/spectograms/MULTITONE-NARROW-40-20/382.npy,MULTITONE-NARROW-40-20
0.0020143804,-0.0015399302,0.6068661,0.44822827,0.60686946,-0.25932205,0.2562888,0.5156108513474464,0.0066502774,2.3886168,-0.0320405285260429,-4785156.25,6.659394e-06,7.303986e-08,0.559317761498106,0.010094764194814991,/content/drive/MyDrive/N-MON/ALTRO/spectograms/MULTITONE-NARROW-40-20/383.npy,MULTITONE-NARROW-40-20
-0.004115489,-0.0017441949,0.5932203,0.43927905,0.59323454,-0.24585523,0.2483004,0.4941556267440319,0.0063632927,2.437397,0.07191688139400641,-4785156.25,7.5497524e-06,7.0542825e-08,0.5432655654629652,0.009725003856228043,/content/drive/MyDrive/N-MON/ALTRO/spectograms/MULTITONE-NARROW-40-20/384.npy,MULTITONE-NARROW-40-20
-0.0041573527,-0.0015756737,0.598785,0.4408676,0.59879947,-0.23007104,0.23287028,0.46294132620096207,0.011137044,2.4348862,-0.0012474178661278194,-4785156.25,6.560751e-06,7.2572945e-08,0.5603473065878334,0.010393543383679616,/content/drive/MyDrive/N-MON/ALTRO/spectograms/MULTITONE-NARROW-40-20/385.npy,MULTITONE-NARROW-40-20
0.009026502,0.0062082605,0.59999675,0.44754192,0.60006464,-0.25353923,0.28743848,0.5409777089953423,-0.015938606,2.4009743,0.06734602854758075,-4785156.25,7.645386e-06,7.1356546e-08,0.5664100939657005,0.028750127088044752,/content/drive/MyDrive/N-MON/ALTRO/spectograms/MULTITONE-NARROW-40-20/386.npy,MULTITONE-NARROW-40-20
0.0017456624,-0.0014915639,0.60394365,0.4474154,0.60394615,-0.23584779,0.23290055,0.468748327344656,0.011673582,2.3981588,-0.0006121565405089562,-4785156.25,6.2902554e-06,7.162428e-08,0.564595289299548,0.009704599480807232,/content/drive/MyDrive/N-MON/ALTRO/spectograms/MULTITONE-NARROW-40-20/387.npy,MULTITONE-NARROW-40-20
-0.0075357235,-0.001569103,0.6003068,0.4444363,0.60035414,-0.28274134,0.22500286,0.5077441893517971,0.01538993,2.413422,0.022277268343876656,-4785156.25,7.852847e-06,7.1772526e-08,0.5427443470925166,0.00965445300289479,/content/drive/MyDrive/N-MON/ALTRO/spectograms/MULTITONE-NARROW-40-20/388.npy,MULTITONE-NARROW-40-20
-0.001455926,-0.00918539,0.5967208,0.43745014,0.5967226,-0.21235704,0.23492222,0.4472792483866215,0.011358521,2.447827,-8.767273859800959e-05,-4785156.25,6.5654935e-06,7.103628e-08,0.5677866456153596,0.01055188344183148,/content/drive/MyDrive/N-MON/ALTRO/spectograms/MULTITONE-NARROW-40-20/389.npy,MULTITONE-NARROW-40-20
-0.0048075286,-0.00921483,0.5963109,0.43964309,0.5963303,-0.22997111,0.23285258,0.46282369643449783,0.018642636,2.4460168,0.033348455372935834,-4785156.25,7.5573535e-06,7.17555e-08,0.5408881652729594,0.010540077768076098,/content/drive/MyDrive/N-MON/ALTRO/spectograms/MULTITONE-NARROW-40-20/390.npy,MULTITONE-NARROW-40-20
0.0029058887,-0.0014348505,0.59157956,0.435212,0.5915867,-0.21232398,0.21929082,0.43161480501294136,0.018448805,2.4547715,0.05677753926840433,-4785156.25,6.554164e-06,7.096078e-08,0.5649289290173749,0.00998449341076021,/content/drive/MyDrive/N-MON/ALTRO/spectograms/MULTITONE-NARROW-40-20/391.npy,MULTITONE-NARROW-40-20
0.0023905495,-0.0015339381,0.6017791,0.44515747,0.6017839,-0.23596098,0.2561992,0.4921601973474026,-0.0029818509,2.4039938,0.022980913379914248,-4785156.25,7.470251e-06,7.2101045e-08,0.5489970089574936,0.010015032213973792,/content/drive/MyDrive/N-MON/ALTRO/spectograms/MULTITONE-NARROW-40-20/392.npy,MULTITONE-NARROW-40-20
0.0027186938,0.0063045835,0.5876429,0.4332782,0.58764917,-0.22022161,0.25047535,0.47069696709513664,-0.011030586,2.460501,0.07849898406946552,-4785156.25,6.6765538e-06,6.959544e-08,0.5647015084693898,0.008709661997868604,/content/drive/MyDrive/N-MON/ALTRO/spectograms/MULTITONE-NARROW-40-20/393.npy,MULTITONE-NARROW-40-20
0.0017235595,-0.0016215432,0.6058405,0.44905874,0.60584295,-0.24381316,0.2503266,0.49413977563381195,0.010519313,2.3851273,0.0027496283745315105,-4785156.25,7.180783e-06,7.293794e-08,0.5497858244904683,0.010577438494466199,/content/drive/MyDrive/N-MON/ALTRO/spectograms/MULTITONE-NARROW-40-20/394.npy,MULTITONE-NARROW-40-20
-0.00015592288,-0.0016015931,0.58557814,0.43054453,0.58557814,-0.21258841,0.2269206,0.4395090118050575,-0.004319381,2.4788203,0.09196011558311033,-4785156.25,7.0506017e-06,6.962666e-08,0.5642442690274865,0.008826513484625811,/content/drive/MyDrive/N-MON/ALTRO/spectograms/MULTITONE-NARROW-40-20/395.npy,MULTITONE-NARROW-40-20
0.0019487545,-0.001468173,0.6094135,0.45401874,0.6094166,-0.24367228,0.2641812,0.5078534781932831,0.0015003805,2.3561118,0.009216112959774193,-4785156.25,7.1491036e-06,7.327242e-08,0.5525641142124701,0.010959257508175594,/content/drive/MyDrive/N-MON/ALTRO/spectograms/MULTITONE-NARROW-40-20/396.npy,MULTITONE-NARROW-40-20
0.0030060345,-0.0014225498,0.5888374,0.43443036,0.5888451,-0.2123404,0.23292701,0.4452674053609371,-0.007821265,2.438852,0.08144559768076474,-4785156.25,7.262669e-06,6.899821e-08,0.5558719690459932,0.008944526585122965,/content/drive/MyDrive/N-MON/ALTRO/spectograms/MULTITONE-NARROW-40-20/397.npy,MULTITONE-NARROW-40-20
0.0073580868,0.0062709437,0.6077116,0.4492411,0.6077561,-0.20463231,0.25825846,0.46289078518748283,-0.01001967,2.3791168,-0.022149207937887227,-4785156.25,6.865873e-06,7.3253915e-08,0.5525375152298111,0.01012041064310541,/content/drive/MyDrive/N-MON/ALTRO/spectograms/MULTITONE-NARROW-40-20/398.npy,MULTITONE-NARROW-40-20
0.0052563986,-0.0018876051,0.5918843,0.43838906,0.5919077,-0.23627001,0.25786376,0.49413376674056053,0.0023738246,2.4149294,0.09099229794768236,-4785156.25,7.1767868e-06,6.9462644e-08,0.5550747051200793,0.008621594364135938,/content/drive/MyDrive/N-MON/ALTRO/spectograms/MULTITONE-NARROW-40-20/399.npy,MULTITONE-NARROW-40-20
0.0040246295,0.006069856,0.60867846,0.44956788,0.60869175,-0.2283328,0.25602052,0.48435332998633385,-0.005263116,2.375849,-0.027253675008339095,-4785156.25,6.736083e-06,7.2561136e-08,0.5530098201044146,0.01010070991018334,/content/drive/MyDrive/N-MON/ALTRO/spectograms/MULTITONE-NARROW-40-20/400.npy,MULTITONE-NARROW-40-20
-0.008300526,-0.009395827,0.5958555,0.44065648,0.5959133,-0.25354695,0.22492191,0.4784688763320446,0.025763538,2.4060166,0.06775434111534016,-4785156.25,7.78653e-06,7.067446e-08,0.5520859562197634,0.00873491684343916,/content/drive/MyDrive/N-MON/ALTRO/spectograms/MULTITONE-NARROW-40-20/401.npy,MULTITONE-NARROW-40-20
0.00085654185,-0.0014117742,0.59749544,0.43954137,0.59749603,-0.2299405,0.219323,0.4492634981870651,0.014639211,2.4403813,0.0005194796096378192,-4785156.25,6.747214e-06,7.21503e-08,0.5561478909063823,0.010219176650955829,/content/drive/MyDrive/N-MON/ALTRO/spectograms/MULTITONE-NARROW-40-20/402.npy,MULTITONE-NARROW-40-20
-0.0069482285,-0.009360071,0.59735733,0.44335303,0.5973978,-0.2671837,0.24841341,0.515597116202116,0.02180627,2.4070022,0.07287455613315773,-4785156.25,7.532979e-06,7.019224e-08,0.5491879755322243,0.00944797833230049,/content/drive/MyDrive/N-MON/ALTRO/spectograms/MULTITONE-NARROW-40-20/403.npy,MULTITONE-NARROW-40-20
-0.006116865,-0.009376004,0.60301673,0.44422668,0.6030477,-0.25158253,0.21714815,0.4687306880950928,0.01758826,2.4141276,-0.019755112979454325,-4785156.25,6.5064396e-06,7.2749515e-08,0.5635654144812767,0.010477306339006882,/content/drive/MyDrive/N-MON/ALTRO/spectograms/MULTITONE-NARROW-40-20/404.npy,MULTITONE-NARROW-40-20
-0.0072287275,-0.009247726,0.599764,0.443631,0.59980756,-0.26121408,0.2407708,0.5019848756492138,0.018135756,2.4117374,0.0243971754510549,-4785156.25,7.610927e-06,7.097269e-08,0.5519732964100141,0.00980781984716762,/content/drive/MyDrive/N-MON/ALTRO/spectograms/MULTITONE-NARROW-40-20/405.npy,MULTITONE-NARROW-40-20
0.0017878074,-0.0016358653,0.603376,0.4458181,0.60337865,-0.23799543,0.2248766,0.4628720246255398,0.012148942,2.4061375,0.0002738246074470603,-4785156.25,6.656468e-06,7.257466e-08,0.5689642854246744,0.011295639840444538,/content/drive/MyDrive/N-MON/ALTRO/spectograms/MULTITONE-NARROW-40-20/406.npy,MULTITONE-NARROW-40-20
0.00071640086,0.0060124104,0.60154617,0.4472189,0.6015466,-0.26938134,0.24044624,0.5098276063799858,0.007188082,2.3958228,0.04283274552821657,-4785156.25,7.308119e-06,7.149917e-08,0.5497683623878029,0.01075665499000558,/content/drive/MyDrive/N-MON/ALTRO/spectograms/MULTITONE-NARROW-40-20/407.npy,MULTITONE-NARROW-40-20
-1.604104e-05,-0.0015887099,0.5999267,0.4416466,0.5999267,-0.24379519,0.21909395,0.4628891460597515,0.01868931,2.421382,0.008578510356495584,-4785156.25,6.504327e-06,7.0963694e-08,0.5655251531097933,0.009854349186669524,/content/drive/MyDrive/N-MON/ALTRO/spectograms/MULTITONE-NARROW-40-20/408.npy,MULTITONE-NARROW-40-20
-0.00087538495,-0.0014989108,0.5963136,0.44162923,0.59631425,-0.25149104,0.23481257,0.4863036088645458,0.02258476,2.425756,0.058726023480112896,-4785156.25,7.4470186e-06,7.103629e-08,0.5455720381154274,0.009948322199340975,/content/drive/MyDrive/N-MON/ALTRO/spectograms/MULTITONE-NARROW-40-20/409.npy,MULTITONE-NARROW-40-20
-0.004374753,-0.0014336463,0.59565765,0.4367162,0.5956737,-0.23571031,0.2251646,0.46087491512298584,0.02254925,2.449598,0.020657884272747274,-4785156.25,6.7118676e-06,7.111742e-08,0.5727969766110605,0.010205440833214471,/content/drive/MyDrive/N-MON/ALTRO/spectograms/MULTITONE-NARROW-40-20/410.npy,MULTITONE-NARROW-40-20
0.00038130712,0.006131243,0.59740686,0.4411436,0.597407,-0.24381806,0.2327582,0.4765762500464916,0.021238169,2.4252362,0.032266341445975275,-4785156.25,7.444168e-06,7.2265536e-08,0.5417391756491052,0.010569829691456579,/content/drive/MyDrive/N-MON/ALTRO/spectograms/MULTITONE-NARROW-40-20/411.npy,MULTITONE-NARROW-40-20
-0.0023223534,-0.009451602,0.59462494,0.43805096,0.59462947,-0.23603281,0.23275213,0.4687849320471287,0.015254632,2.439722,0.03761851854776564,-4785156.25,6.7195883e-06,7.046946e-08,0.5636563356475511,0.00951205573244233,/content/drive/MyDrive/N-MON/ALTRO/spectograms/MULTITONE-NARROW-40-20/412.npy,MULTITONE-NARROW-40-20
0.00033235145,-0.0016669212,0.6080497,0.45145136,0.6080498,-0.25944114,0.2561186,0.515559732913971,0.017444314,2.3755467,0.0011028967066647362,-4785156.25,6.8166e-06,7.2456224e-08,0.5802845001205513,0.03051206615238304,/content/drive/MyDrive/N-MON/ALTRO/spectograms/MULTITONE-NARROW-40-20/413.npy,MULTITONE-NARROW-40-20
-0.0015852213,-0.0017299226,0.5938617,0.43737075,0.5938638,-0.23808803,0.24041682,0.47850484400987625,0.013646445,2.4309206,0.060067723573313234,-4785156.25,6.6959124e-06,6.9398254e-08,0.5647176057258699,0.009009620141642664,/content/drive/MyDrive/N-MON/ALTRO/spectograms/MULTITONE-NARROW-40-20/414.npy,MULTITONE-NARROW-40-20
0.0045381202,0.006292119,0.6055804,0.44805753,0.60559744,-0.23782128,0.24853255,0.4863538295030594,-0.012318996,2.3949645,-0.02078974982943128,-4785156.25,7.3541055e-06,7.276448e-08,0.5467961909555876,0.0097169488598923,/content/drive/MyDrive/N-MON/ALTRO/spectograms/MULTITONE-NARROW-40-20/415.npy,MULTITONE-NARROW-40-20
0.0008843863,-0.0014291042,0.58285224,0.42887548,0.5828529,-0.22018434,0.22506328,0.445247620344162,0.0063877446,2.4825923,0.11266609713244767,-4785156.25,7.19129e-06,6.945949e-08,0.5594681580261688,0.009238887426917811,/content/drive/MyDrive/N-MON/ALTRO/spectograms/MULTITONE-NARROW-40-20/416.npy,MULTITONE-NARROW-40-20
-0.0057397215,-0.0015798709,0.606043,0.4483364,0.60607016,-0.2769947,0.23280355,0.5097982548177242,0.019361984,2.381803,-0.01396778857564852,-4785156.25,6.901788e-06,7.276372e-08,0.550786508736464,0.009846761191388696,/content/drive/MyDrive/N-MON/ALTRO/spectograms/MULTITONE-NARROW-40-20/417.npy,MULTITONE-NARROW-40-20
0.0029404457,0.0022027353,0.590145,0.43600544,0.59015226,-0.23805657,0.24044736,0.47850392758846283,0.0057886518,2.4283524,0.06824231102290478,-4785156.25,7.2539274e-06,6.928931e-08,0.5583638555077541,0.008338971015021962,/content/drive/MyDrive/N-MON/ALTRO/spectograms/MULTITONE-NARROW-40-20/418.npy,MULTITONE-NARROW-40-20
0.004967135,0.006358275,0.6052119,0.44696978,0.60523236,-0.25141245,0.24858367,0.4999961405992508,-0.0019503443,2.3970318,-0.020900290702374435,-4785156.25,7.0672613e-06,7.2965925e-08,0.5554813049962576,0.010127312314068668,/content/drive/MyDrive/N-MON/ALTRO/spectograms/MULTITONE-NARROW-40-20/419.npy,MULTITONE-NARROW-40-20
-0.0064393254,-0.009369901,0.5878228,0.4375438,0.5878581,-0.25161317,0.24064003,0.492253202944994,0.029517647,2.4396691,0.14063185361917874,-4785156.25,7.5009193e-06,6.946588e-08,0.5556395388482178,0.009472261622880233,/content/drive/MyDrive/N-MON/ALTRO/spectograms/MULTITONE-NARROW-40-20/420.npy,MULTITONE-NARROW-40-20
-0.009768487,-0.017032469,0.6044023,0.44901282,0.6044812,-0.2593571,0.21723802,0.47659512981772423,0.040742017,2.3937373,0.004914893495452922,-4785156.25,6.594564e-06,7.4339425e-08,0.6168861978925047,0.04094996067123544,/content/drive/MyDrive/N-MON/ALTRO/spectograms/MULTITONE-NARROW-40-20/421.npy,MULTITONE-NARROW-40-20
0.006834597,0.0064395,0.5881555,0.43397313,0.58819526,-0.22012517,0.27214342,0.4922686070203781,-0.015372046,2.4511015,0.09804301634293365,-4785156.25,7.4123423e-06,6.908887e-08,0.5520071707902167,0.009316884448680056,/content/drive/MyDrive/N-MON/ALTRO/spectograms/MULTITONE-NARROW-40-20/422.npy,MULTITONE-NARROW-40-20
0.0026495326,0.0060642855,0.5997075,0.44059485,0.5997133,-0.20484275,0.2248257,0.42966844886541367,-0.0008211594,2.429733,0.003937386209399086,-4785156.25,6.625725e-06,7.288445e-08,0.5622391468851831,0.01047158387283516,/content/drive/MyDrive/N-MON/ALTRO/spectograms/MULTITONE-NARROW-40-20/423.npy,MULTITONE-NARROW-40-20
-0.0027157792,-0.0092004035,0.597455,0.44365823,0.59746116,-0.25925475,0.23294511,0.4921998530626297,0.024725733,2.404436,0.07383957648423399,-4785156.25,7.392056e-06,6.9670016e-08,0.5505574665428636,0.008582788112818495,/content/drive/MyDrive/N-MON/ALTRO/spectograms/MULTITONE-NARROW-40-20/424.npy,MULTITONE-NARROW-40-20
0.00085125136,-0.009377326,0.5962101,0.43883926,0.5962107,-0.22227138,0.24060515,0.46287652105093,0.019795917,2.4443831,0.026020909758509226,-4785156.25,6.6367006e-06,7.267751e-08,0.5619208440241326,0.010771512533275884,/content/drive/MyDrive/N-MON/ALTRO/spectograms/MULTITONE-NARROW-40-20/425.npy,MULTITONE-NARROW-40-20
3.1244992e-05,-0.009367636,0.59814984,0.44366044,0.59814984,-0.2593584,0.2796462,0.5390046015381813,0.00618865,2.4123094,0.050977586418880935,-4785156.25,7.622418e-06,7.058918e-08,0.5440646169087638,0.009169979005764483,/content/drive/MyDrive/N-MON/ALTRO/spectograms/MULTITONE-NARROW-40-20/426.npy,MULTITONE-NARROW-40-20
0.00082432566,0.0021667115,0.6023972,0.4433804,0.60239774,-0.24389297,0.23263219,0.4765251651406288,0.006696356,2.4186554,-0.025120687564704213,-4785156.25,6.7716837e-06,7.2701724e-08,0.5625715681316212,0.009566789931590177,/content/drive/MyDrive/N-MON/ALTRO/spectograms/MULTITONE-NARROW-40-20/427.npy,MULTITONE-NARROW-40-20
-0.005269706,-0.0015876808,0.60248655,0.44630378,0.60250956,-0.2593546,0.25821197,0.5175665840506554,0.0014823523,2.4031308,0.016380077036122088,-4785156.25,7.685875e-06,7.148776e-08,0.5439284496664958,0.009357975289506243,/content/drive/MyDrive/N-MON/ALTRO/spectograms/MULTITONE-NARROW-40-20/428.npy,MULTITONE-NARROW-40-20
-0.0012446528,-0.001675236,0.60116136,0.442953,0.6011627,-0.22049886,0.2404569,0.46095575764775276,-0.0009380288,2.4204834,-0.006870410913702451,-4785156.25,6.61775e-06,7.1630886e-08,0.5638614004735676,0.010550058008774734,/content/drive/MyDrive/N-MON/ALTRO/spectograms/MULTITONE-NARROW-40-20/429.npy,MULTITONE-NARROW-40-20
-0.0036054298,-0.0017741667,0.59286845,0.4354483,0.5928794,-0.24385466,0.23265408,0.4765087403357029,0.0223968,2.4624023,0.03127997000800052,-4785156.25,7.867061e-06,7.230823e-08,0.5399873684014075,0.00977262919945008,/content/drive/MyDrive/N-MON/ALTRO/spectograms/MULTITONE-NARROW-40-20/430.npy,MULTITONE-NARROW-40-20
-0.0003673949,-0.001690327,0.5979773,0.43944648,0.5979774,-0.2517104,0.22486621,0.47657662630081177,0.028608745,2.441463,0.0018204491048335776,-4785156.25,6.450957e-06,7.0804646e-08,0.5671594532704485,0.008634447004157305,/content/drive/MyDrive/N-MON/ALTRO/spectograms/MULTITONE-NARROW-40-20/431.npy,MULTITONE-NARROW-40-20
0.004686622,0.006216873,0.60119456,0.44449848,0.6012128,-0.22818829,0.26598203,0.49417033046483994,-0.01803699,2.4113436,0.023271903794728977,-4785156.25,7.355535e-06,7.097515e-08,0.5475583426837772,0.009827309109789911,/content/drive/MyDrive/N-MON/ALTRO/spectograms/MULTITONE-NARROW-40-20/432.npy,MULTITONE-NARROW-40-20
0.0055498877,-0.0016175795,0.59464467,0.43888053,0.59467053,-0.23023342,0.24046786,0.47070127353072166,0.008774026,2.4349887,0.05232630096371059,-4785156.25,6.6478847e-06,7.0761956e-08,0.5698827091244745,0.010057706468695006,/content/drive/MyDrive/N-MON/ALTRO/spectograms/MULTITONE-NARROW-40-20/433.npy,MULTITONE-NARROW-40-20
-0.0051248167,-0.009274443,0.5991874,0.44235045,0.5992093,-0.2514869,0.22498953,0.47647640854120255,0.026985656,2.422522,0.01974669036994735,-4785156.25,7.2434905e-06,7.2275085e-08,0.5443190793741726,0.010401113532514179,/content/drive/MyDrive/N-MON/ALTRO/spectograms/MULTITONE-NARROW-40-20/434.npy,MULTITONE-NARROW-40-20
-0.004110028,-0.009142738,0.5892281,0.43331614,0.5892424,-0.2357377,0.23295318,0.4686908684670925,0.020486932,2.4560633,0.07020079977212555,-4785156.25,6.5421546e-06,6.942146e-08,0.5656930885617514,0.00852369737607331,/content/drive/MyDrive/N-MON/ALTRO/spectograms/MULTITONE-NARROW-40-20/435.npy,MULTITONE-NARROW-40-20
-0.0040593348,-0.0015829105,0.6056884,0.44835955,0.60570204,-0.26721445,0.24056289,0.5077773295342922,0.01806476,2.3817303,0.009208190444493048,-4785156.25,7.3267774e-06,7.3241e-08,0.5484872645262661,0.011327714120353095,/content/drive/MyDrive/N-MON/ALTRO/spectograms/MULTITONE-NARROW-40-20/436.npy,MULTITONE-NARROW-40-20
-0.00081622484,0.006265717,0.5928779,0.4383589,0.5928785,-0.25146502,0.2484466,0.4999116137623787,0.00020118314,2.418165,0.08466666408510713,-4785156.25,7.1847767e-06,6.977638e-08,0.5648163825667164,0.009871930661539194,/content/drive/MyDrive/N-MON/ALTRO/spectograms/MULTITONE-NARROW-40-20/437.npy,MULTITONE-NARROW-40-20
-3.9564133e-05,-0.0015985826,0.59774774,0.44159606,0.59774774,-0.25158727,0.20933972,0.46092697978019714,0.019768378,2.423119,0.031412311005000734,-4785156.25,6.828439e-06,7.178847e-08,0.5472033063396305,0.010119802013600554,/content/drive/MyDrive/N-MON/ALTRO/spectograms/MULTITONE-NARROW-40-20/438.npy,MULTITONE-NARROW-40-20
0.0038053575,0.006367892,0.588974,0.43506446,0.5889863,-0.24356474,0.2661446,0.5097093395888805,-0.021431219,2.431082,0.08261324727575557,-4785156.25,7.2346743e-06,6.931719e-08,0.5609649500509266,0.008594209756257333,/content/drive/MyDrive/N-MON/ALTRO/spectograms/MULTITONE-NARROW-40-20/439.npy,MULTITONE-NARROW-40-20
-0.0041795643,-0.005482563,0.5999817,0.44254363,0.59999627,-0.2301221,0.22496435,0.45508645474910736,0.0062083583,2.4170952,0.0077310733457424015,-4785156.25,6.7891724e-06,7.2872645e-08,0.5493424597524741,0.010603232660027904,/content/drive/MyDrive/N-MON/ALTRO/spectograms/MULTITONE-NARROW-40-20/440.npy,MULTITONE-NARROW-40-20
0.00025054193,-0.0092878705,0.59020203,0.43666694,0.5902021,-0.25147733,0.23288317,0.4843605048954487,0.019153904,2.4293635,0.08556059281315408,-4785156.25,7.18372e-06,6.907949e-08,0.5548073986340586,0.009366560633649034,/content/drive/MyDrive/N-MON/ALTRO/spectograms/MULTITONE-NARROW-40-20/441.npy,MULTITONE-NARROW-40-20
-0.0027057303,-0.00923066,0.59927213,0.44067854,0.5992782,-0.23583037,0.22508915,0.4609195180237293,0.0067430944,2.426668,0.004841937685687959,-4785156.25,7.2207235e-06,7.371439e-08,0.5511147622852519,0.010529712923669127,/content/drive/MyDrive/N-MON/ALTRO/spectograms/MULTITONE-NARROW-40-20/442.npy,MULTITONE-NARROW-40-20
-0.0026846011,-0.0016281563,0.5892528,0.43467993,0.5892589,-0.2360009,0.2328212,0.46882209181785583,0.010270592,2.451233,0.08354976922176847,-4785156.25,7.4478135e-06,7.014913e-08,0.5505992957071986,0.009258226209587555,/content/drive/MyDrive/N-MON/ALTRO/spectograms/MULTITONE-NARROW-40-20/443.npy,MULTITONE-NARROW-40-20
0.00103771,-0.0015775219,0.59820485,0.43947077,0.59820575,-0.2203224,0.23279318,0.4531155675649643,-0.009514834,2.4354193,-0.006438752007125303,-4785156.25,6.8596723e-06,7.253063e-08,0.5525327203677337,0.010276593773293732,/content/drive/MyDrive/N-MON/ALTRO/spectograms/MULTITONE-NARROW-40-20/444.npy,MULTITONE-NARROW-40-20
0.0021350023,-0.0013447816,0.5937949,0.44038713,0.59379876,-0.25907058,0.25653565,0.5156062245368958,0.0024062751,2.4072034,0.0923493733692967,-4785156.25,7.5852045e-06,6.9777656e-08,0.550111164656724,0.009043420765231526,/content/drive/MyDrive/N-MON/ALTRO/spectograms/MULTITONE-NARROW-40-20/445.npy,MULTITONE-NARROW-40-20
-0.0027656439,-0.0015144516,0.60306597,0.4462815,0.60307235,-0.23006694,0.24261598,0.4726829193532467,-0.0044566034,2.3987377,0.013409283772198733,-4785156.25,6.7203223e-06,7.311022e-08,0.5582631901767199,0.011017871797715281,/content/drive/MyDrive/N-MON/ALTRO/spectograms/MULTITONE-NARROW-40-20/446.npy,MULTITONE-NARROW-40-20
0.0023763531,-0.0013792694,0.58750904,0.4341408,0.5875138,-0.22798757,0.2719927,0.49998029321432114,-0.02849461,2.4570298,0.11202616174061118,-4785156.25,7.637046e-06,6.963813e-08,0.550234797251506,0.008925869274289995,/content/drive/MyDrive/N-MON/ALTRO/spectograms/MULTITONE-NARROW-40-20/447.npy,MULTITONE-NARROW-40-20
0.003975297,-0.0015559953,0.6009194,0.44339287,0.60093254,-0.23012817,0.24052593,0.47065410017967224,-0.0059813615,2.4117315,0.009883394803082857,-4785156.25,6.5800655e-06,7.24486e-08,0.558355719514091,0.010720456052157842,/content/drive/MyDrive/N-MON/ALTRO/spectograms/MULTITONE-NARROW-40-20/448.npy,MULTITONE-NARROW-40-20
0.0074845525,0.006238293,0.59812194,0.44376403,0.59816873,-0.237983,0.25628906,0.49427205696702003,-0.007282998,2.4058025,0.08035160698543274,-4785156.25,7.636598e-06,7.046676e-08,0.5494316365769787,0.010167849579592029,/content/drive/MyDrive/N-MON/ALTRO/spectograms/MULTITONE-NARROW-40-20/449.npy,MULTITONE-NARROW-40-20
0.002315388,-0.0014184958,0.6028308,0.44468218,0.60283524,-0.22800598,0.2407081,0.46871406584978104,0.013953413,2.407278,-0.0056965684833844114,-4785156.25,6.5308604e-06,7.2266076e-08,0.5662766466985897,0.010652230734516821,/content/drive/MyDrive/N-MON/ALTRO/spectograms/MULTITONE-NARROW-40-20/450.npy,MULTITONE-NARROW-40-20
-0.0042748577,-0.00909068,0.5962155,0.44156647,0.5962308,-0.25910652,0.23698197,0.49608849361538887,0.027881937,2.4298573,0.05781389376137179,-4785156.25,7.6852275e-06,7.138319e-08,0.586624863372484,0.04526452915114097,/content/drive/MyDrive/N-MON/ALTRO/spectograms/MULTITONE-NARROW-40-20/451.npy,MULTITONE-NARROW-40-20
0.001984264,-0.001338023,0.6003805,0.44314337,0.6003838,-0.2377316,0.21934935,0.457080963999033,0.017672407,2.4255292,0.00781889184022765,-4785156.25,6.4338556e-06,7.20744e-08,0.564934634905869,0.010957467279304965,/content/drive/MyDrive/N-MON/ALTRO/spectograms/MULTITONE-NARROW-40-20/452.npy,MULTITONE-NARROW-40-20
-0.0026956582,-0.0015532977,0.5933075,0.43818238,0.59331363,-0.27492067,0.23289776,0.507818441838026,0.028355584,2.4499393,0.05928910927628005,-4785156.25,7.431247e-06,7.0857624e-08,0.5420922292761055,0.010963605100353279,/content/drive/MyDrive/N-MON/ALTRO/spectograms/MULTITONE-NARROW-40-20/453.npy,MULTITONE-NARROW-40-20
0.0045480374,-0.0014855084,0.5954894,0.43748754,0.5955067,-0.22024468,0.22504091,0.4452855847775936,-0.0022189952,2.44894,0.015052244380532421,-4785156.25,6.356841e-06,7.136505e-08,0.5643316187386747,0.010097088206571259,/content/drive/MyDrive/N-MON/ALTRO/spectograms/MULTITONE-NARROW-40-20/454.npy,MULTITONE-NARROW-40-20
0.004025305,-0.0014819484,0.59430045,0.43858862,0.5943141,-0.24367458,0.24066073,0.4843353033065796,0.0016838535,2.4436486,0.05400880251334682,-4785156.25,7.4038066e-06,7.193627e-08,0.5395006473758016,0.009509672379041262,/content/drive/MyDrive/N-MON/ALTRO/spectograms/MULTITONE-NARROW-40-20/455.npy,MULTITONE-NARROW-40-20
-0.004617439,-0.00918852,0.5970674,0.43939868,0.5970853,-0.23579884,0.23302023,0.4688190706074238,0.024454221,2.4334602,0.01801631156988558,-4785156.25,6.4093865e-06,7.0570444e-08,0.5656959551376802,0.010046822628093248,/content/drive/MyDrive/N-MON/ALTRO/spectograms/MULTITONE-NARROW-40-20/456.npy,MULTITONE-NARROW-40-20
-0.0029736336,-0.0016851989,0.60302234,0.44679993,0.60302967,-0.25940466,0.23267454,0.4920792058110237,0.015904862,2.3991883,0.032309543239906854,-4785156.25,7.637933e-06,7.250786e-08,0.5440675325998552,0.010205301957220437,/content/drive/MyDrive/N-MON/ALTRO/spectograms/MULTITONE-NARROW-40-20/457.npy,MULTITONE-NARROW-40-20
-0.0011808501,-0.0014389008,0.5967469,0.4391261,0.5967481,-0.2377881,0.21928826,0.4570763558149338,0.008790625,2.4332802,0.030610926157757724,-4785156.25,6.3154775e-06,7.024303e-08,0.6083889812802967,0.029284910202897634,/content/drive/MyDrive/N-MON/ALTRO/spectograms/MULTITONE-NARROW-40-20/458.npy,MULTITONE-NARROW-40-20
0.001397283,-0.001714173,0.6033495,0.44660914,0.6033511,-0.2517164,0.24830821,0.5000246129930019,0.01275566,2.3935194,0.0018671897197880434,-4785156.25,7.5806975e-06,7.2225916e-08,0.5423021411560379,0.01063641686320425,/content/drive/MyDrive/N-MON/ALTRO/spectograms/MULTITONE-NARROW-40-20/459.npy,MULTITONE-NARROW-40-20
-0.0050871097,-0.009443741,0.594274,0.43784648,0.5942958,-0.2380341,0.24830984,0.48634393885731697,0.010720212,2.4261615,0.06190174635335387,-4785156.25,6.831491e-06,6.9796386e-08,0.5665860170092925,0.010029475726247798,/content/drive/MyDrive/N-MON/ALTRO/spectograms/MULTITONE-NARROW-40-20/460.npy,MULTITONE-NARROW-40-20
-0.0037812607,-0.0013425145,0.6020608,0.44454157,0.6020726,-0.26692712,0.23297441,0.49990154430270195,0.015767219,2.4024932,0.0036164280773717146,-4785156.25,7.1363384e-06,7.228239e-08,0.5469435241690382,0.009423226737108365,/content/drive/MyDrive/N-MON/ALTRO/spectograms/MULTITONE-NARROW-40-20/461.npy,MULTITONE-NARROW-40-20
-0.009136257,-0.009393065,0.58656514,0.4294106,0.5866363,-0.23588559,0.19369207,0.42957766354084015,0.030389639,2.4680316,0.075884868909445,-4785156.25,7.037418e-06,7.019304e-08,0.5632725549804328,0.009584387412801184,/content/drive/MyDrive/N-MON/ALTRO/spectograms/MULTITONE-NARROW-40-20/462.npy,MULTITONE-NARROW-40-20
0.002960978,0.006291129,0.5983858,0.44349292,0.5983932,-0.23591745,0.24842688,0.48434433713555336,0.0012549064,2.4226084,0.05426802660612472,-4785156.25,6.9623434e-06,7.2076595e-08,0.5812336939289566,0.02758768161912324,/content/drive/MyDrive/N-MON/ALTRO/spectograms/MULTITONE-NARROW-40-20/463.npy,MULTITONE-NARROW-40-20
-0.008620161,-0.009265028,0.59024227,0.43531686,0.5903052,-0.26703158,0.22507726,0.4921088479459286,0.024910131,2.4408455,0.07837193477864433,-4785156.25,6.9082453e-06,6.8929396e-08,0.5640937163694191,0.009070830808537834,/content/drive/MyDrive/N-MON/ALTRO/spectograms/MULTITONE-NARROW-40-20/464.npy,MULTITONE-NARROW-40-20
-0.00048359035,-0.0016819579,0.60711545,0.44980946,0.6071157,-0.2516344,0.23276256,0.48439695686101913,0.0087421145,2.3736145,-0.0008420890757464654,-4785156.25,7.130832e-06,7.3186314e-08,0.550649817640739,0.011379355818887145,/content/drive/MyDrive/N-MON/ALTRO/spectograms/MULTITONE-NARROW-40-20/465.npy,MULTITONE-NARROW-40-20
0.0026225452,-0.0015567229,0.5826038,0.42914662,0.5826097,-0.23007546,0.24053933,0.4706147871911526,1.3569557e-06,2.474965,0.12058933274705362,-4785156.25,7.206396e-06,6.861334e-08,0.5593031145388199,0.009326938605720552,/content/drive/MyDrive/N-MON/ALTRO/spectograms/MULTITONE-NARROW-40-20/466.npy,MULTITONE-NARROW-40-20
-0.007286734,-0.009120382,0.60173404,0.446236,0.60177815,-0.2591374,0.2408798,0.5000171959400177,0.021390673,2.4054217,0.033388090737377016,-4785156.25,6.7973633e-06,7.290731e-08,0.5509558708208502,0.010940828230171926,/content/drive/MyDrive/N-MON/ALTRO/spectograms/MULTITONE-NARROW-40-20/467.npy,MULTITONE-NARROW-40-20
-0.004749658,-0.009222778,0.57996416,0.4267948,0.57998365,-0.2357575,0.21739592,0.45315342769026756,0.030217417,2.4921694,0.13270829076045654,-4785156.25,7.409514e-06,6.9631206e-08,0.553710446920898,0.008863973864152642,/content/drive/MyDrive/N-MON/ALTRO/spectograms/MULTITONE-NARROW-40-20/468.npy,MULTITONE-NARROW-40-20
-0.00016219985,0.00615467,0.60386115,0.44517252,0.60386115,-0.25158244,0.24062672,0.49220915511250496,0.004573426,2.3980708,-0.01312630073415567,-4785156.25,6.3839916e-06,7.2921e-08,0.5781844067455939,0.02309686405560033,/content/drive/MyDrive/N-MON/ALTRO/spectograms/MULTITONE-NARROW-40-20/469.npy,MULTITONE-NARROW-40-20
0.0006172433,-0.001706802,0.5927917,0.44114074,0.592792,-0.24389438,0.24824315,0.4921375401318073,0.010501154,2.4105504,0.1093834032603319,-4785156.25,6.955193e-06,6.8631444e-08,0.5924192225385967,0.03054669560344714,/content/drive/MyDrive/N-MON/ALTRO/spectograms/MULTITONE-NARROW-40-20/470.npy,MULTITONE-NARROW-40-20
-0.0021383888,-0.0015936466,0.6016919,0.44233942,0.6016957,-0.2203149,0.2328,0.45311490818858147,0.007904103,2.4201155,-0.015656379944808962,-4785156.25,6.6285506e-06,7.249945e-08,0.5537639792285645,0.00994788233071831,/content/drive/MyDrive/N-MON/ALTRO/spectograms/MULTITONE-NARROW-40-20/471.npy,MULTITONE-NARROW-40-20
-0.005194767,-0.009412856,0.5882839,0.4341662,0.58830684,-0.25354302,0.22499019,0.47853320837020874,0.028955799,2.4517355,0.09966387388278873,-4785156.25,7.65722e-06,7.0160915e-08,0.5466587280673754,0.008595961216967749,/content/drive/MyDrive/N-MON/ALTRO/spectograms/MULTITONE-NARROW-40-20/472.npy,MULTITONE-NARROW-40-20
0.0010672751,-0.00933289,0.59668565,0.43957996,0.5966866,-0.23008262,0.24062775,0.4707103669643402,0.012034829,2.4507205,0.020058286807142934,-4785156.25,6.5112704e-06,7.203864e-08,0.5567848355388303,0.009888638215675804,/content/drive/MyDrive/N-MON/ALTRO/spectograms/MULTITONE-NARROW-40-20/473.npy,MULTITONE-NARROW-40-20
-0.0045964182,-0.009328346,0.59784317,0.4428704,0.5978608,-0.2671162,0.24063034,0.5077465288341045,0.020843295,2.4108906,0.06548788611553823,-4785156.25,7.753813e-06,7.096776e-08,0.5479419597207479,0.008336035758980646,/content/drive/MyDrive/N-MON/ALTRO/spectograms/MULTITONE-NARROW-40-20/474.npy,MULTITONE-NARROW-40-20
0.0025370098,-0.0013946907,0.60174537,0.44313833,0.6017507,-0.23579359,0.24073365,0.47652724757790565,0.01328426,2.4084928,0.0066947208558677425,-4785156.25,6.407952e-06,7.2077434e-08,0.5627184776342455,0.011031925544643086,/content/drive/MyDrive/N-MON/ALTRO/spectograms/MULTITONE-NARROW-40-20/475.npy,MULTITONE-NARROW-40-20
0.0023781369,0.0061319126,0.5933126,0.4382226,0.5933174,-0.24381642,0.25031465,0.49413108080625534,-0.0009359699,2.444667,0.06794444605099047,-4785156.25,7.6671595e-06,7.0437984e-08,0.5476688615094636,0.010138417867954311,/content/drive/MyDrive/N-MON/ALTRO/spectograms/MULTITONE-NARROW-40-20/476.npy,MULTITONE-NARROW-40-20
0.0048227627,0.006260055,0.60204476,0.4442119,0.6020641,-0.23009573,0.24259809,0.4726938158273697,-0.018884834,2.4051824,0.011410511573657679,-4785156.25,6.723758e-06,7.265893e-08,0.5629960173838056,0.010513502779949236,/content/drive/MyDrive/N-MON/ALTRO/spectograms/MULTITONE-NARROW-40-20/477.npy,MULTITONE-NARROW-40-20
-0.006683416,-0.0015288112,0.5949652,0.4396334,0.5950027,-0.27496573,0.23288025,0.5078459717333317,0.027572783,2.4324784,0.061932060071590786,-4785156.25,7.3789543e-06,7.086591e-08,0.5436121429841607,0.009752158647878819,/content/drive/MyDrive/N-MON/ALTRO/spectograms/MULTITONE-NARROW-40-20/478.npy,MULTITONE-NARROW-40-20
0.0013176692,0.006322122,0.5987783,0.44076928,0.59877974,-0.22800699,0.24850583,0.4765128120779991,-0.0147409635,2.4279673,0.01080382689178171,-4785156.25,6.5117465e-06,7.150881e-08,0.5675134714388106,0.010092258790993973,/content/drive/MyDrive/N-MON/ALTRO/spectograms/MULTITONE-NARROW-40-20/479.npy,MULTITONE-NARROW-40-20
-0.0004618516,-0.0016025044,0.5944484,0.438013,0.59444857,-0.23602282,0.23274565,0.4687684588134289,-0.0033785594,2.4497674,0.029165770420699445,-4785156.25,7.2902967e-06,7.205973e-08,0.5577458754188234,0.023509423996623445,/content/drive/MyDrive/N-MON/ALTRO/spectograms/MULTITONE-NARROW-40-20/480.npy,MULTITONE-NARROW-40-20
0.0014740684,-0.0014207256,0.594469,0.43602368,0.5944709,-0.22997269,0.22708002,0.45705271139740944,0.0039439434,2.4640808,0.015490540790430763,-4785156.25,6.537286e-06,7.0236e-08,0.5663798401073139,0.010369030265729443,/content/drive/MyDrive/N-MON/ALTRO/spectograms/MULTITONE-NARROW-40-20/481.npy,MULTITONE-NARROW-40-20
0.008434493,0.006254629,0.59996736,0.44443658,0.6000266,-0.23592189,0.25819844,0.4941203221678734,-0.007666055,2.4101052,0.03510048324823499,-4785156.25,7.699774e-06,7.2077384e-08,0.5442687429317474,0.009289848859821377,/content/drive/MyDrive/N-MON/ALTRO/spectograms/MULTITONE-NARROW-40-20/482.npy,MULTITONE-NARROW-40-20
-0.0023210351,-0.0014148732,0.5881219,0.43105578,0.58812654,-0.22019717,0.22512464,0.44532180950045586,0.0037890435,2.4724753,0.06310914592988835,-4785156.25,6.5370486e-06,7.071266e-08,0.5636128977820258,0.009184131464349382,/content/drive/MyDrive/N-MON/ALTRO/spectograms/MULTITONE-NARROW-40-20/483.npy,MULTITONE-NARROW-40-20
0.004674007,0.002140506,0.60206854,0.44763702,0.60208666,-0.2673189,0.2638216,0.5311404913663864,-0.002834146,2.3928156,0.05025226355386346,-4785156.25,7.5195117e-06,7.17233e-08,0.5419396575869427,0.010318512115989461,/content/drive/MyDrive/N-MON/ALTRO/spectograms/MULTITONE-NARROW-40-20/484.npy,MULTITONE-NARROW-40-20
0.0022194032,-0.0015355938,0.5969185,0.44056356,0.59692264,-0.22232589,0.24060404,0.46292993798851967,-0.005209403,2.4172332,0.04613718406407129,-4785156.25,6.8334753e-06,7.0306086e-08,0.5666245742051954,0.009329952542525525,/content/drive/MyDrive/N-MON/ALTRO/spectograms/MULTITONE-NARROW-40-20/485.npy,MULTITONE-NARROW-40-20
-0.0012560468,0.002246703,0.6090401,0.45227057,0.6090414,-0.243878,0.24828249,0.49216049909591675,-0.00804598,2.3655975,-0.019617597556956256,-4785156.25,7.209331e-06,7.271713e-08,0.545454604703747,0.011126880860863043,/content/drive/MyDrive/N-MON/ALTRO/spectograms/MULTITONE-NARROW-40-20/486.npy,MULTITONE-NARROW-40-20
0.0005943303,-0.0013242271,0.5927121,0.43691325,0.5927124,-0.24348208,0.23501301,0.4784950949251652,0.0074789063,2.4220684,0.07441904591899982,-4785156.25,7.0495853e-06,7.007855e-08,0.5630850056501532,0.009264646919009691,/content/drive/MyDrive/N-MON/ALTRO/spectograms/MULTITONE-NARROW-40-20/487.npy,MULTITONE-NARROW-40-20
-0.00042555117,-0.0016029219,0.6022557,0.4454331,0.6022558,-0.25167626,0.23270485,0.48438113182783127,0.020902136,2.4089813,0.012764624285244486,-4785156.25,7.289974e-06,7.284253e-08,0.5476223260071418,0.011229719684344608,/content/drive/MyDrive/N-MON/ALTRO/spectograms/MULTITONE-NARROW-40-20/488.npy,MULTITONE-NARROW-40-20
-0.0011811211,-0.008685884,0.5882295,0.43442962,0.58823067,-0.25095513,0.24126102,0.49221616610884666,0.015644735,2.453149,0.08849434980880565,-4785156.25,7.0144924e-06,6.828007e-08,0.5613926753596001,0.009161413829556648,/content/drive/MyDrive/N-MON/ALTRO/spectograms/MULTITONE-NARROW-40-20/489.npy,MULTITONE-NARROW-40-20
0.0076910765,0.006319072,0.5974515,0.44023395,0.597501,-0.22020894,0.25628838,0.4764973297715187,-0.026603628,2.4328997,0.023144647146453912,-4785156.25,7.123464e-06,7.320632e-08,0.5494753767026096,0.010651984115188026,/content/drive/MyDrive/N-MON/ALTRO/spectograms/MULTITONE-NARROW-40-20/490.npy,MULTITONE-NARROW-40-20
0.006856515,0.006252637,0.58595806,0.43303683,0.5859982,-0.21255958,0.2562124,0.4687719903886318,-0.01076345,2.4423478,0.128506615067831,-4785156.25,7.3497586e-06,7.025514e-08,0.5589673126814788,0.008943078952675569,/content/drive/MyDrive/N-MON/ALTRO/spectograms/MULTITONE-NARROW-40-20/491.npy,MULTITONE-NARROW-40-20
0.0020171213,-0.0017068717,0.61063904,0.45285144,0.6106424,-0.25170386,0.24045739,0.49216122925281525,0.005249574,2.359296,-0.030083861743759443,-4785156.25,6.937041e-06,7.3416786e-08,0.5563118123062528,0.011310843650889175,/content/drive/MyDrive/N-MON/ALTRO/spectograms/MULTITONE-NARROW-40-20/492.npy,MULTITONE-NARROW-40-20
0.0040031713,-0.0013175423,0.5835076,0.4304893,0.5835213,-0.22797613,0.23498037,0.4629564955830574,0.003953165,2.4656832,0.11587829349600819,-4785156.25,7.154747e-06,6.879859e-08,0.5563127992247521,0.009010033878322329,/content/drive/MyDrive/N-MON/ALTRO/spectograms/MULTITONE-NARROW-40-20/493.npy,MULTITONE-NARROW-40-20
-0.0009159994,-0.0013851481,0.6039996,0.44762596,0.6040003,-0.25913087,0.24277803,0.5019089058041573,9.750075e-05,2.3911157,0.007438690173262919,-4785156.25,7.00553e-06,7.333881e-08,0.5542302541583778,0.01173142225422926,/content/drive/MyDrive/N-MON/ALTRO/spectograms/MULTITONE-NARROW-40-20/494.npy,MULTITONE-NARROW-40-20
0.0015670343,-0.009351061,0.58902854,0.43488902,0.5890306,-0.2379065,0.23474579,0.47265229001641273,0.008224587,2.438875,0.09212310452697713,-4785156.25,7.282161e-06,6.872179e-08,0.5581058255939783,0.008975014967818835,/content/drive/MyDrive/N-MON/ALTRO/spectograms/MULTITONE-NARROW-40-20/495.npy,MULTITONE-NARROW-40-20
0.00027399635,0.0062541654,0.60294247,0.4453284,0.6029425,-0.24374828,0.2328821,0.4766303822398186,-0.0059823794,2.4070148,-0.007858647515391348,-4785156.25,6.6077e-06,7.23727e-08,0.5555442333302822,0.010635152443146771,/content/drive/MyDrive/N-MON/ALTRO/spectograms/MULTITONE-NARROW-40-20/496.npy,MULTITONE-NARROW-40-20
-0.0035244206,-0.0016757471,0.5852073,0.43359792,0.58521795,-0.25943142,0.24255726,0.5019886568188667,0.022696145,2.4547517,0.1326056585770975,-4785156.25,7.658753e-06,7.055898e-08,0.5479284329339906,0.009063317726377246,/content/drive/MyDrive/N-MON/ALTRO/spectograms/MULTITONE-NARROW-40-20/497.npy,MULTITONE-NARROW-40-20
0.0008374591,-0.0014689579,0.6073367,0.44921282,0.6073373,-0.24569789,0.24265024,0.4883481152355671,0.012100639,2.3802395,-0.013037638063568068,-4785156.25,6.6541656e-06,7.288104e-08,0.5573907253361041,0.010509211781119673,/content/drive/MyDrive/N-MON/ALTRO/spectograms/MULTITONE-NARROW-40-20/498.npy,MULTITONE-NARROW-40-20
-0.0008344116,-0.0017323629,0.5978976,0.44510993,0.5978981,-0.2438274,0.27180022,0.5156276263296604,0.013020554,2.3914132,0.09080175685913337,-4785156.25,7.4492923e-06,7.018193e-08,0.5541054756035915,0.015072253401382227,/content/drive/MyDrive/N-MON/ALTRO/spectograms/MULTITONE-NARROW-40-20/499.npy,MULTITONE-NARROW-40-20
-0.0026582107,-0.0016001381,0.59277374,0.43504164,0.5927797,-0.2203325,0.20352076,0.4238532520830631,0.01253944,2.4758472,0.021510665789822404,-4785156.25,5.9930458e-06,7.15395e-08,0.6101005822704917,0.04917447145605382,/content/drive/MyDrive/N-MON/ALTRO/spectograms/MULTITONE-NARROW-40-20/500.npy,MULTITONE-NARROW-40-20
0.003852524,-0.0015454583,0.5869336,0.4333924,0.5869462,-0.23586878,0.25043997,0.4863087609410286,-0.005313258,2.4675176,0.10021167468759261,-4785156.25,7.631329e-06,7.055393e-08,0.5423083879079236,0.008439062967402024,/content/drive/MyDrive/N-MON/ALTRO/spectograms/MULTITONE-NARROW-40-20/501.npy,MULTITONE-NARROW-40-20
-0.00395721,-0.009333793,0.6011061,0.44255835,0.60111916,-0.23786278,0.2192159,0.4570786878466606,0.021369237,2.4246752,-0.017406914783692728,-4785156.25,6.147513e-06,7.186718e-08,0.5901442377833357,0.023614159079732945,/content/drive/MyDrive/N-MON/ALTRO/spectograms/MULTITONE-NARROW-40-20/502.npy,MULTITONE-NARROW-40-20
0.0059664887,0.0062736506,0.5891653,0.43419975,0.5891955,-0.22028568,0.256306,0.47659167274832726,-0.01920437,2.4674528,0.0817950502043051,-4785156.25,7.666098e-06,7.1330824e-08,0.5453081857723808,0.00885926086253291,/content/drive/MyDrive/N-MON/ALTRO/spectograms/MULTITONE-NARROW-40-20/503.npy,MULTITONE-NARROW-40-20
0.0036356207,-0.0015409077,0.59637284,0.4373382,0.5963839,-0.22032416,0.24064748,0.4609716348350048,0.002202268,2.4461362,0.011603076918391565,-4785156.25,6.603011e-06,7.162371e-08,0.5638577097889572,0.011301203240952802,/content/drive/MyDrive/N-MON/ALTRO/spectograms/MULTITONE-NARROW-40-20/504.npy,MULTITONE-NARROW-40-20
-0.002403891,-0.009207219,0.5847797,0.43039066,0.5847847,-0.25341958,0.23292035,0.48633990809321404,0.0260666,2.500164,0.07528785618530152,-4785156.25,7.335224e-06,7.066518e-08,0.5453275506621141,0.009056929016271201,/content/drive/MyDrive/N-MON/ALTRO/spectograms/MULTITONE-NARROW-40-20/505.npy,MULTITONE-NARROW-40-20
-0.0003062334,0.002377587,0.599926,0.44143087,0.5999261,-0.23593464,0.22500384,0.4609384946525097,0.0069285524,2.4234467,0.009191333335802788,-4785156.25,6.5027284e-06,7.254768e-08,0.5859260477858443,0.02612030379546985,/content/drive/MyDrive/N-MON/ALTRO/spectograms/MULTITONE-NARROW-40-20/506.npy,MULTITONE-NARROW-40-20
-0.0040082503,-0.009220369,0.5982153,0.44323975,0.5982287,-0.26700824,0.234934,0.5019422397017479,0.016944453,2.412,0.05172169265234837,-4785156.25,7.790833e-06,7.094723e-08,0.5463793170943589,0.01043039377921829,/content/drive/MyDrive/N-MON/ALTRO/spectograms/MULTITONE-NARROW-40-20/507.npy,MULTITONE-NARROW-40-20
0.0035279575,0.0060374187,0.595337,0.43491945,0.59534746,-0.2204532,0.2092086,0.42966178804636,0.0025938994,2.462231,0.0057294797182557596,-4785156.25,6.5925583e-06,7.203178e-08,0.5657404034460338,0.010613197667520436,/content/drive/MyDrive/N-MON/ALTRO/spectograms/MULTITONE-NARROW-40-20/508.npy,MULTITONE-NARROW-40-20
-0.0045566554,-0.0015160586,0.5964096,0.4407535,0.596427,-0.2514833,0.25631648,0.507799781858921,0.0028104591,2.42231,0.05330107121429416,-4785156.25,7.747231e-06,7.103286e-08,0.5457730691720657,0.009311325473364567,/content/drive/MyDrive/N-MON/ALTRO/spectograms/MULTITONE-NARROW-40-20/509.npy,MULTITONE-NARROW-40-20
-0.0014048672,-0.0015996057,0.5996569,0.43990391,0.5996585,-0.24372995,0.22499903,0.4687289781868458,0.020418629,2.4301398,-0.0067105197195777115,-4785156.25,6.4117667e-06,7.079821e-08,0.5630926751400904,0.009773681261836515,/content/drive/MyDrive/N-MON/ALTRO/spectograms/MULTITONE-NARROW-40-20/510.npy,MULTITONE-NARROW-40-20
-0.0041542817,-0.009193236,0.5938419,0.43863776,0.59385645,-0.2591244,0.22519834,0.4843227230012417,0.02958378,2.4488413,0.06610343828686803,-4785156.25,7.747245e-06,7.191828e-08,0.5401085099322462,0.009538464097089291,/content/drive/MyDrive/N-MON/ALTRO/spectograms/MULTITONE-NARROW-40-20/511.npy,MULTITONE-NARROW-40-20
-0.0059760036,-0.009170657,0.59596676,0.43820918,0.59599674,-0.23575619,0.22514138,0.4608975611627102,0.025702331,2.446534,0.024232220638157876,-4785156.25,6.6623315e-06,7.127041e-08,0.5620113633425338,0.010230094289174709,/content/drive/MyDrive/N-MON/ALTRO/spectograms/MULTITONE-NARROW-40-20/512.npy,MULTITONE-NARROW-40-20
-0.00023218966,-0.0014962945,0.5940973,0.43781078,0.59409744,-0.24370383,0.23280896,0.476512786000967,0.020908419,2.4490666,0.044420333906701845,-4785156.25,7.5182015e-06,7.1270165e-08,0.5399369849699429,0.0095478888917173,/content/drive/MyDrive/N-MON/ALTRO/spectograms/MULTITONE-NARROW-40-20/513.npy,MULTITONE-NARROW-40-20
-0.0049829474,-0.009158542,0.5971638,0.43992966,0.5971846,-0.23571321,0.23496015,0.4706733673810959,0.0109033445,2.4394724,0.027737784538291222,-4785156.25,6.3813095e-06,7.057453e-08,0.5667089773563267,0.00978263051036471,/content/drive/MyDrive/N-MON/ALTRO/spectograms/MULTITONE-NARROW-40-20/514.npy,MULTITONE-NARROW-40-20
0.005812504,0.0061968975,0.5988861,0.44243884,0.5989143,-0.2358683,0.24060327,0.47647156193852425,-0.00033359078,2.42419,0.03202987803042211,-4785156.25,7.652877e-06,7.213779e-08,0.5423809734994718,0.010612780701293132,/content/drive/MyDrive/N-MON/ALTRO/spectograms/MULTITONE-NARROW-40-20/515.npy,MULTITONE-NARROW-40-20
0.008231465,0.010258083,0.5909446,0.43401405,0.5910019,-0.22803143,0.2348556,0.4628870226442814,-0.01581382,2.4526556,0.056759325036717864,-4785156.25,6.2829354e-06,7.0583546e-08,0.5713110928293945,0.01904619469835216,/content/drive/MyDrive/N-MON/ALTRO/spectograms/MULTITONE-NARROW-40-20/516.npy,MULTITONE-NARROW-40-20
0.0058436003,0.0061887694,0.5965266,0.44065785,0.59655523,-0.24385493,0.24837512,0.49223004654049873,0.0009523173,2.4358048,0.0513466555129226,-4785156.25,7.4709856e-06,7.1835416e-08,0.5421666329654378,0.010270325714039744,/content/drive/MyDrive/N-MON/ALTRO/spectograms/MULTITONE-NARROW-40-20/517.npy,MULTITONE-NARROW-40-20
0.0036360763,-0.0016081564,0.58838516,0.42956454,0.5883964,-0.21644093,0.22499765,0.44143858179450035,0.008003786,2.4894352,0.021020070583426132,-4785156.25,6.8287677e-06,7.135046e-08,0.5655655360372653,0.009225735787528687,/content/drive/MyDrive/N-MON/ALTRO/spectograms/MULTITONE-NARROW-40-20/518.npy,MULTITONE-NARROW-40-20
0.0017995465,-0.0013940074,0.59235895,0.43598235,0.5923617,-0.22794467,0.23494402,0.4628886841237545,0.008767239,2.460369,0.049212266245238875,-4785156.25,7.1189347e-06,7.15212e-08,0.5462958829918569,0.010707223721823835,/content/drive/MyDrive/N-MON/ALTRO/spectograms/MULTITONE-NARROW-40-20/519.npy,MULTITONE-NARROW-40-20
0.0043799197,-0.0013558099,0.5944982,0.43852904,0.5945143,-0.23567042,0.23310962,0.4687800481915474,0.0013052485,2.4306495,0.06604090486508506,-4785156.25,6.5511394e-06,6.9758016e-08,0.5698135656972869,0.010471150461411617,/content/drive/MyDrive/N-MON/ALTRO/spectograms/MULTITONE-NARROW-40-20/520.npy,MULTITONE-NARROW-40-20
-0.003861889,0.0062784636,0.6049045,0.44805023,0.6049168,-0.2456694,0.23280413,0.478473536670208,0.003742932,2.3806183,-0.0026463668914617038,-4785156.25,7.4945715e-06,7.303488e-08,0.5486212002464893,0.0117405048977275,/content/drive/MyDrive/N-MON/ALTRO/spectograms/MULTITONE-NARROW-40-20/521.npy,MULTITONE-NARROW-40-20
0.0033403414,-0.0015325085,0.58796877,0.43209773,0.58797824,-0.22801335,0.22509454,0.45310790091753006,0.025297195,2.4642873,0.0847689303737703,-4785156.25,6.6721555e-06,7.009811e-08,0.5645563267997589,0.009428606243272348,/content/drive/MyDrive/N-MON/ALTRO/spectograms/MULTITONE-NARROW-40-20/522.npy,MULTITONE-NARROW-40-20
-5.5492997e-05,-0.0014297061,0.598924,0.44035766,0.598924,-0.2279473,0.21931878,0.4472660608589649,0.011839631,2.4341197,-0.005127133040131803,-4785156.25,7.2086837e-06,7.151986e-08,0.5476358225104936,0.010609983177688666,/content/drive/MyDrive/N-MON/ALTRO/spectograms/MULTITONE-NARROW-40-20/523.npy,MULTITONE-NARROW-40-20
-0.0023159857,-0.001668928,0.588164,0.4320913,0.5881685,-0.25158736,0.21709509,0.468682449311018,0.023101155,2.4629436,0.0651456180688078,-4785156.25,7.088049e-06,7.014119e-08,0.5636319933382558,0.009162959151755473,/content/drive/MyDrive/N-MON/ALTRO/spectograms/MULTITONE-NARROW-40-20/524.npy,MULTITONE-NARROW-40-20
0.005529278,0.006046599,0.601386,0.44430298,0.60141146,-0.23609613,0.25607157,0.49216771125793457,-0.0022134513,2.4079256,0.024098588986984793,-4785156.25,7.193071e-06,7.176881e-08,0.5439520534199496,0.010825622303456727,/content/drive/MyDrive/N-MON/ALTRO/spectograms/MULTITONE-NARROW-40-20/525.npy,MULTITONE-NARROW-40-20
0.0058746547,0.006130617,0.58533925,0.4308635,0.58536875,-0.22823974,0.24251258,0.4707523249089718,-0.00057848,2.4707673,0.10360625503561126,-4785156.25,6.931014e-06,6.962285e-08,0.5602114961654081,0.00923962228860072,/content/drive/MyDrive/N-MON/ALTRO/spectograms/MULTITONE-NARROW-40-20/526.npy,MULTITONE-NARROW-40-20
-0.0007993181,-0.0016556452,0.6003159,0.4421816,0.60031646,-0.23021981,0.24047525,0.4706950671970844,-0.007807979,2.4276776,-0.005104379000436709,-4785156.25,7.416238e-06,7.313912e-08,0.5442338820081916,0.010843439665091287,/content/drive/MyDrive/N-MON/ALTRO/spectograms/MULTITONE-NARROW-40-20/527.npy,MULTITONE-NARROW-40-20
-0.0022772828,0.0062881457,0.59052414,0.43546197,0.5905285,-0.24371167,0.22505382,0.4687654748558998,0.005803706,2.4376955,0.06624451936031393,-4785156.25,7.0084975e-06,6.93956e-08,0.5622500273321308,0.00896642133099225,/content/drive/MyDrive/N-MON/ALTRO/spectograms/MULTITONE-NARROW-40-20/528.npy,MULTITONE-NARROW-40-20
0.006104381,0.006299178,0.60846055,0.45061412,0.6084912,-0.23585472,0.26415616,0.5000108778476715,-0.010360499,2.3697453,-0.019212285492958735,-4785156.25,7.126676e-06,7.318903e-08,0.5657476637217778,0.02678764301429597,/content/drive/MyDrive/N-MON/ALTRO/spectograms/MULTITONE-NARROW-40-20/529.npy,MULTITONE-NARROW-40-20
0.00079057977,-0.0012668471,0.5930394,0.43837163,0.59303993,-0.22982416,0.2409207,0.47074485942721367,0.009922676,2.4169874,0.08072958289815967,-4785156.25,7.1462923e-06,6.949905e-08,0.5601556048816742,0.00891504718404084,/content/drive/MyDrive/N-MON/ALTRO/spectograms/MULTITONE-NARROW-40-20/530.npy,MULTITONE-NARROW-40-20
0.0019864868,0.0062383497,0.6038911,0.44722694,0.60389435,-0.23595592,0.2504079,0.48636382445693016,-0.016239101,2.3976758,-0.002109255442355306,-4785156.25,6.910401e-06,7.245894e-08,0.5474223335086372,0.011521458828102698,/content/drive/MyDrive/N-MON/ALTRO/spectograms/MULTITONE-NARROW-40-20/531.npy,MULTITONE-NARROW-40-20
-0.004369732,-0.009081778,0.5881046,0.43928033,0.5881208,-0.25129628,0.23309442,0.4843907058238983,0.030138293,2.4279935,0.14300447434796204,-4785156.25,7.287487e-06,6.922986e-08,0.5643437486477697,0.008655937610368382,/content/drive/MyDrive/N-MON/ALTRO/spectograms/MULTITONE-NARROW-40-20/532.npy,MULTITONE-NARROW-40-20
-0.0061122812,-0.009216449,0.6061093,0.44807577,0.60614014,-0.25139162,0.22711165,0.4785032607614994,0.032852974,2.387583,-0.005662878318973285,-4785156.25,6.9076877e-06,7.311543e-08,0.5528396220279235,0.01230404740195844,/content/drive/MyDrive/N-MON/ALTRO/spectograms/MULTITONE-NARROW-40-20/533.npy,MULTITONE-NARROW-40-20
0.001103487,-0.0015419347,0.5914178,0.4387422,0.5914188,-0.22999111,0.24849582,0.47848692163825035,0.0020131518,2.415427,0.10595226442040749,-4785156.25,7.058416e-06,6.8895815e-08,0.5762185387349701,0.028930558432374798,/content/drive/MyDrive/N-MON/ALTRO/spectograms/MULTITONE-NARROW-40-20/534.npy,MULTITONE-NARROW-40-20
0.004510458,0.0066208355,0.6076614,0.44812295,0.6076782,-0.22773446,0.241036,0.46877046301960945,8.141579e-05,2.376989,-0.023712644605853882,-4785156.25,6.9768566e-06,7.306575e-08,0.5540547740275703,0.011932963344893218,/content/drive/MyDrive/N-MON/ALTRO/spectograms/MULTITONE-NARROW-40-20/535.npy,MULTITONE-NARROW-40-20
-0.0041139005,0.0062958887,0.58832115,0.436961,0.5883356,-0.2689986,0.23488836,0.5038869641721249,0.006701927,2.4221969,0.13208897782773288,-4785156.25,7.3041056e-06,6.984136e-08,0.6041669714245417,0.023731522635003045,/content/drive/MyDrive/N-MON/ALTRO/spectograms/MULTITONE-NARROW-40-20/536.npy,MULTITONE-NARROW-40-20
-0.0018335972,-0.0014010889,0.6037695,0.44639966,0.6037723,-0.26703697,0.23491451,0.5019514970481396,0.023686752,2.3973472,0.004975480603457306,-4785156.25,6.58091e-06,7.1564806e-08,0.5555907021508102,0.010659443704792403,/content/drive/MyDrive/N-MON/ALTRO/spectograms/MULTITONE-NARROW-40-20/537.npy,MULTITONE-NARROW-40-20
0.0020688272,-0.0014138946,0.5919782,0.4376333,0.59198177,-0.2455603,0.22713944,0.47269973531365395,0.014541137,2.4146101,0.07569965305861436,-4785156.25,7.3008127e-06,6.926066e-08,0.5609915758240558,0.010365497589347641,/content/drive/MyDrive/N-MON/ALTRO/spectograms/MULTITONE-NARROW-40-20/538.npy,MULTITONE-NARROW-40-20
-0.0009104705,-0.0015219727,0.6050654,0.44714883,0.6050661,-0.23789684,0.22503367,0.46293051913380623,0.010502665,2.3882892,-0.0004979122983092103,-4785156.25,6.9863754e-06,7.355828e-08,0.5547762540204798,0.011404042217004366,/content/drive/MyDrive/N-MON/ALTRO/spectograms/MULTITONE-NARROW-40-20/539.npy,MULTITONE-NARROW-40-20
-0.0068250056,-0.009228069,0.59176636,0.43843237,0.5918057,-0.25140002,0.25633618,0.5077362060546875,0.01844098,2.4191515,0.09541339113232437,-4785156.25,7.2040257e-06,6.956963e-08,0.5514789007746104,0.00885252301998108,/content/drive/MyDrive/N-MON/ALTRO/spectograms/MULTITONE-NARROW-40-20/540.npy,MULTITONE-NARROW-40-20
-0.00025898337,-0.0015090301,0.60054964,0.4429344,0.6005497,-0.25149834,0.23484257,0.4863409176468849,0.028184421,2.4143593,0.015064833620341268,-4785156.25,6.5676936e-06,7.199198e-08,0.5518721011639742,0.010477125010551272,/content/drive/MyDrive/N-MON/ALTRO/spectograms/MULTITONE-NARROW-40-20/541.npy,MULTITONE-NARROW-40-20
-0.0017062549,-0.0012135862,0.58752155,0.43444398,0.587524,-0.25313002,0.23514053,0.4882705472409725,0.009050152,2.435852,0.11988831279239408,-4785156.25,7.661116e-06,6.948443e-08,0.5520909079843825,0.009962321119253575,/content/drive/MyDrive/N-MON/ALTRO/spectograms/MULTITONE-NARROW-40-20/542.npy,MULTITONE-NARROW-40-20
-0.0064341915,-0.001599086,0.6086358,0.45156065,0.60866976,-0.24573286,0.25036398,0.4960968419909477,0.015949272,2.371039,-0.006526195239939036,-4785156.25,6.928522e-06,7.306468e-08,0.5597788699846961,0.011690499637739124,/content/drive/MyDrive/N-MON/ALTRO/spectograms/MULTITONE-NARROW-40-20/543.npy,MULTITONE-NARROW-40-20
-0.0024651203,-0.0014581666,0.59495986,0.44121897,0.594965,-0.25924805,0.25629395,0.5155420154333115,0.0075629316,2.4022741,0.08808001413038712,-4785156.25,7.571763e-06,6.999857e-08,0.5499694972725295,0.008822328181420138,/content/drive/MyDrive/N-MON/ALTRO/spectograms/MULTITONE-NARROW-40-20/544.npy,MULTITONE-NARROW-40-20
0.0034383074,-0.0014976657,0.5982797,0.43997794,0.5982896,-0.23585692,0.24063241,0.4764893352985382,0.0054431106,2.428787,0.017339408897058973,-4785156.25,6.525308e-06,7.244369e-08,0.5530581714816438,0.0110154298009478,/content/drive/MyDrive/N-MON/ALTRO/spectograms/MULTITONE-NARROW-40-20/545.npy,MULTITONE-NARROW-40-20
-0.0018489609,-0.0016696588,0.58754134,0.4331948,0.58754426,-0.23601156,0.24837345,0.48438502475619316,-0.0032368188,2.4551604,0.08984388442687573,-4785156.25,7.3700603e-06,6.875896e-08,0.5516229467768672,0.008492194025336757,/content/drive/MyDrive/N-MON/ALTRO/spectograms/MULTITONE-NARROW-40-20/546.npy,MULTITONE-NARROW-40-20
0.00058326183,0.0061715404,0.6079018,0.4515061,0.6079021,-0.26138425,0.25037336,0.5117575973272324,0.0034177122,2.3739164,0.007346719137479297,-4785156.25,6.8908366e-06,7.372345e-08,0.5600697201440588,0.011464037298061903,/content/drive/MyDrive/N-MON/ALTRO/spectograms/MULTITONE-NARROW-40-20/547.npy,MULTITONE-NARROW-40-20
0.004356115,0.006254849,0.5907355,0.4391935,0.5907516,-0.23777297,0.25048238,0.4882553517818451,0.0028861745,2.4278793,0.11865660004005361,-4785156.25,7.394593e-06,6.93566e-08,0.5551239614263559,0.00945239268771912,/content/drive/MyDrive/N-MON/ALTRO/spectograms/MULTITONE-NARROW-40-20/548.npy,MULTITONE-NARROW-40-20
0.0020831516,0.006314041,0.60407865,0.4491289,0.6040822,-0.237913,0.24848762,0.4864006079733372,-0.01438653,2.3822737,0.03892700777107093,-4785156.25,6.3193615e-06,7.231711e-08,0.5649747015379507,0.009995786252921572,/content/drive/MyDrive/N-MON/ALTRO/spectograms/MULTITONE-NARROW-40-20/549.npy,MULTITONE-NARROW-40-20
-0.0022873036,-0.0012690544,0.59230757,0.43815023,0.592312,-0.25126478,0.22725108,0.4785158634185791,0.013495183,2.4342546,0.08796369911908096,-4785156.25,7.6712795e-06,6.985124e-08,0.5537568262267439,0.007791300612224181,/content/drive/MyDrive/N-MON/ALTRO/spectograms/MULTITONE-NARROW-40-20/550.npy,MULTITONE-NARROW-40-20
0.00037104005,-0.0014094324,0.59591305,0.43669415,0.5959132,-0.22803319,0.2407336,0.46876678615808487,-0.016044496,2.4518929,0.0017221194899147314,-4785156.25,6.581794e-06,7.2371265e-08,0.5559888317361037,0.010646580778889901,/content/drive/MyDrive/N-MON/ALTRO/spectograms/MULTITONE-NARROW-40-20/551.npy,MULTITONE-NARROW-40-20
0.0031268664,-0.0015809957,0.5938239,0.44010073,0.59383214,-0.25155044,0.2582155,0.5097659379243851,0.005520072,2.4230282,0.08059776589690403,-4785156.25,6.9916196e-06,6.9523665e-08,0.562456756058872,0.02852861214139614,/content/drive/MyDrive/N-MON/ALTRO/spectograms/MULTITONE-NARROW-40-20/552.npy,MULTITONE-NARROW-40-20
8.267426e-05,-0.0013204436,0.60654455,0.4471471,0.60654455,-0.24547577,0.24089068,0.48636646196246147,0.0062718787,2.3929296,-0.028018115389686692,-4785156.25,6.6817906e-06,7.3738875e-08,0.5639782404675944,0.010491837854162876,/content/drive/MyDrive/N-MON/ALTRO/spectograms/MULTITONE-NARROW-40-20/553.npy,MULTITONE-NARROW-40-20
-0.0014523345,-0.0017256769,0.59107196,0.43666804,0.59107375,-0.25946546,0.23464516,0.4941106252372265,0.028039725,2.445185,0.0827343636147083,-4785156.25,7.642974e-06,6.996036e-08,0.5440261969775204,0.008956884535635408,/content/drive/MyDrive/N-MON/ALTRO/spectograms/MULTITONE-NARROW-40-20/554.npy,MULTITONE-NARROW-40-20
-0.0016660828,0.006060794,0.59838235,0.4395407,0.59838474,-0.22828192,0.22488281,0.4531647302210331,-0.0116438735,2.4362106,-0.00044764853785140765,-4785156.25,6.656761e-06,7.228499e-08,0.5566629796305582,0.010592767412231615,/content/drive/MyDrive/N-MON/ALTRO/spectograms/MULTITONE-NARROW-40-20/555.npy,MULTITONE-NARROW-40-20
0.0026672448,0.0062545296,0.59708774,0.44179493,0.5970937,-0.24358584,0.2641132,0.5076990239322186,-0.009669864,2.4161258,0.05533863293143414,-4785156.25,7.822341e-06,7.072791e-08,0.5473961850020483,0.009078339372481025,/content/drive/MyDrive/N-MON/ALTRO/spectograms/MULTITONE-NARROW-40-20/556.npy,MULTITONE-NARROW-40-20
0.0009089532,0.0062903184,0.6044573,0.44723827,0.60445803,-0.23584051,0.2407161,0.47655660659074783,0.0015673072,2.3982275,0.0025637512322623686,-4785156.25,6.6674747e-06,7.20693e-08,0.5592948634772397,0.009940121934417711,/content/drive/MyDrive/N-MON/ALTRO/spectograms/MULTITONE-NARROW-40-20/557.npy,MULTITONE-NARROW-40-20
0.0020070663,0.006403245,0.58824027,0.43333337,0.5882437,-0.23777258,0.23298797,0.4707605428993702,-0.010397982,2.4775777,0.06946591221231989,-4785156.25,7.475788e-06,6.9911785e-08,0.5458650147748119,0.00957744115799731,/content/drive/MyDrive/N-MON/ALTRO/spectograms/MULTITONE-NARROW-40-20/558.npy,MULTITONE-NARROW-40-20
0.0025603806,0.0062959422,0.6006994,0.44218773,0.60070485,-0.23006035,0.23287818,0.4629385359585285,-0.0024989815,2.4196436,0.007242841443343074,-4785156.25,6.4813958e-06,7.181381e-08,0.5570641014883916,0.010989338004559231,/content/drive/MyDrive/N-MON/ALTRO/spectograms/MULTITONE-NARROW-40-20/559.npy,MULTITONE-NARROW-40-20
-0.00022151113,-0.0013586569,0.5912476,0.4372674,0.5912477,-0.25129536,0.27206755,0.5233629196882248,0.015574537,2.4398708,0.08494238023812338,-4785156.25,7.4003783e-06,6.941807e-08,0.5470861467841145,0.008935030809498992,/content/drive/MyDrive/N-MON/ALTRO/spectograms/MULTITONE-NARROW-40-20/560.npy,MULTITONE-NARROW-40-20
-0.00015717268,-0.0015057793,0.59845966,0.43820295,0.5984597,-0.22807829,0.2171292,0.44520748779177666,0.016176678,2.4384444,-0.010674369031838837,-4785156.25,6.545594e-06,7.212025e-08,0.5626179600600243,0.010932612748212917,/content/drive/MyDrive/N-MON/ALTRO/spectograms/MULTITONE-NARROW-40-20/561.npy,MULTITONE-NARROW-40-20
-0.002021949,-0.0013934448,0.5901047,0.4346718,0.59010816,-0.2514037,0.23291276,0.48431646078824997,0.01234499,2.4630833,0.07141185501944479,-4785156.25,7.806582e-06,7.0612465e-08,0.548376261402742,0.010352692094836365,/content/drive/MyDrive/N-MON/ALTRO/spectograms/MULTITONE-NARROW-40-20/562.npy,MULTITONE-NARROW-40-20
0.0001293683,0.006299717,0.6020038,0.4455313,0.6020038,-0.23781045,0.22505021,0.4628606513142586,0.009966508,2.4099731,0.012432218018343256,-4785156.25,6.4104115e-06,7.171401e-08,0.565128365277881,0.010027398072611108,/content/drive/MyDrive/N-MON/ALTRO/spectograms/MULTITONE-NARROW-40-20/563.npy,MULTITONE-NARROW-40-20
4.0700674e-05,-0.0016047817,0.59447706,0.44022423,0.59447706,-0.25940394,0.25613353,0.5155374705791473,0.015386171,2.4269116,0.06481341171670506,-4785156.25,7.795744e-06,7.111212e-08,0.5463434708388519,0.010207299979264959,/content/drive/MyDrive/N-MON/ALTRO/spectograms/MULTITONE-NARROW-40-20/564.npy,MULTITONE-NARROW-40-20
0.0007916131,-0.0015321809,0.60428476,0.4461079,0.60428524,-0.23006073,0.25043303,0.4804937466979027,0.008545779,2.3985968,0.003729262773442755,-4785156.25,6.547165e-06,7.2904285e-08,0.5663025172663677,0.011396540777863822,/content/drive/MyDrive/N-MON/ALTRO/spectograms/MULTITONE-NARROW-40-20/565.npy,MULTITONE-NARROW-40-20
-0.0024037347,-0.0015449482,0.60047024,0.4453048,0.6004751,-0.25929117,0.26408368,0.5233748704195023,-0.0052198493,2.3936765,0.05078884456751252,-4785156.25,7.3851834e-06,7.050177e-08,0.5611498336810667,0.030891997348661486,/content/drive/MyDrive/N-MON/ALTRO/spectograms/MULTITONE-NARROW-40-20/566.npy,MULTITONE-NARROW-40-20
-0.0069496254,-0.001547813,0.6002742,0.44233912,0.6003144,-0.23583534,0.21724796,0.4530833140015602,0.012195766,2.424411,-0.005453136922471857,-4785156.25,6.3650978e-06,7.1483065e-08,0.5896704466592535,0.03012470107844457,/content/drive/MyDrive/N-MON/ALTRO/spectograms/MULTITONE-NARROW-40-20/567.npy,MULTITONE-NARROW-40-20
0.0010564532,-0.0017878148,0.5915909,0.43645474,0.59159184,-0.24395481,0.27162415,0.5155789405107498,-0.0016567918,2.4494817,0.06389595515690148,-4785156.25,7.760001e-06,7.119186e-08,0.5435723513062687,0.009830961193152727,/content/drive/MyDrive/N-MON/ALTRO/spectograms/MULTITONE-NARROW-40-20/568.npy,MULTITONE-NARROW-40-20
0.00397704,0.0062698973,0.60351056,0.4446353,0.6035237,-0.22032209,0.23275827,0.45308035612106323,-0.014063187,2.4060314,-0.013737656759628913,-4785156.25,6.6468365e-06,7.2640375e-08,0.5629160353185845,0.009884058773748832,/content/drive/MyDrive/N-MON/ALTRO/spectograms/MULTITONE-NARROW-40-20/569.npy,MULTITONE-NARROW-40-20
-0.0034260082,-0.0015895611,0.5903909,0.4339033,0.5904008,-0.23590699,0.23477611,0.47068310528993607,-0.0058176094,2.4642637,0.0565082853432831,-4785156.25,7.6021465e-06,7.0687165e-08,0.5424247826020616,0.009682302578960165,/content/drive/MyDrive/N-MON/ALTRO/spectograms/MULTITONE-NARROW-40-20/570.npy,MULTITONE-NARROW-40-20
-0.0029234886,-0.0013241936,0.60354745,0.44405156,0.60355455,-0.23573168,0.24081138,0.4765430614352226,0.020606061,2.40687,-0.025953358876687937,-4785156.25,6.4766346e-06,7.177232e-08,0.5656065247720987,0.009311663048792733,/content/drive/MyDrive/N-MON/ALTRO/spectograms/MULTITONE-NARROW-40-20/571.npy,MULTITONE-NARROW-40-20
0.00029755855,-0.0014501708,0.5889649,0.43570393,0.58896494,-0.2280672,0.2504679,0.47853508591651917,-0.01442847,2.4561014,0.1049235266533096,-4785156.25,7.7071845e-06,7.1562354e-08,0.5437991575176604,0.00931538795502308,/content/drive/MyDrive/N-MON/ALTRO/spectograms/MULTITONE-NARROW-40-20/572.npy,MULTITONE-NARROW-40-20
-0.0021118815,-0.0017198427,0.60252106,0.4445246,0.6025247,-0.22825828,0.24046233,0.46872061863541603,0.007737204,2.4063454,0.0014345914285244128,-4785156.25,6.6005623e-06,7.20476e-08,0.5623027733123891,0.009838901093060097,/content/drive/MyDrive/N-MON/ALTRO/spectograms/MULTITONE-NARROW-40-20/573.npy,MULTITONE-NARROW-40-20
0.0019965996,0.00638776,0.5971636,0.44178173,0.59716696,-0.25337002,0.25640932,0.5097793340682983,0.004371548,2.4234014,0.05807808648313438,-4785156.25,7.516823e-06,7.0595945e-08,0.5434341858365873,0.01001505466626322,/content/drive/MyDrive/N-MON/ALTRO/spectograms/MULTITONE-NARROW-40-20/574.npy,MULTITONE-NARROW-40-20
0.0085122045,0.006349205,0.6020766,0.4439062,0.60213673,-0.22014754,0.24072984,0.4608773775398731,-0.011611437,2.4132042,0.009652967792806656,-4785156.25,6.3722946e-06,7.133856e-08,0.5741849965883081,0.02409548329352665,/content/drive/MyDrive/N-MON/ALTRO/spectograms/MULTITONE-NARROW-40-20/575.npy,MULTITONE-NARROW-40-20
0.00018084573,-0.0014385979,0.5863247,0.43106008,0.5863247,-0.2456104,0.24072835,0.4863387532532215,0.0075205225,2.4959574,0.06827924078203639,-4785156.25,7.7686755e-06,7.111544e-08,0.5421664284234343,0.009046736170278392,/content/drive/MyDrive/N-MON/ALTRO/spectograms/MULTITONE-NARROW-40-20/576.npy,MULTITONE-NARROW-40-20
-0.00044738722,-0.0013561756,0.60215634,0.44524652,0.6021565,-0.23573734,0.23302215,0.4687594808638096,-0.0043258583,2.414451,0.017695488142095307,-4785156.25,6.3715893e-06,7.153781e-08,0.5662464416001245,0.010225493333706771,/content/drive/MyDrive/N-MON/ALTRO/spectograms/MULTITONE-NARROW-40-20/577.npy,MULTITONE-NARROW-40-20
-0.006908669,-0.009217534,0.5927805,0.43609253,0.5928207,-0.25920784,0.24072203,0.49992986023426056,0.029564222,2.447776,0.04918087195708841,-4785156.25,7.713017e-06,7.0123455e-08,0.5446483711314747,0.009697885256476996,/content/drive/MyDrive/N-MON/ALTRO/spectograms/MULTITONE-NARROW-40-20/578.npy,MULTITONE-NARROW-40-20
-0.0025996312,-0.001526875,0.59741616,0.43926537,0.5974218,-0.2358746,0.22508952,0.4609641097486019,0.022249166,2.428487,0.02100772690224494,-4785156.25,6.525134e-06,7.1638325e-08,0.5603786423090491,0.010583399906002188,/content/drive/MyDrive/N-MON/ALTRO/spectograms/MULTITONE-NARROW-40-20/579.npy,MULTITONE-NARROW-40-20
0.0010390506,-0.0014690522,0.58952045,0.43557394,0.5895214,-0.23586512,0.26408255,0.4999476708471775,-0.010117446,2.4586048,0.084367795591877,-4785156.25,7.774146e-06,7.147664e-08,0.5465502166440984,0.00898427720944266,/content/drive/MyDrive/N-MON/ALTRO/spectograms/MULTITONE-NARROW-40-20/580.npy,MULTITONE-NARROW-40-20
0.0034012229,-0.0014976747,0.6073056,0.4487912,0.6073151,-0.23590665,0.24846321,0.4843698590993881,0.007811642,2.3682268,-0.010742341076309125,-4785156.25,6.542091e-06,7.226224e-08,0.5639210991491646,0.012281715203481341,/content/drive/MyDrive/N-MON/ALTRO/spectograms/MULTITONE-NARROW-40-20/581.npy,MULTITONE-NARROW-40-20
-0.008240158,-0.017140107,0.5953023,0.44471684,0.5953593,-0.28277433,0.23480737,0.5175816789269447,0.03748103,2.4066014,0.11736160338867561,-4785156.25,7.693179e-06,7.1333595e-08,0.5487095112762599,0.0098394951239053,/content/drive/MyDrive/N-MON/ALTRO/spectograms/MULTITONE-NARROW-40-20/582.npy,MULTITONE-NARROW-40-20
-0.00085564255,-0.0015441857,0.5969319,0.43856964,0.5969325,-0.23593245,0.2191484,0.4550808407366276,0.009577836,2.4440446,0.019173118118603106,-4785156.25,6.6369034e-06,7.280613e-08,0.5595001096558864,0.009913382040078893,/content/drive/MyDrive/N-MON/ALTRO/spectograms/MULTITONE-NARROW-40-20/583.npy,MULTITONE-NARROW-40-20
0.004963335,0.0064661824,0.59442043,0.44132125,0.5944412,-0.2455443,0.2583895,0.5039337910711765,-0.0054158163,2.4316485,0.08004413889271587,-4785156.25,7.253463e-06,7.029027e-08,0.550603003511094,0.013553566109231011,/content/drive/MyDrive/N-MON/ALTRO/spectograms/MULTITONE-NARROW-40-20/584.npy,MULTITONE-NARROW-40-20
-0.0035585808,-0.0014838427,0.6001276,0.4402849,0.6001381,-0.235839,0.21722163,0.4530606307089329,0.012896458,2.4296968,-0.0121525329141542,-4785156.25,6.6496054e-06,7.221598e-08,0.5641852772387813,0.009836239811627543,/content/drive/MyDrive/N-MON/ALTRO/spectograms/MULTITONE-NARROW-40-20/585.npy,MULTITONE-NARROW-40-20
0.0045042792,-0.0016407813,0.60072625,0.4447007,0.6007431,-0.25945476,0.2795816,0.5390363857150078,0.016987218,2.4038732,0.02766481504082995,-4785156.25,7.943561e-06,7.19196e-08,0.5425767287995602,0.009396394455493484,/content/drive/MyDrive/N-MON/ALTRO/spectograms/MULTITONE-NARROW-40-20/586.npy,MULTITONE-NARROW-40-20
0.0005768609,-0.0015610615,0.6035197,0.44573084,0.60352,-0.22817418,0.24060354,0.46877771243453026,-0.012053945,2.4039564,0.0009733237939569712,-4785156.25,6.4820933e-06,7.1716656e-08,0.5640540484389324,0.009862540424842756,/content/drive/MyDrive/N-MON/ALTRO/spectograms/MULTITONE-NARROW-40-20/587.npy,MULTITONE-NARROW-40-20
-0.004904394,-0.001630598,0.5981263,0.442085,0.5981464,-0.25934362,0.24058276,0.4999263733625412,0.015771797,2.4237704,0.04911365414752465,-4785156.25,7.952891e-06,7.069963e-08,0.5428326954397411,0.009611538462407573,/content/drive/MyDrive/N-MON/ALTRO/spectograms/MULTITONE-NARROW-40-20/588.npy,MULTITONE-NARROW-40-20
0.00085689186,0.0064296667,0.60246956,0.4440408,0.6024703,-0.22982344,0.22522421,0.4550476521253586,0.018783623,2.415023,-0.009409074086162882,-4785156.25,6.389911e-06,7.117435e-08,0.5675176027200536,0.011208193442472987,/content/drive/MyDrive/N-MON/ALTRO/spectograms/MULTITONE-NARROW-40-20/589.npy,MULTITONE-NARROW-40-20
-0.00013687086,-0.0014366244,0.5986185,0.44146112,0.5986185,-0.24364819,0.225056,0.468704167753458,-4.6373003e-05,2.4198043,0.024774167430642414,-4785156.25,7.164582e-06,7.006012e-08,0.6300256924440616,0.02766477698538674,/content/drive/MyDrive/N-MON/ALTRO/spectograms/MULTITONE-NARROW-40-20/590.npy,MULTITONE-NARROW-40-20
-0.0023525043,-0.0015942948,0.6034681,0.44782022,0.6034727,-0.24378997,0.2327796,0.476569589227438,0.012781587,2.4019277,0.01843648290218868,-4785156.25,6.4679334e-06,7.25721e-08,0.5696258948914876,0.011121310718889804,/content/drive/MyDrive/N-MON/ALTRO/spectograms/MULTITONE-NARROW-40-20/591.npy,MULTITONE-NARROW-40-20
0.003556502,0.006254241,0.6004304,0.4473224,0.600441,-0.27493015,0.27970016,0.554630309343338,0.0023065296,2.3874888,0.06254522101180258,-4785156.25,7.699291e-06,7.159859e-08,0.5492868869731264,0.00884734933906255,/content/drive/MyDrive/N-MON/ALTRO/spectograms/MULTITONE-NARROW-40-20/592.npy,MULTITONE-NARROW-40-20
-0.003927615,-0.0015611371,0.59464073,0.4365568,0.5946537,-0.22810692,0.21717587,0.44528278708457947,-0.0079967,2.4586914,0.021612120149634307,-4785156.25,6.0735038e-06,7.165143e-08,0.6081345803614215,0.0361202692144973,/content/drive/MyDrive/N-MON/ALTRO/spectograms/MULTITONE-NARROW-40-20/593.npy,MULTITONE-NARROW-40-20
0.004058635,0.006253607,0.5924378,0.43849397,0.5924517,-0.22816469,0.27182543,0.4999901354312897,-0.0053839344,2.4448538,0.06562275627241464,-4785156.25,7.68241e-06,7.113932e-08,0.5420980157366406,0.009844798582739688,/content/drive/MyDrive/N-MON/ALTRO/spectograms/MULTITONE-NARROW-40-20/594.npy,MULTITONE-NARROW-40-20
0.002689885,-0.0014993469,0.5974879,0.43941534,0.597494,-0.206586,0.21731153,0.42389753833413124,0.020449014,2.4430304,-0.0006115315984259843,-4785156.25,6.39766e-06,7.11653e-08,0.5620056801594789,0.01038014288967913,/content/drive/MyDrive/N-MON/ALTRO/spectograms/MULTITONE-NARROW-40-20/595.npy,MULTITONE-NARROW-40-20
-0.002706306,-0.0015321744,0.59055644,0.4356863,0.59056264,-0.25351745,0.22506076,0.47857823222875595,0.025405949,2.457019,0.07147754039945196,-4785156.25,7.411765e-06,7.085314e-08,0.5402625700183062,0.00914886474920405,/content/drive/MyDrive/N-MON/ALTRO/spectograms/MULTITONE-NARROW-40-20/596.npy,MULTITONE-NARROW-40-20
-0.00094288634,-0.0013059194,0.59938234,0.44090185,0.5993831,-0.22986653,0.24860871,0.47847525775432587,-0.0048242104,2.4340308,-0.0011985826858308506,-4785156.25,6.3728758e-06,7.1682464e-08,0.5597149372931995,0.010939338609820801,/content/drive/MyDrive/N-MON/ALTRO/spectograms/MULTITONE-NARROW-40-20/597.npy,MULTITONE-NARROW-40-20
-0.0029947213,-0.0013951384,0.593996,0.43887046,0.59400356,-0.25136825,0.24853766,0.49990590289235115,-0.0036402422,2.434215,0.058307668789985154,-4785156.25,7.796157e-06,7.0775634e-08,0.5444518785345765,0.009174027779377515,/content/drive/MyDrive/N-MON/ALTRO/spectograms/MULTITONE-NARROW-40-20/598.npy,MULTITONE-NARROW-40-20
-0.00031553506,-0.001548551,0.60430366,0.44599047,0.6043038,-0.24370362,0.24067491,0.48437852412462234,0.010452094,2.397734,0.0074798931351541705,-4785156.25,6.4623146e-06,7.1996084e-08,0.5611072472510021,0.010303185393491659,/content/drive/MyDrive/N-MON/ALTRO/spectograms/MULTITONE-NARROW-40-20/599.npy,MULTITONE-NARROW-40-20
0.0015945456,-0.001523908,0.5880597,0.43343636,0.58806187,-0.22018181,0.2504841,0.47066592797636986,-0.0028565386,2.4654374,0.08694897010441492,-4785156.25,7.7109125e-06,7.127406e-08,0.5447191697830934,0.00894591264742685,/content/drive/MyDrive/N-MON/ALTRO/spectograms/MULTITONE-NARROW-40-20/600.npy,MULTITONE-NARROW-40-20
-0.00043390298,-0.0012799106,0.59409773,0.43344793,0.5940979,-0.22012275,0.2173887,0.43751146644353867,0.019369178,2.4669108,0.0030763969389252417,-4785156.25,6.469637e-06,7.14979e-08,0.5588612018017827,0.009859810995317334,/content/drive/MyDrive/N-MON/ALTRO/spectograms/MULTITONE-NARROW-40-20/601.npy,MULTITONE-NARROW-40-20
0.0004994583,-0.0014029446,0.60503495,0.45158243,0.6050351,-0.27483416,0.28962186,0.5644560232758522,0.011219939,2.3621342,0.06381794648645554,-4785156.25,7.612501e-06,7.1115146e-08,0.5456782401440807,0.009333836511877138,/content/drive/MyDrive/N-MON/ALTRO/spectograms/MULTITONE-NARROW-40-20/602.npy,MULTITONE-NARROW-40-20
0.0028864655,-0.0015195454,0.6041497,0.44457507,0.6041567,-0.23594168,0.24062714,0.4765688106417656,0.009845203,2.4150062,-0.028240524269194666,-4785156.25,6.890022e-06,7.268516e-08,0.5640771534658068,0.010859379807400791,/content/drive/MyDrive/N-MON/ALTRO/spectograms/MULTITONE-NARROW-40-20/603.npy,MULTITONE-NARROW-40-20
-0.0038002871,-0.0015042482,0.59924203,0.44487903,0.5992541,-0.2827423,0.25625658,0.5389988496899605,0.0076984894,2.3970106,0.05055913550243828,-4785156.25,7.421492e-06,7.0349216e-08,0.5511617055875104,0.00939123947631934,/content/drive/MyDrive/N-MON/ALTRO/spectograms/MULTITONE-NARROW-40-20/604.npy,MULTITONE-NARROW-40-20
-0.00019790459,-0.0014627497,0.6037451,0.4457381,0.6037451,-0.2514514,0.240688,0.49213940277695656,0.022567734,2.401706,-0.005458991481922425,-4785156.25,6.4625387e-06,7.1929236e-08,0.5622873645677295,0.010145923155899956,/content/drive/MyDrive/N-MON/ALTRO/spectograms/MULTITONE-NARROW-40-20/605.npy,MULTITONE-NARROW-40-20
0.004783307,0.0064854454,0.59345436,0.4398165,0.5934737,-0.23566824,0.25847566,0.49414390698075294,-0.007917458,2.427236,0.08109705232564655,-4785156.25,7.770775e-06,7.054511e-08,0.5523625533809977,0.01148809472657949,/content/drive/MyDrive/N-MON/ALTRO/spectograms/MULTITONE-NARROW-40-20/606.npy,MULTITONE-NARROW-40-20
-2.2712946e-05,-0.0011712566,0.6026524,0.44546968,0.6026524,-0.22774115,0.23515335,0.4628944993019104,0.0039831265,2.4067686,0.002156256932167245,-4785156.25,6.4179408e-06,7.206939e-08,0.5648466087443426,0.010391335280471817,/content/drive/MyDrive/N-MON/ALTRO/spectograms/MULTITONE-NARROW-40-20/607.npy,MULTITONE-NARROW-40-20
-0.005472227,-0.009132009,0.59177125,0.4366165,0.5917966,-0.25912404,0.21739152,0.4765155613422394,0.027234621,2.446897,0.07787316553511824,-4785156.25,7.696286e-06,7.1073146e-08,0.5491438394631206,0.00935675037116344,/content/drive/MyDrive/N-MON/ALTRO/spectograms/MULTITONE-NARROW-40-20/608.npy,MULTITONE-NARROW-40-20
0.0004644642,-0.0013090451,0.61028355,0.45178777,0.61028373,-0.25328052,0.24088429,0.4941648133099079,0.0055502653,2.3660429,-0.035185933370151315,-4785156.25,6.4068213e-06,7.352932e-08,0.6003531511671936,0.020566579079731397,/content/drive/MyDrive/N-MON/ALTRO/spectograms/MULTITONE-NARROW-40-20/609.npy,MULTITONE-NARROW-40-20
-0.001794282,-0.0013391371,0.5885783,0.4343105,0.5885811,-0.24355538,0.22519466,0.4687500484287739,0.008857341,2.4632564,0.08746773878500301,-4785156.25,7.5588614e-06,6.972374e-08,0.5445714193359177,0.008505303001436789,/content/drive/MyDrive/N-MON/ALTRO/spectograms/MULTITONE-NARROW-40-20/610.npy,MULTITONE-NARROW-40-20
-0.0033696517,-0.009250568,0.59780157,0.4400859,0.59781104,-0.22798857,0.20947856,0.4374671131372452,0.01174899,2.4425285,-0.006680712758367357,-4785156.25,6.528032e-06,7.198135e-08,0.5564669285784285,0.010508282690353294,/content/drive/MyDrive/N-MON/ALTRO/spectograms/MULTITONE-NARROW-40-20/611.npy,MULTITONE-NARROW-40-20
-0.0032382316,-0.00148826,0.5879465,0.43405846,0.58795536,-0.24362138,0.2348668,0.47848817706108093,0.020427782,2.467166,0.08411243011631862,-4785156.25,7.680146e-06,7.077085e-08,0.5433563898630236,0.00915943281217397,/content/drive/MyDrive/N-MON/ALTRO/spectograms/MULTITONE-NARROW-40-20/612.npy,MULTITONE-NARROW-40-20
-0.002029119,0.0065129763,0.60684234,0.44893718,0.6068458,-0.25906953,0.24087204,0.4999415762722492,-0.00015448204,2.383587,-0.01681521572364465,-4785156.25,6.74261e-06,7.2972604e-08,0.5583446473609405,0.009859496573072096,/content/drive/MyDrive/N-MON/ALTRO/spectograms/MULTITONE-NARROW-40-20/613.npy,MULTITONE-NARROW-40-20
-0.008498107,-0.009008593,0.5974124,0.44386443,0.59747285,-0.28247702,0.25074095,0.53321797773242,0.029075844,2.4001179,0.08021292373296506,-4785156.25,7.723117e-06,7.1247136e-08,0.5477699298063218,0.008873436312433057,/content/drive/MyDrive/N-MON/ALTRO/spectograms/MULTITONE-NARROW-40-20/614.npy,MULTITONE-NARROW-40-20
0.0004896617,-0.0012602815,0.60454875,0.4468203,0.60454893,-0.2512753,0.2350524,0.486327700316906,0.017167646,2.3994086,-0.0038369331935374056,-4785156.25,6.7848464e-06,7.32055e-08,0.5587859716101855,0.010039563068671344,/content/drive/MyDrive/N-MON/ALTRO/spectograms/MULTITONE-NARROW-40-20/615.npy,MULTITONE-NARROW-40-20
-0.004649837,-0.009092746,0.5956001,0.44319955,0.5956183,-0.27673656,0.25838828,0.535124845802784,0.011386824,2.4053447,0.0978192478093075,-4785156.25,7.3445754e-06,7.02355e-08,0.5756355308431124,0.013695030091191019,/content/drive/MyDrive/N-MON/ALTRO/spectograms/MULTITONE-NARROW-40-20/616.npy,MULTITONE-NARROW-40-20
0.0027302136,-0.0013989382,0.60324633,0.44437143,0.60325253,-0.24356706,0.22514866,0.46871571987867355,0.01652195,2.4153223,-0.02371189280203557,-4785156.25,6.5290387e-06,7.245356e-08,0.5611877808160983,0.010972029535592804,/content/drive/MyDrive/N-MON/ALTRO/spectograms/MULTITONE-NARROW-40-20/617.npy,MULTITONE-NARROW-40-20
-0.002994415,-0.0014838516,0.5989197,0.44344226,0.59892714,-0.2592829,0.25633958,0.515622466802597,-0.0038457492,2.3949096,0.06111610516226294,-4785156.25,7.72979e-06,7.0535506e-08,0.5487907273273066,0.009787762377608747,/content/drive/MyDrive/N-MON/ALTRO/spectograms/MULTITONE-NARROW-40-20/618.npy,MULTITONE-NARROW-40-20
-0.0034290394,-0.0014075628,0.60546637,0.44682994,0.6054761,-0.24555637,0.22512335,0.47067971900105476,0.019085186,2.4025218,-0.012151735909276994,-4785156.25,6.4175815e-06,7.186316e-08,0.5647765481028492,0.010610755664435916,/content/drive/MyDrive/N-MON/ALTRO/spectograms/MULTITONE-NARROW-40-20/619.npy,MULTITONE-NARROW-40-20
0.003779829,-0.0015722895,0.60030377,0.44778845,0.6003157,-0.26724473,0.26396596,0.5312106758356094,0.02677679,2.3752325,0.08667958581746037,-4785156.25,7.653958e-06,7.1202656e-08,0.5585831224339801,0.01063508612395364,/content/drive/MyDrive/N-MON/ALTRO/spectograms/MULTITONE-NARROW-40-20/620.npy,MULTITONE-NARROW-40-20
0.0017275274,-0.0014557985,0.60356015,0.44541973,0.60356265,-0.25930896,0.24849996,0.5078089274466038,0.015684063,2.4003305,-0.01477634857764899,-4785156.25,6.5746253e-06,7.2242614e-08,0.5634288089320096,0.010518095889614368,/content/drive/MyDrive/N-MON/ALTRO/spectograms/MULTITONE-NARROW-40-20/621.npy,MULTITONE-NARROW-40-20
-0.0008443146,-0.009196075,0.59509593,0.4406566,0.5950965,-0.2533793,0.25640962,0.5097889080643654,0.022113971,2.4203835,0.07517289908863388,-4785156.25,7.713524e-06,6.959719e-08,0.5463220527596654,0.009451737548680367,/content/drive/MyDrive/N-MON/ALTRO/spectograms/MULTITONE-NARROW-40-20/622.npy,MULTITONE-NARROW-40-20
-0.00569749,-0.0014259594,0.59755504,0.43849435,0.5975822,-0.22792569,0.20960549,0.43753116950392723,0.01555375,2.4503803,-0.005182146333589387,-4785156.25,6.5228614e-06,7.175045e-08,0.5609025689660216,0.010887577989265441,/content/drive/MyDrive/N-MON/ALTRO/spectograms/MULTITONE-NARROW-40-20/623.npy,MULTITONE-NARROW-40-20
-0.006005106,-0.0013688584,0.59104514,0.43809542,0.5910756,-0.2669505,0.23299713,0.4999476186931133,0.036131736,2.428716,0.10699200795825968,-4785156.25,7.5751595e-06,7.041525e-08,0.5426153027517382,0.00985340217039466,/content/drive/MyDrive/N-MON/ALTRO/spectograms/MULTITONE-NARROW-40-20/624.npy,MULTITONE-NARROW-40-20
0.0003260162,-0.0014730033,0.60546666,0.44816774,0.6054668,-0.24361423,0.25638127,0.49999549239873886,0.020097509,2.3873122,-0.002768543378005483,-4785156.25,6.744389e-06,7.3107906e-08,0.5587199265181211,0.010010804856795058,/content/drive/MyDrive/N-MON/ALTRO/spectograms/MULTITONE-NARROW-40-20/625.npy,MULTITONE-NARROW-40-20
0.0050928174,-0.0013591379,0.5959049,0.44187042,0.5959266,-0.24557397,0.2563644,0.5019383653998375,-0.005851944,2.4112885,0.08276604388205021,-4785156.25,7.1911727e-06,7.0183305e-08,0.555049888863889,0.01729114752851051,/content/drive/MyDrive/N-MON/ALTRO/spectograms/MULTITONE-NARROW-40-20/626.npy,MULTITONE-NARROW-40-20
-0.0026938007,0.0060206493,0.6040829,0.44453767,0.6040889,-0.24590659,0.22480658,0.47071317955851555,-0.0046215346,2.4045446,-0.030754196216341022,-4785156.25,6.5814434e-06,7.177662e-08,0.5562125830931381,0.011465913384228355,/content/drive/MyDrive/N-MON/ALTRO/spectograms/MULTITONE-NARROW-40-20/627.npy,MULTITONE-NARROW-40-20
-0.0064421976,-0.009256093,0.5898399,0.43687567,0.58987504,-0.23778087,0.24072488,0.4785057380795479,0.020496054,2.436184,0.10472928504991762,-4785156.25,7.4695567e-06,6.945405e-08,0.5502158048487266,0.009800295600309232,/content/drive/MyDrive/N-MON/ALTRO/spectograms/MULTITONE-NARROW-40-20/628.npy,MULTITONE-NARROW-40-20
-0.0011406336,-0.009145214,0.6020042,0.44501886,0.60200524,-0.23570086,0.22527163,0.46097248047590256,0.02434124,2.406292,0.004389714609348217,-4785156.25,6.7403926e-06,7.274144e-08,0.5552190755857002,0.01070642524186323,/content/drive/MyDrive/N-MON/ALTRO/spectograms/MULTITONE-NARROW-40-20/629.npy,MULTITONE-NARROW-40-20
0.0059165317,-0.0015796735,0.58232737,0.42881072,0.5823574,-0.22032157,0.23271824,0.4530398100614548,-0.012603332,2.4919405,0.10674441804424971,-4785156.25,7.366858e-06,6.918036e-08,0.5494621330475369,0.008744469224708517,/content/drive/MyDrive/N-MON/ALTRO/spectograms/MULTITONE-NARROW-40-20/630.npy,MULTITONE-NARROW-40-20
0.0045641316,0.0065052817,0.6087478,0.44965535,0.6087649,-0.25131705,0.24861014,0.49992718547582626,-0.00869339,2.3712652,-0.041024920091582776,-4785156.25,6.9125626e-06,7.304484e-08,0.5560176898540572,0.011048710534889017,/content/drive/MyDrive/N-MON/ALTRO/spectograms/MULTITONE-NARROW-40-20/631.npy,MULTITONE-NARROW-40-20
0.0012328477,-0.0013312188,0.5859394,0.4332301,0.5859407,-0.22787642,0.23303138,0.46090780198574066,0.009125956,2.4515831,0.11330954694119098,-4785156.25,7.678417e-06,6.9952954e-08,0.5534837627598519,0.009531255450928998,/content/drive/MyDrive/N-MON/ALTRO/spectograms/MULTITONE-NARROW-40-20/632.npy,MULTITONE-NARROW-40-20
-0.0015986337,-0.0013583552,0.6095242,0.45145133,0.60952634,-0.25136954,0.24865273,0.5000222809612751,-0.0023078986,2.371688,-0.015340033462113333,-4785156.25,6.744506e-06,7.266287e-08,0.5579990968663051,0.010901769633423729,/content/drive/MyDrive/N-MON/ALTRO/spectograms/MULTITONE-NARROW-40-20/633.npy,MULTITONE-NARROW-40-20
-0.0042257123,-0.0017380773,0.590882,0.4433157,0.5908971,-0.27515578,0.25606364,0.531219445168972,0.00020485651,2.3962288,0.15699757643674583,-4785156.25,7.3910774e-06,6.926014e-08,0.5605594789717235,0.009759719285494878,/content/drive/MyDrive/N-MON/ALTRO/spectograms/MULTITONE-NARROW-40-20/634.npy,MULTITONE-NARROW-40-20
0.0020641622,0.0060522766,0.60501444,0.44647482,0.60501796,-0.21262121,0.23462057,0.44724178314208984,-0.012072583,2.3959882,-0.009685023335865083,-4785156.25,6.657115e-06,7.258621e-08,0.5585678069864368,0.0106313322006478,/content/drive/MyDrive/N-MON/ALTRO/spectograms/MULTITONE-NARROW-40-20/635.npy,MULTITONE-NARROW-40-20
0.005976196,-0.0015203829,0.5875903,0.43451795,0.5876206,-0.23593687,0.2405931,0.4765299782156944,-0.0035732882,2.4410956,0.10896496979378499,-4785156.25,6.9848265e-06,6.81478e-08,0.5593235090590057,0.009035678646882898,/content/drive/MyDrive/N-MON/ALTRO/spectograms/MULTITONE-NARROW-40-20/636.npy,MULTITONE-NARROW-40-20
-0.0020371713,-0.0015106571,0.5954901,0.43739912,0.5954936,-0.23003104,0.24065481,0.47068585082888603,-0.00046026867,2.447597,0.017132843225461925,-4785156.25,6.9234225e-06,7.300593e-08,0.5554548845508954,0.010800205264197485,/content/drive/MyDrive/N-MON/ALTRO/spectograms/MULTITONE-NARROW-40-20/637.npy,MULTITONE-NARROW-40-20
-0.010404323,-0.009461878,0.58518285,0.4328668,0.5852753,-0.26724827,0.21119896,0.47844723612070084,0.02931424,2.448685,0.1129608289580347,-4785156.25,7.351615e-06,6.928627e-08,0.5534165647229683,0.009251753694447383,/content/drive/MyDrive/N-MON/ALTRO/spectograms/MULTITONE-NARROW-40-20/638.npy,MULTITONE-NARROW-40-20
0.0008918138,-0.0015058338,0.60109144,0.44377306,0.6010921,-0.23787841,0.23281507,0.4706934802234173,0.0029712843,2.4146795,0.002026190794292105,-4785156.25,7.0850747e-06,7.2246635e-08,0.5504830133084084,0.010700893426286304,/content/drive/MyDrive/N-MON/ALTRO/spectograms/MULTITONE-NARROW-40-20/639.npy,MULTITONE-NARROW-40-20
0.0022141456,-0.0013896013,0.58713436,0.43575335,0.58713853,-0.23578869,0.2563824,0.49217110499739647,0.0075043766,2.42649,0.13065163472730823,-4785156.25,7.3898245e-06,6.9451296e-08,0.5554319942204226,0.009678744812719861,/content/drive/MyDrive/N-MON/ALTRO/spectograms/MULTITONE-NARROW-40-20/640.npy,MULTITONE-NARROW-40-20
-0.0048309756,-0.0016429732,0.603195,0.4445975,0.6032143,-0.2437751,0.21909735,0.4628724455833435,0.019894294,2.405812,-0.013928952372363256,-4785156.25,6.7335413e-06,7.274948e-08,0.5504944837672456,0.010874253348388003,/content/drive/MyDrive/N-MON/ALTRO/spectograms/MULTITONE-NARROW-40-20/641.npy,MULTITONE-NARROW-40-20
-0.0013173764,-0.009306627,0.5858207,0.43450028,0.58582217,-0.23783675,0.22699142,0.46482816711068153,0.022909956,2.441572,0.12979569352046194,-4785156.25,7.174735e-06,6.929824e-08,0.5580274040556484,0.009550854733686625,/content/drive/MyDrive/N-MON/ALTRO/spectograms/MULTITONE-NARROW-40-20/642.npy,MULTITONE-NARROW-40-20
-0.0015196719,-0.0012991955,0.59894603,0.44077593,0.59894794,-0.22783613,0.22528748,0.45312362164258957,0.015219648,2.4259443,0.018187052369909352,-4785156.25,7.292136e-06,7.369719e-08,0.5478704185034464,0.011013978799806576,/content/drive/MyDrive/N-MON/ALTRO/spectograms/MULTITONE-NARROW-40-20/643.npy,MULTITONE-NARROW-40-20
0.0016951117,0.0064426716,0.5900236,0.43647382,0.590026,-0.24541846,0.23304994,0.4784683957695961,0.0018253059,2.4302013,0.09771098559445944,-4785156.25,6.985722e-06,6.8301944e-08,0.5585158378514959,0.009200084289179919,/content/drive/MyDrive/N-MON/ALTRO/spectograms/MULTITONE-NARROW-40-20/644.npy,MULTITONE-NARROW-40-20
-0.00020534897,-0.0016067862,0.5979895,0.44042602,0.59798956,-0.23590016,0.2249912,0.46089136973023415,0.013662817,2.4358807,0.010118545063642393,-4785156.25,6.6179773e-06,7.210802e-08,0.577864300889935,0.03772249264764362,/content/drive/MyDrive/N-MON/ALTRO/spectograms/MULTITONE-NARROW-40-20/645.npy,MULTITONE-NARROW-40-20
0.004131723,-0.0013742191,0.5897884,0.43789318,0.58980286,-0.24348235,0.25643253,0.49991487339138985,0.005969602,2.4147024,0.11980645861522708,-4785156.25,7.1771237e-06,6.921372e-08,0.5625999106961359,0.009386864080925294,/content/drive/MyDrive/N-MON/ALTRO/spectograms/MULTITONE-NARROW-40-20/646.npy,MULTITONE-NARROW-40-20
-0.004997079,-0.009446666,0.60187876,0.4416748,0.60189956,-0.22819853,0.2248945,0.453093022108078,0.018934367,2.4204338,-0.01899881906009616,-4785156.25,7.0843716e-06,7.227225e-08,0.5492882070444857,0.01145072354577436,/content/drive/MyDrive/N-MON/ALTRO/spectograms/MULTITONE-NARROW-40-20/647.npy,MULTITONE-NARROW-40-20
0.0003342223,0.0061925575,0.58960295,0.43635723,0.589603,-0.24382013,0.2405936,0.4844137206673622,0.0024442985,2.4360194,0.10865002303460423,-4785156.25,6.765394e-06,7.00916e-08,0.579530221392087,0.018699396302723634,/content/drive/MyDrive/N-MON/ALTRO/spectograms/MULTITONE-NARROW-40-20/648.npy,MULTITONE-NARROW-40-20
0.002236545,-0.0014772138,0.60781515,0.4513634,0.60781926,-0.24369183,0.24070641,0.4843982495367527,0.016559787,2.372597,-0.0022137538741110567,-4785156.25,7.18786e-06,7.23737e-08,0.5503034589414384,0.011153750730406422,/content/drive/MyDrive/N-MON/ALTRO/spectograms/MULTITONE-NARROW-40-20/649.npy,MULTITONE-NARROW-40-20
0.001165181,-0.0014947408,0.5876013,0.4315766,0.5876025,-0.23587649,0.21715243,0.45302892103791237,0.0005335205,2.4609175,0.08043363449170902,-4785156.25,6.76041e-06,6.864712e-08,0.565692089903453,0.00993512702819103,/content/drive/MyDrive/N-MON/ALTRO/spectograms/MULTITONE-NARROW-40-20/650.npy,MULTITONE-NARROW-40-20
-0.0054645794,-0.009313207,0.60375965,0.44611776,0.6037844,-0.25929856,0.22500181,0.48430036008358,0.022514885,2.3967083,0.011407530129572286,-4785156.25,7.132812e-06,7.238732e-08,0.5509590662756867,0.017197157207540933,/content/drive/MyDrive/N-MON/ALTRO/spectograms/MULTITONE-NARROW-40-20/651.npy,MULTITONE-NARROW-40-20
0.0014345546,-0.009356007,0.58007884,0.42528948,0.5800806,-0.20472491,0.22501837,0.429743267595768,-0.00022860464,2.5095801,0.10414218423070208,-4785156.25,6.6121233e-06,6.901291e-08,0.5656795504657761,0.008855681507879434,/content/drive/MyDrive/N-MON/ALTRO/spectograms/MULTITONE-NARROW-40-20/652.npy,MULTITONE-NARROW-40-20
0.0015687342,0.0063065607,0.59398365,0.4364753,0.59398574,-0.21445253,0.2250228,0.43947531282901764,-0.008103677,2.4584906,0.02915696598252625,-4785156.25,7.3846013e-06,7.2188655e-08,0.5407838553483889,0.010430490313032661,/content/drive/MyDrive/N-MON/ALTRO/spectograms/MULTITONE-NARROW-40-20/653.npy,MULTITONE-NARROW-40-20
-0.0010178206,-0.0014943236,0.5887296,0.43251756,0.5887305,-0.23598368,0.22506513,0.46104881912469864,-0.0045058355,2.4639285,0.07269334486465771,-4785156.25,6.821652e-06,7.0634655e-08,0.5633685267866673,0.009732940738374718,/content/drive/MyDrive/N-MON/ALTRO/spectograms/MULTITONE-NARROW-40-20/654.npy,MULTITONE-NARROW-40-20
0.001938826,-0.0012996045,0.6055589,0.44872245,0.605562,-0.24346784,0.24868703,0.4921548552811146,0.0112638,2.383066,0.000562809844773738,-4785156.25,7.676707e-06,7.271557e-08,0.5559568913729934,0.025783172291564613,/content/drive/MyDrive/N-MON/ALTRO/spectograms/MULTITONE-NARROW-40-20/655.npy,MULTITONE-NARROW-40-20
0.0016064239,0.006414843,0.58678097,0.42929816,0.5867832,-0.20457394,0.2173328,0.4219067357480526,-0.009546727,2.4943707,0.04783542963591968,-4785156.25,6.683206e-06,6.952628e-08,0.564303559641447,0.009317627877855748,/content/drive/MyDrive/N-MON/ALTRO/spectograms/MULTITONE-NARROW-40-20/656.npy,MULTITONE-NARROW-40-20
-0.0049687945,-0.0014218006,0.60160434,0.4447337,0.6016249,-0.26702332,0.2407209,0.507744237780571,0.028429588,2.4088638,0.016704519537355068,-4785156.25,7.647076e-06,7.221368e-08,0.544366726443081,0.010152713423958536,/content/drive/MyDrive/N-MON/ALTRO/spectograms/MULTITONE-NARROW-40-20/657.npy,MULTITONE-NARROW-40-20
-0.0012229199,-0.0013870413,0.5961942,0.43837813,0.5961955,-0.22795546,0.22518018,0.4531356431543827,0.0060447566,2.434382,0.032917589038573655,-4785156.25,6.5675285e-06,7.1039906e-08,0.5656434451996009,0.009844775147207978,/content/drive/MyDrive/N-MON/ALTRO/spectograms/MULTITONE-NARROW-40-20/658.npy,MULTITONE-NARROW-40-20
0.0037486407,0.0064748907,0.603859,0.44711939,0.60387063,-0.22983938,0.25645792,0.4862973131239414,-0.0054905196,2.3859107,0.023210769573979263,-4785156.25,7.683209e-06,7.190183e-08,0.5427582297698341,0.010546256690477141,/content/drive/MyDrive/N-MON/ALTRO/spectograms/MULTITONE-NARROW-40-20/659.npy,MULTITONE-NARROW-40-20
-0.0038293204,-0.0014830555,0.5940697,0.43538073,0.594082,-0.2435995,0.20365399,0.4472534917294979,0.023703825,2.465017,0.005492759265559911,-4785156.25,6.5476297e-06,7.1195025e-08,0.6020019086253924,0.04173152693785252,/content/drive/MyDrive/N-MON/ALTRO/spectograms/MULTITONE-NARROW-40-20/660.npy,MULTITONE-NARROW-40-20
0.0027192673,-0.0015993388,0.59055924,0.4347362,0.5905655,-0.2359358,0.24052551,0.47646132856607437,0.009427277,2.464647,0.060379685864435526,-4785156.25,7.387014e-06,7.1434066e-08,0.5450619862355498,0.01154378311481672,/content/drive/MyDrive/N-MON/ALTRO/spectograms/MULTITONE-NARROW-40-20/661.npy,MULTITONE-NARROW-40-20
0.0015918779,-0.0015158737,0.5989496,0.44108924,0.59895176,-0.22030349,0.22698052,0.4472840093076229,-0.0011963383,2.42436,0.013796364828763664,-4785156.25,6.4787264e-06,7.1119416e-08,0.5672290881381026,0.009410528532787269,/content/drive/MyDrive/N-MON/ALTRO/spectograms/MULTITONE-NARROW-40-20/662.npy,MULTITONE-NARROW-40-20
-0.0005655918,-0.0014924642,0.5873557,0.4317564,0.587356,-0.24360153,0.21725465,0.46085619181394577,0.018445918,2.4967017,0.04696335709670128,-4785156.25,7.716972e-06,7.1099386e-08,0.5415745882068996,0.009092596543106391,/content/drive/MyDrive/N-MON/ALTRO/spectograms/MULTITONE-NARROW-40-20/663.npy,MULTITONE-NARROW-40-20
0.0026618822,-0.0013892627,0.59307545,0.4352715,0.5930815,-0.22796875,0.2173435,0.4453122429549694,0.025630988,2.4654436,0.026528914052847397,-4785156.25,6.5545637e-06,7.114276e-08,0.562935407752551,0.010411462038282485,/content/drive/MyDrive/N-MON/ALTRO/spectograms/MULTITONE-NARROW-40-20/664.npy,MULTITONE-NARROW-40-20
0.0019337662,-0.0015397472,0.59994346,0.4459695,0.59994656,-0.25925958,0.26609427,0.5253538489341736,0.013316341,2.4053082,0.04019883972341441,-4785156.25,7.586333e-06,7.0724944e-08,0.5455057031156414,0.010233814981289247,/content/drive/MyDrive/N-MON/ALTRO/spectograms/MULTITONE-NARROW-40-20/665.npy,MULTITONE-NARROW-40-20
-0.0019481573,-0.0014943546,0.5986014,0.43959656,0.59860456,-0.22805302,0.2172526,0.44530561193823814,0.011799006,2.4344268,-0.004253055578102526,-4785156.25,6.331798e-06,7.152714e-08,0.6130434456587188,0.02113833942134962,/content/drive/MyDrive/N-MON/ALTRO/spectograms/MULTITONE-NARROW-40-20/666.npy,MULTITONE-NARROW-40-20
-0.002378133,0.0063874926,0.58671755,0.4315117,0.5867224,-0.22984949,0.24082047,0.4706699550151825,-0.00043310167,2.4791596,0.08264880499773396,-4785156.25,7.510198e-06,7.047011e-08,0.5410508694007066,0.008907036308138556,/content/drive/MyDrive/N-MON/ALTRO/spectograms/MULTITONE-NARROW-40-20/667.npy,MULTITONE-NARROW-40-20
-0.008561884,-0.016811414,0.60126257,0.4436717,0.60132354,-0.25124285,0.22535743,0.4766002856194973,0.029668665,2.4128692,0.008050621371302625,-4785156.25,6.522052e-06,7.179794e-08,0.5620570487801115,0.010559044705555791,/content/drive/MyDrive/N-MON/ALTRO/spectograms/MULTITONE-NARROW-40-20/668.npy,MULTITONE-NARROW-40-20
0.0047063692,-0.0015506435,0.59801775,0.44338733,0.5980363,-0.25148678,0.25824335,0.5097301229834557,0.008486136,2.412866,0.05596015923960872,-4785156.25,7.733677e-06,7.0886145e-08,0.5457735541136821,0.008960066334393389,/content/drive/MyDrive/N-MON/ALTRO/spectograms/MULTITONE-NARROW-40-20/669.npy,MULTITONE-NARROW-40-20
-0.008322493,-0.00929012,0.59442455,0.4370607,0.59448284,-0.24557108,0.20951387,0.4550849422812462,0.03096483,2.4466076,0.03388194338790994,-4785156.25,6.3724137e-06,7.140961e-08,0.582502238490515,0.03464424166446626,/content/drive/MyDrive/N-MON/ALTRO/spectograms/MULTITONE-NARROW-40-20/670.npy,MULTITONE-NARROW-40-20
-0.0053041237,-0.00918721,0.58543193,0.4321374,0.58545595,-0.2591803,0.22712384,0.4863041527569294,0.022516388,2.4692526,0.1217364872818195,-4785156.25,7.5378002e-06,7.0283335e-08,0.5436653320087378,0.008671147715305227,/content/drive/MyDrive/N-MON/ALTRO/spectograms/MULTITONE-NARROW-40-20/671.npy,MULTITONE-NARROW-40-20
0.0044972235,0.006359338,0.5962926,0.4385224,0.59630954,-0.21433067,0.23493437,0.449265044182539,-0.0027261244,2.4439793,0.011339664786521254,-4785156.25,6.810777e-06,7.305746e-08,0.5557671854299696,0.010931765642888787,/content/drive/MyDrive/N-MON/ALTRO/spectograms/MULTITONE-NARROW-40-20/672.npy,MULTITONE-NARROW-40-20
0.004701003,0.006638799,0.5869772,0.4338821,0.586996,-0.23554274,0.26446283,0.5000055953860283,-0.00076033775,2.4511206,0.10284973614670699,-4785156.25,7.330552e-06,6.9368554e-08,0.5480174781464402,0.008481347235092931,/content/drive/MyDrive/N-MON/ALTRO/spectograms/MULTITONE-NARROW-40-20/673.npy,MULTITONE-NARROW-40-20
-0.0025884104,-0.0015000501,0.60460645,0.44604906,0.604612,-0.24362224,0.20949991,0.45312216132879257,0.026022354,2.3998044,-0.01852944945165914,-4785156.25,6.6860407e-06,7.242725e-08,0.5548168073558195,0.011949044441511602,/content/drive/MyDrive/N-MON/ALTRO/spectograms/MULTITONE-NARROW-40-20/674.npy,MULTITONE-NARROW-40-20
-0.005240744,-0.0012484919,0.5876185,0.43524417,0.5876419,-0.2610274,0.24091326,0.5019406713545322,0.012654678,2.4414175,0.12089591829476896,-4785156.25,7.3459805e-06,6.869689e-08,0.556489535392348,0.00849218406960717,/content/drive/MyDrive/N-MON/ALTRO/spectograms/MULTITONE-NARROW-40-20/675.npy,MULTITONE-NARROW-40-20
-0.0026317812,0.006414448,0.6041754,0.44756964,0.6041811,-0.24350452,0.22518067,0.46868519112467766,0.012472158,2.4081557,-0.007465046555499854,-4785156.25,6.720472e-06,7.345616e-08,0.5615393138806815,0.011859576319982182,/content/drive/MyDrive/N-MON/ALTRO/spectograms/MULTITONE-NARROW-40-20/676.npy,MULTITONE-NARROW-40-20
0.0025385488,-0.0012758553,0.59059745,0.4380157,0.59060293,-0.2376419,0.2721247,0.5097666271030903,-4.983325e-05,2.4135678,0.11934690150167958,-4785156.25,7.3279793e-06,6.905958e-08,0.5578221630481022,0.009758329937767592,/content/drive/MyDrive/N-MON/ALTRO/spectograms/MULTITONE-NARROW-40-20/677.npy,MULTITONE-NARROW-40-20
0.0017439666,-0.0014030302,0.60402614,0.44527075,0.6040287,-0.2357885,0.24077016,0.4765586592257023,0.0056251143,2.4143941,-0.029461318921513723,-4785156.25,6.595985e-06,7.170734e-08,0.5527294319061347,0.011087712129815271,/content/drive/MyDrive/N-MON/ALTRO/spectograms/MULTITONE-NARROW-40-20/678.npy,MULTITONE-NARROW-40-20
0.005144778,-0.0012603989,0.58385664,0.43087673,0.58387923,-0.227866,0.24866644,0.4765324257314205,0.00389236,2.4602077,0.13343909796377573,-4785156.25,7.05234e-06,6.853253e-08,0.5608303892558013,0.009195886261623936,/content/drive/MyDrive/N-MON/ALTRO/spectograms/MULTITONE-NARROW-40-20/679.npy,MULTITONE-NARROW-40-20
0.005439469,0.006507595,0.6010315,0.44223437,0.6010561,-0.21221446,0.24870124,0.4609157107770443,-0.006639686,2.4190865,-0.0017141388763423186,-4785156.25,7.3247897e-06,7.3061784e-08,0.5500363211908753,0.011082056935121624,/content/drive/MyDrive/N-MON/ALTRO/spectograms/MULTITONE-NARROW-40-20/680.npy,MULTITONE-NARROW-40-20
-0.002211065,0.0063622426,0.58021706,0.425515,0.5802213,-0.22793052,0.21150479,0.43943531811237335,-0.0047450988,2.5026944,0.10485294200746052,-4785156.25,6.96666e-06,6.8573016e-08,0.6027874302838776,0.022127756459688137,/content/drive/MyDrive/N-MON/ALTRO/spectograms/MULTITONE-NARROW-40-20/681.npy,MULTITONE-NARROW-40-20
0.00040280534,0.0063773114,0.6055757,0.44682938,0.6055758,-0.2435812,0.2270985,0.47067970037460327,0.0040041627,2.3901327,-0.014805926486011544,-4785156.25,7.260063e-06,7.247214e-08,0.5485971224617391,0.01016486169152577,/content/drive/MyDrive/N-MON/ALTRO/spectograms/MULTITONE-NARROW-40-20/682.npy,MULTITONE-NARROW-40-20
-0.0054095653,-0.0016239518,0.5873759,0.43140826,0.5874008,-0.2301091,0.21716914,0.44727823138237,0.007875288,2.4581788,0.08913498319866063,-4785156.25,6.855603e-06,6.970809e-08,0.5614144785353143,0.009829082353237368,/content/drive/MyDrive/N-MON/ALTRO/spectograms/MULTITONE-NARROW-40-20/683.npy,MULTITONE-NARROW-40-20
-0.0023965356,-0.0015073845,0.6075751,0.44952404,0.6075798,-0.26708978,0.25047392,0.5175637193024158,0.0076125734,2.373019,-0.011382547069448756,-4785156.25,7.3005567e-06,7.2668605e-08,0.545342131549181,0.010460319161099869,/content/drive/MyDrive/N-MON/ALTRO/spectograms/MULTITONE-NARROW-40-20/684.npy,MULTITONE-NARROW-40-20
-0.004330646,-0.001224716,0.5912137,0.43584517,0.5912296,-0.23753537,0.24090141,0.47843677178025246,0.009459535,2.4423532,0.0703283956786852,-4785156.25,6.696404e-06,6.890036e-08,0.5622363932144671,0.009010275485822901,/content/drive/MyDrive/N-MON/ALTRO/spectograms/MULTITONE-NARROW-40-20/685.npy,MULTITONE-NARROW-40-20
-0.00016826988,0.006238092,0.60214543,0.44640216,0.6021455,-0.2456963,0.25626564,0.5019619464874268,0.0030831222,2.3977573,0.041339280671820564,-4785156.25,7.56606e-06,7.225102e-08,0.5452271180720332,0.010140401602556267,/content/drive/MyDrive/N-MON/ALTRO/spectograms/MULTITONE-NARROW-40-20/686.npy,MULTITONE-NARROW-40-20
-0.0045345044,-0.0014002977,0.59217346,0.43513408,0.5921908,-0.23577242,0.23296334,0.4687357544898987,0.007944267,2.4496484,0.06298107131411422,-4785156.25,6.5889767e-06,6.966791e-08,0.5641147261277685,0.010509858614494494,/content/drive/MyDrive/N-MON/ALTRO/spectograms/MULTITONE-NARROW-40-20/687.npy,MULTITONE-NARROW-40-20
0.0038744984,0.006307491,0.5998806,0.4433116,0.5998931,-0.23578626,0.25829569,0.4940819554030895,-0.003535407,2.4165254,0.028180949419625335,-4785156.25,7.1377353e-06,7.157943e-08,0.551437063364626,0.009894685663475334,/content/drive/MyDrive/N-MON/ALTRO/spectograms/MULTITONE-NARROW-40-20/688.npy,MULTITONE-NARROW-40-20
-0.0060998932,-0.009213508,0.59201133,0.43498868,0.5920428,-0.2202119,0.217318,0.43752989545464516,0.0029149177,2.4563587,0.04628785358037822,-4785156.25,6.7168494e-06,7.016244e-08,0.5687731263148801,0.010452561683920456,/content/drive/MyDrive/N-MON/ALTRO/spectograms/MULTITONE-NARROW-40-20/689.npy,MULTITONE-NARROW-40-20
0.0010534878,-0.0012598482,0.59526694,0.4386778,0.5952679,-0.22781546,0.2409145,0.4687299504876137,-0.0034378753,2.4443774,0.03330567538605399,-4785156.25,7.4299105e-06,7.148757e-08,0.5436673853867451,0.009769495318119955,/content/drive/MyDrive/N-MON/ALTRO/spectograms/MULTITONE-NARROW-40-20/690.npy,MULTITONE-NARROW-40-20
0.004518219,0.006330728,0.5953906,0.43780497,0.5954077,-0.23580787,0.22510788,0.4609157405793667,0.0042952914,2.448375,0.025584030657055713,-4785156.25,6.6019843e-06,7.137661e-08,0.5673923766030914,0.009534962724186637,/content/drive/MyDrive/N-MON/ALTRO/spectograms/MULTITONE-NARROW-40-20/691.npy,MULTITONE-NARROW-40-20
-0.005717858,-0.009383234,0.6046044,0.44925696,0.6046315,-0.27496096,0.24840805,0.5233690030872822,0.03734923,2.3846498,0.029982181966182842,-4785156.25,7.810198e-06,7.2224864e-08,0.5471343137455291,0.010289450729477564,/content/drive/MyDrive/N-MON/ALTRO/spectograms/MULTITONE-NARROW-40-20/692.npy,MULTITONE-NARROW-40-20
-0.00023208522,-0.0011814174,0.60180926,0.44286507,0.6018093,-0.22776301,0.21955673,0.44731974229216576,0.02132522,2.4200919,-0.010754703327367509,-4785156.25,6.3187867e-06,7.138394e-08,0.5839195775153728,0.027329309714674628,/content/drive/MyDrive/N-MON/ALTRO/spectograms/MULTITONE-NARROW-40-20/693.npy,MULTITONE-NARROW-40-20
0.006879093,0.0059577413,0.5932229,0.43759114,0.5932628,-0.23623462,0.26380208,0.5000367052853107,-0.020011844,2.4376345,0.044882670507919595,-4785156.25,7.7138375e-06,7.153904e-08,0.5441164504421203,0.010787353549662655,/content/drive/MyDrive/N-MON/ALTRO/spectograms/MULTITONE-NARROW-40-20/694.npy,MULTITONE-NARROW-40-20
0.003698866,-0.0013822634,0.59813917,0.4392925,0.5981506,-0.2280013,0.23494886,0.4629501514136791,0.022090727,2.4370775,0.00546211943563334,-4785156.25,6.597482e-06,7.248577e-08,0.5595958677654133,0.010221419140115477,/content/drive/MyDrive/N-MON/ALTRO/spectograms/MULTITONE-NARROW-40-20/695.npy,MULTITONE-NARROW-40-20
0.00027774012,-0.0013525158,0.59140694,0.43622974,0.591407,-0.24353456,0.24864191,0.49217648059129715,0.0035211344,2.4392693,0.07440038146317539,-4785156.25,7.4366003e-06,7.012119e-08,0.5672875445428283,0.028225650562302345,/content/drive/MyDrive/N-MON/ALTRO/spectograms/MULTITONE-NARROW-40-20/696.npy,MULTITONE-NARROW-40-20
0.002531077,-0.0012764595,0.60472643,0.44678923,0.60473174,-0.23562878,0.24873807,0.48436685279011726,0.0049612653,2.4024677,-0.03499994077903436,-4785156.25,6.749717e-06,7.258254e-08,0.560929473458826,0.010547220354950709,/content/drive/MyDrive/N-MON/ALTRO/spectograms/MULTITONE-NARROW-40-20/697.npy,MULTITONE-NARROW-40-20
-0.00015623831,-0.0015737002,0.5954206,0.44219178,0.59542066,-0.26722014,0.2582347,0.5254548415541649,0.016496615,2.4153795,0.0814850718132306,-4785156.25,7.1658155e-06,7.005886e-08,0.5521795045068149,0.01691990795203887,/content/drive/MyDrive/N-MON/ALTRO/spectograms/MULTITONE-NARROW-40-20/698.npy,MULTITONE-NARROW-40-20
0.0022233485,0.0063596675,0.6035039,0.44426882,0.603508,-0.24358314,0.24077855,0.4843616969883442,0.008094629,2.4124591,-0.02496883319715616,-4785156.25,6.4397177e-06,7.219758e-08,0.5558509573484295,0.011168762236198093,/content/drive/MyDrive/N-MON/ALTRO/spectograms/MULTITONE-NARROW-40-20/699.npy,MULTITONE-NARROW-40-20
0.0024046921,-0.0012484409,0.5846015,0.4311842,0.5846065,-0.23571597,0.2486692,0.4843851737678051,-0.0107300095,2.4717727,0.11424194551800314,-4785156.25,7.691353e-06,7.0641434e-08,0.54800773433754,0.008451226690713276,/content/drive/MyDrive/N-MON/ALTRO/spectograms/MULTITONE-NARROW-40-20/700.npy,MULTITONE-NARROW-40-20
-0.003826988,-0.009110139,0.5987769,0.44086102,0.5987891,-0.22791195,0.23309956,0.46101152524352074,0.014020054,2.4358802,0.0011083889926436392,-4785156.25,6.962403e-06,7.319535e-08,0.5528648129828284,0.010602084866489917,/content/drive/MyDrive/N-MON/ALTRO/spectograms/MULTITONE-NARROW-40-20/701.npy,MULTITONE-NARROW-40-20
-0.0016764416,-0.001250834,0.5917447,0.43936527,0.59174705,-0.2454074,0.22522235,0.4706297554075718,0.0073909126,2.4176543,0.10501093096509072,-4785156.25,6.860813e-06,6.93248e-08,0.5996885359176507,0.02975640127102531,/content/drive/MyDrive/N-MON/ALTRO/spectograms/MULTITONE-NARROW-40-20/702.npy,MULTITONE-NARROW-40-20
-0.0010489405,-0.0015940533,0.59704757,0.44027042,0.5970485,-0.2593486,0.24062596,0.4999745674431324,0.020416511,2.4337575,0.03185991415733268,-4785156.25,7.041545e-06,7.223803e-08,0.5537276336772742,0.01079020624332514,/content/drive/MyDrive/N-MON/ALTRO/spectograms/MULTITONE-NARROW-40-20/703.npy,MULTITONE-NARROW-40-20
0.0072027654,-0.0015981256,0.5805715,0.42881814,0.5806161,-0.22025953,0.24833608,0.46859560161828995,0.0053432076,2.4698856,0.14085153488476176,-4785156.25,7.2067123e-06,6.907928e-08,0.5627509268462061,0.009568950133407854,/content/drive/MyDrive/N-MON/ALTRO/spectograms/MULTITONE-NARROW-40-20/704.npy,MULTITONE-NARROW-40-20
-0.00523464,-0.0014062009,0.60080224,0.44288433,0.6008251,-0.22789587,0.26427254,0.492168415337801,-0.0011593658,2.4089189,0.008759132958636385,-4785156.25,6.87855e-06,7.268148e-08,0.5494480261571364,0.011613667442501521,/content/drive/MyDrive/N-MON/ALTRO/spectograms/MULTITONE-NARROW-40-20/705.npy,MULTITONE-NARROW-40-20
-0.0017174976,-0.0015136637,0.59321445,0.43962246,0.5932169,-0.24364512,0.24068657,0.4843316748738289,0.0148917325,2.4146752,0.09386022004749771,-4785156.25,7.1085688e-06,7.012416e-08,0.5634143847531256,0.010361368754036307,/content/drive/MyDrive/N-MON/ALTRO/spectograms/MULTITONE-NARROW-40-20/706.npy,MULTITONE-NARROW-40-20
-0.0026655274,-0.0093072355,0.6021321,0.44578937,0.602138,-0.23592031,0.24262697,0.47854726761579514,0.006883152,2.4014647,0.02711815612970968,-4785156.25,7.201424e-06,7.267548e-08,0.5473309491624676,0.011681401005786574,/content/drive/MyDrive/N-MON/ALTRO/spectograms/MULTITONE-NARROW-40-20/707.npy,MULTITONE-NARROW-40-20
0.0010386892,0.0063419705,0.58758813,0.4325149,0.5875891,-0.2221973,0.22906905,0.4512663558125496,-0.0041646096,2.4612682,0.08439822674043805,-4785156.25,7.0135106e-06,6.9537606e-08,0.5644072589643536,0.009720837966111775,/content/drive/MyDrive/N-MON/ALTRO/spectograms/MULTITONE-NARROW-40-20/708.npy,MULTITONE-NARROW-40-20
0.00012598491,-0.0014122906,0.6039502,0.44964162,0.6039502,-0.24358344,0.2485367,0.4921201467514038,0.010101097,2.3872218,0.036761668351554685,-4785156.25,7.494226e-06,7.294753e-08,0.5467730090952647,0.010633790563475852,/content/drive/MyDrive/N-MON/ALTRO/spectograms/MULTITONE-NARROW-40-20/709.npy,MULTITONE-NARROW-40-20
0.0015282512,-0.0014339075,0.5952537,0.4384921,0.5952557,-0.23574746,0.23296353,0.4687109850347042,0.0108194295,2.4329133,0.04419197049891009,-4785156.25,6.523163e-06,7.0274446e-08,0.5758030483919738,0.020149114744623206,/content/drive/MyDrive/N-MON/ALTRO/spectograms/MULTITONE-NARROW-40-20/710.npy,MULTITONE-NARROW-40-20
-0.0006588339,-0.0015084478,0.60367346,0.4470164,0.6036738,-0.23782313,0.24263711,0.480460237711668,0.015055729,2.3937812,0.01038351892688626,-4785156.25,7.581717e-06,7.228949e-08,0.5448952550967525,0.010296755947270591,/content/drive/MyDrive/N-MON/ALTRO/spectograms/MULTITONE-NARROW-40-20/711.npy,MULTITONE-NARROW-40-20
0.0005429821,-0.0016656399,0.5930872,0.4364866,0.5930875,-0.22821078,0.21713102,0.4453417994081974,0.0100592,2.4557242,0.044876536837766476,-4785156.25,6.8570375e-06,7.0668264e-08,0.5645947820368611,0.009845892922627341,/content/drive/MyDrive/N-MON/ALTRO/spectograms/MULTITONE-NARROW-40-20/712.npy,MULTITONE-NARROW-40-20
-0.0015494628,-0.0016365659,0.5907995,0.43599793,0.59080154,-0.25359902,0.21707925,0.47067826986312866,0.027031595,2.4691763,0.05476743602944177,-4785156.25,7.520369e-06,7.085487e-08,0.5404936705780615,0.01006114385393941,/content/drive/MyDrive/N-MON/ALTRO/spectograms/MULTITONE-NARROW-40-20/713.npy,MULTITONE-NARROW-40-20
-0.00046652078,-0.0016851381,0.59844476,0.4418241,0.598445,-0.23602448,0.23469457,0.4707190506160259,0.0069191004,2.4208946,0.034421609312419096,-4785156.25,6.3986945e-06,7.0968575e-08,0.5669184041423894,0.009477974027034571,/content/drive/MyDrive/N-MON/ALTRO/spectograms/MULTITONE-NARROW-40-20/714.npy,MULTITONE-NARROW-40-20
0.00042922498,-0.0016194761,0.590267,0.43519086,0.5902671,-0.23595311,0.24840294,0.4843560494482517,-0.00012383609,2.4643426,0.07276032482143512,-4785156.25,7.703812e-06,7.225461e-08,0.608243935408237,0.020664406824014284,/content/drive/MyDrive/N-MON/ALTRO/spectograms/MULTITONE-NARROW-40-20/715.npy,MULTITONE-NARROW-40-20
-0.0033296042,-0.0013855167,0.599906,0.44145688,0.59991527,-0.24357978,0.22519322,0.4687729924917221,0.032443758,2.4272156,0.018489847937669047,-4785156.25,6.357419e-06,7.092399e-08,0.5664710313161534,0.010464231466574726,/content/drive/MyDrive/N-MON/ALTRO/spectograms/MULTITONE-NARROW-40-20/716.npy,MULTITONE-NARROW-40-20
-0.006843212,-0.009446078,0.5988841,0.44463658,0.5989232,-0.29061654,0.24833639,0.5389529429376125,0.026970234,2.4097037,0.057212605448305406,-4785156.25,7.754097e-06,7.109438e-08,0.54586084875364,0.009174913959953714,/content/drive/MyDrive/N-MON/ALTRO/spectograms/MULTITONE-NARROW-40-20/717.npy,MULTITONE-NARROW-40-20
-0.0040089116,-0.0013170016,0.59747,0.4375216,0.59748346,-0.2142165,0.23307838,0.4472948834300041,0.0036923226,2.4426422,-0.014614995237795313,-4785156.25,6.7657643e-06,7.293187e-08,0.5641878772250521,0.011546536556319462,/content/drive/MyDrive/N-MON/ALTRO/spectograms/MULTITONE-NARROW-40-20/718.npy,MULTITONE-NARROW-40-20
1.2626648e-06,0.006058852,0.59962684,0.44876397,0.59962684,-0.28289825,0.26394886,0.5468471348285675,0.0022235934,2.3888032,0.09781848341502274,-4785156.25,7.5733997e-06,7.094408e-08,0.5520521983786648,0.008713929764232792,/content/drive/MyDrive/N-MON/ALTRO/spectograms/MULTITONE-NARROW-40-20/719.npy,MULTITONE-NARROW-40-20
-0.0033525215,-0.0016057552,0.6032849,0.44545025,0.60329425,-0.22228846,0.23277834,0.455066803842783,0.0004037043,2.398639,0.0007927351577049387,-4785156.25,6.5130757e-06,7.22312e-08,0.56098285274082,0.009988173537933317,/content/drive/MyDrive/N-MON/ALTRO/spectograms/MULTITONE-NARROW-40-20/720.npy,MULTITONE-NARROW-40-20
0.0005724065,-0.0016296653,0.5951055,0.44146764,0.5951058,-0.25351933,0.26401383,0.5175331383943558,0.015577968,2.4161646,0.07891403400347206,-4785156.25,7.657936e-06,7.087259e-08,0.5502262303216314,0.008626957316032694,/content/drive/MyDrive/N-MON/ALTRO/spectograms/MULTITONE-NARROW-40-20/721.npy,MULTITONE-NARROW-40-20
-0.0017759113,0.006258914,0.59976393,0.44178474,0.5997666,-0.2515578,0.20944107,0.46099886298179626,0.016108867,2.4286795,0.00287308194887791,-4785156.25,6.4892097e-06,7.1572615e-08,0.5609735380812512,0.01141700227966523,/content/drive/MyDrive/N-MON/ALTRO/spectograms/MULTITONE-NARROW-40-20/722.npy,MULTITONE-NARROW-40-20
-0.0030481692,-0.0014343541,0.581789,0.43032685,0.581797,-0.26118326,0.24073577,0.5019190236926079,0.024149595,2.4775462,0.13634510612232986,-4785156.25,7.4746217e-06,6.9495464e-08,0.5511383091861639,0.008899288177068683,/content/drive/MyDrive/N-MON/ALTRO/spectograms/MULTITONE-NARROW-40-20/723.npy,MULTITONE-NARROW-40-20
0.00024915385,-0.0014165731,0.60111636,0.44398654,0.6011164,-0.24360047,0.2329442,0.47654468566179276,0.01486148,2.410165,0.012340841069662701,-4785156.25,6.7154897e-06,7.260206e-08,0.5529914299663587,0.010586366286336742,/content/drive/MyDrive/N-MON/ALTRO/spectograms/MULTITONE-NARROW-40-20/724.npy,MULTITONE-NARROW-40-20
-0.010249303,-0.017080666,0.5911977,0.43975982,0.59128654,-0.28262517,0.24072501,0.523350179195404,0.035077956,2.4127717,0.11447071446246936,-4785156.25,7.4637037e-06,6.8510474e-08,0.5524509226611027,0.009243067406118813,/content/drive/MyDrive/N-MON/ALTRO/spectograms/MULTITONE-NARROW-40-20/725.npy,MULTITONE-NARROW-40-20
-0.0011348993,0.0063071363,0.60283947,0.4446727,0.60284054,-0.24360743,0.22513151,0.46873895451426506,0.005107409,2.4057684,-0.01005042182043082,-4785156.25,7.130094e-06,7.320082e-08,0.5510796107561998,0.011093528526080329,/content/drive/MyDrive/N-MON/ALTRO/spectograms/MULTITONE-NARROW-40-20/726.npy,MULTITONE-NARROW-40-20
-0.0020897756,-0.0014792166,0.58826166,0.4358274,0.5882654,-0.23582684,0.23291154,0.4687383733689785,0.0067832745,2.4368002,0.11386448012568705,-4785156.25,7.0247556e-06,6.852059e-08,0.5601486113707932,0.009807564366548458,/content/drive/MyDrive/N-MON/ALTRO/spectograms/MULTITONE-NARROW-40-20/727.npy,MULTITONE-NARROW-40-20
0.004150893,0.0064943964,0.59362835,0.43610877,0.59364283,-0.22203378,0.2253266,0.4473603889346123,-0.00052792515,2.4518735,0.03168435259710721,-4785156.25,7.064385e-06,7.179135e-08,0.5447890108496458,0.01088484367488298,/content/drive/MyDrive/N-MON/ALTRO/spectograms/MULTITONE-NARROW-40-20/728.npy,MULTITONE-NARROW-40-20
-0.0038333023,-0.005198562,0.59056824,0.43440273,0.59058064,-0.23569328,0.20967655,0.44536981359124184,0.02352457,2.448211,0.06683343122025041,-4785156.25,6.9322914e-06,6.9807605e-08,0.5622786888790254,0.008794639703519316,/content/drive/MyDrive/N-MON/ALTRO/spectograms/MULTITONE-NARROW-40-20/729.npy,MULTITONE-NARROW-40-20
-0.004037677,-0.0013817628,0.6040822,0.4484168,0.60409576,-0.26113668,0.24081326,0.5019499398767948,-0.0072165024,2.388049,0.012261142111710355,-4785156.25,7.3992023e-06,7.226353e-08,0.546021577614733,0.011477427240000664,/content/drive/MyDrive/N-MON/ALTRO/spectograms/MULTITONE-NARROW-40-20/730.npy,MULTITONE-NARROW-40-20
0.005382372,0.006632204,0.591247,0.4369292,0.5912715,-0.23554493,0.24886045,0.48440537974238396,0.0026069297,2.4400032,0.09708087973366895,-4785156.25,6.9401804e-06,7.019173e-08,0.5664450902426935,0.010813151900530551,/content/drive/MyDrive/N-MON/ALTRO/spectograms/MULTITONE-NARROW-40-20/731.npy,MULTITONE-NARROW-40-20
-0.0014340966,-0.0014494439,0.5987558,0.4434112,0.5987575,-0.25924987,0.24854492,0.5077947862446308,0.016111657,2.412829,0.045595946502501636,-4785156.25,7.272743e-06,7.284829e-08,0.5782932177976843,0.024805994866076677,/content/drive/MyDrive/N-MON/ALTRO/spectograms/MULTITONE-NARROW-40-20/732.npy,MULTITONE-NARROW-40-20
-0.002150447,-0.009181537,0.59674424,0.4394155,0.5967481,-0.24357685,0.23298405,0.47656089812517166,0.017280424,2.431027,0.02989725880188031,-4785156.25,6.2655054e-06,6.979475e-08,0.5679360981579777,0.009768572604073997,/content/drive/MyDrive/N-MON/ALTRO/spectograms/MULTITONE-NARROW-40-20/733.npy,MULTITONE-NARROW-40-20
0.0024854804,-0.0014087977,0.5910267,0.435481,0.59103197,-0.2513976,0.23297605,0.48437365144491196,0.015030516,2.4672792,0.062099474289369336,-4785156.25,7.629639e-06,7.1737745e-08,0.5459323900154736,0.010556960101371395,/content/drive/MyDrive/N-MON/ALTRO/spectograms/MULTITONE-NARROW-40-20/734.npy,MULTITONE-NARROW-40-20
0.00047457792,-0.0012890808,0.5945045,0.43553835,0.5945047,-0.23568493,0.21940067,0.4550856053829193,0.012638435,2.4527667,0.01421755953248104,-4785156.25,6.4659853e-06,7.043405e-08,0.5666725646162682,0.00949609597272794,/content/drive/MyDrive/N-MON/ALTRO/spectograms/MULTITONE-NARROW-40-20/735.npy,MULTITONE-NARROW-40-20
-0.0007173262,-0.0013520063,0.59051347,0.4336924,0.5905139,-0.22007681,0.23305166,0.45312847569584846,-0.00017490993,2.4735727,0.047357394487931845,-4785156.25,7.4620843e-06,7.096759e-08,0.5423696168602493,0.009443212489790005,/content/drive/MyDrive/N-MON/ALTRO/spectograms/MULTITONE-NARROW-40-20/736.npy,MULTITONE-NARROW-40-20
-0.00036086785,-0.009207068,0.59458196,0.437724,0.5945821,-0.23576078,0.22516799,0.4609287716448307,0.01670779,2.4459636,0.04229162579587596,-4785156.25,6.557676e-06,7.1403e-08,0.561837736335609,0.010478990471625439,/content/drive/MyDrive/N-MON/ALTRO/spectograms/MULTITONE-NARROW-40-20/737.npy,MULTITONE-NARROW-40-20
0.004254888,0.0063067637,0.5906434,0.43554047,0.5906588,-0.25342435,0.2484912,0.5019155479967594,0.007432259,2.4619558,0.06648828850573883,-4785156.25,7.852773e-06,7.122808e-08,0.5444654806650708,0.010229242277626891,/content/drive/MyDrive/N-MON/ALTRO/spectograms/MULTITONE-NARROW-40-20/738.npy,MULTITONE-NARROW-40-20
-0.0014617618,-0.0015604326,0.5981703,0.43991655,0.59817207,-0.24372877,0.2406676,0.484396368265152,0.015206305,2.4362664,0.005934727527891915,-4785156.25,6.749827e-06,7.245767e-08,0.5591960784908623,0.01111350259401357,/content/drive/MyDrive/N-MON/ALTRO/spectograms/MULTITONE-NARROW-40-20/739.npy,MULTITONE-NARROW-40-20
0.009795205,0.01410852,0.5913665,0.43861082,0.59144765,-0.2533968,0.2563674,0.5097641795873642,-0.0139441425,2.4385703,0.09399439508461059,-4785156.25,7.483251e-06,7.016152e-08,0.5462829030945546,0.00999382929926039,/content/drive/MyDrive/N-MON/ALTRO/spectograms/MULTITONE-NARROW-40-20/740.npy,MULTITONE-NARROW-40-20
0.0015268045,0.0063913446,0.59715563,0.44063464,0.59715754,-0.2279772,0.24858546,0.47656266018748283,-0.0053433487,2.4274292,0.039600663691924484,-4785156.25,6.7800574e-06,7.249075e-08,0.5562400788281097,0.010590715040989533,/content/drive/MyDrive/N-MON/ALTRO/spectograms/MULTITONE-NARROW-40-20/741.npy,MULTITONE-NARROW-40-20
-0.009636848,-0.009494849,0.5823856,0.4285092,0.58246535,-0.25151646,0.2113232,0.46283967792987823,0.03790829,2.4838738,0.10699198119292928,-4785156.25,7.3947613e-06,6.928508e-08,0.5460390516123528,0.009019904332891902,/content/drive/MyDrive/N-MON/ALTRO/spectograms/MULTITONE-NARROW-40-20/742.npy,MULTITONE-NARROW-40-20
0.0020474938,-0.0014288458,0.5996982,0.44105768,0.59970164,-0.2514549,0.23290308,0.48435795307159424,0.014246043,2.426985,-0.01332309668171051,-4785156.25,6.8358754e-06,7.266399e-08,0.553061202553903,0.011210484171105985,/content/drive/MyDrive/N-MON/ALTRO/spectograms/MULTITONE-NARROW-40-20/743.npy,MULTITONE-NARROW-40-20
-0.0036272001,-0.009196514,0.58356327,0.42949688,0.58357453,-0.2534056,0.2406968,0.4941023997962475,0.023875212,2.474166,0.09604203482417249,-4785156.25,7.656333e-06,6.944103e-08,0.551059532255936,0.009167471288520312,/content/drive/MyDrive/N-MON/ALTRO/spectograms/MULTITONE-NARROW-40-20/744.npy,MULTITONE-NARROW-40-20
-0.0023985123,-0.00141394,0.60514945,0.4470817,0.6051542,-0.24357168,0.23298585,0.47655753046274185,0.015405295,2.3856463,0.009094174620891116,-4785156.25,6.9410107e-06,7.26878e-08,0.5545434681710872,0.011532294622644192,/content/drive/MyDrive/N-MON/ALTRO/spectograms/MULTITONE-NARROW-40-20/745.npy,MULTITONE-NARROW-40-20
0.0004962139,0.0061373306,0.5845333,0.43094084,0.5845335,-0.22819261,0.24051186,0.4687044657766819,0.0048206234,2.4586942,0.11902549085208479,-4785156.25,7.3502083e-06,6.9378e-08,0.5578864058702149,0.008706567240599334,/content/drive/MyDrive/N-MON/ALTRO/spectograms/MULTITONE-NARROW-40-20/746.npy,MULTITONE-NARROW-40-20
0.00031070947,0.006455144,0.60129887,0.44359705,0.6012989,-0.22987628,0.2408298,0.4707060754299164,-0.01817812,2.4159076,0.006147186042629527,-4785156.25,6.75716e-06,7.25675e-08,0.5520140879695734,0.011237912521476594,/content/drive/MyDrive/N-MON/ALTRO/spectograms/MULTITONE-NARROW-40-20/747.npy,MULTITONE-NARROW-40-20
-0.0027817797,-0.009185921,0.58876723,0.4345869,0.5887738,-0.23580879,0.2329267,0.4687354899942875,0.0091749225,2.4433532,0.10271095379869864,-4785156.25,6.946101e-06,6.880794e-08,0.5652125573903966,0.00935473454574294,/content/drive/MyDrive/N-MON/ALTRO/spectograms/MULTITONE-NARROW-40-20/748.npy,MULTITONE-NARROW-40-20
0.0037029996,-0.0015277877,0.6006458,0.44347936,0.6006572,-0.22805,0.24850819,0.4765581674873829,-0.005845546,2.409627,0.027536436788384456,-4785156.25,7.4107834e-06,7.227705e-08,0.5486622895576451,0.010936992911967133,/content/drive/MyDrive/N-MON/ALTRO/spectograms/MULTITONE-NARROW-40-20/749.npy,MULTITONE-NARROW-40-20
0.006670283,-0.0014602432,0.5863685,0.42950013,0.58640647,-0.21247251,0.23285255,0.4453250654041767,-0.0065053552,2.480298,0.07971696121455706,-4785156.25,6.506439e-06,6.8906246e-08,0.5662855877256183,0.009913313878181923,/content/drive/MyDrive/N-MON/ALTRO/spectograms/MULTITONE-NARROW-40-20/750.npy,MULTITONE-NARROW-40-20
-0.0003923384,-0.0013203847,0.6026492,0.4466297,0.60264933,-0.24356654,0.2486902,0.4922567494213581,0.016440026,2.403781,0.006390536257350966,-4785156.25,7.394704e-06,7.14174e-08,0.546317458627389,0.010853918056380847,/content/drive/MyDrive/N-MON/ALTRO/spectograms/MULTITONE-NARROW-40-20/751.npy,MULTITONE-NARROW-40-20
0.002351694,0.006219328,0.5973632,0.43815753,0.59736776,-0.22031265,0.21917085,0.43948350846767426,-0.0006051075,2.4398642,0.008508756775748572,-4785156.25,6.6508373e-06,7.0776174e-08,0.5659367322016999,0.00979640283695421,/content/drive/MyDrive/N-MON/ALTRO/spectograms/MULTITONE-NARROW-40-20/752.npy,MULTITONE-NARROW-40-20
-0.0049177436,-0.009416178,0.6038993,0.44620636,0.6039193,-0.25941202,0.24058193,0.4999939501285553,0.015933199,2.402084,-0.006854634526791813,-4785156.25,7.712112e-06,7.185939e-08,0.5438332582519021,0.009630399550095883,/content/drive/MyDrive/N-MON/ALTRO/spectograms/MULTITONE-NARROW-40-20/753.npy,MULTITONE-NARROW-40-20
-0.00035541545,-0.0014074259,0.59129864,0.43335012,0.5912988,-0.23574665,0.21739809,0.45314473286271095,0.035109784,2.478755,0.03442685308026215,-4785156.25,6.529578e-06,7.0674886e-08,0.5624504738919622,0.010316724512881053,/content/drive/MyDrive/N-MON/ALTRO/spectograms/MULTITONE-NARROW-40-20/754.npy,MULTITONE-NARROW-40-20
-0.005073787,-0.0092469,0.60087925,0.44573376,0.60090065,-0.2826698,0.25053018,0.5332000032067299,0.028838607,2.4051394,0.04074603196606828,-4785156.25,7.659116e-06,7.079996e-08,0.5451070673255777,0.010003619952057235,/content/drive/MyDrive/N-MON/ALTRO/spectograms/MULTITONE-NARROW-40-20/755.npy,MULTITONE-NARROW-40-20
-0.0010557811,-0.009078809,0.5953621,0.43803534,0.5953631,-0.22787458,0.23305531,0.46092988923192024,0.019041792,2.4518337,0.020213653562216705,-4785156.25,6.6077696e-06,7.232974e-08,0.5606603907659877,0.01025342238465506,/content/drive/MyDrive/N-MON/ALTRO/spectograms/MULTITONE-NARROW-40-20/756.npy,MULTITONE-NARROW-40-20
-0.0055347616,-0.0016424612,0.5952563,0.44105375,0.5952821,-0.2515239,0.2405967,0.4921206049621105,0.011722163,2.4292066,0.07702298546149487,-4785156.25,7.52901e-06,6.996065e-08,0.5450081204685949,0.010089032005617189,/content/drive/MyDrive/N-MON/ALTRO/spectograms/MULTITONE-NARROW-40-20/757.npy,MULTITONE-NARROW-40-20
0.00051703694,0.006306816,0.5955096,0.43691143,0.5955098,-0.22802949,0.21733297,0.4453624561429024,0.016175134,2.459696,0.01095790374133886,-4785156.25,6.6346674e-06,7.2561164e-08,0.5695831590985092,0.018147335341931782,/content/drive/MyDrive/N-MON/ALTRO/spectograms/MULTITONE-NARROW-40-20/758.npy,MULTITONE-NARROW-40-20
-0.0043834904,-0.009223349,0.59080094,0.4387532,0.5908172,-0.25922668,0.24854328,0.5077699460089207,0.009861284,2.4266076,0.1272261093107926,-4785156.25,7.728476e-06,7.03234e-08,0.5467529957547836,0.008678559779399244,/content/drive/MyDrive/N-MON/ALTRO/spectograms/MULTITONE-NARROW-40-20/759.npy,MULTITONE-NARROW-40-20
-0.003414987,-0.0013979399,0.60452354,0.44685975,0.6045332,-0.25920713,0.23292543,0.4921325594186783,0.013889832,2.4000967,-0.004097594690022476,-4785156.25,6.597019e-06,7.207478e-08,0.5598688906850905,0.010539501280777049,/content/drive/MyDrive/N-MON/ALTRO/spectograms/MULTITONE-NARROW-40-20/760.npy,MULTITONE-NARROW-40-20
-0.0028743108,-0.0014514371,0.58432555,0.43192044,0.5843326,-0.23976672,0.23290417,0.47267087176442146,0.005549797,2.4566233,0.11602772314935615,-4785156.25,7.1746067e-06,6.9278926e-08,0.5555628075264014,0.00946224260909774,/content/drive/MyDrive/N-MON/ALTRO/spectograms/MULTITONE-NARROW-40-20/761.npy,MULTITONE-NARROW-40-20
0.00092784583,0.0066020517,0.6011788,0.4460943,0.6011796,-0.24533333,0.23317032,0.47850364446640015,0.0027438814,2.4035006,0.03653545600234219,-4785156.25,6.959496e-06,7.23388e-08,0.5575791456905523,0.010682755205402543,/content/drive/MyDrive/N-MON/ALTRO/spectograms/MULTITONE-NARROW-40-20/762.npy,MULTITONE-NARROW-40-20
0.0033019795,0.006325327,0.58204335,0.4283985,0.5820527,-0.22220941,0.2328933,0.45510271191596985,-0.012675863,2.4774513,0.1086348812382648,-4785156.25,6.8070244e-06,6.822165e-08,0.5609804489919514,0.009458384295628031,/content/drive/MyDrive/N-MON/ALTRO/spectograms/MULTITONE-NARROW-40-20/763.npy,MULTITONE-NARROW-40-20
0.006364257,0.006324035,0.5954597,0.4369066,0.59549373,-0.20459692,0.24850708,0.45310400798916817,-0.009053778,2.450941,0.020352196327692574,-4785156.25,7.2688968e-06,7.300569e-08,0.5514824662691308,0.010421163060579235,/content/drive/MyDrive/N-MON/ALTRO/spectograms/MULTITONE-NARROW-40-20/764.npy,MULTITONE-NARROW-40-20
0.0031447306,-0.001183144,0.5935215,0.4375376,0.5935298,-0.2434012,0.22529799,0.4686991944909096,0.012604373,2.4322228,0.06362587404039642,-4785156.25,6.666289e-06,6.9786815e-08,0.5674435233462678,0.009403275511457745,/content/drive/MyDrive/N-MON/ALTRO/spectograms/MULTITONE-NARROW-40-20/765.npy,MULTITONE-NARROW-40-20
0.0018463919,0.0024006385,0.6052467,0.44641498,0.60524946,-0.22804241,0.24264027,0.47068268060684204,-0.0068323063,2.4021788,-0.016838164257665277,-4785156.25,7.3181295e-06,7.2290916e-08,0.5457461067115873,0.010601253771077635,/content/drive/MyDrive/N-MON/ALTRO/spectograms/MULTITONE-NARROW-40-20/766.npy,MULTITONE-NARROW-40-20
-0.009194992,-0.009281165,0.58579695,0.42882317,0.58586913,-0.22807439,0.21728484,0.4453592374920845,0.017357938,2.4931688,0.0639123040687649,-4785156.25,6.6402267e-06,7.0296934e-08,0.5625069513693538,0.009813964182945686,/content/drive/MyDrive/N-MON/ALTRO/spectograms/MULTITONE-NARROW-40-20/767.npy,MULTITONE-NARROW-40-20
-0.0034268205,-0.009081587,0.593984,0.43975988,0.5939939,-0.2435107,0.24087156,0.4843822605907917,0.008058824,2.4429815,0.05777903805584815,-4785156.25,7.1697277e-06,7.137802e-08,0.5522638853848123,0.018316055402183375,/content/drive/MyDrive/N-MON/ALTRO/spectograms/MULTITONE-NARROW-40-20/768.npy,MULTITONE-NARROW-40-20
-0.0011306705,-0.0016150768,0.59186053,0.4322558,0.5918616,-0.22035342,0.20149013,0.4218435473740101,0.009196546,2.4776778,0.00725589690703542,-4785156.25,6.566437e-06,7.1203665e-08,0.5629328141195336,0.009939275451729984,/content/drive/MyDrive/N-MON/ALTRO/spectograms/MULTITONE-NARROW-40-20/769.npy,MULTITONE-NARROW-40-20
-0.00091117737,0.0063015753,0.5958844,0.44130322,0.5958851,-0.25924233,0.2329044,0.49214673787355423,0.01370382,2.433279,0.06502010295456971,-4785156.25,7.831381e-06,7.0736924e-08,0.5435506818811069,0.010006243738694265,/content/drive/MyDrive/N-MON/ALTRO/spectograms/MULTITONE-NARROW-40-20/770.npy,MULTITONE-NARROW-40-20
-0.00387147,-0.0014677488,0.60242784,0.44352385,0.6024403,-0.22995171,0.24274375,0.4726954586803913,0.012572222,2.4146883,-0.01383080438829255,-4785156.25,6.5534455e-06,7.206934e-08,0.5637439162611644,0.009886314465826508,/content/drive/MyDrive/N-MON/ALTRO/spectograms/MULTITONE-NARROW-40-20/771.npy,MULTITONE-NARROW-40-20
-0.005313158,-0.0015259273,0.5959045,0.44165552,0.5959282,-0.25924897,0.2348285,0.4940774701535702,0.020936659,2.4218314,0.05469369233193598,-4785156.25,7.549256e-06,6.983231e-08,0.5491158915417294,0.00857837958726603,/content/drive/MyDrive/N-MON/ALTRO/spectograms/MULTITONE-NARROW-40-20/772.npy,MULTITONE-NARROW-40-20
-0.0006158162,-0.009328163,0.5966496,0.44073668,0.5966499,-0.22033171,0.23280722,0.45313893258571625,0.027524257,2.4391298,0.03468945172677872,-4785156.25,6.637155e-06,7.171037e-08,0.5566589155064152,0.01100166158188074,/content/drive/MyDrive/N-MON/ALTRO/spectograms/MULTITONE-NARROW-40-20/773.npy,MULTITONE-NARROW-40-20
0.0002054627,-0.0013259943,0.58235687,0.42957953,0.5823569,-0.24549375,0.25643098,0.5019247271120548,0.007916745,2.4762056,0.12249821257322756,-4785156.25,7.503854e-06,6.9390424e-08,0.5534997099763537,0.010244318647269365,/content/drive/MyDrive/N-MON/ALTRO/spectograms/MULTITONE-NARROW-40-20/774.npy,MULTITONE-NARROW-40-20
-0.00174347,-0.0013485143,0.6062078,0.4487442,0.60621035,-0.23578355,0.22716081,0.4629443511366844,-0.0035651866,2.376508,-0.014651897094597587,-4785156.25,6.860476e-06,7.318017e-08,0.559632056835498,0.010342474440654958,/content/drive/MyDrive/N-MON/ALTRO/spectograms/MULTITONE-NARROW-40-20/775.npy,MULTITONE-NARROW-40-20
0.0017620694,0.0061478745,0.57740605,0.42449155,0.57740873,-0.2204209,0.2347037,0.455124594271183,0.0016847572,2.4965434,0.13245390422882675,-4785156.25,7.213155e-06,6.838408e-08,0.5578471319334408,0.008926045755191141,/content/drive/MyDrive/N-MON/ALTRO/spectograms/MULTITONE-NARROW-40-20/776.npy,MULTITONE-NARROW-40-20
-0.002133341,-0.0093185175,0.5966447,0.43887335,0.5966485,-0.23591231,0.22501974,0.46093203872442245,0.03815201,2.4396043,0.022965691306268233,-4785156.25,6.8518357e-06,7.232342e-08,0.5500913526006495,0.010100479862083175,/content/drive/MyDrive/N-MON/ALTRO/spectograms/MULTITONE-NARROW-40-20/777.npy,MULTITONE-NARROW-40-20
-0.0032123511,-0.009224317,0.586243,0.4314942,0.5862518,-0.24362193,0.21724287,0.4608648009598255,0.01811114,2.4571617,0.09256413125055017,-4785156.25,6.9836615e-06,6.841602e-08,0.563317507389638,0.009354545622976976,/content/drive/MyDrive/N-MON/ALTRO/spectograms/MULTITONE-NARROW-40-20/778.npy,MULTITONE-NARROW-40-20
0.0016572274,-0.0012771979,0.60156053,0.44415236,0.6015628,-0.22197062,0.23310429,0.4550749100744724,0.018372767,2.4100618,-0.0009547904736672101,-4785156.25,7.280325e-06,7.2917175e-08,0.5469277294694121,0.011151934231312232,/content/drive/MyDrive/N-MON/ALTRO/spectograms/MULTITONE-NARROW-40-20/779.npy,MULTITONE-NARROW-40-20
-2.1972655e-06,-0.0014962477,0.5914527,0.43665242,0.5914527,-0.23778722,0.23290119,0.4706884101033211,0.0068557034,2.436155,0.09029695635488354,-4785156.25,6.4638452e-06,6.881443e-08,0.5672873404168401,0.010039619506935665,/content/drive/MyDrive/N-MON/ALTRO/spectograms/MULTITONE-NARROW-40-20/780.npy,MULTITONE-NARROW-40-20
0.007134762,0.006351672,0.5953857,0.43920815,0.5954284,-0.22212908,0.25638765,0.47851670905947685,-0.0035756547,2.4505742,0.028207518027081647,-4785156.25,7.706646e-06,7.125553e-08,0.5494387035887813,0.019764718579170493,/content/drive/MyDrive/N-MON/ALTRO/spectograms/MULTITONE-NARROW-40-20/781.npy,MULTITONE-NARROW-40-20
0.001421577,-0.0013925359,0.597937,0.44062695,0.5979387,-0.22013131,0.22710267,0.44723397865891457,0.0038648949,2.4271812,0.03647622987034792,-4785156.25,6.778481e-06,7.097516e-08,0.5653527218649026,0.009668504787337565,/content/drive/MyDrive/N-MON/ALTRO/spectograms/MULTITONE-NARROW-40-20/782.npy,MULTITONE-NARROW-40-20
-0.006320981,-0.0055426518,0.59733516,0.44082326,0.5973686,-0.25155807,0.22490919,0.47646724060177803,0.027195571,2.4286842,0.03218957727502124,-4785156.25,7.732519e-06,7.078278e-08,0.5430691304165471,0.009592320734391655,/content/drive/MyDrive/N-MON/ALTRO/spectograms/MULTITONE-NARROW-40-20/783.npy,MULTITONE-NARROW-40-20
-0.0018566642,-0.009359567,0.59805894,0.4393685,0.59806186,-0.21449171,0.24057418,0.45506589487195015,0.0044535,2.4411094,0.0004936660671218569,-4785156.25,6.5792224e-06,7.1092614e-08,0.5654925018856045,0.009789449897585985,/content/drive/MyDrive/N-MON/ALTRO/spectograms/MULTITONE-NARROW-40-20/784.npy,MULTITONE-NARROW-40-20
-0.0018559849,-0.0014931546,0.59605587,0.44002435,0.5960587,-0.24367645,0.25047866,0.4941551089286804,0.0013856463,2.4330373,0.04698595748276167,-4785156.25,7.5918824e-06,7.056917e-08,0.5422222848355804,0.00992573062579976,/content/drive/MyDrive/N-MON/ALTRO/spectograms/MULTITONE-NARROW-40-20/785.npy,MULTITONE-NARROW-40-20
0.0052178153,0.006438085,0.6026264,0.444076,0.602649,-0.22794917,0.24858445,0.4765336215496063,-0.008826375,2.4125612,-0.007164345265875071,-4785156.25,6.636035e-06,7.206724e-08,0.5649397317857013,0.0164060264861416,/content/drive/MyDrive/N-MON/ALTRO/spectograms/MULTITONE-NARROW-40-20/786.npy,MULTITONE-NARROW-40-20
-0.0020017142,0.00633741,0.58757997,0.435406,0.58758336,-0.25138414,0.23293307,0.48431723564863205,0.016083917,2.4525027,0.12397625793753685,-4785156.25,7.749651e-06,6.9528646e-08,0.5506262685712566,0.009930276541533493,/content/drive/MyDrive/N-MON/ALTRO/spectograms/MULTITONE-NARROW-40-20/787.npy,MULTITONE-NARROW-40-20
-0.0016858723,-0.009181442,0.60120004,0.44269988,0.60120237,-0.22800845,0.23298392,0.46099236235022545,0.01792345,2.4248981,-0.019012630921245176,-4785156.25,6.590154e-06,7.170556e-08,0.554299995032891,0.01121345334395687,/content/drive/MyDrive/N-MON/ALTRO/spectograms/MULTITONE-NARROW-40-20/788.npy,MULTITONE-NARROW-40-20
0.008568213,0.0063299304,0.59397686,0.4420647,0.59403867,-0.24555233,0.2563336,0.501885924488306,0.010268646,2.3945956,0.09980462075930406,-4785156.25,7.619804e-06,6.926649e-08,0.556262397061691,0.010832333626820038,/content/drive/MyDrive/N-MON/ALTRO/spectograms/MULTITONE-NARROW-40-20/789.npy,MULTITONE-NARROW-40-20
0.0026646832,0.006302175,0.6049241,0.4481006,0.6049299,-0.24367031,0.23484516,0.47851547226309776,0.008971413,2.3805826,0.020335234573152994,-4785156.25,7.1029417e-06,7.3063035e-08,0.5549610420084162,0.012286413324731073,/content/drive/MyDrive/N-MON/ALTRO/spectograms/MULTITONE-NARROW-40-20/790.npy,MULTITONE-NARROW-40-20
0.0029940815,-0.0013464214,0.5806405,0.42790353,0.58064824,-0.22994816,0.23290482,0.46285298094153404,0.008818231,2.4782,0.13670984982360757,-4785156.25,7.061295e-06,6.80696e-08,0.561284203527944,0.010053668517312606,/content/drive/MyDrive/N-MON/ALTRO/spectograms/MULTITONE-NARROW-40-20/791.npy,MULTITONE-NARROW-40-20
-0.0008576112,-0.0016029302,0.59935915,0.44326714,0.59935975,-0.23597705,0.24056129,0.4765383414924145,0.0006757706,2.4211097,0.025987827080672033,-4785156.25,7.2511034e-06,7.309712e-08,0.5504681349402086,0.012191978923589685,/content/drive/MyDrive/N-MON/ALTRO/spectograms/MULTITONE-NARROW-40-20/792.npy,MULTITONE-NARROW-40-20
0.0043801297,0.0064918688,0.5911161,0.437066,0.59113234,-0.22781536,0.25644618,0.48426155373454094,-0.014516369,2.4380689,0.09284576004173127,-4785156.25,7.0852343e-06,7.019104e-08,0.5672540479535482,0.009788159318882104,/content/drive/MyDrive/N-MON/ALTRO/spectograms/MULTITONE-NARROW-40-20/793.npy,MULTITONE-NARROW-40-20
0.0003737576,-0.0014201528,0.6027441,0.44538632,0.6027442,-0.24356814,0.24861088,0.4921790212392807,0.0036451726,2.40292,0.01437365005058654,-4785156.25,7.2184544e-06,7.0823944e-08,0.5469700470162875,0.010401475745310921,/content/drive/MyDrive/N-MON/ALTRO/spectograms/MULTITONE-NARROW-40-20/794.npy,MULTITONE-NARROW-40-20
0.0007387421,-0.0011682848,0.5876545,0.4297921,0.5876549,-0.2120525,0.201999,0.41405149549245834,0.005465612,2.4850194,0.04025238902736726,-4785156.25,6.6427106e-06,7.004397e-08,0.563915137038389,0.009843625461541829,/content/drive/MyDrive/N-MON/ALTRO/spectograms/MULTITONE-NARROW-40-20/795.npy,MULTITONE-NARROW-40-20
0.008946052,0.014141524,0.60160553,0.44415167,0.60167205,-0.23778076,0.25837058,0.4961513578891754,-0.012414074,2.40663,0.011245499801949655,-4785156.25,7.4764625e-06,7.208509e-08,0.5471673772332064,0.016097124732553647,/content/drive/MyDrive/N-MON/ALTRO/spectograms/MULTITONE-NARROW-40-20/796.npy,MULTITONE-NARROW-40-20
0.0019417319,-0.0014904386,0.59994984,0.4413817,0.599953,-0.23594216,0.23279044,0.4687326066195965,0.0100466125,2.4294045,-0.0017580590928353394,-4785156.25,6.392721e-06,7.0933545e-08,0.5654742000657131,0.009481849906645454,/content/drive/MyDrive/N-MON/ALTRO/spectograms/MULTITONE-NARROW-40-20/797.npy,MULTITONE-NARROW-40-20
-0.0042737485,-0.0014369965,0.60260195,0.44802064,0.60261714,-0.276868,0.2641409,0.541008897125721,-0.0059314393,2.383825,0.03475842581664233,-4785156.25,7.7392915e-06,7.132272e-08,0.5410588196355917,0.010086881296893769,/content/drive/MyDrive/N-MON/ALTRO/spectograms/MULTITONE-NARROW-40-20/798.npy,MULTITONE-NARROW-40-20
-0.004374942,-0.0013393534,0.59506136,0.4365031,0.5950774,-0.22789976,0.21744859,0.4453483521938324,0.015867297,2.4497564,0.024378636308940983,-4785156.25,6.4750698e-06,7.1634794e-08,0.5610986728524878,0.010301548065571627,/content/drive/MyDrive/N-MON/ALTRO/spectograms/MULTITONE-NARROW-40-20/799.npy,MULTITONE-NARROW-40-20
0.0056070844,0.014137162,0.587305,0.43247014,0.5873318,-0.22799975,0.25635192,0.48435165360569954,-0.017581865,2.4711196,0.09668001175435302,-4785156.25,7.6133383e-06,7.048618e-08,0.5437213323437444,0.009256850085071863,/content/drive/MyDrive/N-MON/ALTRO/spectograms/MULTITONE-NARROW-40-20/800.npy,MULTITONE-NARROW-40-20
0.0014146075,-0.0014562656,0.6029434,0.44474488,0.6029451,-0.22218525,0.22707596,0.44926122203469276,0.0070035458,2.4070623,0.002542531094851575,-4785156.25,6.257131e-06,7.241364e-08,0.5672347832439428,0.018234753765942323,/content/drive/MyDrive/N-MON/ALTRO/spectograms/MULTITONE-NARROW-40-20/801.npy,MULTITONE-NARROW-40-20
0.009700032,0.014301884,0.5876053,0.43297395,0.5876854,-0.23571762,0.24094287,0.47666050121188164,-0.0037366096,2.4587069,0.08925055433338068,-4785156.25,7.753788e-06,7.031174e-08,0.5497686334385785,0.009195345459473555,/content/drive/MyDrive/N-MON/ALTRO/spectograms/MULTITONE-NARROW-40-20/802.npy,MULTITONE-NARROW-40-20
-0.00064489053,-0.0016473338,0.5992648,0.44269615,0.59926516,-0.23802082,0.25617045,0.4941912852227688,-0.0072401953,2.4142327,0.016509450005737548,-4785156.25,6.5503154e-06,7.2308005e-08,0.5681478107884882,0.01968969975848564,/content/drive/MyDrive/N-MON/ALTRO/spectograms/MULTITONE-NARROW-40-20/803.npy,MULTITONE-NARROW-40-20
0.0019843807,-0.0014583,0.5845845,0.43568426,0.5845878,-0.2592418,0.24845555,0.5076973401010036,0.016162494,2.444173,0.17152619768340827,-4785156.25,7.240178e-06,6.867486e-08,0.5614807338402271,0.009378251930158508,/content/drive/MyDrive/N-MON/ALTRO/spectograms/MULTITONE-NARROW-40-20/804.npy,MULTITONE-NARROW-40-20
-0.0012141612,-0.0013956663,0.595464,0.43817773,0.5954652,-0.23575175,0.2174291,0.45318084582686424,0.03712536,2.4531157,0.020177727214994213,-4785156.25,7.3802885e-06,7.3379056e-08,0.547903804235034,0.01127164163294372,/content/drive/MyDrive/N-MON/ALTRO/spectograms/MULTITONE-NARROW-40-20/805.npy,MULTITONE-NARROW-40-20
-0.0013139806,-0.001502977,0.58759177,0.4333694,0.58759326,-0.25141513,0.22706246,0.4784776009619236,0.00422072,2.4491608,0.08630170445556638,-4785156.25,6.659436e-06,6.8488e-08,0.5630637633954412,0.010378886646271122,/content/drive/MyDrive/N-MON/ALTRO/spectograms/MULTITONE-NARROW-40-20/806.npy,MULTITONE-NARROW-40-20
0.00131952,-0.0013041033,0.59417,0.43709588,0.59417146,-0.2200908,0.233062,0.4531527943909168,0.0038376201,2.4654293,0.030395710188488734,-4785156.25,7.1165255e-06,7.10446e-08,0.5502913188782621,0.010491643950603612,/content/drive/MyDrive/N-MON/ALTRO/spectograms/MULTITONE-NARROW-40-20/807.npy,MULTITONE-NARROW-40-20
-0.0038016485,-0.009092125,0.58947784,0.43144402,0.5894901,-0.2122698,0.21162535,0.4238951504230499,0.015414855,2.48238,0.03473202005605623,-4785156.25,6.7121427e-06,7.1018874e-08,0.5685387946312632,0.009398347367738952,/content/drive/MyDrive/N-MON/ALTRO/spectograms/MULTITONE-NARROW-40-20/808.npy,MULTITONE-NARROW-40-20
0.00073411275,-0.0013777851,0.59417605,0.43808764,0.5941765,-0.22206412,0.22716355,0.4492276832461357,0.006987949,2.44698,0.044278932556007664,-4785156.25,7.727246e-06,7.207551e-08,0.5418515939076419,0.009896721275940847,/content/drive/MyDrive/N-MON/ALTRO/spectograms/MULTITONE-NARROW-40-20/809.npy,MULTITONE-NARROW-40-20
0.00490566,0.006561213,0.597933,0.44196144,0.59795314,-0.23557927,0.24094726,0.47652653604745865,-0.0002271751,2.4322934,0.029477870930496464,-4785156.25,6.4212186e-06,7.060581e-08,0.5643371231839467,0.009706840578571551,/content/drive/MyDrive/N-MON/ALTRO/spectograms/MULTITONE-NARROW-40-20/810.npy,MULTITONE-NARROW-40-20
-0.0014926968,-0.0013823328,0.59085196,0.436634,0.59085387,-0.23572624,0.27207115,0.5077973902225494,-0.0019090464,2.4563437,0.0809878849161557,-4785156.25,7.669649e-06,7.073286e-08,0.5384692228870247,0.00992374708916324,/content/drive/MyDrive/N-MON/ALTRO/spectograms/MULTITONE-NARROW-40-20/811.npy,MULTITONE-NARROW-40-20
0.00088945724,-0.0015189545,0.6049646,0.44554952,0.60496527,-0.23585126,0.23289655,0.4687478132545948,0.018170077,2.3983493,-0.012632304237387381,-4785156.25,6.61028e-06,7.210761e-08,0.560692261574748,0.011220071825109614,/content/drive/MyDrive/N-MON/ALTRO/spectograms/MULTITONE-NARROW-40-20/812.npy,MULTITONE-NARROW-40-20
0.007587276,0.0062545007,0.5939514,0.43798345,0.59399986,-0.23788235,0.23481801,0.4727003574371338,-0.007219868,2.4371529,0.05993877351234188,-4785156.25,7.823429e-06,7.029708e-08,0.547731265568452,0.009284395831206367,/content/drive/MyDrive/N-MON/ALTRO/spectograms/MULTITONE-NARROW-40-20/813.npy,MULTITONE-NARROW-40-20
0.00035030436,-0.009187687,0.60029227,0.44114682,0.6002924,-0.24363725,0.23292668,0.4765639267861843,0.020948468,2.4225717,-0.005291924415780202,-4785156.25,6.939036e-06,7.347214e-08,0.5553404296765425,0.01094817070205804,/content/drive/MyDrive/N-MON/ALTRO/spectograms/MULTITONE-NARROW-40-20/814.npy,MULTITONE-NARROW-40-20
0.0031858538,-0.0011960387,0.59407085,0.4418724,0.5940794,-0.2668288,0.25656676,0.5233955755829811,0.019207114,2.4015994,0.10742354022452437,-4785156.25,7.4828235e-06,6.9880414e-08,0.5538001263226754,0.00941389254038072,/content/drive/MyDrive/N-MON/ALTRO/spectograms/MULTITONE-NARROW-40-20/815.npy,MULTITONE-NARROW-40-20
0.0028730102,-0.001251458,0.5988875,0.44045556,0.59889436,-0.2356899,0.23309627,0.46878615766763687,0.012704358,2.4252803,0.00890705966108728,-4785156.25,6.820466e-06,7.200397e-08,0.549333729467402,0.011307639662377626,/content/drive/MyDrive/N-MON/ALTRO/spectograms/MULTITONE-NARROW-40-20/816.npy,MULTITONE-NARROW-40-20
-0.00049936224,-0.0015070545,0.58810896,0.4357165,0.5881092,-0.24373883,0.24064007,0.4843789041042328,0.010414155,2.4347758,0.09971233820164281,-4785156.25,7.1196428e-06,6.939739e-08,0.5595525835361534,0.007924750124367795,/content/drive/MyDrive/N-MON/ALTRO/spectograms/MULTITONE-NARROW-40-20/817.npy,MULTITONE-NARROW-40-20
0.0015200601,-0.0014366796,0.6100572,0.45281276,0.6100591,-0.24359308,0.27205065,0.515643734484911,-0.002983322,2.360111,-0.020302565947957107,-4785156.25,7.5148164e-06,7.3387284e-08,0.5638231554424971,0.0277208262378473,/content/drive/MyDrive/N-MON/ALTRO/spectograms/MULTITONE-NARROW-40-20/818.npy,MULTITONE-NARROW-40-20
0.0006454158,0.0064794477,0.5874503,0.4320141,0.5874507,-0.21420187,0.23311403,0.44731590151786804,-0.0037621693,2.4651527,0.08730730896070936,-4785156.25,6.87562e-06,6.913076e-08,0.5653974586072557,0.010386816995250264,/content/drive/MyDrive/N-MON/ALTRO/spectograms/MULTITONE-NARROW-40-20/819.npy,MULTITONE-NARROW-40-20
0.0039044204,0.006217352,0.5900331,0.43332598,0.59004605,-0.22812344,0.24064317,0.46876661106944084,0.0057579456,2.4707744,0.04650216929202143,-4785156.25,7.3533224e-06,7.244736e-08,0.5446644106801939,0.010087901217505184,/content/drive/MyDrive/N-MON/ALTRO/spectograms/MULTITONE-NARROW-40-20/820.npy,MULTITONE-NARROW-40-20
0.001888408,-0.0013536296,0.59916115,0.44133902,0.59916407,-0.2201644,0.22515014,0.44531453773379326,-0.00046757222,2.4212334,0.028067639877104134,-4785156.25,6.4472197e-06,7.0747475e-08,0.5774303244232534,0.01678446818481613,/content/drive/MyDrive/N-MON/ALTRO/spectograms/MULTITONE-NARROW-40-20/821.npy,MULTITONE-NARROW-40-20
-0.0030667374,-0.0013249482,0.5951174,0.44011664,0.5951253,-0.25905234,0.24088831,0.4999406598508358,0.014095206,2.436218,0.05113722845444878,-4785156.25,7.679109e-06,7.128028e-08,0.542624157082704,0.010139210679911912,/content/drive/MyDrive/N-MON/ALTRO/spectograms/MULTITONE-NARROW-40-20/822.npy,MULTITONE-NARROW-40-20
0.0015002919,0.0065765115,0.59768593,0.43868133,0.59768784,-0.22776645,0.21754035,0.44530680030584335,0.015994178,2.437885,0.012425483249573033,-4785156.25,6.556683e-06,7.194447e-08,0.5638152003932388,0.010630900848940568,/content/drive/MyDrive/N-MON/ALTRO/spectograms/MULTITONE-NARROW-40-20/823.npy,MULTITONE-NARROW-40-20
0.00446954,0.01422184,0.5875412,0.43283963,0.5875582,-0.24359512,0.25059092,0.49418605118989944,-0.026349254,2.4772856,0.08037648666443596,-4785156.25,7.483028e-06,6.96121e-08,0.542182397898358,0.00956169245745925,/content/drive/MyDrive/N-MON/ALTRO/spectograms/MULTITONE-NARROW-40-20/824.npy,MULTITONE-NARROW-40-20
-0.0039782543,-0.009144723,0.596605,0.43976185,0.59661824,-0.22792223,0.22521359,0.45313582196831703,0.013756425,2.4468842,0.022597450445525403,-4785156.25,6.780435e-06,7.263642e-08,0.5577044990984485,0.010920121616492797,/content/drive/MyDrive/N-MON/ALTRO/spectograms/MULTITONE-NARROW-40-20/825.npy,MULTITONE-NARROW-40-20
-0.0007219624,0.0065852627,0.5951378,0.44306993,0.5951382,-0.26878577,0.25857058,0.52735635638237,-0.0010094924,2.3960204,0.10808020868107691,-4785156.25,7.515965e-06,7.024058e-08,0.5524635688400792,0.008958152875106498,/content/drive/MyDrive/N-MON/ALTRO/spectograms/MULTITONE-NARROW-40-20/826.npy,MULTITONE-NARROW-40-20
0.0040929834,-0.0013430014,0.60037404,0.44357607,0.600388,-0.22993778,0.23297599,0.46291376650333405,0.004831466,2.4132743,0.024870723240518856,-4785156.25,6.631287e-06,7.1772476e-08,0.5525256029858265,0.010722406406720977,/content/drive/MyDrive/N-MON/ALTRO/spectograms/MULTITONE-NARROW-40-20/827.npy,MULTITONE-NARROW-40-20
0.004885457,0.0063399333,0.5841119,0.43262017,0.5841324,-0.2436567,0.24857044,0.49222712963819504,-0.007051668,2.4461713,0.12678038631788435,-4785156.25,7.056133e-06,6.9759835e-08,0.5654211180091528,0.021423436643244566,/content/drive/MyDrive/N-MON/ALTRO/spectograms/MULTITONE-NARROW-40-20/828.npy,MULTITONE-NARROW-40-20
-0.0023745922,-0.0013065331,0.607654,0.45061272,0.6076586,-0.23564234,0.23505418,0.4706965275108814,0.004148419,2.367007,0.005559854285623323,-4785156.25,6.9716402e-06,7.234898e-08,0.5493966421237133,0.010898997452549011,/content/drive/MyDrive/N-MON/ALTRO/spectograms/MULTITONE-NARROW-40-20/829.npy,MULTITONE-NARROW-40-20
-0.0012069509,-0.00149976,0.59174246,0.43760338,0.59174365,-0.2514264,0.2406978,0.49212420731782913,0.015454451,2.4263833,0.08796285760484311,-4785156.25,6.9411717e-06,6.920584e-08,0.5661276342289683,0.009653692334809293,/content/drive/MyDrive/N-MON/ALTRO/spectograms/MULTITONE-NARROW-40-20/830.npy,MULTITONE-NARROW-40-20
0.0030538123,0.0063050236,0.5988326,0.44314685,0.5988404,-0.26710796,0.25054634,0.5176543034613132,0.0035201183,2.4165287,0.04798219956113568,-4785156.25,7.405791e-06,7.26111e-08,0.5465137200411986,0.012185706490209823,/content/drive/MyDrive/N-MON/ALTRO/spectograms/MULTITONE-NARROW-40-20/831.npy,MULTITONE-NARROW-40-20
-0.003108686,-0.0016664707,0.5898114,0.43334588,0.5898196,-0.22044651,0.23271237,0.4531588777899742,-0.004544281,2.4628634,0.06235187178626665,-4785156.25,6.6090824e-06,6.9827806e-08,0.5653739295283097,0.009806980130392547,/content/drive/MyDrive/N-MON/ALTRO/spectograms/MULTITONE-NARROW-40-20/832.npy,MULTITONE-NARROW-40-20
-0.00019083024,-0.0011000936,0.5971273,0.43916208,0.5971274,-0.21990773,0.2253941,0.4453018344938755,-0.0028751802,2.4422255,0.015653837661027892,-4785156.25,7.450333e-06,7.221836e-08,0.5626533805310747,0.02653187832080211,/content/drive/MyDrive/N-MON/ALTRO/spectograms/MULTITONE-NARROW-40-20/833.npy,MULTITONE-NARROW-40-20
-0.002378454,-0.0013755434,0.5962312,0.437292,0.5962359,-0.2220073,0.24077001,0.4627773240208626,-0.012299753,2.442219,0.013667844500852112,-4785156.25,6.3697626e-06,7.156659e-08,0.5682005003206272,0.010952506644321998,/content/drive/MyDrive/N-MON/ALTRO/spectograms/MULTITONE-NARROW-40-20/834.npy,MULTITONE-NARROW-40-20
0.0020226103,0.00627944,0.5986808,0.4439131,0.5986842,-0.24367993,0.2484219,0.49210182949900627,-0.011346032,2.4036694,0.0578175693534798,-4785156.25,7.533828e-06,7.081023e-08,0.5484233017757275,0.010156475765831693,/content/drive/MyDrive/N-MON/ALTRO/spectograms/MULTITONE-NARROW-40-20/835.npy,MULTITONE-NARROW-40-20
0.0022028696,0.006468091,0.60028136,0.4402903,0.6002854,-0.22005413,0.22716415,0.44721827656030655,-0.02366973,2.4318042,-0.024922773857033797,-4785156.25,6.6340317e-06,7.215243e-08,0.5632760430765238,0.01105572868865425,/content/drive/MyDrive/N-MON/ALTRO/spectograms/MULTITONE-NARROW-40-20/836.npy,MULTITONE-NARROW-40-20
-0.0054317284,-0.0015339754,0.59846324,0.4453206,0.5984879,-0.2768947,0.2562886,0.5331832841038704,0.015940562,2.3996446,0.06734006321191442,-4785156.25,7.3347096e-06,7.0382356e-08,0.5913321989521777,0.021593144386187806,/content/drive/MyDrive/N-MON/ALTRO/spectograms/MULTITONE-NARROW-40-20/837.npy,MULTITONE-NARROW-40-20
-0.0009456897,-0.0015949165,0.59862375,0.4411264,0.5986245,-0.23595569,0.21912917,0.4550848640501499,0.013540493,2.425071,0.025090570869090157,-4785156.25,6.532481e-06,7.216779e-08,0.5533733774765832,0.011077881587522603,/content/drive/MyDrive/N-MON/ALTRO/spectograms/MULTITONE-NARROW-40-20/838.npy,MULTITONE-NARROW-40-20
-0.0015077641,0.0065011885,0.5834154,0.43092626,0.5834173,-0.25133848,0.233098,0.484436497092247,0.0024117099,2.4525588,0.12354179419975063,-4785156.25,7.645435e-06,6.9212206e-08,0.5494028819410295,0.008970608581166125,/content/drive/MyDrive/N-MON/ALTRO/spectograms/MULTITONE-NARROW-40-20/839.npy,MULTITONE-NARROW-40-20
0.00089323166,-0.0014081709,0.5993935,0.4417635,0.5993942,-0.22016433,0.24073893,0.46090326830744743,0.0063323346,2.4279785,-0.005022266763514815,-4785156.25,6.9725943e-06,7.2127676e-08,0.5494887881706333,0.011001287122251811,/content/drive/MyDrive/N-MON/ALTRO/spectograms/MULTITONE-NARROW-40-20/840.npy,MULTITONE-NARROW-40-20
-0.003391326,-0.0012588724,0.59134275,0.43763313,0.5913525,-0.24339087,0.24099356,0.4843844324350357,0.024723055,2.4357007,0.08520524652844484,-4785156.25,7.0290725e-06,6.914533e-08,0.5628412260014724,0.009892484888981909,/content/drive/MyDrive/N-MON/ALTRO/spectograms/MULTITONE-NARROW-40-20/841.npy,MULTITONE-NARROW-40-20
0.00235993,-0.0015167901,0.59694153,0.44074023,0.59694624,-0.22807321,0.2582444,0.48631759360432625,-0.0124290595,2.4230084,0.041662320944510486,-4785156.25,7.3269034e-06,7.2985365e-08,0.5734465226813354,0.018975134600325128,/content/drive/MyDrive/N-MON/ALTRO/spectograms/MULTITONE-NARROW-40-20/842.npy,MULTITONE-NARROW-40-20
0.0007462885,-0.0013848485,0.5909051,0.43463337,0.59090555,-0.235749,0.24274984,0.47849883884191513,0.021335978,2.4455466,0.0717487738812864,-4785156.25,6.6410203e-06,6.911574e-08,0.5672913377791675,0.009551259071119225,/content/drive/MyDrive/N-MON/ALTRO/spectograms/MULTITONE-NARROW-40-20/843.npy,MULTITONE-NARROW-40-20
-0.0015123038,-0.0015184884,0.60235316,0.44771618,0.602355,-0.26125696,0.24261792,0.5038748867809772,0.014687779,2.393161,0.037779095874251975,-4785156.25,7.654459e-06,7.27708e-08,0.5457629989548496,0.01061212701550408,/content/drive/MyDrive/N-MON/ALTRO/spectograms/MULTITONE-NARROW-40-20/844.npy,MULTITONE-NARROW-40-20
-0.007381935,-0.0014204949,0.5981022,0.4403087,0.59814775,-0.227871,0.22527485,0.4531458541750908,0.014803389,2.4317331,0.021430351392279213,-4785156.25,6.5952204e-06,7.1021056e-08,0.5685109073298856,0.010791091490338882,/content/drive/MyDrive/N-MON/ALTRO/spectograms/MULTITONE-NARROW-40-20/845.npy,MULTITONE-NARROW-40-20
1.75066e-05,-0.001487493,0.59962904,0.44409698,0.59962904,-0.24372512,0.24847962,0.492204736918211,0.00260131,2.4056504,0.034424378762329386,-4785156.25,7.550429e-06,7.121193e-08,0.5454740555942283,0.011063460493322668,/content/drive/MyDrive/N-MON/ALTRO/spectograms/MULTITONE-NARROW-40-20/846.npy,MULTITONE-NARROW-40-20
0.0022160446,-0.0015971432,0.5953628,0.4414392,0.5953669,-0.25154534,0.24257687,0.4941222071647644,0.016335536,2.4388402,0.058596416713504115,-4785156.25,6.4087944e-06,7.170737e-08,0.5680240582390986,0.011374606560112905,/content/drive/MyDrive/N-MON/ALTRO/spectograms/MULTITONE-NARROW-40-20/847.npy,MULTITONE-NARROW-40-20
-0.001969181,-0.0013837866,0.5944813,0.44186312,0.5944845,-0.2669694,0.2642348,0.5312042087316513,0.016624132,2.4109125,0.09016751284063661,-4785156.25,7.742181e-06,7.1118265e-08,0.5471174530873292,0.009715761151248411,/content/drive/MyDrive/N-MON/ALTRO/spectograms/MULTITONE-NARROW-40-20/848.npy,MULTITONE-NARROW-40-20
0.002105893,0.006497167,0.6052661,0.4469542,0.6052698,-0.22787072,0.24867964,0.4765503518283367,-0.008770416,2.3916094,-0.013025998861902487,-4785156.25,6.580608e-06,7.163683e-08,0.5599435938925523,0.011573358514564426,/content/drive/MyDrive/N-MON/ALTRO/spectograms/MULTITONE-NARROW-40-20/849.npy,MULTITONE-NARROW-40-20
-0.0033689304,-0.0014737418,0.5824074,0.42879948,0.58241713,-0.22799051,0.22504015,0.45303066074848175,0.022742223,2.4742184,0.10685418131979928,-4785156.25,7.09329e-06,6.8499546e-08,0.5839457719943265,0.02877915229294134,/content/drive/MyDrive/N-MON/ALTRO/spectograms/MULTITONE-NARROW-40-20/850.npy,MULTITONE-NARROW-40-20
-0.004952878,-0.0091942875,0.6055005,0.44888574,0.60552084,-0.2533898,0.24074331,0.4941331148147583,0.009232219,2.387613,0.00046515936309431474,-4785156.25,6.980805e-06,7.2788765e-08,0.5538784464623479,0.011430845828441026,/content/drive/MyDrive/N-MON/ALTRO/spectograms/MULTITONE-NARROW-40-20/851.npy,MULTITONE-NARROW-40-20
-1.5546799e-05,-0.0014787656,0.58352274,0.42960706,0.5835227,-0.24368407,0.22703034,0.47071441262960434,0.0039056088,2.48261,0.09371488402634208,-4785156.25,6.803344e-06,6.820662e-08,0.5597484782661696,0.009100342302761142,/content/drive/MyDrive/N-MON/ALTRO/spectograms/MULTITONE-NARROW-40-20/852.npy,MULTITONE-NARROW-40-20
0.0013963275,-0.0014305406,0.60513884,0.44808304,0.60514045,-0.24361107,0.24856101,0.49217207729816437,0.0015847657,2.3864815,0.003970728267094315,-4785156.25,7.1486825e-06,7.256078e-08,0.5473712743451902,0.010081039571453896,/content/drive/MyDrive/N-MON/ALTRO/spectograms/MULTITONE-NARROW-40-20/853.npy,MULTITONE-NARROW-40-20
0.003291156,-0.0012869523,0.5903279,0.43499553,0.5903371,-0.22791532,0.2408759,0.4687912277877331,0.0052298764,2.4511576,0.07502398843246803,-4785156.25,6.9000835e-06,7.0236894e-08,0.5632115365929118,0.010271923545882264,/content/drive/MyDrive/N-MON/ALTRO/spectograms/MULTITONE-NARROW-40-20/854.npy,MULTITONE-NARROW-40-20
-0.008750519,-0.0036084512,0.74243355,0.6077545,0.74248505,-0.99553865,0.9963439,1.9918825924396515,0.018099742,1.7202404,-0.5334222399846898,-4394531.25,7.634372e-06,1.10423926e-07,0.6148268165448534,0.009877618435216588,/content/drive/MyDrive/N-MON/ALTRO/spectograms/MULTITONE-NARROW-40-20/855.npy,MULTITONE-NARROW-40-20
-0.0071913064,-0.0073769866,0.73269916,0.5926906,0.73273444,-0.9447683,0.91654307,1.8613114058971405,0.0127757415,1.7705921,-0.5238612631517877,-3984375.0,8.114209e-06,1.0672255e-07,0.6174266154386847,0.010032689271484038,/content/drive/MyDrive/N-MON/ALTRO/spectograms/MULTITONE-NARROW-40-20/856.npy,MULTITONE-NARROW-40-20
0.0050026407,0.016492514,0.74775624,0.6120475,0.74777293,-0.99893504,0.9929722,1.9919072389602661,-0.02807819,1.7107478,-0.6336859097306206,-4394531.25,7.953611e-06,1.1045411e-07,0.634098894096748,0.030823137137854513,/content/drive/MyDrive/N-MON/ALTRO/spectograms/MULTITONE-NARROW-40-20/857.npy,MULTITONE-NARROW-40-20
0.010516197,0.01610624,0.7312682,0.593803,0.7313438,-0.84329724,0.93009007,1.7733873128890991,-0.04011946,1.7686213,-0.47311063212694837,-3984375.0,8.73057e-06,1.068113e-07,0.6078850027666687,0.009295817244708262,/content/drive/MyDrive/N-MON/ALTRO/spectograms/MULTITONE-NARROW-40-20/858.npy,MULTITONE-NARROW-40-20
0.010603365,0.027822033,0.82185924,0.71735704,0.82192767,-0.9993777,0.99265236,1.9920300841331482,-0.035552684,1.4283426,-0.8743837235905431,-4394531.25,6.7740716e-06,1.4115368e-07,0.6874854403767543,0.053213467567094046,/content/drive/MyDrive/N-MON/ALTRO/spectograms/MULTITONE-NARROW-40-20/859.npy,MULTITONE-NARROW-40-20
0.002530548,0.008826066,0.7321987,0.59488845,0.7322031,-0.9032043,0.8975445,1.8007488250732422,-0.021929022,1.7649416,-0.4871422049282349,-3984375.0,8.559925e-06,1.077735e-07,0.6078988848695668,0.0100066096951871,/content/drive/MyDrive/N-MON/ALTRO/spectograms/MULTITONE-NARROW-40-20/860.npy,MULTITONE-NARROW-40-20
0.010312114,0.008949256,0.73578733,0.5935399,0.73585963,-0.9988327,0.9929972,1.9918299615383148,-0.032982573,1.7703203,-0.6112883488054816,-3984375.0,7.507739e-06,1.07774696e-07,0.6129157391237985,0.009380650246564435,/content/drive/MyDrive/N-MON/ALTRO/spectograms/MULTITONE-NARROW-40-20/861.npy,MULTITONE-NARROW-40-20
0.0010670929,0.0007776432,0.7362911,0.60254174,0.736292,-0.9132169,0.9227597,1.8359766006469727,-0.013203976,1.7372932,-0.45560046245801555,-3984375.0,8.054105e-06,1.07931314e-07,0.6098185629843129,0.011620302973006378,/content/drive/MyDrive/N-MON/ALTRO/spectograms/MULTITONE-NARROW-40-20/862.npy,MULTITONE-NARROW-40-20
-0.012811133,-0.014657986,0.7291203,0.58945173,0.72923285,-0.9326669,0.8233217,1.7559886574745178,0.024663365,1.7826587,-0.5033730437379199,-3984375.0,7.4195996e-06,1.0621345e-07,0.6207964283393258,0.010166825767382018,/content/drive/MyDrive/N-MON/ALTRO/spectograms/MULTITONE-NARROW-40-20/863.npy,MULTITONE-NARROW-40-20
-0.009448895,-0.014725399,0.74417096,0.6104315,0.74423087,-0.9990852,0.9637188,1.962803989648819,0.014535937,1.7062871,-0.5026073347068315,-4394531.25,7.948258e-06,1.09867486e-07,0.6167457760055356,0.011198673056681539,/content/drive/MyDrive/N-MON/ALTRO/spectograms/MULTITONE-NARROW-40-20/864.npy,MULTITONE-NARROW-40-20
-0.009100426,0.0008564515,0.7339324,0.59714174,0.7339888,-0.9542687,0.8467287,1.800997406244278,0.00966098,1.7563661,-0.49494669216998066,-3984375.0,8.233323e-06,1.0686417e-07,0.6240305952696519,0.009076638621655073,/content/drive/MyDrive/N-MON/ALTRO/spectograms/MULTITONE-NARROW-40-20/865.npy,MULTITONE-NARROW-40-20
0.007560273,0.008990718,0.7461104,0.60963327,0.74614865,-0.9987874,0.99309736,1.9918847680091858,-0.02849951,1.7140409,-0.5878265140315825,-4394531.25,7.696559e-06,1.1021275e-07,0.6153437580795307,0.010633385664550115,/content/drive/MyDrive/N-MON/ALTRO/spectograms/MULTITONE-NARROW-40-20/866.npy,MULTITONE-NARROW-40-20
0.0065192115,0.01612989,0.7323714,0.5947097,0.7324004,-0.94469357,0.9225037,1.8671972900629044,-0.034339953,1.7680132,-0.49944889488813626,-3984375.0,8.489074e-06,1.0743378e-07,0.6129351348476861,0.010159213100845867,/content/drive/MyDrive/N-MON/ALTRO/spectograms/MULTITONE-NARROW-40-20/867.npy,MULTITONE-NARROW-40-20
0.0125523135,0.016452383,0.7426751,0.60346764,0.74278116,-0.9991064,0.99278545,1.9918918907642365,-0.040185105,1.7372109,-0.6249357921298345,-4394531.25,7.6079555e-06,1.10156485e-07,0.6140933318330041,0.009036221102652387,/content/drive/MyDrive/N-MON/ALTRO/spectograms/MULTITONE-NARROW-40-20/868.npy,MULTITONE-NARROW-40-20
-0.0013373547,0.008457087,0.7341298,0.5966321,0.73413104,-0.96224236,0.93228215,1.8945244997739792,-0.015061962,1.7604357,-0.5223545928960426,-3984375.0,8.486075e-06,1.0684872e-07,0.608406770071886,0.009378471283708533,/content/drive/MyDrive/N-MON/ALTRO/spectograms/MULTITONE-NARROW-40-20/869.npy,MULTITONE-NARROW-40-20
0.009527151,0.01609072,0.7357575,0.59308267,0.73581916,-0.9680598,0.99261093,1.960670754313469,-0.029276906,1.7711774,-0.6170529515959747,-4394531.25,7.2561593e-06,1.0833225e-07,0.6103872923707194,0.009349192389132401,/content/drive/MyDrive/N-MON/ALTRO/spectograms/MULTITONE-NARROW-40-20/870.npy,MULTITONE-NARROW-40-20
0.0032483486,0.0087247845,0.73703724,0.60014063,0.73704433,-0.9834783,0.9930474,1.9765257090330124,-0.020169238,1.7514927,-0.5367484228611606,-3984375.0,8.439085e-06,1.0832747e-07,0.6104195228399333,0.009673795307119547,/content/drive/MyDrive/N-MON/ALTRO/spectograms/MULTITONE-NARROW-40-20/871.npy,MULTITONE-NARROW-40-20
-0.009865437,-0.007485819,0.7352538,0.5952089,0.73532,-0.9993488,0.95356107,1.9529098868370056,0.0108597865,1.7649027,-0.5688043969932722,-3984375.0,7.4596824e-06,1.0723185e-07,0.6154808106598941,0.0093485513349514,/content/drive/MyDrive/N-MON/ALTRO/spectograms/MULTITONE-NARROW-40-20/872.npy,MULTITONE-NARROW-40-20
-0.0046874816,-0.0068024714,0.7382822,0.6030632,0.73829705,-0.99893194,0.918914,1.917845979332924,-0.0035334162,1.7331555,-0.5053177658601379,-3984375.0,6.377529e-06,1.0856518e-07,0.6195885632947321,0.012536648908743458,/content/drive/MyDrive/N-MON/ALTRO/spectograms/MULTITONE-NARROW-40-20/873.npy,MULTITONE-NARROW-40-20
0.008884706,0.0167811,0.73255014,0.59144413,0.732604,-0.9071208,0.96984994,1.8769707828760147,-0.030150656,1.7755408,-0.5423175911056318,-3984375.0,7.727331e-06,1.067607e-07,0.6203130415228209,0.00893430216984018,/content/drive/MyDrive/N-MON/ALTRO/spectograms/MULTITONE-NARROW-40-20/874.npy,MULTITONE-NARROW-40-20
-0.0042689927,-0.006989352,0.7403143,0.60731554,0.7403266,-0.9933703,0.90302974,1.8963999897241592,-0.0030750642,1.7184817,-0.4679866708463233,-4394531.25,7.771027e-06,1.0870434e-07,0.613129148782294,0.011267557599850347,/content/drive/MyDrive/N-MON/ALTRO/spectograms/MULTITONE-NARROW-40-20/875.npy,MULTITONE-NARROW-40-20
0.0051923236,0.0161421,0.73029715,0.59162146,0.7303157,-0.87442863,0.9204847,1.7949133515357971,-0.024038693,1.7766337,-0.49864608969998436,-3984375.0,7.907484e-06,1.0744318e-07,0.618508746461335,0.01020413702877126,/content/drive/MyDrive/N-MON/ALTRO/spectograms/MULTITONE-NARROW-40-20/876.npy,MULTITONE-NARROW-40-20
0.003499053,-0.006881849,0.74478066,0.6096987,0.7447889,-0.9990619,0.99283963,1.99190154671669,-0.008599155,1.7166463,-0.57808898393224,-3984375.0,7.33495e-06,1.1002099e-07,0.6151435448873566,0.009611673283970393,/content/drive/MyDrive/N-MON/ALTRO/spectograms/MULTITONE-NARROW-40-20/877.npy,MULTITONE-NARROW-40-20
-0.0007851057,-0.0070084827,0.7347914,0.5960574,0.7347919,-0.95425326,0.9578942,1.9121474623680115,0.00048216237,1.7581403,-0.5283933329974088,-3984375.0,8.231619e-06,1.0692885e-07,0.6197447080566812,0.0107530766787811,/content/drive/MyDrive/N-MON/ALTRO/spectograms/MULTITONE-NARROW-40-20/878.npy,MULTITONE-NARROW-40-20
0.0034379913,0.008548519,0.7429195,0.60456556,0.74292755,-0.9991273,0.9927406,1.9918678998947144,-0.018433955,1.7337743,-0.5970500484376294,-4394531.25,7.230204e-06,1.10017425e-07,0.6195403794859479,0.010569527560746857,/content/drive/MyDrive/N-MON/ALTRO/spectograms/MULTITONE-NARROW-40-20/879.npy,MULTITONE-NARROW-40-20
0.0063177184,0.00868481,0.7307489,0.594784,0.7307762,-0.85071504,0.97741127,1.8281263262033463,-0.021237904,1.7696357,-0.4726237045023033,-3984375.0,8.662891e-06,1.06574724e-07,0.6109848977030183,0.010293583778843535,/content/drive/MyDrive/N-MON/ALTRO/spectograms/MULTITONE-NARROW-40-20/880.npy,MULTITONE-NARROW-40-20
0.0046431515,0.008345681,0.73780364,0.5972199,0.73781824,-0.9933504,0.9926755,1.9860258996486664,-0.014689179,1.7584007,-0.6070188199859602,-4394531.25,7.657051e-06,1.0935514e-07,0.6141559320930553,0.00980150419775985,/content/drive/MyDrive/N-MON/ALTRO/spectograms/MULTITONE-NARROW-40-20/881.npy,MULTITONE-NARROW-40-20
-0.007573983,-0.0071686856,0.73424536,0.5973506,0.73428446,-0.9621845,0.88545495,1.8476394563913345,0.0068123434,1.7547725,-0.49024377226793725,-3984375.0,8.177865e-06,1.0783323e-07,0.6054033226459086,0.010403257133842004,/content/drive/MyDrive/N-MON/ALTRO/spectograms/MULTITONE-NARROW-40-20/882.npy,MULTITONE-NARROW-40-20
-0.0043750773,0.00076502044,0.7358926,0.593832,0.73590565,-0.9989532,0.9870705,1.9860236793756485,0.004250437,1.7646222,-0.5909421465120676,-3984375.0,6.4943038e-06,1.0812664e-07,0.6263434934969692,0.021499766388722565,/content/drive/MyDrive/N-MON/ALTRO/spectograms/MULTITONE-NARROW-40-20/883.npy,MULTITONE-NARROW-40-20
0.006707774,0.01649344,0.74096787,0.6071145,0.7409982,-0.9053943,0.9560068,1.8614011406898499,-0.031614743,1.7183888,-0.47569267877072285,-3984375.0,7.4283425e-06,1.0945387e-07,0.6112344259000407,0.010867363227033567,/content/drive/MyDrive/N-MON/ALTRO/spectograms/MULTITONE-NARROW-40-20/884.npy,MULTITONE-NARROW-40-20
-0.006778738,-0.0068223737,0.73186815,0.5936669,0.73189956,-0.92089915,0.8798198,1.8007189482450485,0.0071539474,1.7680975,-0.4875720273696543,-3984375.0,7.878999e-06,1.06672225e-07,0.6214745295350925,0.008912349669336917,/content/drive/MyDrive/N-MON/ALTRO/spectograms/MULTITONE-NARROW-40-20/885.npy,MULTITONE-NARROW-40-20
-0.0076402426,-0.0071653603,0.7452797,0.6120128,0.7453189,-0.999251,0.9926301,1.9918811172246933,0.009846657,1.7087581,-0.5507140764652602,-4394531.25,7.848825e-06,1.10110435e-07,0.6137923560805776,0.010539554878701089,/content/drive/MyDrive/N-MON/ALTRO/spectograms/MULTITONE-NARROW-40-20/886.npy,MULTITONE-NARROW-40-20
-0.0070410017,-0.0073591387,0.73318374,0.5945525,0.7332175,-0.9468635,0.9106916,1.857555091381073,0.009008573,1.7634017,-0.5069939721930369,-3984375.0,7.932446e-06,1.0802661e-07,0.6384618066891247,0.028578927533261498,/content/drive/MyDrive/N-MON/ALTRO/spectograms/MULTITONE-NARROW-40-20/887.npy,MULTITONE-NARROW-40-20
-0.0029345178,0.0005150112,0.7419332,0.60393894,0.741939,-0.9992705,0.9926297,1.991900235414505,-0.00187011,1.7322775,-0.5869680168396744,-4394531.25,8.230526e-06,1.09240965e-07,0.6139519142694616,0.010022330953480084,/content/drive/MyDrive/N-MON/ALTRO/spectograms/MULTITONE-NARROW-40-20/888.npy,MULTITONE-NARROW-40-20
0.0039760354,0.008697102,0.73365057,0.5966605,0.73366135,-0.91513014,0.9715514,1.8866815567016602,-0.022246737,1.7602559,-0.5034334212863635,-3984375.0,8.938077e-06,1.0737065e-07,0.6180478325749398,0.010331930781383511,/content/drive/MyDrive/N-MON/ALTRO/spectograms/MULTITONE-NARROW-40-20/889.npy,MULTITONE-NARROW-40-20
0.0061832666,0.008855931,0.7404083,0.60190296,0.7404341,-0.998916,0.99289536,1.991811379790306,-0.019456854,1.7464058,-0.6041451424206984,-4394531.25,7.9298425e-06,1.0912707e-07,0.6165602683135826,0.010272333850961256,/content/drive/MyDrive/N-MON/ALTRO/spectograms/MULTITONE-NARROW-40-20/890.npy,MULTITONE-NARROW-40-20
0.004451808,0.0011244754,0.73576695,0.5965893,0.73578036,-0.95206547,0.9931973,1.9452628195285797,-0.02421814,1.7560298,-0.5356868541134326,-3984375.0,8.478043e-06,1.0713605e-07,0.6179423175408629,0.009222538945044852,/content/drive/MyDrive/N-MON/ALTRO/spectograms/MULTITONE-NARROW-40-20/891.npy,MULTITONE-NARROW-40-20
-0.0063300114,-0.0067939726,0.7379733,0.596288,0.73800045,-0.9988986,0.99292815,1.991826817393303,0.0028500133,1.7608346,-0.6368541532792414,-3984375.0,7.5596713e-06,1.0836625e-07,0.6180424416396963,0.01034301699602748,/content/drive/MyDrive/N-MON/ALTRO/spectograms/MULTITONE-NARROW-40-20/892.npy,MULTITONE-NARROW-40-20
-0.0061458256,0.004615079,0.7368395,0.6003715,0.73686516,-0.99916595,0.95975745,1.9589233845472336,0.003284652,1.7442032,-0.5222080544858639,-3984375.0,7.953434e-06,1.0798242e-07,0.6110397503231164,0.010294638793078532,/content/drive/MyDrive/N-MON/ALTRO/spectograms/MULTITONE-NARROW-40-20/893.npy,MULTITONE-NARROW-40-20
0.010452299,0.02387854,0.7305116,0.5913581,0.73058635,-0.86081594,0.90879804,1.7696139514446259,-0.040531673,1.7773999,-0.5006099764532285,-3984375.0,7.5758744e-06,1.0719284e-07,0.6154888232906689,0.00970239822732444,/content/drive/MyDrive/N-MON/ALTRO/spectograms/MULTITONE-NARROW-40-20/894.npy,MULTITONE-NARROW-40-20
-0.008053766,-0.00699841,0.7420657,0.6064703,0.7421094,-0.99902666,0.9069915,1.906018152832985,0.0070916065,1.7148819,-0.5009329166016699,-4394531.25,7.4503027e-06,1.09929516e-07,0.6105653996832927,0.010368908730998614,/content/drive/MyDrive/N-MON/ALTRO/spectograms/MULTITONE-NARROW-40-20/895.npy,MULTITONE-NARROW-40-20
0.007625002,0.016326804,0.7327265,0.5930921,0.7327662,-0.88394195,0.9538725,1.837814450263977,-0.02623091,1.7669258,-0.5045754024800565,-3984375.0,8.391758e-06,1.06928425e-07,0.6197425846257923,0.009024683105207645,/content/drive/MyDrive/N-MON/ALTRO/spectograms/MULTITONE-NARROW-40-20/896.npy,MULTITONE-NARROW-40-20
0.0071558245,0.0011829133,0.7393057,0.6018576,0.7393403,-0.97748756,0.99310696,1.9705945253372192,-0.020507175,1.7369505,-0.5443720658794612,-4394531.25,7.5479193e-06,1.0956225e-07,0.6102406713776076,0.009909444632238666,/content/drive/MyDrive/N-MON/ALTRO/spectograms/MULTITONE-NARROW-40-20/897.npy,MULTITONE-NARROW-40-20
0.005189166,0.016140563,0.7329632,0.5953398,0.7329816,-0.91546506,0.9693991,1.884864181280136,-0.02517232,1.7662671,-0.5151710572247225,-3984375.0,8.628586e-06,1.07617126e-07,0.614710658825272,0.009825574063824892,/content/drive/MyDrive/N-MON/ALTRO/spectograms/MULTITONE-NARROW-40-20/898.npy,MULTITONE-NARROW-40-20
0.011612154,0.008427339,0.74013114,0.60167575,0.7402222,-0.9993064,0.9925706,1.9918769598007202,-0.030366108,1.7441227,-0.5843718394754741,-4394531.25,8.076071e-06,1.0936458e-07,0.6124903715480432,0.010111703785880752,/content/drive/MyDrive/N-MON/ALTRO/spectograms/MULTITONE-NARROW-40-20/899.npy,MULTITONE-NARROW-40-20
0.0038635584,0.0085055195,0.7309292,0.5909105,0.7309394,-0.88209283,0.9069572,1.7890500277280807,-0.0231584,1.775371,-0.5028761939918677,-3984375.0,8.474273e-06,1.06103386e-07,0.6070838497531068,0.009905038468066292,/content/drive/MyDrive/N-MON/ALTRO/spectograms/MULTITONE-NARROW-40-20/900.npy,MULTITONE-NARROW-40-20
0.009593341,0.00092360715,0.7365385,0.5966486,0.73660105,-0.9444711,0.99279654,1.9372676312923431,-0.022518732,1.7622703,-0.5955024209775851,-4394531.25,7.819644e-06,1.0970642e-07,0.6118009743507964,0.009637376182989434,/content/drive/MyDrive/N-MON/ALTRO/spectograms/MULTITONE-NARROW-40-20/901.npy,MULTITONE-NARROW-40-20
0.011032093,0.024349675,0.7363718,0.5998328,0.7364545,-0.95222807,0.992942,1.9451700747013092,-0.045590155,1.7516642,-0.5090947268220366,-3984375.0,8.068736e-06,1.0843266e-07,0.6146767527014216,0.01160533873120758,/content/drive/MyDrive/N-MON/ALTRO/spectograms/MULTITONE-NARROW-40-20/902.npy,MULTITONE-NARROW-40-20
-0.0028885175,-0.0071393955,0.7375294,0.5970431,0.73753506,-0.9992065,0.9926538,1.991860270500183,-0.006095444,1.7608287,-0.6177616047988225,-4394531.25,7.2825956e-06,1.07514154e-07,0.618797261215199,0.010624042230390311,/content/drive/MyDrive/N-MON/ALTRO/spectograms/MULTITONE-NARROW-40-20/903.npy,MULTITONE-NARROW-40-20
-0.0028529335,0.008474916,0.73715895,0.60153514,0.7371645,-0.9366975,0.91481954,1.8515170365571976,-0.0025868178,1.7365907,-0.4862669676977617,-3984375.0,7.565185e-06,1.0942986e-07,0.6140088528501867,0.012003429164995822,/content/drive/MyDrive/N-MON/ALTRO/spectograms/MULTITONE-NARROW-40-20/904.npy,MULTITONE-NARROW-40-20
0.0021581363,0.008575524,0.7325556,0.5938569,0.73255885,-0.9308985,0.901225,1.8321234583854675,-0.019907642,1.7679596,-0.5064951824174778,-3984375.0,7.977887e-06,1.0662715e-07,0.6260962005228508,0.009879769807902611,/content/drive/MyDrive/N-MON/ALTRO/spectograms/MULTITONE-NARROW-40-20/905.npy,MULTITONE-NARROW-40-20
0.013158796,0.02410779,0.7409404,0.6057561,0.7410572,-0.8996434,0.9927603,1.8924037516117096,-0.035714354,1.7247419,-0.5143272920538645,-3984375.0,7.144405e-06,1.0949735e-07,0.6150911674553761,0.01029825074642267,/content/drive/MyDrive/N-MON/ALTRO/spectograms/MULTITONE-NARROW-40-20/906.npy,MULTITONE-NARROW-40-20
0.00039252712,-0.006893353,0.7302608,0.591368,0.7302609,-0.8624731,0.8914557,1.7539287507534027,-0.008901703,1.7739986,-0.4793226868458148,-3984375.0,8.5066895e-06,1.0712252e-07,0.6220031889337027,0.008735673094057221,/content/drive/MyDrive/N-MON/ALTRO/spectograms/MULTITONE-NARROW-40-20/907.npy,MULTITONE-NARROW-40-20
-0.006607851,-0.0031387613,0.7414105,0.6041493,0.74143994,-0.99907476,0.9928053,1.9918800741434097,-9.249489e-05,1.7318732,-0.5613541961179643,-4394531.25,7.759288e-06,1.0985027e-07,0.6163447573218256,0.009940347734354973,/content/drive/MyDrive/N-MON/ALTRO/spectograms/MULTITONE-NARROW-40-20/908.npy,MULTITONE-NARROW-40-20
-0.0039797327,0.0007720384,0.73220813,0.59343207,0.732219,-0.94851524,0.8992169,1.847732126712799,0.0009390176,1.7680414,-0.5072151655610321,-3984375.0,8.315896e-06,1.0694366e-07,0.6078464413576601,0.009933600671492663,/content/drive/MyDrive/N-MON/ALTRO/spectograms/MULTITONE-NARROW-40-20/909.npy,MULTITONE-NARROW-40-20
0.009486242,0.016236782,0.743433,0.60469353,0.7434935,-0.9991101,0.9927521,1.9918621927499771,-0.031871323,1.7329432,-0.6146819890449643,-3984375.0,6.899426e-06,1.09206375e-07,0.651555716749463,0.014637618442212319,/content/drive/MyDrive/N-MON/ALTRO/spectograms/MULTITONE-NARROW-40-20/910.npy,MULTITONE-NARROW-40-20
0.00453143,0.0010460606,0.77578795,0.65416884,0.7758012,-0.99893606,0.9930875,1.992023527622223,-0.016421888,1.5838007,-0.6307700702756965,-3984375.0,8.4807e-06,1.0636073e-07,0.6259934778444641,0.036970924159110845,/content/drive/MyDrive/N-MON/ALTRO/spectograms/MULTITONE-NARROW-40-20/911.npy,MULTITONE-NARROW-40-20
0.0140736,0.024141468,0.73519784,0.5943806,0.73533255,-0.90761757,0.9926909,1.9003085494041443,-0.042385034,1.7687845,-0.5834426683426549,-3984375.0,7.3660945e-06,1.0881962e-07,0.6134588961714897,0.00932673687531447,/content/drive/MyDrive/N-MON/ALTRO/spectograms/MULTITONE-NARROW-40-20/912.npy,MULTITONE-NARROW-40-20
0.0034959784,0.008818407,0.7387963,0.6045456,0.7388045,-0.946336,0.9560314,1.902367353439331,-0.019523822,1.72852,-0.48727016143049096,-3984375.0,7.78434e-06,1.08911756e-07,0.6105322871289134,0.010841435176372002,/content/drive/MyDrive/N-MON/ALTRO/spectograms/MULTITONE-NARROW-40-20/913.npy,MULTITONE-NARROW-40-20
0.011133293,0.024102835,0.72985417,0.5896292,0.7299391,-0.84302104,0.94207996,1.7851009964942932,-0.041271295,1.7838941,-0.5230609566689753,-3984375.0,7.635059e-06,1.064289e-07,0.6193494066062621,0.009423861943808155,/content/drive/MyDrive/N-MON/ALTRO/spectograms/MULTITONE-NARROW-40-20/914.npy,MULTITONE-NARROW-40-20
0.006460267,0.008592896,0.74356896,0.6084025,0.743597,-0.9933901,0.992712,1.9861021041870117,-0.024628349,1.7125704,-0.517393479071509,-4394531.25,7.4711024e-06,1.09591e-07,0.6152836453922179,0.011116452365233844,/content/drive/MyDrive/N-MON/ALTRO/spectograms/MULTITONE-NARROW-40-20/915.npy,MULTITONE-NARROW-40-20
0.012677362,0.024364777,0.73175323,0.5927011,0.731863,-0.8350023,0.96388924,1.7988915294408798,-0.041519105,1.7734281,-0.5184566098548898,-3984375.0,7.837275e-06,1.0713652e-07,0.6210911106331817,0.010080439269012451,/content/drive/MyDrive/N-MON/ALTRO/spectograms/MULTITONE-NARROW-40-20/916.npy,MULTITONE-NARROW-40-20
0.0058575855,0.008735174,0.7417067,0.6043087,0.7417299,-0.9989678,0.9928982,1.9918660819530487,-0.025869489,1.7325722,-0.5741800459775402,-4394531.25,7.799425e-06,1.0937427e-07,0.6163041301797131,0.010881907292069509,/content/drive/MyDrive/N-MON/ALTRO/spectograms/MULTITONE-NARROW-40-20/917.npy,MULTITONE-NARROW-40-20
-0.0022006773,0.008772926,0.7343577,0.5949453,0.734361,-0.97568274,0.9092135,1.8848962038755417,-0.012495463,1.7596209,-0.5203235091308241,-3984375.0,8.445692e-06,1.07691655e-07,0.6131280057447364,0.010133867942112655,/content/drive/MyDrive/N-MON/ALTRO/spectograms/MULTITONE-NARROW-40-20/918.npy,MULTITONE-NARROW-40-20
0.011243017,0.016473558,0.73602396,0.59576017,0.7361099,-0.96185994,0.9929595,1.9548194855451584,-0.033975422,1.763844,-0.5805502928249037,-4394531.25,7.678128e-06,1.0894721e-07,0.6138266001281423,0.010267928317613514,/content/drive/MyDrive/N-MON/ALTRO/spectograms/MULTITONE-NARROW-40-20/919.npy,MULTITONE-NARROW-40-20
-0.0003665061,0.0008496458,0.7338348,0.5958478,0.7338349,-0.91511834,0.98140436,1.8965226858854294,0.0009372152,1.7647021,-0.5287552843221422,-3984375.0,8.579049e-06,1.0709138e-07,0.6124012506829024,0.010043248033143876,/content/drive/MyDrive/N-MON/ALTRO/spectograms/MULTITONE-NARROW-40-20/920.npy,MULTITONE-NARROW-40-20
-0.011635777,0.0011298943,0.73825026,0.60000235,0.738342,-0.99882585,0.9929908,1.9918166548013687,0.011181336,1.7548637,-0.5924055356325307,-3984375.0,7.4348477e-06,1.0907723e-07,0.6165680729113505,0.010705851478007775,/content/drive/MyDrive/N-MON/ALTRO/spectograms/MULTITONE-NARROW-40-20/921.npy,MULTITONE-NARROW-40-20
-0.0013701353,0.008620888,0.7358054,0.6000756,0.7358067,-0.9580797,0.9070714,1.86515112221241,-0.012262827,1.7440801,-0.47980149961601104,-3984375.0,7.947555e-06,1.0802811e-07,0.6084548284445713,0.010927357668542729,/content/drive/MyDrive/N-MON/ALTRO/spectograms/MULTITONE-NARROW-40-20/922.npy,MULTITONE-NARROW-40-20
0.008120045,0.008568566,0.73479486,0.59461355,0.7348398,-0.96015286,0.99268645,1.952839344739914,-0.03454466,1.7656399,-0.5643441873068032,-3984375.0,7.981149e-06,1.0784407e-07,0.6205810245589105,0.009227909475474104,/content/drive/MyDrive/N-MON/ALTRO/spectograms/MULTITONE-NARROW-40-20/923.npy,MULTITONE-NARROW-40-20
0.008912561,0.016190473,0.7447079,0.6110835,0.7447612,-0.94670415,0.9926702,1.9393742680549622,-0.03182209,1.7046494,-0.5054707782110085,-4394531.25,7.338684e-06,1.1022975e-07,0.6145917746631584,0.010025223091902492,/content/drive/MyDrive/N-MON/ALTRO/spectograms/MULTITONE-NARROW-40-20/924.npy,MULTITONE-NARROW-40-20
-0.0036348223,-0.002956995,0.73198235,0.5922437,0.7319914,-0.9463471,0.866233,1.8125801086425781,-0.0062643737,1.7721822,-0.5214342048300181,-3984375.0,8.194069e-06,1.06150644e-07,0.6195918137308666,0.009205472800124374,/content/drive/MyDrive/N-MON/ALTRO/spectograms/MULTITONE-NARROW-40-20/925.npy,MULTITONE-NARROW-40-20
0.008461602,0.008602053,0.7405928,0.6033425,0.740641,-0.9777854,0.9927207,1.9705061316490173,-0.032422412,1.7347919,-0.5662487200020091,-4394531.25,7.833845e-06,1.10231554e-07,0.610989843565465,0.010277536604678283,/content/drive/MyDrive/N-MON/ALTRO/spectograms/MULTITONE-NARROW-40-20/926.npy,MULTITONE-NARROW-40-20
0.0077657965,0.01635843,0.7317913,0.59345824,0.7318325,-0.9133652,0.91477716,1.8281423598527908,-0.035104997,1.76949,-0.4929734447233233,-3984375.0,8.597032e-06,1.0717939e-07,0.6128651650089045,0.009026362463430608,/content/drive/MyDrive/N-MON/ALTRO/spectograms/MULTITONE-NARROW-40-20/927.npy,MULTITONE-NARROW-40-20
-0.007231121,0.0010668379,0.7364017,0.5978511,0.7364372,-0.99883795,0.9306873,1.9295252412557602,-0.0016757782,1.7564539,-0.5471667426352448,-4394531.25,7.536557e-06,1.0963497e-07,0.6104653093846588,0.009268639334253025,/content/drive/MyDrive/N-MON/ALTRO/spectograms/MULTITONE-NARROW-40-20/928.npy,MULTITONE-NARROW-40-20
-0.00636271,-0.0067287064,0.7326549,0.5944,0.7326825,-0.93847764,0.90534896,1.8438265919685364,0.0106718745,1.7646953,-0.5020067537822755,-3984375.0,8.596019e-06,1.07822125e-07,0.6079648775285711,0.011375188299554386,/content/drive/MyDrive/N-MON/ALTRO/spectograms/MULTITONE-NARROW-40-20/929.npy,MULTITONE-NARROW-40-20
-0.008261628,-0.0068135294,0.7388851,0.59778637,0.7389313,-0.9989197,0.97151107,1.9704308211803436,0.0046778563,1.7527847,-0.6086097045883624,-3984375.0,7.316655e-06,1.07716794e-07,0.6185042863317785,0.010645475986867206,/content/drive/MyDrive/N-MON/ALTRO/spectograms/MULTITONE-NARROW-40-20/930.npy,MULTITONE-NARROW-40-20
-0.008246085,-0.006741764,0.73865384,0.60306346,0.73869985,-0.99878037,0.9463884,1.9451688081026077,0.014348355,1.7339306,-0.49813115727465906,-3984375.0,7.933453e-06,1.0872242e-07,0.6110221573933798,0.01106180708783514,/content/drive/MyDrive/N-MON/ALTRO/spectograms/MULTITONE-NARROW-40-20/931.npy,MULTITONE-NARROW-40-20
0.006427022,0.00858931,0.7335288,0.59498435,0.7335569,-0.93863827,0.97356284,1.9122011065483093,-0.024927778,1.767665,-0.5300327514753197,-3984375.0,8.195124e-06,1.0784407e-07,0.622492649338501,0.009460823021643933,/content/drive/MyDrive/N-MON/ALTRO/spectograms/MULTITONE-NARROW-40-20/932.npy,MULTITONE-NARROW-40-20
0.0006690402,0.008334668,0.739251,0.6052649,0.7392514,-0.91356575,0.91654783,1.8301135897636414,-0.013596707,1.7229404,-0.463829925619872,-4394531.25,7.3743645e-06,1.0945914e-07,0.6134173781607939,0.01113455819679947,/content/drive/MyDrive/N-MON/ALTRO/spectograms/MULTITONE-NARROW-40-20/933.npy,MULTITONE-NARROW-40-20
0.0084411865,0.016111024,0.73076236,0.5912465,0.7308111,-0.8491663,0.9477627,1.796929031610489,-0.030135093,1.7775753,-0.5106283622549138,-3984375.0,7.6242495e-06,1.07023624e-07,0.618650300077243,0.010085296006434184,/content/drive/MyDrive/N-MON/ALTRO/spectograms/MULTITONE-NARROW-40-20/934.npy,MULTITONE-NARROW-40-20
0.0127491485,0.0045207473,0.7387323,0.6026581,0.73884225,-0.9407654,0.99261737,1.9333827495574951,-0.033173878,1.7419193,-0.5398536617945783,-4394531.25,8.161871e-06,1.09554804e-07,0.6149026499964589,0.010930226891673327,/content/drive/MyDrive/N-MON/ALTRO/spectograms/MULTITONE-NARROW-40-20/935.npy,MULTITONE-NARROW-40-20
0.0035610062,0.008373242,0.7324386,0.59424096,0.7324473,-0.8899766,0.9869752,1.876951813697815,-0.01561285,1.7677615,-0.5068938260366603,-3984375.0,8.660582e-06,1.06123416e-07,0.6191079826738615,0.009868371582073435,/content/drive/MyDrive/N-MON/ALTRO/spectograms/MULTITONE-NARROW-40-20/936.npy,MULTITONE-NARROW-40-20
-0.0023408022,0.00041166617,0.7397836,0.6016128,0.7397873,-0.999373,0.99249804,1.9918710887432098,0.00030399812,1.7489718,-0.6042478707779183,-3984375.0,7.428618e-06,1.0928681e-07,0.6107635304832553,0.009260439787104625,/content/drive/MyDrive/N-MON/ALTRO/spectograms/MULTITONE-NARROW-40-20/937.npy,MULTITONE-NARROW-40-20
-0.008443962,-0.015099404,0.73416686,0.59683365,0.73421544,-0.9448423,0.930169,1.8750112354755402,0.011615056,1.7588717,-0.5075563627193233,-3984375.0,8.656824e-06,1.0714285e-07,0.6083175781497551,0.010365749236603461,/content/drive/MyDrive/N-MON/ALTRO/spectograms/MULTITONE-NARROW-40-20/938.npy,MULTITONE-NARROW-40-20
-0.013746676,-0.006949528,0.73721355,0.5970483,0.7373417,-0.9988049,0.9930297,1.991834670305252,0.02224455,1.7633926,-0.6144899636479472,-4394531.25,7.2213243e-06,1.0836173e-07,0.6135351265181308,0.009295744493029378,/content/drive/MyDrive/N-MON/ALTRO/spectograms/MULTITONE-NARROW-40-20/939.npy,MULTITONE-NARROW-40-20
-0.004460668,-0.00694732,0.73615676,0.5985966,0.7361703,-0.9230625,0.96181846,1.8848809748888016,0.009905989,1.7496867,-0.5119782909818406,-3984375.0,8.052044e-06,1.0858494e-07,0.6088199295870884,0.01016370754567366,/content/drive/MyDrive/N-MON/ALTRO/spectograms/MULTITONE-NARROW-40-20/940.npy,MULTITONE-NARROW-40-20
-0.010382134,-0.007125117,0.73159176,0.59096867,0.7316654,-0.9758986,0.8659787,1.8418773114681244,0.011700676,1.777597,-0.5384617709367446,-3984375.0,7.856671e-06,1.0817843e-07,0.6179878272679593,0.009145233471168458,/content/drive/MyDrive/N-MON/ALTRO/spectograms/MULTITONE-NARROW-40-20/941.npy,MULTITONE-NARROW-40-20
-0.010278853,-0.007125763,0.7396541,0.6055149,0.73972553,-0.9210986,0.8835251,1.8046236783266068,0.01788472,1.7203883,-0.4743996689295261,-4394531.25,7.3759966e-06,1.0845069e-07,0.6127828026567864,0.01003088327137703,/content/drive/MyDrive/N-MON/ALTRO/spectograms/MULTITONE-NARROW-40-20/942.npy,MULTITONE-NARROW-40-20
0.011135817,0.016666204,0.7299179,0.5894581,0.73000276,-0.87008786,0.92283666,1.7929245382547379,-0.044502687,1.7833515,-0.5206805200695924,-3984375.0,8.144588e-06,1.0728879e-07,0.6191251105811815,0.0085003145383856,/content/drive/MyDrive/N-MON/ALTRO/spectograms/MULTITONE-NARROW-40-20/943.npy,MULTITONE-NARROW-40-20
0.005880778,0.000906421,0.73924327,0.60397,0.7392666,-0.9989795,0.99292433,1.9919038712978363,-0.019045332,1.737089,-0.5365994452715573,-4394531.25,7.84256e-06,1.1002889e-07,0.6141662891562786,0.009465043525138378,/content/drive/MyDrive/N-MON/ALTRO/spectograms/MULTITONE-NARROW-40-20/944.npy,MULTITONE-NARROW-40-20
-0.008233121,-0.0148059465,0.7319221,0.5921431,0.7319684,-0.93683624,0.9166924,1.8535286486148834,0.012040922,1.7709175,-0.523591291412192,-3984375.0,8.157801e-06,1.0721345e-07,0.6134833056811471,0.00978275157053194,/content/drive/MyDrive/N-MON/ALTRO/spectograms/MULTITONE-NARROW-40-20/945.npy,MULTITONE-NARROW-40-20
0.012511525,0.023959732,0.74401945,0.60462976,0.7441246,-0.99918175,0.99269736,1.9918791353702545,-0.041061535,1.7354714,-0.65683233724039,-4394531.25,6.7717847e-06,1.1012202e-07,0.6452238132869315,0.02483278367505368,/content/drive/MyDrive/N-MON/ALTRO/spectograms/MULTITONE-NARROW-40-20/946.npy,MULTITONE-NARROW-40-20
-0.0038358765,0.00862837,0.73394734,0.59554803,0.73395735,-0.9795238,0.885638,1.8651618361473083,-0.0073491465,1.7613169,-0.5087324752240222,-3984375.0,8.392588e-06,1.0675544e-07,0.6136900295216822,0.010000588863883749,/content/drive/MyDrive/N-MON/ALTRO/spectograms/MULTITONE-NARROW-40-20/947.npy,MULTITONE-NARROW-40-20
-0.0129876565,-0.00661551,0.7392934,0.5992455,0.7394074,-0.9986954,0.9931122,1.991807609796524,0.0177776,1.7529222,-0.623008227409776,-3984375.0,7.076767e-06,1.0910436e-07,0.6180903809051084,0.00987222112273042,/content/drive/MyDrive/N-MON/ALTRO/spectograms/MULTITONE-NARROW-40-20/948.npy,MULTITONE-NARROW-40-20
0.0038441722,0.016171444,0.7333398,0.59628373,0.7333498,-0.8920511,0.94786835,1.8399194329977036,-0.024058795,1.7596412,-0.486599513684297,-3984375.0,8.140764e-06,1.07884524e-07,0.6054346106131786,0.010570091893932999,/content/drive/MyDrive/N-MON/ALTRO/spectograms/MULTITONE-NARROW-40-20/949.npy,MULTITONE-NARROW-40-20
-0.008418796,0.0006930468,0.73219,0.5935474,0.7322384,-0.9835984,0.8756087,1.859207108616829,0.0021296467,1.7707796,-0.5184678831687962,-3984375.0,7.6692195e-06,1.0696294e-07,0.6277901995158799,0.01049597588984713,/content/drive/MyDrive/N-MON/ALTRO/spectograms/MULTITONE-NARROW-40-20/950.npy,MULTITONE-NARROW-40-20
0.010175091,0.008975137,0.7418106,0.6084812,0.7418804,-0.93251765,0.98548985,1.9180074334144592,-0.037749376,1.715204,-0.48149997073501016,-3984375.0,7.3830083e-06,1.09740455e-07,0.6150982342396838,0.009786111850315441,/content/drive/MyDrive/N-MON/ALTRO/spectograms/MULTITONE-NARROW-40-20/951.npy,MULTITONE-NARROW-40-20
0.012326046,0.03188887,0.731715,0.5921619,0.73181885,-0.8820121,0.9382235,1.8202356398105621,-0.05009391,1.7718157,-0.49967446301876717,-3984375.0,8.1540165e-06,1.0685159e-07,0.6202224438412417,0.00988367233597152,/content/drive/MyDrive/N-MON/ALTRO/spectograms/MULTITONE-NARROW-40-20/952.npy,MULTITONE-NARROW-40-20
0.003968827,-0.006678333,0.7410107,0.6067894,0.7410214,-0.9988248,0.9930756,1.9919004291296005,-0.012349331,1.7299353,-0.5417936597416669,-4394531.25,7.7582945e-06,1.0943866e-07,0.6133678129721978,0.009975684326916614,/content/drive/MyDrive/N-MON/ALTRO/spectograms/MULTITONE-NARROW-40-20/953.npy,MULTITONE-NARROW-40-20
0.0060927314,0.01641706,0.73923844,0.613261,0.7392636,-0.86832726,0.9559957,1.8243229538202286,-0.024561746,1.7111548,-0.3974459701894145,-3984375.0,8.376712e-06,1.08358215e-07,0.6175908299289479,0.012287105083332667,/content/drive/MyDrive/N-MON/ALTRO/spectograms/MULTITONE-NARROW-40-20/954.npy,MULTITONE-NARROW-40-20
0.0040913783,0.008475629,0.7395076,0.60004526,0.7395189,-0.9990147,0.9928463,1.9918610155582428,-0.019410988,1.7507561,-0.6069950939190721,-3984375.0,7.4394457e-06,1.0914448e-07,0.6107938291243927,0.008785540793492724,/content/drive/MyDrive/N-MON/ALTRO/spectograms/MULTITONE-NARROW-40-20/955.npy,MULTITONE-NARROW-40-20
-0.004789146,-0.006772764,0.73620373,0.59844655,0.73621935,-0.95988435,0.9776342,1.9375185519456863,0.009780378,1.7532929,-0.5306972701520848,-3984375.0,8.07056e-06,1.0793198e-07,0.6295669671816488,0.026473786419622985,/content/drive/MyDrive/N-MON/ALTRO/spectograms/MULTITONE-NARROW-40-20/956.npy,MULTITONE-NARROW-40-20
0.008532206,0.016424455,0.7402801,0.60018617,0.74032927,-0.9989641,0.99288523,1.9918493628501892,-0.030802593,1.7508903,-0.6243728139102444,-3984375.0,7.439945e-06,1.0858619e-07,0.6187302712373088,0.009490653543166479,/content/drive/MyDrive/N-MON/ALTRO/spectograms/MULTITONE-NARROW-40-20/957.npy,MULTITONE-NARROW-40-20
0.010293494,0.024409324,0.73991823,0.60535955,0.7399898,-0.954247,0.97947395,1.933720901608467,-0.04731303,1.7303268,-0.5055537829418536,-3984375.0,7.6227707e-06,1.085772e-07,0.6154527851568008,0.011677713415073582,/content/drive/MyDrive/N-MON/ALTRO/spectograms/MULTITONE-NARROW-40-20/958.npy,MULTITONE-NARROW-40-20
-0.011323603,-0.014756957,0.7301433,0.58953893,0.73023117,-0.92105037,0.86221606,1.7832664251327515,0.02354759,1.7794183,-0.507931202289953,-3984375.0,7.667785e-06,1.0673908e-07,0.6214806719465644,0.009503376638640313,/content/drive/MyDrive/N-MON/ALTRO/spectograms/MULTITONE-NARROW-40-20/959.npy,MULTITONE-NARROW-40-20
0.010072873,0.016623415,0.7450465,0.61106175,0.74511456,-0.99896055,0.99294055,1.9919010996818542,-0.040960863,1.7078806,-0.5254070246600887,-4394531.25,7.733314e-06,1.1033632e-07,0.6184069850652991,0.009812848219742308,/content/drive/MyDrive/N-MON/ALTRO/spectograms/MULTITONE-NARROW-40-20/960.npy,MULTITONE-NARROW-40-20
-0.001184834,-0.00664044,0.7314083,0.59164065,0.7314093,-0.9520327,0.93468887,1.8867215812206268,-0.005924279,1.7757617,-0.5302378426084139,-3984375.0,8.151063e-06,1.0575921e-07,0.6429526941963113,0.02675647263908094,/content/drive/MyDrive/N-MON/ALTRO/spectograms/MULTITONE-NARROW-40-20/961.npy,MULTITONE-NARROW-40-20
0.00786412,0.00855461,0.74310297,0.6066391,0.74314463,-0.99919724,0.9926746,1.9918718785047531,-0.03060611,1.7307442,-0.5985489171601898,-4394531.25,7.5052044e-06,1.0997943e-07,0.6163469735925726,0.011247045256612775,/content/drive/MyDrive/N-MON/ALTRO/spectograms/MULTITONE-NARROW-40-20/962.npy,MULTITONE-NARROW-40-20
0.0019899884,0.0044306144,0.7318129,0.5937346,0.7318156,-0.90574944,0.9615051,1.8672545552253723,-0.015044174,1.770015,-0.5108941503290635,-3984375.0,8.635101e-06,1.0690278e-07,0.612159712157499,0.010311885248671148,/content/drive/MyDrive/N-MON/ALTRO/spectograms/MULTITONE-NARROW-40-20/963.npy,MULTITONE-NARROW-40-20
0.0106247505,0.008687559,0.73641133,0.5978135,0.736488,-0.9404913,0.9929771,1.9334683865308762,-0.02873921,1.7579455,-0.5669281818859481,-4394531.25,6.996138e-06,1.0881577e-07,0.6391050787102519,0.025556919985300464,/content/drive/MyDrive/N-MON/ALTRO/spectograms/MULTITONE-NARROW-40-20/964.npy,MULTITONE-NARROW-40-20
-0.0033749822,0.00093396375,0.73574126,0.60074526,0.73574895,-0.9540825,0.94826347,1.9023459702730179,0.0013685796,1.7461909,-0.4925887545430171,-3984375.0,8.187991e-06,1.084938e-07,0.6121155578786273,0.01062127037264868,/content/drive/MyDrive/N-MON/ALTRO/spectograms/MULTITONE-NARROW-40-20/965.npy,MULTITONE-NARROW-40-20
0.00637959,0.016761722,0.733077,0.5931123,0.73310477,-0.92255074,0.9796216,1.9021723419427872,-0.028464895,1.7718712,-0.5463543691133222,-3984375.0,7.794412e-06,1.0758103e-07,0.6172952006117861,0.00938937879635476,/content/drive/MyDrive/N-MON/ALTRO/spectograms/MULTITONE-NARROW-40-20/966.npy,MULTITONE-NARROW-40-20
0.004791272,0.0090111885,0.74173915,0.60766244,0.74175465,-0.9480838,0.96387136,1.9119551926851273,-0.024130924,1.7154247,-0.4874966901860144,-4394531.25,7.2362213e-06,1.0909284e-07,0.6102535270391574,0.011337776668836745,/content/drive/MyDrive/N-MON/ALTRO/spectograms/MULTITONE-NARROW-40-20/967.npy,MULTITONE-NARROW-40-20
-0.0011404591,0.0011952305,0.73318094,0.5938893,0.7331818,-0.9519656,0.9465096,1.8984751999378204,-0.007970644,1.7678435,-0.5189234897438545,-3984375.0,8.100388e-06,1.0725471e-07,0.6179600800983036,0.009968305513878959,/content/drive/MyDrive/N-MON/ALTRO/spectograms/MULTITONE-NARROW-40-20/968.npy,MULTITONE-NARROW-40-20
0.008993723,0.008935297,0.7391672,0.5997301,0.739222,-0.97547066,0.99313474,1.9686053842306137,-0.026972242,1.7453583,-0.58366279377025,-4394531.25,7.7854365e-06,1.09952296e-07,0.6137885518826882,0.009882680424702122,/content/drive/MyDrive/N-MON/ALTRO/spectograms/MULTITONE-NARROW-40-20/969.npy,MULTITONE-NARROW-40-20
-0.0064805495,-0.006781916,0.7320368,0.5922185,0.7320655,-0.9364474,0.93471754,1.871164932847023,0.0115222875,1.771124,-0.5272990406578552,-3984375.0,7.830989e-06,1.0740197e-07,0.6422460764581237,0.019660413095303395,/content/drive/MyDrive/N-MON/ALTRO/spectograms/MULTITONE-NARROW-40-20/970.npy,MULTITONE-NARROW-40-20
0.0046334513,0.016260779,0.7406263,0.60173273,0.74064076,-0.9991416,0.9927253,1.9918669015169144,-0.0270693,1.7451831,-0.6113990215160411,-4394531.25,7.899859e-06,1.0968821e-07,0.613403994743643,0.008839019490742017,/content/drive/MyDrive/N-MON/ALTRO/spectograms/MULTITONE-NARROW-40-20/971.npy,MULTITONE-NARROW-40-20
0.00020402527,0.008907445,0.73185074,0.5947301,0.7318508,-0.9285586,0.9054709,1.8340295255184174,-0.015587741,1.7674603,-0.48653434957516073,-3984375.0,8.449231e-06,1.0703865e-07,0.6064527272473181,0.010050146635233225,/content/drive/MyDrive/N-MON/ALTRO/spectograms/MULTITONE-NARROW-40-20/972.npy,MULTITONE-NARROW-40-20
0.0010010004,0.008409668,0.735157,0.59449923,0.73515767,-0.92125076,0.9927268,1.913977563381195,-0.007895019,1.7635586,-0.55601148878303,-3984375.0,7.344123e-06,1.07641526e-07,0.6171526732588657,0.009896369707237236,/content/drive/MyDrive/N-MON/ALTRO/spectograms/MULTITONE-NARROW-40-20/973.npy,MULTITONE-NARROW-40-20
0.0073509626,0.016593106,0.737799,0.6028005,0.7378356,-0.92083275,0.9170562,1.8378889858722687,-0.036682732,1.7307268,-0.47377277964019016,-3984375.0,7.897572e-06,1.0888114e-07,0.6126574039897423,0.010007390868057688,/content/drive/MyDrive/N-MON/ALTRO/spectograms/MULTITONE-NARROW-40-20/974.npy,MULTITONE-NARROW-40-20
0.010165798,0.016186953,0.7283986,0.5918523,0.7284696,-0.81377214,0.87374747,1.68751959502697,-0.03839675,1.7787514,-0.4446581928947976,-3984375.0,7.940146e-06,1.0629381e-07,0.6339942442871744,0.018228063025851032,/content/drive/MyDrive/N-MON/ALTRO/spectograms/MULTITONE-NARROW-40-20/975.npy,MULTITONE-NARROW-40-20
0.0009464755,-0.0069517298,0.74483734,0.6100254,0.74483794,-0.9988963,0.9929829,1.991879254579544,-0.0040668636,1.7098298,-0.5473177721181318,-4394531.25,7.4418513e-06,1.1102023e-07,0.6188944845230087,0.010308935320397877,/content/drive/MyDrive/N-MON/ALTRO/spectograms/MULTITONE-NARROW-40-20/976.npy,MULTITONE-NARROW-40-20
-0.011179521,-0.007166969,0.7309028,0.5922543,0.7309883,-0.9446461,0.83074296,1.7753891050815582,0.01926427,1.7719939,-0.48823421021282354,-3984375.0,8.751194e-06,1.07434005e-07,0.6173635769561616,0.009496878232836022,/content/drive/MyDrive/N-MON/ALTRO/spectograms/MULTITONE-NARROW-40-20/977.npy,MULTITONE-NARROW-40-20
-0.008373835,0.00044752576,0.73934513,0.60105145,0.7393926,-0.999421,0.99242127,1.9918422549962997,0.00088430214,1.7465261,-0.5860773162011689,-4394531.25,7.784805e-06,1.09131435e-07,0.6125035776796933,0.010656090393730257,/content/drive/MyDrive/N-MON/ALTRO/spectograms/MULTITONE-NARROW-40-20/978.npy,MULTITONE-NARROW-40-20
0.0022018475,0.0010798434,0.731319,0.59169775,0.73132235,-0.9560518,0.90926594,1.865317776799202,-0.026819592,1.7760079,-0.5280568281970731,-3984375.0,8.115481e-06,1.0706033e-07,0.6185981543062898,0.018234461088016834,/content/drive/MyDrive/N-MON/ALTRO/spectograms/MULTITONE-NARROW-40-20/979.npy,MULTITONE-NARROW-40-20
-0.00075813866,0.0012165945,0.7377657,0.5979673,0.7377661,-0.9987391,0.9931069,1.9918460249900818,-0.010382835,1.7589685,-0.6066743284501702,-3984375.0,7.700884e-06,1.08122194e-07,0.6119471845562183,0.00919885633003158,/content/drive/MyDrive/N-MON/ALTRO/spectograms/MULTITONE-NARROW-40-20/980.npy,MULTITONE-NARROW-40-20
-0.003346753,0.0009886487,0.7338144,0.5992079,0.73382205,-0.93854374,0.8935569,1.8321006298065186,-0.0005727905,1.7519299,-0.47074823893072726,-3984375.0,7.903655e-06,1.0802185e-07,0.6067567999583503,0.010720051979233204,/content/drive/MyDrive/N-MON/ALTRO/spectograms/MULTITONE-NARROW-40-20/981.npy,MULTITONE-NARROW-40-20
-0.002702818,-0.0063152453,0.7324767,0.5930072,0.73248166,-0.9595794,0.94092155,1.9005009531974792,-9.886312e-05,1.7723042,-0.529565425732269,-3984375.0,7.756708e-06,1.0741243e-07,0.6183144834064582,0.009663512246358445,/content/drive/MyDrive/N-MON/ALTRO/spectograms/MULTITONE-NARROW-40-20/982.npy,MULTITONE-NARROW-40-20
-0.0022265362,0.0008625964,0.739004,0.605163,0.7390074,-0.9717506,0.8778627,1.8496133387088776,-0.008894048,1.7261925,-0.46995557606724614,-3984375.0,7.4395857e-06,1.0848929e-07,0.6128878147396442,0.010461724665216431,/content/drive/MyDrive/N-MON/ALTRO/spectograms/MULTITONE-NARROW-40-20/983.npy,MULTITONE-NARROW-40-20
-0.01038312,-0.0147251515,0.73198336,0.5935153,0.73205703,-0.9833687,0.92467654,1.9080452471971512,0.017152743,1.7752715,-0.5409105230070851,-3984375.0,7.982142e-06,1.0617205e-07,0.6186928192502661,0.009739992665515158,/content/drive/MyDrive/N-MON/ALTRO/spectograms/MULTITONE-NARROW-40-20/984.npy,MULTITONE-NARROW-40-20
0.0059028985,0.016560584,0.74453,0.6072743,0.7445534,-0.99879885,0.99309796,1.9918968379497528,-0.023124825,1.7212589,-0.6009321854898629,-4394531.25,7.731453e-06,1.1055325e-07,0.6131389630650708,0.009525582860363526,/content/drive/MyDrive/N-MON/ALTRO/spectograms/MULTITONE-NARROW-40-20/985.npy,MULTITONE-NARROW-40-20
0.0023022108,0.016004503,0.73561066,0.59673053,0.73561424,-0.9741625,0.94576657,1.9199290573596954,-0.026008759,1.7569535,-0.5373721853356469,-3984375.0,8.3281575e-06,1.0677038e-07,0.6127202895256967,0.010350380991760812,/content/drive/MyDrive/N-MON/ALTRO/spectograms/MULTITONE-NARROW-40-20/986.npy,MULTITONE-NARROW-40-20
0.009352273,0.01637242,0.73799646,0.59628135,0.7380557,-0.99906343,0.9927974,1.9918608218431473,-0.03259444,1.7624438,-0.6395063680989496,-4394531.25,7.544003e-06,1.0904431e-07,0.6106816514205722,0.009999269103039247,/content/drive/MyDrive/N-MON/ALTRO/spectograms/MULTITONE-NARROW-40-20/987.npy,MULTITONE-NARROW-40-20
0.0011578436,0.008498007,0.7355172,0.59734595,0.73551816,-0.96816397,0.9616177,1.9297816455364227,-0.020804273,1.756768,-0.5333761919143668,-3984375.0,8.653055e-06,1.0758596e-07,0.612794703552862,0.009820656090840495,/content/drive/MyDrive/N-MON/ALTRO/spectograms/MULTITONE-NARROW-40-20/988.npy,MULTITONE-NARROW-40-20
-0.0073106517,-0.0068417294,0.7316662,0.5890646,0.7317027,-0.99884933,0.94824415,1.9470935016870499,0.0058886027,1.7867064,-0.5958861922946311,-3984375.0,6.4307355e-06,1.0673856e-07,0.6552937193271449,0.03758559700643687,/content/drive/MyDrive/N-MON/ALTRO/spectograms/MULTITONE-NARROW-40-20/989.npy,MULTITONE-NARROW-40-20
0.0029621392,0.00077876775,0.7387979,0.604399,0.73880386,-0.9367808,0.89335537,1.83013616502285,-0.020358669,1.723913,-0.45693970992081845,-3984375.0,7.6383085e-06,1.0893403e-07,0.6113980502908072,0.010453037094205645,/content/drive/MyDrive/N-MON/ALTRO/spectograms/MULTITONE-NARROW-40-20/990.npy,MULTITONE-NARROW-40-20
-0.0032514571,-0.0067756246,0.7309942,0.59342825,0.7310015,-0.8818099,0.8993878,1.7811976373195648,0.0019309258,1.7698855,-0.4857407812658484,-3984375.0,7.885566e-06,1.0625406e-07,0.6218078010821027,0.009616965281846223,/content/drive/MyDrive/N-MON/ALTRO/spectograms/MULTITONE-NARROW-40-20/991.npy,MULTITONE-NARROW-40-20
0.00178586,0.00070443016,0.73888505,0.60276455,0.73888713,-0.93473226,0.9928462,1.9275784492492676,-0.008135869,1.7335072,-0.5251455100637968,-4394531.25,7.543884e-06,1.0935194e-07,0.6128304511839282,0.009558404770491186,/content/drive/MyDrive/N-MON/ALTRO/spectograms/MULTITONE-NARROW-40-20/992.npy,MULTITONE-NARROW-40-20
0.0054975864,0.0010225767,0.73346615,0.5944285,0.7334867,-0.90732086,0.96382517,1.8711460083723068,-0.0179863,1.7655097,-0.5221968606741695,-3984375.0,8.72047e-06,1.0749633e-07,0.6165815354880606,0.008993136783979968,/content/drive/MyDrive/N-MON/ALTRO/spectograms/MULTITONE-NARROW-40-20/993.npy,MULTITONE-NARROW-40-20
0.008557702,0.009214559,0.7393616,0.6021301,0.73941106,-0.99079263,0.993323,1.9841157048940659,-0.025827006,1.7445842,-0.563983777894678,-4394531.25,6.2988206e-06,1.1004077e-07,0.641146327805461,0.025378535236844343,/content/drive/MyDrive/N-MON/ALTRO/spectograms/MULTITONE-NARROW-40-20/994.npy,MULTITONE-NARROW-40-20
0.0018398352,0.008099835,0.73173374,0.5940096,0.7317361,-0.8825263,0.9319353,1.814461573958397,-0.01805234,1.7674006,-0.4868738467145787,-3984375.0,8.568246e-06,1.0706884e-07,0.6070952618712899,0.00991956022518095,/content/drive/MyDrive/N-MON/ALTRO/spectograms/MULTITONE-NARROW-40-20/995.npy,MULTITONE-NARROW-40-20
-0.004378085,0.0009523285,0.7399495,0.600411,0.73996246,-0.99882245,0.99304396,1.9918664395809174,-0.003287762,1.7497324,-0.6127189593876815,-4394531.25,7.66264e-06,1.09045615e-07,0.6154682525448048,0.009436811085797117,/content/drive/MyDrive/N-MON/ALTRO/spectograms/MULTITONE-NARROW-40-20/996.npy,MULTITONE-NARROW-40-20
0.008223557,0.02420012,0.7412855,0.60795987,0.7413311,-0.93865204,0.9929145,1.9315665662288666,-0.032234088,1.7204095,-0.4973845079898461,-3984375.0,6.6725397e-06,1.0870275e-07,0.649924154177457,0.026470113662767875,/content/drive/MyDrive/N-MON/ALTRO/spectograms/MULTITONE-NARROW-40-20/997.npy,MULTITONE-NARROW-40-20
0.0072736647,0.00927371,0.73172194,0.5917974,0.73175806,-0.9126855,0.9252154,1.8379009366035461,-0.027710557,1.7747604,-0.5138637426432845,-3984375.0,7.790582e-06,1.06313735e-07,0.6194171253323968,0.009770748748622762,/content/drive/MyDrive/N-MON/ALTRO/spectograms/MULTITONE-NARROW-40-20/998.npy,MULTITONE-NARROW-40-20
-0.0033917446,-0.0067308173,0.7444117,0.61022377,0.74441946,-0.998781,0.99315023,1.991931289434433,0.00528094,1.710331,-0.5325423729113795,-4394531.25,7.3653473e-06,1.1058587e-07,0.614115777325396,0.00999744881904532,/content/drive/MyDrive/N-MON/ALTRO/spectograms/MULTITONE-NARROW-40-20/999.npy,MULTITONE-NARROW-40-20
0.010645145,0.024164904,0.73391616,0.5955005,0.7339934,-0.89960694,0.9792356,1.8788425475358963,-0.042304195,1.7641883,-0.5208534228068286,-3984375.0,8.575208e-06,1.06613406e-07,0.6188566701374473,0.01036478811956909,/content/drive/MyDrive/N-MON/ALTRO/spectograms/MULTITONE-NARROW-40-20/1000.npy,MULTITONE-NARROW-40-20
-0.0059380727,-0.0066157104,0.7451142,0.60722095,0.74513793,-0.99860823,0.99323463,1.9918428808450699,-0.0006452226,1.7252094,-0.6310203471403125,-4394531.25,7.642499e-06,1.1005417e-07,0.6177691691412535,0.011352196403124652,/content/drive/MyDrive/N-MON/ALTRO/spectograms/MULTITONE-NARROW-40-20/1001.npy,MULTITONE-NARROW-40-20
-0.0026099882,-0.006753793,0.7313208,0.59340924,0.73132545,-0.8759888,0.9091821,1.7851708680391312,0.0019599537,1.7685539,-0.4784450954133065,-3984375.0,8.684292e-06,1.0670317e-07,0.607705465388204,0.010270893901459124,/content/drive/MyDrive/N-MON/ALTRO/spectograms/MULTITONE-NARROW-40-20/1002.npy,MULTITONE-NARROW-40-20
0.01283365,0.016915292,0.7378094,0.59635764,0.73792106,-0.99866575,0.9931413,1.991807073354721,-0.044463616,1.761301,-0.6193154827819606,-3984375.0,7.741637e-06,1.0743696e-07,0.6197546780027601,0.009284585959497499,/content/drive/MyDrive/N-MON/ALTRO/spectograms/MULTITONE-NARROW-40-20/1003.npy,MULTITONE-NARROW-40-20
0.005263942,0.016458083,0.73979264,0.60464513,0.7398114,-0.9932684,0.9929519,1.986220344901085,-0.026868742,1.730027,-0.5206274084875125,-3984375.0,7.431645e-06,1.08353774e-07,0.6104773111198688,0.011249125663319875,/content/drive/MyDrive/N-MON/ALTRO/spectograms/MULTITONE-NARROW-40-20/1004.npy,MULTITONE-NARROW-40-20
0.0051641567,0.008664761,0.7320279,0.5935794,0.73204607,-0.88966745,0.92479336,1.8144608289003372,-0.023530878,1.7706331,-0.4988864956843547,-3984375.0,8.148146e-06,1.0664238e-07,0.625393567873044,0.008867210337813658,/content/drive/MyDrive/N-MON/ALTRO/spectograms/MULTITONE-NARROW-40-20/1005.npy,MULTITONE-NARROW-40-20
-0.014616623,-0.022777285,0.7422447,0.6064114,0.74238855,-0.9990673,0.99279356,1.9918608963489532,0.0337116,1.7227504,-0.5382711137798878,-4394531.25,7.995853e-06,1.0953224e-07,0.6263334426118428,0.02322950088071125,/content/drive/MyDrive/N-MON/ALTRO/spectograms/MULTITONE-NARROW-40-20/1006.npy,MULTITONE-NARROW-40-20
0.0047744466,0.00834761,0.72784793,0.5887434,0.7278636,-0.81401646,0.8911879,1.705204352736473,-0.024459612,1.7832925,-0.4822410992415921,-3984375.0,8.2537745e-06,1.07375165e-07,0.6151947508397121,0.00925914236032803,/content/drive/MyDrive/N-MON/ALTRO/spectograms/MULTITONE-NARROW-40-20/1007.npy,MULTITONE-NARROW-40-20
-0.0051176804,0.00077851163,0.74030805,0.60202014,0.74032575,-0.99921495,0.9926513,1.9918662458658218,-0.0057801716,1.7428672,-0.5872615499060078,-4394531.25,7.971876e-06,1.086002e-07,0.6216509475946425,0.016189200736288645,/content/drive/MyDrive/N-MON/ALTRO/spectograms/MULTITONE-NARROW-40-20/1008.npy,MULTITONE-NARROW-40-20
-0.00030837487,0.008026995,0.7309411,0.59309435,0.7309412,-0.96262395,0.9006183,1.8632422983646393,-0.019352406,1.775564,-0.5092558469825105,-3984375.0,8.4844105e-06,1.06693875e-07,0.6078451450632163,0.010820011581702416,/content/drive/MyDrive/N-MON/ALTRO/spectograms/MULTITONE-NARROW-40-20/1009.npy,MULTITONE-NARROW-40-20
0.013471644,0.02418883,0.738295,0.59698015,0.7384179,-0.9933135,0.9928168,1.9861303269863129,-0.048506122,1.7574036,-0.6081416989174767,-3984375.0,7.4632667e-06,1.0815487e-07,0.61255042765776,0.00986218702222984,/content/drive/MyDrive/N-MON/ALTRO/spectograms/MULTITONE-NARROW-40-20/1010.npy,MULTITONE-NARROW-40-20
0.0021734228,0.008897429,0.73526233,0.6004649,0.7352656,-0.8759811,0.9561277,1.832108810544014,-0.014627295,1.742985,-0.4692592953376239,-3984375.0,7.693881e-06,1.0804463e-07,0.6094964821585804,0.010734857004126817,/content/drive/MyDrive/N-MON/ALTRO/spectograms/MULTITONE-NARROW-40-20/1011.npy,MULTITONE-NARROW-40-20
0.0096206125,0.009121463,0.7314606,0.5910408,0.7315238,-0.8915076,0.94059974,1.8321073949337006,-0.035653215,1.778072,-0.528770275294039,-3984375.0,7.815246e-06,1.0591334e-07,0.6191057478700348,0.009973624041466504,/content/drive/MyDrive/N-MON/ALTRO/spectograms/MULTITONE-NARROW-40-20/1012.npy,MULTITONE-NARROW-40-20
-0.0036254406,0.0051627336,0.73935366,0.6040647,0.7393625,-0.9909394,0.89577156,1.886710911989212,-0.008933841,1.7286079,-0.5097789972174774,-4394531.25,7.7983395e-06,1.104586e-07,0.6122932940399092,0.009993785001840288,/content/drive/MyDrive/N-MON/ALTRO/spectograms/MULTITONE-NARROW-40-20/1013.npy,MULTITONE-NARROW-40-20
-0.0014356489,0.0007328944,0.73015165,0.5921372,0.7301531,-0.8763156,0.8542514,1.730566993355751,-0.012244698,1.7724241,-0.47280929495302637,-3984375.0,8.338377e-06,1.06345624e-07,0.6151588197847748,0.009475375117150438,/content/drive/MyDrive/N-MON/ALTRO/spectograms/MULTITONE-NARROW-40-20/1014.npy,MULTITONE-NARROW-40-20
0.0011740065,0.008145237,0.7432418,0.6053433,0.7432427,-0.9995756,0.9923366,1.9919121712446213,-0.023013586,1.7307233,-0.6142232220834752,-4394531.25,7.5018006e-06,1.09191284e-07,0.6141429444436601,0.011306513579406936,/content/drive/MyDrive/N-MON/ALTRO/spectograms/MULTITONE-NARROW-40-20/1015.npy,MULTITONE-NARROW-40-20
0.0069293804,0.020587409,0.73055816,0.5917799,0.73059106,-0.90912884,0.8936696,1.8027984201908112,-0.040104493,1.775887,-0.5007046984285354,-3984375.0,8.748861e-06,1.07163906e-07,0.6078971442523373,0.010151876196115371,/content/drive/MyDrive/N-MON/ALTRO/spectograms/MULTITONE-NARROW-40-20/1016.npy,MULTITONE-NARROW-40-20
-0.00039189815,0.008705452,0.73628473,0.59761924,0.7362848,-0.998826,0.99296963,1.991795614361763,-0.012632241,1.7587862,-0.562040910149369,-3984375.0,7.5557127e-06,1.08556314e-07,0.6170655300891408,0.009285124106452455,/content/drive/MyDrive/N-MON/ALTRO/spectograms/MULTITONE-NARROW-40-20/1017.npy,MULTITONE-NARROW-40-20
0.0060781906,0.008543801,0.74077916,0.6077839,0.740804,-0.9524658,0.963552,1.9160178005695343,-0.029476011,1.7186584,-0.47273688705236705,-3984375.0,7.595926e-06,1.0820853e-07,0.6162119264208032,0.011308033194117897,/content/drive/MyDrive/N-MON/ALTRO/spectograms/MULTITONE-NARROW-40-20/1018.npy,MULTITONE-NARROW-40-20
0.0056735114,0.008986748,0.73055303,0.59257334,0.7305751,-0.88356936,0.9152215,1.7987908869981766,-0.028677182,1.7760358,-0.48793909391793655,-3984375.0,7.760302e-06,1.0764817e-07,0.6182478103755776,0.009580458839212345,/content/drive/MyDrive/N-MON/ALTRO/spectograms/MULTITONE-NARROW-40-20/1019.npy,MULTITONE-NARROW-40-20
-0.005027472,0.0007754945,0.74110174,0.6057277,0.7411188,-0.998948,0.96779525,1.9667432755231857,-0.00036113238,1.7237217,-0.5168731778742083,-3984375.0,7.339536e-06,1.10081224e-07,0.6124507595748392,0.010510793972564074,/content/drive/MyDrive/N-MON/ALTRO/spectograms/MULTITONE-NARROW-40-20/1020.npy,MULTITONE-NARROW-40-20
0.0031142868,-0.00686035,0.730615,0.5911927,0.73062176,-0.8565383,0.940475,1.79701329767704,-0.012414878,1.7769232,-0.5083107089313571,-3984375.0,8.699655e-06,1.0631575e-07,0.6230570407045892,0.010721414861908165,/content/drive/MyDrive/N-MON/ALTRO/spectograms/MULTITONE-NARROW-40-20/1021.npy,MULTITONE-NARROW-40-20
-0.011092647,-0.014313985,0.73963547,0.601807,0.7397186,-0.9986237,0.97974783,1.9783716052770615,0.010458411,1.7427498,-0.5813405024615249,-4394531.25,7.741805e-06,1.1024598e-07,0.6166053308606697,0.01113801128976802,/content/drive/MyDrive/N-MON/ALTRO/spectograms/MULTITONE-NARROW-40-20/1022.npy,MULTITONE-NARROW-40-20
0.003186928,0.0006895609,0.7290003,0.5914175,0.72900724,-0.9133542,0.87773454,1.791088804602623,-0.022523655,1.780777,-0.47998825401556566,-3984375.0,8.524469e-06,1.0630983e-07,0.6065548269723877,0.009255866101849534,/content/drive/MyDrive/N-MON/ALTRO/spectograms/MULTITONE-NARROW-40-20/1023.npy,MULTITONE-NARROW-40-20
-0.010920903,-0.0067670774,0.73796886,0.5999051,0.7380496,-0.99868095,0.9931568,1.9918377846479416,0.014791018,1.7546902,-0.5912147538308529,-4394531.25,7.629511e-06,1.09839476e-07,0.6138550220694361,0.009251032262654021,/content/drive/MyDrive/N-MON/ALTRO/spectograms/MULTITONE-NARROW-40-20/1024.npy,MULTITONE-NARROW-40-20
-0.011329654,-0.015063623,0.7359019,0.59991354,0.7359891,-0.9446839,0.9303282,1.8750121295452118,0.023671431,1.7454934,-0.48604912353504315,-3984375.0,8.13227e-06,1.0750091e-07,0.6062370611783013,0.010387134712615483,/content/drive/MyDrive/N-MON/ALTRO/spectograms/MULTITONE-NARROW-40-20/1025.npy,MULTITONE-NARROW-40-20
0.010206447,0.016585942,0.7320395,0.59118783,0.7321107,-0.8838471,0.99291474,1.8767618387937546,-0.03450398,1.7790968,-0.5506752240722498,-3984375.0,7.4989366e-06,1.0674945e-07,0.6172219983659273,0.009724253860272494,/content/drive/MyDrive/N-MON/ALTRO/spectograms/MULTITONE-NARROW-40-20/1026.npy,MULTITONE-NARROW-40-20
0.002642405,0.0012222268,0.7408393,0.6066224,0.740844,-0.930475,0.9386858,1.8691607862710953,-0.019384144,1.717163,-0.4784668350492832,-3984375.0,7.476097e-06,1.1028044e-07,0.6120894983322598,0.00993663354897574,/content/drive/MyDrive/N-MON/ALTRO/spectograms/MULTITONE-NARROW-40-20/1027.npy,MULTITONE-NARROW-40-20
0.004672042,0.008575903,0.7350815,0.59586567,0.7350964,-0.9328613,0.9850615,1.917922854423523,-0.022659667,1.7597138,-0.5258253016785474,-3984375.0,6.9490407e-06,1.06873834e-07,0.6283174385466883,0.0158212291195298,/content/drive/MyDrive/N-MON/ALTRO/spectograms/MULTITONE-NARROW-40-20/1028.npy,MULTITONE-NARROW-40-20
0.008636478,0.008756423,0.74153656,0.60380155,0.74158686,-0.99894285,0.99294317,1.9918860495090485,-0.027915848,1.739264,-0.601291539628667,-4394531.25,7.741421e-06,1.09921174e-07,0.6146355763770545,0.010591517270669513,/content/drive/MyDrive/N-MON/ALTRO/spectograms/MULTITONE-NARROW-40-20/1029.npy,MULTITONE-NARROW-40-20
0.009462103,0.016184721,0.7310996,0.59248304,0.7311608,-0.8276209,0.9399655,1.7675863951444626,-0.03772521,1.7707177,-0.49634879633519013,-3984375.0,9.108485e-06,1.0672149e-07,0.6110445153082706,0.009207374579564026,/content/drive/MyDrive/N-MON/ALTRO/spectograms/MULTITONE-NARROW-40-20/1030.npy,MULTITONE-NARROW-40-20
-0.0033475028,0.008863639,0.73898906,0.5994378,0.7389966,-0.99864054,0.9932085,1.9918490797281265,-0.0056520677,1.7505932,-0.5961020810006917,-4394531.25,7.2774546e-06,1.07949084e-07,0.6162661168431934,0.009772856335237272,/content/drive/MyDrive/N-MON/ALTRO/spectograms/MULTITONE-NARROW-40-20/1031.npy,MULTITONE-NARROW-40-20
-0.0034408432,0.008189174,0.73636925,0.5984798,0.73637724,-0.97607577,0.9320714,1.908147171139717,-0.0067061917,1.7477173,-0.5187076396638021,-3984375.0,8.183218e-06,1.0866884e-07,0.6126364218144116,0.010636588072921954,/content/drive/MyDrive/N-MON/ALTRO/spectograms/MULTITONE-NARROW-40-20/1032.npy,MULTITONE-NARROW-40-20
0.005732497,0.008328496,0.72978127,0.58866084,0.72980386,-0.83752835,0.96328545,1.8008138239383698,-0.020797597,1.7877564,-0.5477088276224596,-3984375.0,7.744196e-06,1.0616145e-07,0.6220090024848353,0.009512891310834964,/content/drive/MyDrive/N-MON/ALTRO/spectograms/MULTITONE-NARROW-40-20/1033.npy,MULTITONE-NARROW-40-20
0.009177281,0.016640723,0.74201256,0.6062805,0.74206936,-0.87579733,0.9874089,1.8632062524557114,-0.031182842,1.7158917,-0.5102895513551094,-4394531.25,7.36582e-06,1.08841526e-07,0.6152443261412655,0.011610037976270797,/content/drive/MyDrive/N-MON/ALTRO/spectograms/MULTITONE-NARROW-40-20/1034.npy,MULTITONE-NARROW-40-20
-0.010491525,-0.006497627,0.73333836,0.5960641,0.73341346,-0.98316693,0.86069757,1.843864545226097,0.008897832,1.7624395,-0.5064399668972676,-3984375.0,8.569017e-06,1.0714318e-07,0.627359006157696,0.009204903477732633,/content/drive/MyDrive/N-MON/ALTRO/spectograms/MULTITONE-NARROW-40-20/1035.npy,MULTITONE-NARROW-40-20
-0.005114743,-0.0068234587,0.74256134,0.60646874,0.74257904,-0.9989599,0.99289376,1.9918536841869354,0.0016118394,1.7292193,-0.5806051013057668,-4394531.25,7.458281e-06,1.0923026e-07,0.6130440207052009,0.009675514582140034,/content/drive/MyDrive/N-MON/ALTRO/spectograms/MULTITONE-NARROW-40-20/1036.npy,MULTITONE-NARROW-40-20
-0.00073907326,0.0013214905,0.73161227,0.59389627,0.7316127,-0.8990345,0.9056711,1.8047056049108505,-0.009086343,1.7697122,-0.4976004212810673,-3984375.0,8.565435e-06,1.0723246e-07,0.6077267226101972,0.010093859258315987,/content/drive/MyDrive/N-MON/ALTRO/spectograms/MULTITONE-NARROW-40-20/1037.npy,MULTITONE-NARROW-40-20
-0.012416249,-0.0068997676,0.7383935,0.59735984,0.73849785,-0.9987967,0.985371,1.9841677248477936,0.017609097,1.7567623,-0.6137252454548571,-4394531.25,7.4338786e-06,1.0913595e-07,0.6118789540405863,0.009008704545094254,/content/drive/MyDrive/N-MON/ALTRO/spectograms/MULTITONE-NARROW-40-20/1038.npy,MULTITONE-NARROW-40-20
7.2362425e-05,0.009026611,0.7328516,0.596551,0.7328516,-0.9461275,0.90740097,1.8535284847021103,-0.00922965,1.7625818,-0.4974433705514808,-3984375.0,7.999034e-06,1.07334714e-07,0.6070791093099634,0.010746410218552155,/content/drive/MyDrive/N-MON/ALTRO/spectograms/MULTITONE-NARROW-40-20/1039.npy,MULTITONE-NARROW-40-20
0.012946442,0.024069972,0.7310418,0.5920907,0.7311564,-0.8490273,0.95587087,1.8048981130123138,-0.0451259,1.7768574,-0.5085016725931003,-3984375.0,7.718308e-06,1.0715634e-07,0.6180511366802783,0.009372821722470464,/content/drive/MyDrive/N-MON/ALTRO/spectograms/MULTITONE-NARROW-40-20/1040.npy,MULTITONE-NARROW-40-20
0.008272715,0.016218409,0.7432565,0.6069048,0.7433026,-0.9720221,0.9926652,1.9646873027086258,-0.03451434,1.7162439,-0.5468708936771752,-4394531.25,7.499941e-06,1.0991936e-07,0.6136490343775414,0.009889850143119232,/content/drive/MyDrive/N-MON/ALTRO/spectograms/MULTITONE-NARROW-40-20/1041.npy,MULTITONE-NARROW-40-20
-0.00036447428,0.009039089,0.7330861,0.5933497,0.7330862,-0.95397234,0.88779014,1.8417625278234482,-0.018818824,1.7678803,-0.5289218364059965,-3984375.0,8.393096e-06,1.06582945e-07,0.618398725990096,0.009095696884249965,/content/drive/MyDrive/N-MON/ALTRO/spectograms/MULTITONE-NARROW-40-20/1042.npy,MULTITONE-NARROW-40-20
-0.012685219,-0.014739921,0.74167264,0.6022439,0.7417811,-0.9989936,0.9928763,1.991869866847992,0.01821331,1.7433053,-0.6419292004386518,-4394531.25,7.713212e-06,1.1012662e-07,0.6150771402693895,0.009996903072101262,/content/drive/MyDrive/N-MON/ALTRO/spectograms/MULTITONE-NARROW-40-20/1043.npy,MULTITONE-NARROW-40-20
-0.0031688365,-0.0066426033,0.7354406,0.5964811,0.73544747,-0.9986981,0.99326617,1.9919642955064774,-0.004515958,1.7588091,-0.551771459833451,-3984375.0,8.225815e-06,1.07435625e-07,0.6390696000331864,0.012841311027126783,/content/drive/MyDrive/N-MON/ALTRO/spectograms/MULTITONE-NARROW-40-20/1044.npy,MULTITONE-NARROW-40-20
-0.011833562,-0.014748251,0.7397006,0.59849024,0.73979527,-0.99911785,0.9927091,1.9918269664049149,0.023977105,1.7519473,-0.628630983471319,-3984375.0,7.016776e-06,1.0812993e-07,0.6170424700601989,0.010351856623200446,/content/drive/MyDrive/N-MON/ALTRO/spectograms/MULTITONE-NARROW-40-20/1045.npy,MULTITONE-NARROW-40-20
-0.0035504817,-0.006927789,0.7352433,0.60066617,0.7352519,-0.9151987,0.92266786,1.8378665149211884,0.005501508,1.745697,-0.46359048231061817,-3984375.0,8.112157e-06,1.0845221e-07,0.6115935851077502,0.010471916407904918,/content/drive/MyDrive/N-MON/ALTRO/spectograms/MULTITONE-NARROW-40-20/1046.npy,MULTITONE-NARROW-40-20
0.0100229755,0.024195641,0.7311773,0.5904222,0.731246,-0.90733975,0.9928847,1.9002244621515274,-0.035704575,1.7830329,-0.5454755218612802,-3984375.0,7.693736e-06,1.066714e-07,0.6203226236118999,0.010175705567457439,/content/drive/MyDrive/N-MON/ALTRO/spectograms/MULTITONE-NARROW-40-20/1047.npy,MULTITONE-NARROW-40-20
0.003565774,0.012571091,0.73965365,0.6058436,0.73966223,-0.97177356,0.9928988,1.9646723866462708,-0.014361958,1.7315853,-0.5224097936856459,-4394531.25,7.820876e-06,1.0972722e-07,0.617020078631967,0.011536833143070626,/content/drive/MyDrive/N-MON/ALTRO/spectograms/MULTITONE-NARROW-40-20/1048.npy,MULTITONE-NARROW-40-20
-0.017507168,-0.014343057,0.72823995,0.5878269,0.72845036,-0.9223677,0.79245245,1.7148201912641525,0.033482783,1.7854168,-0.4885885206937327,-3984375.0,8.619073e-06,1.07469674e-07,0.618872986465297,0.009689828447118598,/content/drive/MyDrive/N-MON/ALTRO/spectograms/MULTITONE-NARROW-40-20/1049.npy,MULTITONE-NARROW-40-20
-0.0048222425,0.009075919,0.7402407,0.60271776,0.74025637,-0.9984765,0.98575115,1.9842276871204376,-0.007816497,1.7393693,-0.5709595373189399,-4394531.25,7.2686453e-06,1.10382985e-07,0.6113450641180249,0.009710448267677512,/content/drive/MyDrive/N-MON/ALTRO/spectograms/MULTITONE-NARROW-40-20/1050.npy,MULTITONE-NARROW-40-20
-0.004733159,0.00042440946,0.73322225,0.59713906,0.73323756,-0.97999233,0.912608,1.8926003724336624,0.0009252444,1.7633343,-0.5130381742207019,-3984375.0,8.475331e-06,1.0634666e-07,0.6072400887356788,0.009752395248886587,/content/drive/MyDrive/N-MON/ALTRO/spectograms/MULTITONE-NARROW-40-20/1051.npy,MULTITONE-NARROW-40-20
-0.006537914,0.0008211654,0.74131864,0.60087305,0.7413475,-0.9989564,0.9929105,1.9918669164180756,0.0016983103,1.7443806,-0.6285803826327642,-3984375.0,7.372524e-06,1.0911357e-07,0.6157461475053954,0.009197199981382178,/content/drive/MyDrive/N-MON/ALTRO/spectograms/MULTITONE-NARROW-40-20/1052.npy,MULTITONE-NARROW-40-20
0.0027000036,0.012696827,0.73654217,0.601782,0.7365471,-0.9130136,0.9053472,1.8183607757091522,-0.018135058,1.7372254,-0.47332271708055107,-3984375.0,7.706673e-06,1.0816504e-07,0.6094568733514665,0.01039189995760851,/content/drive/MyDrive/N-MON/ALTRO/spectograms/MULTITONE-NARROW-40-20/1053.npy,MULTITONE-NARROW-40-20
0.0075447685,0.016267098,0.7296925,0.5909111,0.7297315,-0.9056283,0.89132977,1.7969580292701721,-0.03879563,1.7797409,-0.4896962429010766,-3984375.0,7.947403e-06,1.0592778e-07,0.6154930998290712,0.008999315359328604,/content/drive/MyDrive/N-MON/ALTRO/spectograms/MULTITONE-NARROW-40-20/1054.npy,MULTITONE-NARROW-40-20
-0.012824596,-0.014956232,0.74357605,0.60665554,0.7436867,-0.99925333,0.9752531,1.974506452679634,0.016963929,1.7189236,-0.5521070505218387,-4394531.25,7.720893e-06,1.1063202e-07,0.6128236222541695,0.010571639230758833,/content/drive/MyDrive/N-MON/ALTRO/spectograms/MULTITONE-NARROW-40-20/1055.npy,MULTITONE-NARROW-40-20
0.001783431,0.009224033,0.7325514,0.59295815,0.73255354,-0.92239255,0.95463777,1.8770303577184677,-0.01352239,1.7699814,-0.5361787354195836,-3984375.0,8.853493e-06,1.069082e-07,0.6143511283013409,0.00975736721062485,/content/drive/MyDrive/N-MON/ALTRO/spectograms/MULTITONE-NARROW-40-20/1056.npy,MULTITONE-NARROW-40-20
-0.012977231,-0.014381876,0.7393795,0.5987628,0.7394934,-0.9985875,0.99326086,1.9918483793735504,0.024759108,1.7525288,-0.6168740710888249,-4394531.25,7.4721183e-06,1.08337325e-07,0.6105816922042928,0.009389202508187072,/content/drive/MyDrive/N-MON/ALTRO/spectograms/MULTITONE-NARROW-40-20/1057.npy,MULTITONE-NARROW-40-20
0.0022738194,0.00087455247,0.7314654,0.5936117,0.7314689,-0.8819168,0.9461988,1.828115627169609,-0.009933261,1.7719297,-0.501056373244091,-3984375.0,8.418117e-06,1.0778696e-07,0.6078152234872922,0.010443055550165389,/content/drive/MyDrive/N-MON/ALTRO/spectograms/MULTITONE-NARROW-40-20/1058.npy,MULTITONE-NARROW-40-20
0.01125062,0.009146646,0.73570555,0.5949241,0.73579156,-0.99865645,0.9931761,1.9918325692415237,-0.038891777,1.7659439,-0.5755217885699687,-3984375.0,6.700879e-06,1.0867141e-07,0.6469509613641544,0.02452431550546507,/content/drive/MyDrive/N-MON/ALTRO/spectograms/MULTITONE-NARROW-40-20/1059.npy,MULTITONE-NARROW-40-20
0.003413376,0.016368888,0.74018705,0.6073246,0.740195,-0.92896855,0.9303821,1.8593505918979645,-0.026798803,1.7188534,-0.4561544796234279,-3984375.0,7.506819e-06,1.08327825e-07,0.6163109809717461,0.010534260613699284,/content/drive/MyDrive/N-MON/ALTRO/spectograms/MULTITONE-NARROW-40-20/1060.npy,MULTITONE-NARROW-40-20
0.009045933,0.008479204,0.73150676,0.5933264,0.73156273,-0.85090786,0.97733575,1.8282435834407806,-0.028386964,1.77122,-0.5028175813935586,-3984375.0,8.185733e-06,1.0684917e-07,0.626090464828557,0.009550966583117907,/content/drive/MyDrive/N-MON/ALTRO/spectograms/MULTITONE-NARROW-40-20/1061.npy,MULTITONE-NARROW-40-20
0.005011906,0.01632459,0.74684376,0.6114483,0.74686056,-0.9991335,0.99274117,1.99187470972538,-0.03282281,1.7050431,-0.5612178672064544,-4394531.25,7.429363e-06,1.1092255e-07,0.618890982176347,0.010407190720223187,/content/drive/MyDrive/N-MON/ALTRO/spectograms/MULTITONE-NARROW-40-20/1062.npy,MULTITONE-NARROW-40-20
0.0064281663,0.016043758,0.73171437,0.5942986,0.7317425,-0.85110754,0.95558536,1.8066929131746292,-0.023909502,1.7700623,-0.5058377901787613,-3984375.0,8.608084e-06,1.0653116e-07,0.6146378395287089,0.009922309770098265,/content/drive/MyDrive/N-MON/ALTRO/spectograms/MULTITONE-NARROW-40-20/1063.npy,MULTITONE-NARROW-40-20
0.0091096,0.016359288,0.74179107,0.59900355,0.741847,-0.99900806,0.9928879,1.9918959736824036,-0.034298494,1.7498366,-0.6697253185262834,-3984375.0,7.554249e-06,1.09172035e-07,0.6180879229825049,0.011117999663327166,/content/drive/MyDrive/N-MON/ALTRO/spectograms/MULTITONE-NARROW-40-20/1064.npy,MULTITONE-NARROW-40-20
-0.006708703,-0.006986894,0.73547536,0.59896445,0.73550594,-0.9699928,0.9226886,1.8926814049482346,0.008060342,1.7503103,-0.49938481815453806,-3984375.0,8.549985e-06,1.08439664e-07,0.6071266668072826,0.010191179164705971,/content/drive/MyDrive/N-MON/ALTRO/spectograms/MULTITONE-NARROW-40-20/1065.npy,MULTITONE-NARROW-40-20
-0.011596579,-0.0151279615,0.73154193,0.5911355,0.73163384,-0.9702475,0.8853057,1.855553224682808,0.0151337115,1.7755023,-0.5324728227644152,-3984375.0,7.725036e-06,1.0709585e-07,0.6170114983024841,0.009102688018485763,/content/drive/MyDrive/N-MON/ALTRO/spectograms/MULTITONE-NARROW-40-20/1066.npy,MULTITONE-NARROW-40-20
-0.005241524,0.00066295464,0.7407002,0.60635376,0.7407187,-0.9601315,0.9089255,1.869056984782219,-0.0024632928,1.720254,-0.4755908592809447,-4394531.25,7.6070482e-06,1.10302054e-07,0.6107775289801929,0.010147479144640903,/content/drive/MyDrive/N-MON/ALTRO/spectograms/MULTITONE-NARROW-40-20/1067.npy,MULTITONE-NARROW-40-20
0.005580497,0.008362268,0.7324195,0.594153,0.73244065,-0.87642765,0.94784,1.824267566204071,-0.021157496,1.766292,-0.4925125553312394,-3984375.0,8.252215e-06,1.0729316e-07,0.629093066173483,0.009102734115379315,/content/drive/MyDrive/N-MON/ALTRO/spectograms/MULTITONE-NARROW-40-20/1068.npy,MULTITONE-NARROW-40-20
-0.008242747,0.0007480729,0.73926383,0.6018379,0.7393098,-0.9990206,0.99286777,1.9918883442878723,0.006287572,1.7443136,-0.5693311717487274,-4394531.25,7.739446e-06,1.0912781e-07,0.6127921120049891,0.010115910666366147,/content/drive/MyDrive/N-MON/ALTRO/spectograms/MULTITONE-NARROW-40-20/1069.npy,MULTITONE-NARROW-40-20
-0.0071253222,-0.014599642,0.7321003,0.5920544,0.732135,-0.9482749,0.91308963,1.8613645285367966,0.013441706,1.7719476,-0.5266481689975785,-3984375.0,8.523259e-06,1.0759331e-07,0.6111033324774147,0.009873027575317089,/content/drive/MyDrive/N-MON/ALTRO/spectograms/MULTITONE-NARROW-40-20/1070.npy,MULTITONE-NARROW-40-20
-0.0123975305,-0.014520072,0.7391787,0.59998536,0.73928267,-0.99877346,0.9930721,1.9918455481529236,0.023777576,1.7510858,-0.596239705006056,-3984375.0,7.6638535e-06,1.0822682e-07,0.6147343231626314,0.009540664813886058,/content/drive/MyDrive/N-MON/ALTRO/spectograms/MULTITONE-NARROW-40-20/1071.npy,MULTITONE-NARROW-40-20
0.0055844025,0.012545802,0.73697686,0.6021296,0.736998,-0.9522824,0.9539368,1.906219258904457,-0.029368982,1.7408398,-0.4881680315264251,-3984375.0,7.615027e-06,1.0899464e-07,0.6106441566429708,0.010308534607072557,/content/drive/MyDrive/N-MON/ALTRO/spectograms/MULTITONE-NARROW-40-20/1072.npy,MULTITONE-NARROW-40-20
-0.008909604,-0.006864447,0.7305036,0.5899541,0.7305579,-0.99319017,0.922767,1.9159571826457977,0.011153982,1.7865531,-0.551913468467876,-3984375.0,7.6546685e-06,1.073835e-07,0.621849094946154,0.010303006573319862,/content/drive/MyDrive/N-MON/ALTRO/spectograms/MULTITONE-NARROW-40-20/1073.npy,MULTITONE-NARROW-40-20
0.002244956,0.015935276,0.74125236,0.60470515,0.7412557,-0.9994833,0.9924138,1.9918971210718155,-0.030269025,1.7298558,-0.5535030847531354,-4394531.25,7.713131e-06,1.09777986e-07,0.6156504100172977,0.009960542198548855,/content/drive/MyDrive/N-MON/ALTRO/spectograms/MULTITONE-NARROW-40-20/1074.npy,MULTITONE-NARROW-40-20
0.0022843522,0.008836866,0.73173827,0.5934114,0.7317418,-0.9405233,0.8856049,1.8261282593011856,-0.021418659,1.770013,-0.5025320254945386,-3984375.0,8.549573e-06,1.06097005e-07,0.6171478932991199,0.00993055831125088,/content/drive/MyDrive/N-MON/ALTRO/spectograms/MULTITONE-NARROW-40-20/1075.npy,MULTITONE-NARROW-40-20
-0.008099887,0.008536247,0.7404666,0.60057884,0.74051094,-0.99904567,0.99281853,1.9918642342090607,0.002368149,1.7464552,-0.6174797345838591,-3984375.0,7.221102e-06,1.0939925e-07,0.617132344759014,0.010480987570271294,/content/drive/MyDrive/N-MON/ALTRO/spectograms/MULTITONE-NARROW-40-20/1076.npy,MULTITONE-NARROW-40-20
0.0043324647,0.008332493,0.7317304,0.59434056,0.7317433,-0.89594173,0.9165657,1.8125074654817581,-0.02125036,1.7683469,-0.4920439011103036,-3984375.0,8.452638e-06,1.0741899e-07,0.6069327643031596,0.009423471296024735,/content/drive/MyDrive/N-MON/ALTRO/spectograms/MULTITONE-NARROW-40-20/1077.npy,MULTITONE-NARROW-40-20
-0.0025361376,0.0086851325,0.73479986,0.59442073,0.7348043,-0.99903136,0.9813105,1.9803418666124344,-0.008343969,1.7657192,-0.5686290061428095,-3984375.0,7.809935e-06,1.0736161e-07,0.6183873800749442,0.009695433018330491,/content/drive/MyDrive/N-MON/ALTRO/spectograms/MULTITONE-NARROW-40-20/1078.npy,MULTITONE-NARROW-40-20
-0.004800583,0.00062979694,0.74003303,0.6063753,0.7400486,-0.9544898,0.89330447,1.8477942794561386,0.0018181152,1.719459,-0.46530097591834185,-4394531.25,7.6139945e-06,1.0945812e-07,0.6145331217778244,0.010983416402290494,/content/drive/MyDrive/N-MON/ALTRO/spectograms/MULTITONE-NARROW-40-20/1079.npy,MULTITONE-NARROW-40-20
-0.0010073595,0.00093157846,0.7329365,0.59382045,0.7329372,-0.92310053,0.8836732,1.806773692369461,-0.0117841335,1.7639761,-0.490473166186007,-3984375.0,7.928998e-06,1.0658998e-07,0.6196194686817946,0.010060467311769973,/content/drive/MyDrive/N-MON/ALTRO/spectograms/MULTITONE-NARROW-40-20/1080.npy,MULTITONE-NARROW-40-20
-0.009610301,0.00083643716,0.7376118,0.5997487,0.73767436,-0.9990135,0.95773864,1.956752136349678,0.008544025,1.7473099,-0.545048000808488,-4394531.25,7.4853333e-06,1.0963073e-07,0.6095390697902412,0.009928284447925746,/content/drive/MyDrive/N-MON/ALTRO/spectograms/MULTITONE-NARROW-40-20/1081.npy,MULTITONE-NARROW-40-20
-0.0017604057,0.00093817513,0.7329041,0.59423393,0.7329062,-0.9306969,0.9384481,1.869145005941391,-0.0065841945,1.7675201,-0.5146616979174113,-3984375.0,8.688881e-06,1.07598325e-07,0.6088107545136905,0.010331609257505961,/content/drive/MyDrive/N-MON/ALTRO/spectograms/MULTITONE-NARROW-40-20/1082.npy,MULTITONE-NARROW-40-20
0.0144935995,0.024029914,0.7401421,0.6016543,0.74028397,-0.99911016,0.9927254,1.9918355643749237,-0.05051357,1.748959,-0.5990062765006093,-3984375.0,7.6137403e-06,1.0847904e-07,0.6142687730589321,0.00872044332347451,/content/drive/MyDrive/N-MON/ALTRO/spectograms/MULTITONE-NARROW-40-20/1083.npy,MULTITONE-NARROW-40-20
-0.0017266626,0.008635246,0.7379004,0.6029544,0.7379024,-0.9834684,0.9462476,1.9297160357236862,-0.0068773893,1.7370706,-0.4946675031928215,-3984375.0,7.941201e-06,1.08744686e-07,0.6088366261923636,0.010619214830332926,/content/drive/MyDrive/N-MON/ALTRO/spectograms/MULTITONE-NARROW-40-20/1084.npy,MULTITONE-NARROW-40-20
0.008253934,0.016182601,0.7296728,0.5891841,0.72971946,-0.8704486,0.92245036,1.7928989082574844,-0.035730388,1.7846266,-0.5193502393017752,-3984375.0,7.970931e-06,1.07249306e-07,0.6164730696206737,0.008946502068718842,/content/drive/MyDrive/N-MON/ALTRO/spectograms/MULTITONE-NARROW-40-20/1085.npy,MULTITONE-NARROW-40-20
-0.011727524,-0.007245862,0.74162674,0.60639864,0.7417195,-0.9992797,0.9145254,1.9138051122426987,0.010808554,1.7194054,-0.524763303376406,-4394531.25,7.215775e-06,1.0917487e-07,0.6135697205413917,0.011033298667192467,/content/drive/MyDrive/N-MON/ALTRO/spectograms/MULTITONE-NARROW-40-20/1086.npy,MULTITONE-NARROW-40-20
-0.004095269,0.0008713478,0.737168,0.5999061,0.7371794,-0.97772026,0.9462137,1.9239339530467987,-0.0054257154,1.7484872,-0.5313546430414161,-3984375.0,7.240922e-06,1.08915884e-07,0.6583786544193138,0.03553514554182445,/content/drive/MyDrive/N-MON/ALTRO/spectograms/MULTITONE-NARROW-40-20/1087.npy,MULTITONE-NARROW-40-20
0.012476233,0.01629595,0.7415638,0.6019749,0.7416687,-0.999241,0.9926312,1.9918721467256546,-0.041135214,1.7436732,-0.6248306011811585,-3984375.0,7.358358e-06,1.08943475e-07,0.6188790627769054,0.01034632411879524,/content/drive/MyDrive/N-MON/ALTRO/spectograms/MULTITONE-NARROW-40-20/1088.npy,MULTITONE-NARROW-40-20
-0.0023538899,-0.0068609957,0.73243374,0.5937695,0.7324376,-0.90719056,0.94049776,1.8476882874965668,0.002277359,1.767987,-0.5076146369946991,-3984375.0,8.249419e-06,1.0732349e-07,0.610537188214006,0.009404311633735769,/content/drive/MyDrive/N-MON/ALTRO/spectograms/MULTITONE-NARROW-40-20/1089.npy,MULTITONE-NARROW-40-20
0.014063083,0.016478235,0.7326923,0.59361947,0.73282725,-0.8294797,0.99273455,1.8222142308950424,-0.04049329,1.7709093,-0.5258327179339038,-3984375.0,7.4755594e-06,1.0837215e-07,0.6187434467296646,0.009344429651367935,/content/drive/MyDrive/N-MON/ALTRO/spectograms/MULTITONE-NARROW-40-20/1090.npy,MULTITONE-NARROW-40-20
0.0013267746,-0.007476134,0.7380867,0.60331935,0.7380879,-0.89799434,0.9573395,1.8553338795900345,-0.0062301382,1.729599,-0.4733688136964772,-4394531.25,7.554284e-06,1.0881851e-07,0.6130856542707861,0.01034507784897226,/content/drive/MyDrive/N-MON/ALTRO/spectograms/MULTITONE-NARROW-40-20/1091.npy,MULTITONE-NARROW-40-20
-0.0051141093,0.0006355171,0.731134,0.59230554,0.7311519,-0.8782044,0.8835849,1.7617893069982529,0.0057284934,1.771359,-0.5003329276796401,-3984375.0,8.01682e-06,1.0766058e-07,0.6176327835829585,0.009910886237793286,/content/drive/MyDrive/N-MON/ALTRO/spectograms/MULTITONE-NARROW-40-20/1092.npy,MULTITONE-NARROW-40-20
0.0118464995,0.020521574,0.74451536,0.60831714,0.7446096,-0.9988663,0.9930598,1.9919261634349823,-0.038229443,1.7220609,-0.5927026530788037,-3984375.0,7.4260256e-06,1.1037122e-07,0.6149025643184719,0.010119156513391521,/content/drive/MyDrive/N-MON/ALTRO/spectograms/MULTITONE-NARROW-40-20/1093.npy,MULTITONE-NARROW-40-20
-0.0004654007,0.0006086151,0.7308737,0.5908024,0.7308739,-0.8821917,0.8989407,1.7811324149370193,-0.0071824933,1.7746009,-0.5062692805378407,-3984375.0,8.43994e-06,1.0634518e-07,0.6079945666492232,0.010129436907340571,/content/drive/MyDrive/N-MON/ALTRO/spectograms/MULTITONE-NARROW-40-20/1094.npy,MULTITONE-NARROW-40-20
0.007871719,0.016700327,0.7385396,0.5987047,0.73858154,-0.9986637,0.9931918,1.9918555170297623,-0.02964241,1.7545967,-0.6096098921264411,-3984375.0,7.4069785e-06,1.0799987e-07,0.6133984174309866,0.009088899483410327,/content/drive/MyDrive/N-MON/ALTRO/spectograms/MULTITONE-NARROW-40-20/1095.npy,MULTITONE-NARROW-40-20
0.0038729622,0.008196858,0.7366419,0.6001666,0.7366521,-0.9546707,0.96924454,1.9239152818918228,-0.02730167,1.7468349,-0.5178468689148251,-3984375.0,8.24969e-06,1.0841075e-07,0.6082421614371164,0.01085337373183663,/content/drive/MyDrive/N-MON/ALTRO/spectograms/MULTITONE-NARROW-40-20/1096.npy,MULTITONE-NARROW-40-20
0.004519542,0.00867787,0.7338339,0.59423476,0.7338478,-0.91521364,0.9558494,1.8710630536079407,-0.022310853,1.7638562,-0.5251974105748857,-3984375.0,7.787939e-06,1.0623168e-07,0.6213000063244158,0.009286532108238111,/content/drive/MyDrive/N-MON/ALTRO/spectograms/MULTITONE-NARROW-40-20/1097.npy,MULTITONE-NARROW-40-20
0.010411752,0.016510874,0.74407464,0.6095166,0.74414754,-0.99908245,0.99282634,1.9919087886810303,-0.03464252,1.7184404,-0.5588433125389206,-4394531.25,7.4081977e-06,1.10557906e-07,0.618026652240311,0.010381936255350725,/content/drive/MyDrive/N-MON/ALTRO/spectograms/MULTITONE-NARROW-40-20/1098.npy,MULTITONE-NARROW-40-20
-0.004832497,-0.0070790974,0.730232,0.5916246,0.730248,-0.9054816,0.86200476,1.767486333847046,-0.00071833853,1.7745895,-0.49281241746555804,-3984375.0,8.669024e-06,1.06972415e-07,0.6131835229341249,0.010010238245811013,/content/drive/MyDrive/N-MON/ALTRO/spectograms/MULTITONE-NARROW-40-20/1099.npy,MULTITONE-NARROW-40-20
0.0019175654,-0.006803379,0.74100196,0.6028042,0.7410044,-0.9988961,0.99294853,1.9918446689844131,-0.009662022,1.7400169,-0.5978889849167183,-4394531.25,7.146193e-06,1.09087296e-07,0.6142316434312092,0.010536885042730945,/content/drive/MyDrive/N-MON/ALTRO/spectograms/MULTITONE-NARROW-40-20/1100.npy,MULTITONE-NARROW-40-20
-0.0075713107,-0.007101948,0.73345214,0.5947439,0.7334913,-0.95240206,0.9011748,1.8535768240690231,0.01078684,1.76356,-0.5065404910407995,-3984375.0,8.483788e-06,1.07332966e-07,0.6111207077237538,0.010184437315004867,/content/drive/MyDrive/N-MON/ALTRO/spectograms/MULTITONE-NARROW-40-20/1101.npy,MULTITONE-NARROW-40-20
-0.0061341706,0.00075306755,0.7298919,0.5890801,0.7299177,-0.91704357,0.8778479,1.794891431927681,0.006259656,1.7844195,-0.5325135825192745,-3984375.0,7.699088e-06,1.0728954e-07,0.6174276587855431,0.009846378759527034,/content/drive/MyDrive/N-MON/ALTRO/spectograms/MULTITONE-NARROW-40-20/1102.npy,MULTITONE-NARROW-40-20
0.004883814,0.008572843,0.7398828,0.6072737,0.739899,-0.9094776,0.9792084,1.8886860460042953,-0.02500554,1.721082,-0.46724324391691596,-3984375.0,7.4977165e-06,1.082537e-07,0.6133745641680682,0.010910898082286138,/content/drive/MyDrive/N-MON/ALTRO/spectograms/MULTITONE-NARROW-40-20/1103.npy,MULTITONE-NARROW-40-20
-0.011594385,-0.014921507,0.7303428,0.5903451,0.73043483,-0.9290074,0.87753963,1.8065471053123474,0.022101553,1.7771814,-0.510008683394542,-3984375.0,7.884844e-06,1.0683926e-07,0.618885282882222,0.0094617258737667,/content/drive/MyDrive/N-MON/ALTRO/spectograms/MULTITONE-NARROW-40-20/1104.npy,MULTITONE-NARROW-40-20
0.006919458,0.008685628,0.739879,0.6031806,0.7399113,-0.9990064,0.99281067,1.9918170720338821,-0.027339553,1.7425369,-0.5780848679301515,-4394531.25,7.758322e-06,1.0998599e-07,0.6154472533613088,0.010312463657215595,/content/drive/MyDrive/N-MON/ALTRO/spectograms/MULTITONE-NARROW-40-20/1105.npy,MULTITONE-NARROW-40-20
-0.0060453336,-0.0147448545,0.72977424,0.5920853,0.7297993,-0.8976466,0.86412585,1.7617724984884262,0.009374608,1.7749832,-0.46992624593720145,-3984375.0,8.680248e-06,1.0645704e-07,0.6095537621251073,0.009733508331235284,/content/drive/MyDrive/N-MON/ALTRO/spectograms/MULTITONE-NARROW-40-20/1106.npy,MULTITONE-NARROW-40-20
-0.0030262517,0.008701822,0.7388626,0.5991473,0.7388687,-0.99893683,0.99289584,1.991832658648491,-0.0060942215,1.7527646,-0.6065440935573464,-4394531.25,7.154342e-06,1.0898469e-07,0.6153800738922242,0.009607973121333525,/content/drive/MyDrive/N-MON/ALTRO/spectograms/MULTITONE-NARROW-40-20/1107.npy,MULTITONE-NARROW-40-20
-0.0034378686,0.0009923277,0.7345131,0.5976847,0.73452115,-0.93069696,0.96970326,1.9004002660512924,-0.00046905264,1.7567477,-0.5078547064866018,-3984375.0,8.187246e-06,1.0874208e-07,0.6077107817579133,0.010514767241104457,/content/drive/MyDrive/N-MON/ALTRO/spectograms/MULTITONE-NARROW-40-20/1108.npy,MULTITONE-NARROW-40-20
-0.008420076,-0.014562227,0.7322018,0.5917441,0.7322502,-0.94439054,0.87587714,1.8202677071094513,0.010424869,1.7705625,-0.5196478813284956,-3984375.0,7.72166e-06,1.0674043e-07,0.6199508822715908,0.010054104028283866,/content/drive/MyDrive/N-MON/ALTRO/spectograms/MULTITONE-NARROW-40-20/1109.npy,MULTITONE-NARROW-40-20
-0.0045366115,-0.0068663964,0.7454515,0.61312705,0.74546534,-0.99904025,0.9928428,1.991883024573326,0.0036697579,1.7053066,-0.53436453956774,-4394531.25,7.4795034e-06,1.1105254e-07,0.6139679508155977,0.010325037723010305,/content/drive/MyDrive/N-MON/ALTRO/spectograms/MULTITONE-NARROW-40-20/1110.npy,MULTITONE-NARROW-40-20
-0.0020568448,-0.0065242313,0.73190075,0.59227186,0.7319037,-0.95189154,0.8995386,1.8514301180839539,-0.006963632,1.7699183,-0.5142450290009625,-3984375.0,8.515035e-06,1.07309866e-07,0.6156743835695827,0.01019155919219663,/content/drive/MyDrive/N-MON/ALTRO/spectograms/MULTITONE-NARROW-40-20/1111.npy,MULTITONE-NARROW-40-20
0.007817251,0.008425044,0.7437534,0.6059339,0.7437945,-0.9991689,0.99271095,1.9918798208236694,-0.022850862,1.731787,-0.6312022510447816,-4394531.25,7.459821e-06,1.0978905e-07,0.613278450008754,0.009727621368634299,/content/drive/MyDrive/N-MON/ALTRO/spectograms/MULTITONE-NARROW-40-20/1112.npy,MULTITONE-NARROW-40-20
0.005058731,0.020478936,0.7350481,0.5972482,0.7350655,-0.95216453,0.93263865,1.8848031908273697,-0.032267872,1.757704,-0.5106455954119814,-3984375.0,7.215938e-06,1.0763418e-07,0.6151913855687179,0.01618120207015666,/content/drive/MyDrive/N-MON/ALTRO/spectograms/MULTITONE-NARROW-40-20/1113.npy,MULTITONE-NARROW-40-20
-0.008663336,-0.0068948097,0.7397336,0.59812033,0.73978436,-0.9989027,0.9929395,1.9918421506881714,0.006326082,1.7538036,-0.6455030415931998,-3984375.0,7.408057e-06,1.07608756e-07,0.6195165886451077,0.010865107665958232,/content/drive/MyDrive/N-MON/ALTRO/spectograms/MULTITONE-NARROW-40-20/1114.npy,MULTITONE-NARROW-40-20
-0.0016144614,0.00833619,0.7380364,0.602631,0.7380382,-0.9389059,0.9849219,1.9238277673721313,-0.0035208901,1.7350713,-0.5032993891078023,-3984375.0,7.607232e-06,1.0898553e-07,0.6136697821350636,0.011311346913393843,/content/drive/MyDrive/N-MON/ALTRO/spectograms/MULTITONE-NARROW-40-20/1115.npy,MULTITONE-NARROW-40-20
0.0009186177,0.008812017,0.7328669,0.5943657,0.7328675,-0.91310436,0.9189584,1.8320628106594086,-0.01640255,1.7654935,-0.5046381084674733,-3984375.0,8.261105e-06,1.0712745e-07,0.6237240219686294,0.010423267296027128,/content/drive/MyDrive/N-MON/ALTRO/spectograms/MULTITONE-NARROW-40-20/1116.npy,MULTITONE-NARROW-40-20
-0.0041336394,-0.0070994217,0.7438105,0.60724473,0.743822,-0.9991065,0.9927183,1.9918248355388641,0.0010833432,1.7242477,-0.6037964133615273,-4394531.25,7.692198e-06,1.10229124e-07,0.6171801757670612,0.00989015002494476,/content/drive/MyDrive/N-MON/ALTRO/spectograms/MULTITONE-NARROW-40-20/1117.npy,MULTITONE-NARROW-40-20
0.0049508936,0.004731804,0.733585,0.5951254,0.73360175,-0.9073868,0.9696018,1.8769886046648026,-0.021385083,1.7625207,-0.5204063217610378,-3984375.0,8.915936e-06,1.0698361e-07,0.6128537261570448,0.00937249050284301,/content/drive/MyDrive/N-MON/ALTRO/spectograms/MULTITONE-NARROW-40-20/1118.npy,MULTITONE-NARROW-40-20
0.006120536,0.008506874,0.7378685,0.5968309,0.7378939,-0.9991043,0.9927158,1.9918201267719269,-0.021341579,1.7592503,-0.6052549005566085,-4394531.25,7.518938e-06,1.09783265e-07,0.6191286048696777,0.011544876135653767,/content/drive/MyDrive/N-MON/ALTRO/spectograms/MULTITONE-NARROW-40-20/1119.npy,MULTITONE-NARROW-40-20
-0.0021605582,0.00023298641,0.7336966,0.5984319,0.73369974,-0.9685198,0.86941063,1.8379304260015488,-0.010607396,1.7540329,-0.4797133685702316,-3984375.0,7.990152e-06,1.074912e-07,0.6131976033233396,0.010517535990884034,/content/drive/MyDrive/N-MON/ALTRO/spectograms/MULTITONE-NARROW-40-20/1120.npy,MULTITONE-NARROW-40-20
-0.005938669,0.0006529881,0.7296218,0.589261,0.72964597,-0.93674785,0.8444993,1.7812471389770508,-0.0032021136,1.7830232,-0.5188109247628728,-3984375.0,7.658962e-06,1.0598432e-07,0.6407714158870261,0.02372045818478635,/content/drive/MyDrive/N-MON/ALTRO/spectograms/MULTITONE-NARROW-40-20/1121.npy,MULTITONE-NARROW-40-20
0.00827045,0.009096318,0.7437052,0.6076421,0.7437512,-0.9987018,0.993194,1.9918958246707916,-0.032211788,1.7176683,-0.5609010585748556,-4394531.25,7.680892e-06,1.10337034e-07,0.6126574144841033,0.010324197156875416,/content/drive/MyDrive/N-MON/ALTRO/spectograms/MULTITONE-NARROW-40-20/1122.npy,MULTITONE-NARROW-40-20
0.0041590347,0.008566933,0.7294552,0.5899774,0.72946703,-0.847013,0.906986,1.753999024629593,-0.021926707,1.7821234,-0.4996714524739706,-3984375.0,8.466783e-06,1.0662103e-07,0.613483928302902,0.008994970138827814,/content/drive/MyDrive/N-MON/ALTRO/spectograms/MULTITONE-NARROW-40-20/1123.npy,MULTITONE-NARROW-40-20
0.0028085022,0.0047876746,0.7441789,0.6056831,0.7441842,-0.99895215,0.9929178,1.9918699115514755,-0.020647764,1.7318397,-0.6389961767258684,-4394531.25,7.930723e-06,1.0983931e-07,0.6144742798328745,0.009685974683135177,/content/drive/MyDrive/N-MON/ALTRO/spectograms/MULTITONE-NARROW-40-20/1124.npy,MULTITONE-NARROW-40-20
0.009664572,0.016696788,0.7332129,0.59521353,0.7332766,-0.9130871,0.9776623,1.8907494246959686,-0.03840784,1.7679747,-0.519744894386233,-3984375.0,8.387336e-06,1.06922094e-07,0.6060189347719643,0.010421111160329209,/content/drive/MyDrive/N-MON/ALTRO/spectograms/MULTITONE-NARROW-40-20/1125.npy,MULTITONE-NARROW-40-20
0.003820346,0.008666681,0.73627096,0.59567016,0.73628086,-0.9913466,0.9927746,1.9841212332248688,-0.023390472,1.7608109,-0.5671977125240347,-3984375.0,7.5039147e-06,1.0810999e-07,0.6152330724339841,0.009128090472371331,/content/drive/MyDrive/N-MON/ALTRO/spectograms/MULTITONE-NARROW-40-20/1126.npy,MULTITONE-NARROW-40-20
0.006329601,0.015854787,0.7390616,0.6039497,0.73908865,-0.9079191,0.94751763,1.8554367572069168,-0.028165758,1.7269188,-0.47601267465022545,-4394531.25,7.524717e-06,1.10394694e-07,0.6119481808501523,0.011348931713320555,/content/drive/MyDrive/N-MON/ALTRO/spectograms/MULTITONE-NARROW-40-20/1127.npy,MULTITONE-NARROW-40-20
0.006170723,0.012358028,0.7319337,0.5927269,0.73195976,-0.90557015,0.9244862,1.830056369304657,-0.027883109,1.7729539,-0.5115663921304466,-3984375.0,7.928244e-06,1.06379126e-07,0.6199752038930277,0.009741298171106437,/content/drive/MyDrive/N-MON/ALTRO/spectograms/MULTITONE-NARROW-40-20/1128.npy,MULTITONE-NARROW-40-20
-0.010193058,-0.0072166706,0.7463873,0.61191845,0.7464569,-0.9992331,0.99262524,1.991858422756195,0.01973935,1.7118732,-0.5853047952505773,-4394531.25,7.941316e-06,1.1023754e-07,0.619247538685763,0.010689504752546635,/content/drive/MyDrive/N-MON/ALTRO/spectograms/MULTITONE-NARROW-40-20/1129.npy,MULTITONE-NARROW-40-20
-0.00077145005,-0.0032622695,0.7339476,0.59552807,0.73394793,-0.9349599,0.9792065,1.9141664057970047,3.989491e-05,1.7643461,-0.5292788321149794,-3984375.0,8.568583e-06,1.0714789e-07,0.6129671536866854,0.009454369381940244,/content/drive/MyDrive/N-MON/ALTRO/spectograms/MULTITONE-NARROW-40-20/1130.npy,MULTITONE-NARROW-40-20
0.014139662,0.024317224,0.7400044,0.59810936,0.7401394,-0.99880373,0.99292964,1.991733357310295,-0.046576984,1.7590598,-0.6673455065645896,-4394531.25,7.65327e-06,1.0914662e-07,0.6188841392550362,0.010168953899649093,/content/drive/MyDrive/N-MON/ALTRO/spectograms/MULTITONE-NARROW-40-20/1131.npy,MULTITONE-NARROW-40-20
-0.0032128068,0.0005266045,0.7363354,0.6010416,0.7363424,-0.9526086,0.9478195,1.9004280716180801,0.0024524794,1.743461,-0.4872509384414113,-3984375.0,7.5451076e-06,1.084445e-07,0.6132670975974164,0.011886015116758098,/content/drive/MyDrive/N-MON/ALTRO/spectograms/MULTITONE-NARROW-40-20/1132.npy,MULTITONE-NARROW-40-20
-0.0031039948,0.0010767339,0.7321293,0.59324884,0.7321359,-0.97951686,0.8779552,1.8574720621109009,-0.010753856,1.7719091,-0.5108495002920607,-3984375.0,7.9057045e-06,1.0626778e-07,0.6219490486274339,0.009717651937573448,/content/drive/MyDrive/N-MON/ALTRO/spectograms/MULTITONE-NARROW-40-20/1133.npy,MULTITONE-NARROW-40-20
-0.008658289,0.00054352655,0.7449561,0.6098364,0.7450063,-0.9994004,0.9925337,1.9919341206550598,0.000760009,1.7129598,-0.5606991327494263,-4394531.25,7.4925756e-06,1.09811154e-07,0.6166878096597814,0.011080805517795398,/content/drive/MyDrive/N-MON/ALTRO/spectograms/MULTITONE-NARROW-40-20/1134.npy,MULTITONE-NARROW-40-20
0.00016504907,0.0011725826,0.7347848,0.59603626,0.73478484,-0.94415164,0.94846493,1.8926165699958801,-0.0088623045,1.7594683,-0.519037962262595,-3984375.0,8.930822e-06,1.0756479e-07,0.6157171059639555,0.010031414354775978,/content/drive/MyDrive/N-MON/ALTRO/spectograms/MULTITONE-NARROW-40-20/1135.npy,MULTITONE-NARROW-40-20
-0.013041341,-0.014848605,0.7384756,0.59630454,0.7385908,-0.99897575,0.99287945,1.9918552190065384,0.018008005,1.7594935,-0.6373053187238417,-3984375.0,7.2833786e-06,1.0847875e-07,0.6115590302758109,0.008779030765374068,/content/drive/MyDrive/N-MON/ALTRO/spectograms/MULTITONE-NARROW-40-20/1136.npy,MULTITONE-NARROW-40-20
0.002385458,-0.006648636,0.7346522,0.5975366,0.7346561,-0.93055326,0.9854767,1.916029915213585,-0.014872035,1.7569354,-0.5116760089157549,-3984375.0,7.956512e-06,1.0799779e-07,0.6072395806604509,0.012000741687436246,/content/drive/MyDrive/N-MON/ALTRO/spectograms/MULTITONE-NARROW-40-20/1137.npy,MULTITONE-NARROW-40-20
0.0014167414,0.0005214626,0.73496383,0.5933447,0.7349652,-0.95271724,0.9924356,1.945152834057808,-0.008350563,1.7664896,-0.5685982729969369,-3984375.0,7.865233e-06,1.0784717e-07,0.6192219019366614,0.00938958088283182,/content/drive/MyDrive/N-MON/ALTRO/spectograms/MULTITONE-NARROW-40-20/1138.npy,MULTITONE-NARROW-40-20
0.0075518843,0.0009391198,0.7418088,0.6062064,0.7418472,-0.9483826,0.9928742,1.9412568658590317,-0.023781998,1.7229012,-0.5271235983660106,-4394531.25,7.4081295e-06,1.1040542e-07,0.6161353794099816,0.010744989500507722,/content/drive/MyDrive/N-MON/ALTRO/spectograms/MULTITONE-NARROW-40-20/1139.npy,MULTITONE-NARROW-40-20
0.0011362372,0.0010479114,0.73171365,0.59284574,0.7317145,-0.90148365,0.8720736,1.7735572308301926,-0.016218403,1.7671788,-0.5041893353844326,-3984375.0,7.3816054e-06,1.0630802e-07,0.6309881303051563,0.025088229550864583,/content/drive/MyDrive/N-MON/ALTRO/spectograms/MULTITONE-NARROW-40-20/1140.npy,MULTITONE-NARROW-40-20
-0.008557272,0.00068930665,0.741827,0.60307515,0.7418763,-0.9990626,0.99280596,1.9918685853481293,0.00797835,1.7404273,-0.6295225166179838,-4394531.25,7.756879e-06,1.0957065e-07,0.611839743567538,0.010131111808820238,/content/drive/MyDrive/N-MON/ALTRO/spectograms/MULTITONE-NARROW-40-20/1141.npy,MULTITONE-NARROW-40-20
-0.0036636468,-0.006923703,0.7317761,0.5913434,0.73178524,-0.95410657,0.91697246,1.8710790127515793,-0.0018298494,1.7756761,-0.5241475460026744,-3984375.0,8.762979e-06,1.0715781e-07,0.6072468128843804,0.010022463022127392,/content/drive/MyDrive/N-MON/ALTRO/spectograms/MULTITONE-NARROW-40-20/1142.npy,MULTITONE-NARROW-40-20
-0.012287972,-0.014074822,0.7363995,0.59439236,0.736502,-0.99844426,0.9700298,1.9684740602970123,0.017663233,1.7651339,-0.6058975995325541,-3984375.0,7.4134227e-06,1.07642684e-07,0.6153677206897861,0.00977023024987672,/content/drive/MyDrive/N-MON/ALTRO/spectograms/MULTITONE-NARROW-40-20/1143.npy,MULTITONE-NARROW-40-20
-0.0011765928,0.0007551477,0.7359133,0.60020316,0.73591423,-0.92313313,0.8934064,1.8165395706892014,-0.007063742,1.7393279,-0.47203108433417296,-3984375.0,7.4042837e-06,1.0807366e-07,0.6084213218186783,0.011250608272962816,/content/drive/MyDrive/N-MON/ALTRO/spectograms/MULTITONE-NARROW-40-20/1144.npy,MULTITONE-NARROW-40-20
0.0057574348,0.01230218,0.7319189,0.59302133,0.7319415,-0.8782805,0.9322591,1.8105396181344986,-0.023579279,1.771336,-0.5164837305159519,-3984375.0,8.3712275e-06,1.07140096e-07,0.6231038901004438,0.010631659854922313,/content/drive/MyDrive/N-MON/ALTRO/spectograms/MULTITONE-NARROW-40-20/1145.npy,MULTITONE-NARROW-40-20
0.005472899,0.008562806,0.7425962,0.6045745,0.74261636,-0.99903655,0.9928516,1.9918881505727768,-0.023876853,1.7308087,-0.5881892853378884,-4394531.25,8.015365e-06,1.0904721e-07,0.6152824893249975,0.009971956890478107,/content/drive/MyDrive/N-MON/ALTRO/spectograms/MULTITONE-NARROW-40-20/1146.npy,MULTITONE-NARROW-40-20
-0.011147102,-0.007062886,0.7308857,0.5919068,0.7309706,-0.9563305,0.8600434,1.816373884677887,0.016320836,1.7752788,-0.5020558273760739,-3984375.0,8.602567e-06,1.0741701e-07,0.6108874416123524,0.009906338496282127,/content/drive/MyDrive/N-MON/ALTRO/spectograms/MULTITONE-NARROW-40-20/1147.npy,MULTITONE-NARROW-40-20
1.0507583e-05,0.009040488,0.7367961,0.5962203,0.7367961,-0.99869514,0.9931628,1.9918579757213593,-0.012787479,1.7646542,-0.6111745510315388,-3984375.0,7.2622374e-06,1.0814208e-07,0.6324800614501609,0.03241504813163899,/content/drive/MyDrive/N-MON/ALTRO/spectograms/MULTITONE-NARROW-40-20/1148.npy,MULTITONE-NARROW-40-20
-0.01426312,-0.022564307,0.7376731,0.6025548,0.73781097,-0.99911577,0.8913752,1.8904909938573837,0.028178044,1.7357455,-0.47956994570725364,-3984375.0,8.078675e-06,1.0868692e-07,0.614493002109658,0.011419942733168011,/content/drive/MyDrive/N-MON/ALTRO/spectograms/MULTITONE-NARROW-40-20/1149.npy,MULTITONE-NARROW-40-20
-0.014071707,-0.0147839645,0.73201436,0.59272724,0.73214954,-0.94661057,0.88546336,1.8320739269256592,0.020969674,1.7721736,-0.5048728142830275,-3984375.0,8.198714e-06,1.06473735e-07,0.6217329136634707,0.010106150895456138,/content/drive/MyDrive/N-MON/ALTRO/spectograms/MULTITONE-NARROW-40-20/1150.npy,MULTITONE-NARROW-40-20
0.0053471583,0.004579629,0.74083036,0.60575914,0.7408496,-0.9700239,0.99271923,1.962743118405342,-0.015138086,1.7299471,-0.5441243541135307,-4394531.25,7.840634e-06,1.1046188e-07,0.612094084398544,0.010396143825600598,/content/drive/MyDrive/N-MON/ALTRO/spectograms/MULTITONE-NARROW-40-20/1151.npy,MULTITONE-NARROW-40-20
0.005762323,0.01642472,0.7319519,0.5937006,0.7319746,-0.91325015,0.90902925,1.8222793638706207,-0.032325152,1.7701018,-0.5014778535509211,-3984375.0,8.583847e-06,1.068391e-07,0.6101604097919816,0.009829589720662729,/content/drive/MyDrive/N-MON/ALTRO/spectograms/MULTITONE-NARROW-40-20/1152.npy,MULTITONE-NARROW-40-20
0.0040306384,0.0087230755,0.7351878,0.59544796,0.73519886,-0.9988145,0.99303174,1.991846278309822,-0.014862167,1.7703954,-0.5907771113460633,-4394531.25,7.2104e-06,1.08939474e-07,0.6083971669536918,0.008819906223048034,/content/drive/MyDrive/N-MON/ALTRO/spectograms/MULTITONE-NARROW-40-20/1153.npy,MULTITONE-NARROW-40-20
-0.0006130581,0.0006138007,0.7319474,0.59609234,0.7319477,-0.87641823,0.8697405,1.74615877866745,-0.010299834,1.759759,-0.45663764245589367,-3984375.0,6.94678e-06,1.0815727e-07,0.6072728319665571,0.014855055327801339,/content/drive/MyDrive/N-MON/ALTRO/spectograms/MULTITONE-NARROW-40-20/1154.npy,MULTITONE-NARROW-40-20
-0.005196082,0.00045638165,0.7302995,0.5913852,0.730318,-0.92711806,0.900938,1.8280560225248337,0.0010596765,1.7807347,-0.5082691166008583,-3984375.0,8.118407e-06,1.0689071e-07,0.6169722592576494,0.008961610299792894,/content/drive/MyDrive/N-MON/ALTRO/spectograms/MULTITONE-NARROW-40-20/1155.npy,MULTITONE-NARROW-40-20
-0.005615282,-0.006689303,0.7447166,0.6096074,0.74473774,-0.99883765,0.9696713,1.9685089886188507,-0.0056268265,1.7121248,-0.5553561372866788,-4394531.25,7.140391e-06,1.1024142e-07,0.6172744688193954,0.010515285343672161,/content/drive/MyDrive/N-MON/ALTRO/spectograms/MULTITONE-NARROW-40-20/1156.npy,MULTITONE-NARROW-40-20
-0.001591033,0.008555457,0.7314117,0.5907474,0.7314134,-0.93866503,0.8991847,1.8378497064113617,-0.008990093,1.7742782,-0.5288819930702565,-3984375.0,8.678623e-06,1.07339375e-07,0.615704998694873,0.009435980757743594,/content/drive/MyDrive/N-MON/ALTRO/spectograms/MULTITONE-NARROW-40-20/1157.npy,MULTITONE-NARROW-40-20
0.010003784,0.024159666,0.74089324,0.60301214,0.7409608,-0.9990064,0.9928415,1.991847887635231,-0.040265586,1.7420814,-0.5953340365166052,-4394531.25,7.2816333e-06,1.0951472e-07,0.6134608165839701,0.009776659200449423,/content/drive/MyDrive/N-MON/ALTRO/spectograms/MULTITONE-NARROW-40-20/1158.npy,MULTITONE-NARROW-40-20
-0.002930426,-0.0067940163,0.73526394,0.599939,0.7352697,-0.8877262,0.9561254,1.8438515365123749,0.00388413,1.7479038,-0.4830232774330706,-3984375.0,7.308992e-06,1.07567395e-07,0.636009306254595,0.01641708606236219,/content/drive/MyDrive/N-MON/ALTRO/spectograms/MULTITONE-NARROW-40-20/1159.npy,MULTITONE-NARROW-40-20
-0.01059777,-0.007484815,0.73408395,0.5938631,0.7341604,-0.99934226,0.9262209,1.9255631119012833,0.015953112,1.7691358,-0.553738463331806,-3984375.0,7.5468724e-06,1.0715108e-07,0.6203336458638382,0.009805201683206179,/content/drive/MyDrive/N-MON/ALTRO/spectograms/MULTITONE-NARROW-40-20/1160.npy,MULTITONE-NARROW-40-20
0.005324944,0.0088351695,0.7436363,0.6090525,0.74365544,-0.9775948,0.9929801,1.9705749452114105,-0.02532842,1.7150117,-0.522721087437276,-4394531.25,7.50527e-06,1.10248294e-07,0.61785266208276,0.010286282797802415,/content/drive/MyDrive/N-MON/ALTRO/spectograms/MULTITONE-NARROW-40-20/1161.npy,MULTITONE-NARROW-40-20
-0.00021835756,0.00080119586,0.7349207,0.596112,0.7349207,-0.9855934,0.96947455,1.9550679475069046,-0.006730045,1.7603703,-0.5355577788212057,-3984375.0,8.007749e-06,1.07585244e-07,0.6234583970901892,0.010168800723221152,/content/drive/MyDrive/N-MON/ALTRO/spectograms/MULTITONE-NARROW-40-20/1162.npy,MULTITONE-NARROW-40-20
0.010866785,0.016312895,0.7456357,0.6078346,0.7457149,-0.99907666,0.9927801,1.9918567538261414,-0.038334902,1.723208,-0.6279330773290034,-4394531.25,7.904924e-06,1.1005265e-07,0.6185471355881825,0.014081265969716619,/content/drive/MyDrive/N-MON/ALTRO/spectograms/MULTITONE-NARROW-40-20/1163.npy,MULTITONE-NARROW-40-20
0.0014437212,0.0009622872,0.7322372,0.5951993,0.73223865,-0.9130134,0.95420337,1.867216795682907,-0.013350347,1.7680155,-0.5003798116922039,-3984375.0,8.289583e-06,1.0688416e-07,0.6058753185242522,0.01102756084538763,/content/drive/MyDrive/N-MON/ALTRO/spectograms/MULTITONE-NARROW-40-20/1164.npy,MULTITONE-NARROW-40-20
-0.007945411,0.0002804426,0.7370341,0.5961899,0.7370769,-0.9995148,0.98459077,1.9841056317090988,0.0033242595,1.7607448,-0.6073670740174083,-3984375.0,7.617569e-06,1.0822673e-07,0.6164840281627327,0.010114026885967006,/content/drive/MyDrive/N-MON/ALTRO/spectograms/MULTITONE-NARROW-40-20/1165.npy,MULTITONE-NARROW-40-20
0.0035649315,0.008926829,0.7399446,0.6066799,0.73995316,-0.9306707,0.9209697,1.8516403883695602,-0.02506464,1.7188421,-0.4486805704794171,-3984375.0,7.5552953e-06,1.0978565e-07,0.6087114358290036,0.010291654874721633,/content/drive/MyDrive/N-MON/ALTRO/spectograms/MULTITONE-NARROW-40-20/1166.npy,MULTITONE-NARROW-40-20
0.008433053,0.024199083,0.7316471,0.59319484,0.7316956,-0.88410246,0.92458874,1.8086911886930466,-0.036244515,1.7727754,-0.5047176313342182,-3984375.0,7.976587e-06,1.060766e-07,0.6194568884326221,0.010018923426457013,/content/drive/MyDrive/N-MON/ALTRO/spectograms/MULTITONE-NARROW-40-20/1167.npy,MULTITONE-NARROW-40-20
0.011825623,0.01660709,0.7433043,0.60656554,0.7433984,-0.99895304,0.9929391,1.9918921887874603,-0.04354375,1.7311885,-0.6055221533714629,-4394531.25,7.695475e-06,1.0989018e-07,0.6141061217259239,0.009234018872441529,/content/drive/MyDrive/N-MON/ALTRO/spectograms/MULTITONE-NARROW-40-20/1168.npy,MULTITONE-NARROW-40-20
0.0065593673,0.008390531,0.73036265,0.59280276,0.7303921,-0.8822741,0.8872098,1.7694838792085648,-0.034086883,1.7747586,-0.4725004223898913,-3984375.0,8.696633e-06,1.06911024e-07,0.6087318254114871,0.009769789336825608,/content/drive/MyDrive/N-MON/ALTRO/spectograms/MULTITONE-NARROW-40-20/1169.npy,MULTITONE-NARROW-40-20
0.012642115,0.016157243,0.73533463,0.5917751,0.7354433,-0.9410657,0.99246246,1.9335281699895859,-0.042993087,1.7701123,-0.6075300647382395,-3984375.0,7.555959e-06,1.07160375e-07,0.6158109047725883,0.009694538039703356,/content/drive/MyDrive/N-MON/ALTRO/spectograms/MULTITONE-NARROW-40-20/1170.npy,MULTITONE-NARROW-40-20
-0.0040865275,0.0008429207,0.7393619,0.6041295,0.7393731,-0.9777824,0.9109299,1.8887123614549637,0.0011256541,1.7257613,-0.48621594929788803,-3984375.0,7.526383e-06,1.0910034e-07,0.6107981511516727,0.011455837503335774,/content/drive/MyDrive/N-MON/ALTRO/spectograms/MULTITONE-NARROW-40-20/1171.npy,MULTITONE-NARROW-40-20
0.012040966,0.016641248,0.7342041,0.59684336,0.7343028,-0.92882895,0.9560568,1.8848857134580612,-0.04685785,1.7609721,-0.5099029787535755,-3984375.0,8.0420705e-06,1.0731325e-07,0.6214546626671533,0.01039085017063261,/content/drive/MyDrive/N-MON/ALTRO/spectograms/MULTITONE-NARROW-40-20/1172.npy,MULTITONE-NARROW-40-20
0.0048037213,0.016232107,0.744539,0.6082307,0.7445545,-0.9991512,0.9927428,1.99189393222332,-0.02663899,1.7221868,-0.5879661077101296,-4394531.25,7.282199e-06,1.1034026e-07,0.6163127448364799,0.009721993288300715,/content/drive/MyDrive/N-MON/ALTRO/spectograms/MULTITONE-NARROW-40-20/1173.npy,MULTITONE-NARROW-40-20
-0.0017342699,0.000531466,0.7352701,0.59743273,0.7352721,-0.93688494,0.9868382,1.923723116517067,0.0058889147,1.7576292,-0.5368745332440376,-3984375.0,7.2392586e-06,1.0773333e-07,0.6803109853709375,0.02704802949665518,/content/drive/MyDrive/N-MON/ALTRO/spectograms/MULTITONE-NARROW-40-20/1174.npy,MULTITONE-NARROW-40-20
-0.009015554,0.0003590894,0.7362184,0.595022,0.73627365,-0.9993222,0.9633846,1.9627067595720291,0.0024882776,1.7653097,-0.6028786877775173,-4394531.25,7.5128614e-06,1.08369534e-07,0.6184653665875657,0.011006415301522264,/content/drive/MyDrive/N-MON/ALTRO/spectograms/MULTITONE-NARROW-40-20/1175.npy,MULTITONE-NARROW-40-20
0.0049204654,0.01660525,0.74103826,0.6067394,0.7410546,-0.9386174,0.99296623,1.931583657860756,-0.029409682,1.7183347,-0.4895280485975554,-3984375.0,7.3343167e-06,1.0903281e-07,0.6145235808570018,0.011202529348403219,/content/drive/MyDrive/N-MON/ALTRO/spectograms/MULTITONE-NARROW-40-20/1176.npy,MULTITONE-NARROW-40-20
-0.011815308,-0.010708551,0.7325454,0.5935338,0.7326407,-0.9697176,0.90913284,1.878850445151329,0.0209316,1.7714725,-0.5219114937398254,-3984375.0,7.716992e-06,1.074812e-07,0.6283954104338566,0.010676036972223432,/content/drive/MyDrive/N-MON/ALTRO/spectograms/MULTITONE-NARROW-40-20/1177.npy,MULTITONE-NARROW-40-20
-0.007689325,0.008914253,0.74198484,0.60446286,0.74202466,-0.9986648,0.993209,1.9918738156557083,-0.0040664356,1.7338756,-0.5923613373903108,-4394531.25,7.236703e-06,1.09043164e-07,0.6146748415141452,0.010321860984739653,/content/drive/MyDrive/N-MON/ALTRO/spectograms/MULTITONE-NARROW-40-20/1178.npy,MULTITONE-NARROW-40-20
0.0020180081,0.008782089,0.7325385,0.5930524,0.73254126,-0.92873365,0.87803453,1.8067681789398193,-0.020549815,1.7695341,-0.5144958448031495,-3984375.0,8.567402e-06,1.0670064e-07,0.6091703886630208,0.009539834973352873,/content/drive/MyDrive/N-MON/ALTRO/spectograms/MULTITONE-NARROW-40-20/1179.npy,MULTITONE-NARROW-40-20
-0.0020540294,-0.00713325,0.7353591,0.59466726,0.73536193,-0.98366505,0.9926361,1.976301148533821,-0.0034750362,1.7672344,-0.5853324950068918,-3984375.0,6.9765433e-06,1.0802246e-07,0.6300356481602825,0.027099016927319367,/content/drive/MyDrive/N-MON/ALTRO/spectograms/MULTITONE-NARROW-40-20/1180.npy,MULTITONE-NARROW-40-20
-0.0065504587,-0.0071388176,0.7381826,0.6025762,0.73821175,-0.97792965,0.9401375,1.9180672019720078,0.008926029,1.734464,-0.4971617356132595,-3984375.0,7.822743e-06,1.0811956e-07,0.6087534884849113,0.010156893134600066,/content/drive/MyDrive/N-MON/ALTRO/spectograms/MULTITONE-NARROW-40-20/1181.npy,MULTITONE-NARROW-40-20
0.006716739,0.016345378,0.7312831,0.59173876,0.73131394,-0.876116,0.94805473,1.8241706937551498,-0.027574753,1.7761072,-0.5129433745755644,-3984375.0,7.941395e-06,1.0698767e-07,0.6192728425079106,0.009700434101744813,/content/drive/MyDrive/N-MON/ALTRO/spectograms/MULTITONE-NARROW-40-20/1182.npy,MULTITONE-NARROW-40-20
0.00056512165,0.0007418213,0.74386084,0.60882807,0.7438611,-0.99911654,0.9928102,1.99192675948143,-0.009142622,1.7153565,-0.550080478986983,-4394531.25,6.846099e-06,1.09870584e-07,0.6427185345075361,0.024934434549321757,/content/drive/MyDrive/N-MON/ALTRO/spectograms/MULTITONE-NARROW-40-20/1183.npy,MULTITONE-NARROW-40-20
-0.0052380273,-0.007022393,0.7309357,0.5918189,0.73095447,-0.930853,0.8445401,1.775393158197403,0.0011593022,1.7713575,-0.5044159749631493,-3984375.0,8.355588e-06,1.0666761e-07,0.608638883155981,0.009931723358069067,/content/drive/MyDrive/N-MON/ALTRO/spectograms/MULTITONE-NARROW-40-20/1184.npy,MULTITONE-NARROW-40-20
-0.0067347875,-0.006957425,0.7349434,0.5939111,0.73497427,-0.9990959,0.9772258,1.976321667432785,0.00047134576,1.7708179,-0.5981269972624857,-4394531.25,7.6229126e-06,1.09005875e-07,0.609552272610822,0.00949702631016915,/content/drive/MyDrive/N-MON/ALTRO/spectograms/MULTITONE-NARROW-40-20/1185.npy,MULTITONE-NARROW-40-20
0.004370886,0.016495846,0.7418047,0.6082004,0.7418176,-0.9833731,0.99302346,1.9763965755701065,-0.023370435,1.7219138,-0.5113900085506621,-3984375.0,7.869076e-06,1.09242855e-07,0.6577921776037321,0.022205981260170846,/content/drive/MyDrive/N-MON/ALTRO/spectograms/MULTITONE-NARROW-40-20/1186.npy,MULTITONE-NARROW-40-20
-0.0034676967,0.00076130836,0.7305787,0.5913975,0.73058695,-0.92112863,0.89130974,1.8124383836984634,-0.0031860964,1.776406,-0.5019083787840471,-3984375.0,7.62444e-06,1.0618109e-07,0.620316667115316,0.009274441627754747,/content/drive/MyDrive/N-MON/ALTRO/spectograms/MULTITONE-NARROW-40-20/1187.npy,MULTITONE-NARROW-40-20
-0.005471037,-0.0074333837,0.7443336,0.610525,0.7443537,-0.99945676,0.99247575,1.9919325411319733,0.0068717324,1.7106509,-0.5266004109022849,-4394531.25,7.6223973e-06,1.107771e-07,0.6174926367545256,0.009943522632005878,/content/drive/MyDrive/N-MON/ALTRO/spectograms/MULTITONE-NARROW-40-20/1188.npy,MULTITONE-NARROW-40-20
-0.004973394,-0.014556518,0.7310127,0.5911945,0.7310296,-0.89161026,0.95608664,1.847696915268898,0.01091007,1.7742301,-0.5263497862419132,-3984375.0,8.450898e-06,1.0771144e-07,0.6142985158491772,0.01022843928106154,/content/drive/MyDrive/N-MON/ALTRO/spectograms/MULTITONE-NARROW-40-20/1189.npy,MULTITONE-NARROW-40-20
-0.00860541,-0.0070243077,0.7404857,0.6014259,0.74053574,-0.998867,0.99295205,1.9918190389871597,0.0043937326,1.7458357,-0.6128902289163999,-4394531.25,6.97228e-06,1.0923238e-07,0.6188869537206904,0.009717849466985286,/content/drive/MyDrive/N-MON/ALTRO/spectograms/MULTITONE-NARROW-40-20/1190.npy,MULTITONE-NARROW-40-20
-0.002622629,0.00081662566,0.735764,0.6002682,0.73576874,-0.9931915,0.9579559,1.9511473923921585,-0.005238468,1.7498482,-0.5019934970932508,-3984375.0,8.032596e-06,1.0784544e-07,0.6305924298029422,0.02333046376008461,/content/drive/MyDrive/N-MON/ALTRO/spectograms/MULTITONE-NARROW-40-20/1191.npy,MULTITONE-NARROW-40-20
0.010630029,0.012725294,0.7315399,0.5917213,0.73161715,-0.844723,0.9852934,1.8300163447856903,-0.031335827,1.7733576,-0.514704589481391,-3984375.0,7.824654e-06,1.0682131e-07,0.6184689057063889,0.010135303959615429,/content/drive/MyDrive/N-MON/ALTRO/spectograms/MULTITONE-NARROW-40-20/1192.npy,MULTITONE-NARROW-40-20
-0.010583177,-0.0148422625,0.7450592,0.61040777,0.74513435,-0.9991331,0.98705924,1.9861923605203629,0.015984003,1.7098615,-0.5476302698428565,-4394531.25,7.698396e-06,1.10462835e-07,0.6188573650948528,0.010689744270861442,/content/drive/MyDrive/N-MON/ALTRO/spectograms/MULTITONE-NARROW-40-20/1193.npy,MULTITONE-NARROW-40-20
0.0069644176,0.015825067,0.73067135,0.5898152,0.7307046,-0.8708486,0.91437507,1.7852236926555634,-0.033046454,1.7772918,-0.5089413770904879,-3984375.0,8.487412e-06,1.07421556e-07,0.6146120072129158,0.00918132087803317,/content/drive/MyDrive/N-MON/ALTRO/spectograms/MULTITONE-NARROW-40-20/1194.npy,MULTITONE-NARROW-40-20
0.0117349485,0.016131923,0.74038154,0.60197026,0.7404746,-0.99926007,0.9925962,1.9918562769889832,-0.03340262,1.743897,-0.60177378023403,-4394531.25,7.320898e-06,1.087987e-07,0.611176296412902,0.009267133348397542,/content/drive/MyDrive/N-MON/ALTRO/spectograms/MULTITONE-NARROW-40-20/1195.npy,MULTITONE-NARROW-40-20
-0.0068823425,-0.014709018,0.732064,0.5956421,0.7320964,-0.92101073,0.87779695,1.7988076955080032,0.012033816,1.7646402,-0.4806119529082632,-3984375.0,8.595211e-06,1.08325025e-07,0.6057119311308048,0.009981774617126876,/content/drive/MyDrive/N-MON/ALTRO/spectograms/MULTITONE-NARROW-40-20/1196.npy,MULTITONE-NARROW-40-20
0.004906605,0.008488965,0.73421335,0.5952075,0.7342297,-0.9526124,0.99256414,1.9451765418052673,-0.02657604,1.7668937,-0.5381186278791416,-3984375.0,7.762809e-06,1.0729572e-07,0.615361158208548,0.009760810108319914,/content/drive/MyDrive/N-MON/ALTRO/spectograms/MULTITONE-NARROW-40-20/1197.npy,MULTITONE-NARROW-40-20
0.008492788,0.016127214,0.7421436,0.6075345,0.7421922,-0.94660664,0.992628,1.9392346143722534,-0.031727552,1.7169946,-0.5049983842036357,-4394531.25,6.988144e-06,1.0909013e-07,0.6153375964576382,0.010594752394330614,/content/drive/MyDrive/N-MON/ALTRO/spectograms/MULTITONE-NARROW-40-20/1198.npy,MULTITONE-NARROW-40-20
0.0024485989,0.008551221,0.73175293,0.59263116,0.73175704,-0.93682,0.9011321,1.8379520624876022,-0.020357043,1.7738262,-0.5242703999566115,-3984375.0,8.360748e-06,1.0721508e-07,0.6166056262819664,0.009795679892796259,/content/drive/MyDrive/N-MON/ALTRO/spectograms/MULTITONE-NARROW-40-20/1199.npy,MULTITONE-NARROW-40-20
-0.0055635357,0.008340008,0.74005944,0.6029856,0.74008036,-0.9991577,0.99269325,1.9918510019779205,-0.0061085373,1.7421219,-0.5800971156841978,-4394531.25,7.815538e-06,1.1056961e-07,0.6142699396354956,0.009002685365729192,/content/drive/MyDrive/N-MON/ALTRO/spectograms/MULTITONE-NARROW-40-20/1200.npy,MULTITONE-NARROW-40-20
0.00058606744,-0.006748751,0.7332718,0.5954195,0.733272,-0.905273,0.99311835,1.898391380906105,-0.003663549,1.7676183,-0.5230918030835038,-3984375.0,7.929844e-06,1.0675092e-07,0.6113495932091763,0.010907477491643038,/content/drive/MyDrive/N-MON/ALTRO/spectograms/MULTITONE-NARROW-40-20/1201.npy,MULTITONE-NARROW-40-20
-0.0119403675,-0.0070630675,0.7331728,0.592631,0.73326993,-0.9934226,0.91072917,1.904151812195778,0.014329772,1.7724162,-0.5596676742729026,-3984375.0,7.798163e-06,1.0779135e-07,0.616498731803125,0.00975471076134367,/content/drive/MyDrive/N-MON/ALTRO/spectograms/MULTITONE-NARROW-40-20/1202.npy,MULTITONE-NARROW-40-20
0.005405879,0.01595505,0.7449171,0.6116319,0.74493676,-0.93706787,0.9924338,1.9295016676187515,-0.027516874,1.6997794,-0.4910248523451691,-4394531.25,7.3959827e-06,1.1018509e-07,0.6233660119756808,0.011381576608987512,/content/drive/MyDrive/N-MON/ALTRO/spectograms/MULTITONE-NARROW-40-20/1203.npy,MULTITONE-NARROW-40-20
-0.0033023162,0.00052463484,0.7327635,0.59430116,0.73277104,-0.91549563,0.908787,1.8242826908826828,-0.0015006225,1.7654445,-0.5021481749478821,-3984375.0,8.326115e-06,1.0631602e-07,0.6194481597125521,0.01123166357116015,/content/drive/MyDrive/N-MON/ALTRO/spectograms/MULTITONE-NARROW-40-20/1204.npy,MULTITONE-NARROW-40-20
-0.00285013,-0.0073030014,0.7396218,0.60213274,0.7396273,-0.99928296,0.99255395,1.9918369054794312,0.0006854808,1.7423651,-0.5714477703820907,-4394531.25,7.762911e-06,1.09849154e-07,0.6160494957533589,0.010024234009896174,/content/drive/MyDrive/N-MON/ALTRO/spectograms/MULTITONE-NARROW-40-20/1205.npy,MULTITONE-NARROW-40-20
-0.0099660335,-0.006923343,0.73218274,0.5947707,0.7322505,-0.9445292,0.87782615,1.822355329990387,0.012319418,1.7646149,-0.4822916314233786,-3984375.0,8.842628e-06,1.0615986e-07,0.6099492787761239,0.00977588779329339,/content/drive/MyDrive/N-MON/ALTRO/spectograms/MULTITONE-NARROW-40-20/1206.npy,MULTITONE-NARROW-40-20
0.009940054,0.016599689,0.7361577,0.5956295,0.73622483,-0.9988917,0.99294645,1.9918381869792938,-0.038056437,1.7644634,-0.591135865359819,-3984375.0,7.296469e-06,1.0781585e-07,0.6182986738612053,0.010155341741227578,/content/drive/MyDrive/N-MON/ALTRO/spectograms/MULTITONE-NARROW-40-20/1207.npy,MULTITONE-NARROW-40-20
-0.0032269536,-0.0070648026,0.7374649,0.60254574,0.73747194,-0.94468147,0.8952508,1.8399322628974915,-0.00096505845,1.7315271,-0.4642969942432221,-3984375.0,7.741121e-06,1.0900317e-07,0.6090754319954517,0.01069794080378024,/content/drive/MyDrive/N-MON/ALTRO/spectograms/MULTITONE-NARROW-40-20/1208.npy,MULTITONE-NARROW-40-20
-0.010807567,-0.010869469,0.73020357,0.59036165,0.73028356,-0.92870826,0.893468,1.8221762776374817,0.017634653,1.7778534,-0.5025533174606115,-3984375.0,8.173101e-06,1.06627326e-07,0.6160195959569439,0.009418887068953233,/content/drive/MyDrive/N-MON/ALTRO/spectograms/MULTITONE-NARROW-40-20/1209.npy,MULTITONE-NARROW-40-20
0.002576489,0.008799806,0.7421724,0.6044045,0.7421769,-0.9987701,0.99310744,1.9918775409460068,-0.014259202,1.7352467,-0.6017997497644291,-4394531.25,8.084087e-06,1.10197625e-07,0.6133768659782695,0.009993361935142567,/content/drive/MyDrive/N-MON/ALTRO/spectograms/MULTITONE-NARROW-40-20/1210.npy,MULTITONE-NARROW-40-20
-0.0050692284,-0.0071015814,0.7324217,0.59271514,0.73243916,-0.9778824,0.92640567,1.9042880535125732,0.0019851297,1.772735,-0.5390655316312484,-3984375.0,8.604271e-06,1.06978305e-07,0.6063811945742565,0.01046747111309759,/content/drive/MyDrive/N-MON/ALTRO/spectograms/MULTITONE-NARROW-40-20/1211.npy,MULTITONE-NARROW-40-20
0.0026512784,0.0007316227,0.73340476,0.5927487,0.7334096,-0.91339767,0.99262816,1.9060258567333221,-0.012061338,1.7727238,-0.5555554479531529,-3984375.0,7.3860792e-06,1.0706616e-07,0.6116910745000699,0.009256661171426785,/content/drive/MyDrive/N-MON/ALTRO/spectograms/MULTITONE-NARROW-40-20/1212.npy,MULTITONE-NARROW-40-20
-0.0035207204,0.00086412136,0.73978776,0.60745966,0.7397961,-0.93665767,0.883739,1.8203966468572617,-0.0012064707,1.7166624,-0.45853098678954585,-3984375.0,7.5740113e-06,1.08918464e-07,0.6096463724113558,0.010817277894742424,/content/drive/MyDrive/N-MON/ALTRO/spectograms/MULTITONE-NARROW-40-20/1213.npy,MULTITONE-NARROW-40-20
-0.0052900473,0.0013230331,0.72915494,0.5894525,0.72917414,-0.92245364,0.8704972,1.7929508984088898,0.0012448287,1.7809458,-0.4847915474642345,-3984375.0,8.050833e-06,1.070405e-07,0.6176337705646304,0.009809565198817368,/content/drive/MyDrive/N-MON/ALTRO/spectograms/MULTITONE-NARROW-40-20/1214.npy,MULTITONE-NARROW-40-20
0.0015626249,0.008793555,0.7425944,0.6053807,0.74259603,-0.99897903,0.99290574,1.9918847978115082,-0.02026724,1.7304271,-0.5930185577432355,-4394531.25,7.3579067e-06,1.09521054e-07,0.6160624657698901,0.011467832432486277,/content/drive/MyDrive/N-MON/ALTRO/spectograms/MULTITONE-NARROW-40-20/1215.npy,MULTITONE-NARROW-40-20
0.004424452,0.008656647,0.731914,0.594508,0.73192745,-0.91328907,0.9070473,1.8203363418579102,-0.021887658,1.7656819,-0.4823190865171566,-3984375.0,8.751714e-06,1.072694e-07,0.6098484130172346,0.01007613018971546,/content/drive/MyDrive/N-MON/ALTRO/spectograms/MULTITONE-NARROW-40-20/1216.npy,MULTITONE-NARROW-40-20
-0.010510065,0.00083866465,0.738145,0.5979075,0.73821986,-0.99891156,0.9929335,1.9918450713157654,0.008695914,1.7602786,-0.6315111874039526,-3984375.0,7.1782233e-06,1.08922336e-07,0.6208902942132347,0.009801568246733153,/content/drive/MyDrive/N-MON/ALTRO/spectograms/MULTITONE-NARROW-40-20/1217.npy,MULTITONE-NARROW-40-20
-0.0003025899,0.008620915,0.7382235,0.6038222,0.7382236,-0.89966893,0.8932439,1.7929128259420395,-0.015413277,1.7239643,-0.45452041986322567,-3984375.0,7.693132e-06,1.08555255e-07,0.6116497882696075,0.011600273850120907,/content/drive/MyDrive/N-MON/ALTRO/spectograms/MULTITONE-NARROW-40-20/1218.npy,MULTITONE-NARROW-40-20
0.010602129,0.016140874,0.7306918,0.5905307,0.7307686,-0.839228,0.9479095,1.7871374189853668,-0.038831666,1.7781496,-0.5266563411344151,-3984375.0,7.79228e-06,1.06667194e-07,0.6218345370114382,0.010490097915135856,/content/drive/MyDrive/N-MON/ALTRO/spectograms/MULTITONE-NARROW-40-20/1219.npy,MULTITONE-NARROW-40-20
0.0141873015,0.024025515,0.7428076,0.6045262,0.7429431,-0.99916345,0.9927068,1.991870254278183,-0.045344897,1.7351359,-0.6105673281042848,-4394531.25,7.814826e-06,1.09817734e-07,0.6199450882602626,0.00924059134094113,/content/drive/MyDrive/N-MON/ALTRO/spectograms/MULTITONE-NARROW-40-20/1220.npy,MULTITONE-NARROW-40-20
-0.009575702,-0.006807642,0.7311356,0.5931185,0.7311983,-0.9384532,0.88390684,1.8223600387573242,0.015591685,1.771743,-0.49873245935288335,-3984375.0,8.677408e-06,1.0708226e-07,0.6139387133890937,0.021729895248217536,/content/drive/MyDrive/N-MON/ALTRO/spectograms/MULTITONE-NARROW-40-20/1221.npy,MULTITONE-NARROW-40-20
0.013898602,0.024080686,0.7362941,0.5965827,0.7364253,-0.90166163,0.9927653,1.8944269567728043,-0.038546532,1.7617424,-0.5680978027889118,-3984375.0,7.1952263e-06,1.07798215e-07,0.6151813240601018,0.009891192856369633,/content/drive/MyDrive/N-MON/ALTRO/spectograms/MULTITONE-NARROW-40-20/1222.npy,MULTITONE-NARROW-40-20
0.0025059304,0.00838334,0.7376729,0.60387653,0.7376772,-0.85865,0.9460766,1.8047266006469727,-0.0132796215,1.7270613,-0.45688356288641974,-3984375.0,7.712121e-06,1.09253456e-07,0.6091799996292384,0.01036073788383998,/content/drive/MyDrive/N-MON/ALTRO/spectograms/MULTITONE-NARROW-40-20/1223.npy,MULTITONE-NARROW-40-20
-0.005719619,-0.0068159997,0.7326246,0.5933617,0.73264694,-0.9444682,0.9012971,1.8457652777433395,0.005259521,1.7689252,-0.5204766026730826,-3984375.0,8.209207e-06,1.0628068e-07,0.6231604475523718,0.008879814883970572,/content/drive/MyDrive/N-MON/ALTRO/spectograms/MULTITONE-NARROW-40-20/1224.npy,MULTITONE-NARROW-40-20
-0.01004455,0.0007604994,0.7396819,0.6017683,0.73975015,-0.99894875,0.97537875,1.9743275195360184,0.0018447103,1.7440618,-0.5944749304802351,-4394531.25,7.835148e-06,1.0905343e-07,0.6110436377037647,0.009700031152012607,/content/drive/MyDrive/N-MON/ALTRO/spectograms/MULTITONE-NARROW-40-20/1225.npy,MULTITONE-NARROW-40-20
0.009316309,0.024104118,0.7304582,0.59248877,0.7305176,-0.8529447,0.9011322,1.7540768682956696,-0.04151574,1.7738862,-0.48569956599499264,-3984375.0,6.7007677e-06,1.080074e-07,0.6356364125199281,0.032518716790131234,/content/drive/MyDrive/N-MON/ALTRO/spectograms/MULTITONE-NARROW-40-20/1226.npy,MULTITONE-NARROW-40-20
-0.005614998,-0.0070963698,0.737195,0.5963934,0.7372164,-0.99900866,0.9928138,1.9918224960565567,0.005090577,1.7593176,-0.6022068640859671,-3984375.0,7.798161e-06,1.08281164e-07,0.6166002525553349,0.009059637183807026,/content/drive/MyDrive/N-MON/ALTRO/spectograms/MULTITONE-NARROW-40-20/1227.npy,MULTITONE-NARROW-40-20
-0.00870962,-0.011082677,0.73912907,0.6058206,0.7391804,-0.9134495,0.9029252,1.8163746893405914,0.020437164,1.7236165,-0.4647336245826238,-3984375.0,7.5699318e-06,1.0868809e-07,0.6117452227185975,0.011068758316567489,/content/drive/MyDrive/N-MON/ALTRO/spectograms/MULTITONE-NARROW-40-20/1228.npy,MULTITONE-NARROW-40-20
-0.0007258043,-0.006956911,0.73279285,0.5952244,0.73279315,-0.9484747,0.91485214,1.863326832652092,-0.009714422,1.7671607,-0.5062848545558946,-3984375.0,7.755355e-06,1.06217065e-07,0.6213339587837874,0.010185683473182659,/content/drive/MyDrive/N-MON/ALTRO/spectograms/MULTITONE-NARROW-40-20/1229.npy,MULTITONE-NARROW-40-20
0.0011183729,0.016038358,0.7424344,0.6056444,0.7424353,-0.9993003,0.99259996,1.9919002801179886,-0.023232397,1.7325596,-0.5902839355483077,-4394531.25,7.7097575e-06,1.10207864e-07,0.6168866814452716,0.01049375888526339,/content/drive/MyDrive/N-MON/ALTRO/spectograms/MULTITONE-NARROW-40-20/1230.npy,MULTITONE-NARROW-40-20
0.006746111,0.024306057,0.73228735,0.59839374,0.73231846,-0.9326383,0.9305358,1.8631740510463715,-0.03665489,1.761971,-0.47423566710128917,-3984375.0,8.749277e-06,1.0683344e-07,0.6124470110501029,0.009838591585207654,/content/drive/MyDrive/N-MON/ALTRO/spectograms/MULTITONE-NARROW-40-20/1231.npy,MULTITONE-NARROW-40-20
0.007985183,0.008477582,0.7328813,0.5915234,0.73292476,-0.9757003,0.985016,1.960716351866722,-0.032692928,1.777288,-0.568622205306431,-3984375.0,7.5377807e-06,1.063916e-07,0.6177804036804724,0.009880950224703314,/content/drive/MyDrive/N-MON/ALTRO/spectograms/MULTITONE-NARROW-40-20/1232.npy,MULTITONE-NARROW-40-20
-0.007047015,-0.007415834,0.7387648,0.6046237,0.7387984,-0.9819392,0.9027558,1.8846949934959412,0.0070246146,1.7273978,-0.4712222111781187,-3984375.0,7.5680286e-06,1.0818289e-07,0.6112312063595942,0.011437822898098863,/content/drive/MyDrive/N-MON/ALTRO/spectograms/MULTITONE-NARROW-40-20/1233.npy,MULTITONE-NARROW-40-20
0.010624314,0.016427826,0.731731,0.5912347,0.73180807,-0.89758843,0.97740823,1.8749966770410538,-0.03559802,1.775626,-0.5300393259467909,-3984375.0,8.664406e-06,1.071335e-07,0.6248781981999698,0.010327806023182005,/content/drive/MyDrive/N-MON/ALTRO/spectograms/MULTITONE-NARROW-40-20/1234.npy,MULTITONE-NARROW-40-20
0.00614404,0.008833941,0.7429894,0.6072495,0.7430148,-0.9989542,0.9929356,1.9918897449970245,-0.025255524,1.7224565,-0.56387778595332,-4394531.25,7.627853e-06,1.09326834e-07,0.6245443294889863,0.020079433196036764,/content/drive/MyDrive/N-MON/ALTRO/spectograms/MULTITONE-NARROW-40-20/1235.npy,MULTITONE-NARROW-40-20
-0.0037200532,0.000822794,0.72966456,0.5905984,0.72967404,-0.88598,0.8698523,1.7558323442935944,-0.00086692744,1.7791123,-0.5026005025929853,-3984375.0,8.5531365e-06,1.07037145e-07,0.605632966608341,0.00908879263810692,/content/drive/MyDrive/N-MON/ALTRO/spectograms/MULTITONE-NARROW-40-20/1236.npy,MULTITONE-NARROW-40-20
-0.008732433,-0.006826982,0.73463416,0.5941593,0.7346861,-0.9988651,0.992947,1.9918121099472046,0.010932964,1.77322,-0.5959155577721474,-3984375.0,7.631943e-06,1.0741377e-07,0.6124498968119174,0.009135370886851386,/content/drive/MyDrive/N-MON/ALTRO/spectograms/MULTITONE-NARROW-40-20/1237.npy,MULTITONE-NARROW-40-20
0.0039412347,0.008462671,0.73950166,0.60476655,0.7395121,-0.9154249,0.92453,1.839954912662506,-0.024202138,1.7204374,-0.4562212392755002,-3984375.0,7.3474603e-06,1.0832186e-07,0.607990825436644,0.010708821808102963,/content/drive/MyDrive/N-MON/ALTRO/spectograms/MULTITONE-NARROW-40-20/1238.npy,MULTITONE-NARROW-40-20
0.004669485,0.008436922,0.7322719,0.5936445,0.7322869,-0.89972556,0.9323783,1.83210389316082,-0.022831716,1.7670422,-0.5031580093062448,-3984375.0,8.0285445e-06,1.0694836e-07,0.6196128460653124,0.009548621579799159,/content/drive/MyDrive/N-MON/ALTRO/spectograms/MULTITONE-NARROW-40-20/1239.npy,MULTITONE-NARROW-40-20
0.011240193,0.023698486,0.7446783,0.6097503,0.74476314,-0.9994535,0.9924091,1.9918625801801682,-0.046277415,1.7191952,-0.5807229209430159,-4394531.25,7.763575e-06,1.09737e-07,0.6131780626352148,0.009864415175434802,/content/drive/MyDrive/N-MON/ALTRO/spectograms/MULTITONE-NARROW-40-20/1240.npy,MULTITONE-NARROW-40-20
0.0073860157,0.008618627,0.7345466,0.59698755,0.73458374,-0.9152273,0.94992405,1.8651513159275055,-0.034068927,1.7579513,-0.5014642363912439,-3984375.0,8.398741e-06,1.0638384e-07,0.6067198795943428,0.010203563603041733,/content/drive/MyDrive/N-MON/ALTRO/spectograms/MULTITONE-NARROW-40-20/1241.npy,MULTITONE-NARROW-40-20
0.014037394,0.016437562,0.73562616,0.59653294,0.7357601,-0.9406622,0.9926714,1.933333545923233,-0.04776316,1.7640226,-0.5615091985443669,-3984375.0,7.3620104e-06,1.0726238e-07,0.6148145958624222,0.009929458876475453,/content/drive/MyDrive/N-MON/ALTRO/spectograms/MULTITONE-NARROW-40-20/1242.npy,MULTITONE-NARROW-40-20
-0.009642136,-0.014605368,0.73740566,0.6040995,0.73746866,-0.8973899,0.932762,1.8301519453525543,0.023247927,1.733883,-0.4564748163944491,-3984375.0,7.797479e-06,1.088586e-07,0.6097788749929205,0.010963759162079386,/content/drive/MyDrive/N-MON/ALTRO/spectograms/MULTITONE-NARROW-40-20/1243.npy,MULTITONE-NARROW-40-20
-0.004453326,0.0008475428,0.7308183,0.592831,0.7308319,-0.88958615,0.8524426,1.7420287728309631,0.00095001154,1.7691518,-0.4710350963587545,-3984375.0,8.1093385e-06,1.0701737e-07,0.6233945201123463,0.009706164225532887,/content/drive/MyDrive/N-MON/ALTRO/spectograms/MULTITONE-NARROW-40-20/1244.npy,MULTITONE-NARROW-40-20
0.008256745,0.016297337,0.7397119,0.60264313,0.73975796,-0.9619921,0.9928123,1.9548043757677078,-0.023119861,1.7394859,-0.5579030698898634,-4394531.25,7.5594385e-06,1.1004353e-07,0.6179514405103959,0.010445937663059419,/content/drive/MyDrive/N-MON/ALTRO/spectograms/MULTITONE-NARROW-40-20/1245.npy,MULTITONE-NARROW-40-20
-0.01045726,-0.007045013,0.73061943,0.59371215,0.73069423,-0.94654393,0.79180384,1.7383477538824081,0.008100409,1.7690543,-0.4690334192701623,-3984375.0,8.806159e-06,1.0671086e-07,0.610867000685156,0.009271382418575518,/content/drive/MyDrive/N-MON/ALTRO/spectograms/MULTITONE-NARROW-40-20/1246.npy,MULTITONE-NARROW-40-20
0.013223399,0.024369963,0.7338879,0.5914315,0.73400706,-0.9852551,0.99307024,1.9783253818750381,-0.046532232,1.7752532,-0.6025985730350981,-3984375.0,7.3113906e-06,1.0758534e-07,0.6145161330134497,0.009655391157837008,/content/drive/MyDrive/N-MON/ALTRO/spectograms/MULTITONE-NARROW-40-20/1247.npy,MULTITONE-NARROW-40-20
0.0014434776,0.009102902,0.7350669,0.60233957,0.7350683,-0.87575305,0.88599706,1.761750116944313,-0.01303237,1.73865,-0.44361148483671553,-3984375.0,7.599325e-06,1.08907244e-07,0.6100622072464161,0.011486848674559269,/content/drive/MyDrive/N-MON/ALTRO/spectograms/MULTITONE-NARROW-40-20/1248.npy,MULTITONE-NARROW-40-20
-0.0065850257,-0.006841601,0.7282619,0.58962077,0.72829163,-0.88783073,0.83876234,1.7265930771827698,0.005200946,1.7847849,-0.4800873970404532,-3984375.0,8.092711e-06,1.0641575e-07,0.6205394922630643,0.010244177387417631,/content/drive/MyDrive/N-MON/ALTRO/spectograms/MULTITONE-NARROW-40-20/1249.npy,MULTITONE-NARROW-40-20
0.006195613,0.008638243,0.74177384,0.60253745,0.74179965,-0.99892503,0.99297905,1.9919041097164154,-0.023669481,1.7371585,-0.6063962210413064,-4394531.25,5.933171e-06,1.0911957e-07,0.6455516961169429,0.03932255250086454,/content/drive/MyDrive/N-MON/ALTRO/spectograms/MULTITONE-NARROW-40-20/1250.npy,MULTITONE-NARROW-40-20
-0.0022453049,0.0010654824,0.7316405,0.592656,0.731644,-0.9697198,0.9267769,1.896496742963791,-0.007320185,1.7763945,-0.5276645407303376,-3984375.0,8.580622e-06,1.0680334e-07,0.6102885001069338,0.010215194210879115,/content/drive/MyDrive/N-MON/ALTRO/spectograms/MULTITONE-NARROW-40-20/1251.npy,MULTITONE-NARROW-40-20
0.012376035,0.016506739,0.7370604,0.59530807,0.7371643,-0.9910208,0.9930106,1.9840313643217087,-0.0386099,1.7651063,-0.6233345309881183,-3984375.0,7.593698e-06,1.0850398e-07,0.6146997578019111,0.008861729792858502,/content/drive/MyDrive/N-MON/ALTRO/spectograms/MULTITONE-NARROW-40-20/1252.npy,MULTITONE-NARROW-40-20
0.00027471114,0.0048524253,0.7338733,0.5981829,0.73387337,-0.86617756,0.8681591,1.7343366891145706,-0.009055977,1.744355,-0.44443384649205,-3984375.0,6.356173e-06,1.06186434e-07,0.6643964503395692,0.04097237466376401,/content/drive/MyDrive/N-MON/ALTRO/spectograms/MULTITONE-NARROW-40-20/1253.npy,MULTITONE-NARROW-40-20
0.0054959757,0.024331383,0.7304657,0.5898123,0.73048633,-0.8916702,0.95610243,1.8477726578712463,-0.031186417,1.7818046,-0.5287342847139361,-3984375.0,7.959904e-06,1.0655926e-07,0.6181966279590911,0.010209660426307922,/content/drive/MyDrive/N-MON/ALTRO/spectograms/MULTITONE-NARROW-40-20/1254.npy,MULTITONE-NARROW-40-20
0.005661227,0.0008763218,0.740759,0.60311085,0.74078065,-0.9990953,0.9928077,1.9919030368328094,-0.018721836,1.7389904,-0.5920735386806212,-4394531.25,7.767267e-06,1.099824e-07,0.6111149901155752,0.01007239464066969,/content/drive/MyDrive/N-MON/ALTRO/spectograms/MULTITONE-NARROW-40-20/1255.npy,MULTITONE-NARROW-40-20
-0.005414576,-0.014924344,0.7298471,0.5902546,0.72986716,-0.8977926,0.9010578,1.79885034263134,0.009082518,1.7783908,-0.5036736970614052,-3984375.0,8.484797e-06,1.0726764e-07,0.6052862155773701,0.009924032377675737,/content/drive/MyDrive/N-MON/ALTRO/spectograms/MULTITONE-NARROW-40-20/1256.npy,MULTITONE-NARROW-40-20
0.01219344,0.016762828,0.7321492,0.58976495,0.73225075,-0.9150197,0.99303275,1.9080524742603302,-0.040188808,1.7840147,-0.5825888427130314,-3984375.0,7.335716e-06,1.0747025e-07,0.6148952378506356,0.009126184449785874,/content/drive/MyDrive/N-MON/ALTRO/spectograms/MULTITONE-NARROW-40-20/1257.npy,MULTITONE-NARROW-40-20
0.007120218,0.01652985,0.74058354,0.6058819,0.74061775,-0.9071536,0.99304295,1.9001965820789337,-0.027498746,1.7207844,-0.4908059188470145,-3984375.0,7.3059864e-06,1.0918234e-07,0.6178132421021609,0.010811775796062796,/content/drive/MyDrive/N-MON/ALTRO/spectograms/MULTITONE-NARROW-40-20/1258.npy,MULTITONE-NARROW-40-20
-0.0003717022,0.00077529927,0.73451006,0.59588844,0.7345102,-0.96384543,0.92481065,1.8886560499668121,-0.010685374,1.7590066,-0.519053924662683,-3984375.0,8.001952e-06,1.0803841e-07,0.6248647853300751,0.010014873998195919,/content/drive/MyDrive/N-MON/ALTRO/spectograms/MULTITONE-NARROW-40-20/1259.npy,MULTITONE-NARROW-40-20
-0.0040348386,0.0089414865,0.7409031,0.6035885,0.74091405,-0.9986744,0.9931519,1.9918263107538223,-0.005594489,1.7379328,-0.584427580864798,-4394531.25,7.3676883e-06,1.0890198e-07,0.6150606346358949,0.010720623474285923,/content/drive/MyDrive/N-MON/ALTRO/spectograms/MULTITONE-NARROW-40-20/1260.npy,MULTITONE-NARROW-40-20
-0.003973395,0.0011720601,0.73226935,0.5940341,0.7322801,-0.9519133,0.9308393,1.8827525675296783,0.0011460716,1.7705429,-0.5152093122362259,-3984375.0,8.416396e-06,1.0714859e-07,0.6117347192318943,0.011510878283970372,/content/drive/MyDrive/N-MON/ALTRO/spectograms/MULTITONE-NARROW-40-20/1261.npy,MULTITONE-NARROW-40-20
-0.011297486,-0.0071100644,0.73263276,0.59225774,0.73271984,-0.9992727,0.9457212,1.944993868470192,0.016964678,1.7739563,-0.5447372700935437,-3984375.0,7.668702e-06,1.0785877e-07,0.6199073288175755,0.010561093986462279,/content/drive/MyDrive/N-MON/ALTRO/spectograms/MULTITONE-NARROW-40-20/1262.npy,MULTITONE-NARROW-40-20
-0.0015832062,0.008729025,0.74189246,0.6087295,0.7418941,-0.9835051,0.89154255,1.8750475943088531,-0.015542114,1.7128882,-0.4718436271828078,-3984375.0,6.773719e-06,1.0963944e-07,0.6580558952515172,0.0226078697564308,/content/drive/MyDrive/N-MON/ALTRO/spectograms/MULTITONE-NARROW-40-20/1263.npy,MULTITONE-NARROW-40-20
0.003942634,0.008521602,0.7302262,0.5916853,0.7302368,-0.8763674,0.87959254,1.755959928035736,-0.023632903,1.7731838,-0.4745980340112591,-3984375.0,8.470875e-06,1.070169e-07,0.6169651928603723,0.009611378838338673,/content/drive/MyDrive/N-MON/ALTRO/spectograms/MULTITONE-NARROW-40-20/1264.npy,MULTITONE-NARROW-40-20
-0.0053689363,0.00083722407,0.740515,0.6030792,0.7405345,-0.99887055,0.9929296,1.9918001741170883,0.00475743,1.7412438,-0.5867640693354269,-4394531.25,7.60619e-06,1.0870988e-07,0.6101511314858086,0.009374098173435099,/content/drive/MyDrive/N-MON/ALTRO/spectograms/MULTITONE-NARROW-40-20/1265.npy,MULTITONE-NARROW-40-20
0.0038787208,0.016670046,0.7338899,0.5962373,0.73390007,-0.93840957,0.9248265,1.8632360398769379,-0.027664602,1.7590306,-0.48961372630130573,-3984375.0,8.46369e-06,1.0667131e-07,0.6077521516316943,0.010351910166711444,/content/drive/MyDrive/N-MON/ALTRO/spectograms/MULTITONE-NARROW-40-20/1266.npy,MULTITONE-NARROW-40-20
-0.009320515,-0.0070995144,0.73535806,0.5975053,0.7354171,-0.99921215,0.9536892,1.9529013335704803,0.010729685,1.7599814,-0.5384450583374224,-3984375.0,7.7540135e-06,1.074528e-07,0.6189078393886551,0.00909705367178816,/content/drive/MyDrive/N-MON/ALTRO/spectograms/MULTITONE-NARROW-40-20/1267.npy,MULTITONE-NARROW-40-20
0.0061810934,0.012609353,0.73883694,0.6023191,0.7388628,-0.8974768,0.9715443,1.8690211325883865,-0.022028476,1.7313676,-0.4940686469228953,-4394531.25,7.87093e-06,1.10581006e-07,0.6120462245142941,0.010583896844400892,/content/drive/MyDrive/N-MON/ALTRO/spectograms/MULTITONE-NARROW-40-20/1268.npy,MULTITONE-NARROW-40-20
0.0072520515,0.01603273,0.7300516,0.58856773,0.7300875,-0.8491251,0.95367587,1.8028009980916977,-0.02955859,1.7823967,-0.5291242099763506,-3984375.0,8.242883e-06,1.06290884e-07,0.6148570732781027,0.009558356147889835,/content/drive/MyDrive/N-MON/ALTRO/spectograms/MULTITONE-NARROW-40-20/1269.npy,MULTITONE-NARROW-40-20
-0.0037206917,0.00057249435,0.7366312,0.5965888,0.7366407,-0.999295,0.99256384,1.9918588697910309,-0.010831968,1.7606822,-0.5952288892609011,-3984375.0,6.0541315e-06,1.0871822e-07,0.640102900072928,0.02755693205300786,/content/drive/MyDrive/N-MON/ALTRO/spectograms/MULTITONE-NARROW-40-20/1270.npy,MULTITONE-NARROW-40-20
-0.0084331455,0.00066682464,0.7337384,0.5960353,0.7337869,-0.95828235,0.89914113,1.8574234992265701,0.008946911,1.7593216,-0.49628296576959763,-3984375.0,8.737432e-06,1.0801922e-07,0.6102445968343226,0.011828352404138109,/content/drive/MyDrive/N-MON/ALTRO/spectograms/MULTITONE-NARROW-40-20/1271.npy,MULTITONE-NARROW-40-20
0.0082743475,0.016344398,0.73393536,0.5929237,0.733982,-0.95629805,0.9927159,1.9490139782428741,-0.031948406,1.7738372,-0.5726721030056102,-3984375.0,7.598337e-06,1.0690073e-07,0.6201933698879263,0.008992943119827108,/content/drive/MyDrive/N-MON/ALTRO/spectograms/MULTITONE-NARROW-40-20/1272.npy,MULTITONE-NARROW-40-20
-0.0007298174,0.0088045895,0.74214673,0.6112011,0.7421471,-0.99890834,0.9228861,1.9217944145202637,-0.022864047,1.7115929,-0.47759664998960105,-4394531.25,7.7591585e-06,1.1033528e-07,0.6191602379866807,0.010592045642061015,/content/drive/MyDrive/N-MON/ALTRO/spectograms/MULTITONE-NARROW-40-20/1273.npy,MULTITONE-NARROW-40-20
-0.004341376,0.0009456363,0.73302704,0.59340465,0.7330399,-0.9228178,0.9639834,1.8868012130260468,0.0063226344,1.7686707,-0.526385981923685,-3984375.0,8.6167865e-06,1.0670085e-07,0.6211901640383205,0.009472252660809696,/content/drive/MyDrive/N-MON/ALTRO/spectograms/MULTITONE-NARROW-40-20/1274.npy,MULTITONE-NARROW-40-20
-0.006343727,-0.0070916954,0.7392468,0.59873366,0.7392741,-0.9991911,0.9926592,1.991850346326828,0.0047295163,1.7498139,-0.5977737691747268,-4394531.25,7.4787977e-06,1.0906528e-07,0.6358124885246514,0.026173468293478976,/content/drive/MyDrive/N-MON/ALTRO/spectograms/MULTITONE-NARROW-40-20/1275.npy,MULTITONE-NARROW-40-20
0.0019751897,0.008725082,0.7334713,0.5968877,0.73347396,-0.93655974,0.90135455,1.837914302945137,-0.019315606,1.7585543,-0.48750927198967464,-3984375.0,7.962305e-06,1.0859088e-07,0.6130803731008873,0.010512788496193108,/content/drive/MyDrive/N-MON/ALTRO/spectograms/MULTITONE-NARROW-40-20/1276.npy,MULTITONE-NARROW-40-20
-0.007416217,-0.0069133863,0.7355136,0.59610915,0.735551,-0.9794834,0.96386087,1.943344309926033,0.010673394,1.7622985,-0.5462816127175502,-3984375.0,7.734755e-06,1.07172305e-07,0.6237821319150846,0.009561910545461065,/content/drive/MyDrive/N-MON/ALTRO/spectograms/MULTITONE-NARROW-40-20/1277.npy,MULTITONE-NARROW-40-20
-0.0027318406,0.008980837,0.73970026,0.60434645,0.7397054,-0.9988031,0.9229236,1.9217267036437988,-0.01787078,1.7276574,-0.5134442388889974,-4394531.25,7.5511475e-06,1.1021186e-07,0.6137069682828482,0.010103591593075521,/content/drive/MyDrive/N-MON/ALTRO/spectograms/MULTITONE-NARROW-40-20/1278.npy,MULTITONE-NARROW-40-20
0.0027888012,0.008923219,0.732396,0.59355026,0.7324013,-0.881676,0.89958346,1.7812595069408417,-0.018551432,1.7637751,-0.4914578684642549,-3984375.0,8.58086e-06,1.0750571e-07,0.6112611320288995,0.009273997021817897,/content/drive/MyDrive/N-MON/ALTRO/spectograms/MULTITONE-NARROW-40-20/1279.npy,MULTITONE-NARROW-40-20
-0.00970491,-0.014630527,0.74059093,0.60084647,0.74065447,-0.9989704,0.9928736,1.9918440282344818,0.0076552453,1.7476872,-0.6289395963878671,-3984375.0,7.319265e-06,1.0858567e-07,0.6147526712531678,0.009337213488555771,/content/drive/MyDrive/N-MON/ALTRO/spectograms/MULTITONE-NARROW-40-20/1280.npy,MULTITONE-NARROW-40-20
-0.007569456,-0.006870268,0.7347951,0.59832543,0.73483413,-0.9678205,0.9013087,1.8691292107105255,0.009094049,1.7519498,-0.4945271801756014,-3984375.0,8.126682e-06,1.0735046e-07,0.6083722059953307,0.010470302416916388,/content/drive/MyDrive/N-MON/ALTRO/spectograms/MULTITONE-NARROW-40-20/1281.npy,MULTITONE-NARROW-40-20
0.011599114,0.023916718,0.7298904,0.5907359,0.7299826,-0.8822066,0.9244543,1.806660920381546,-0.045945197,1.7829001,-0.5146310599781733,-3984375.0,7.899373e-06,1.0771302e-07,0.6177372944609825,0.009211725703603041,/content/drive/MyDrive/N-MON/ALTRO/spectograms/MULTITONE-NARROW-40-20/1282.npy,MULTITONE-NARROW-40-20
0.0024997483,0.0009999517,0.7416788,0.6065196,0.741683,-0.9694869,0.9931742,1.9626611173152924,-0.009073195,1.7237912,-0.5205649032807466,-4394531.25,7.555385e-06,1.1009034e-07,0.6169149491635346,0.01666772011668009,/content/drive/MyDrive/N-MON/ALTRO/spectograms/MULTITONE-NARROW-40-20/1283.npy,MULTITONE-NARROW-40-20
-0.0036221656,-0.0070556346,0.7303451,0.59108216,0.7303541,-0.88981146,0.8992801,1.7890915274620056,0.00457276,1.7765899,-0.5028780586053802,-3984375.0,8.541825e-06,1.0726119e-07,0.6094188262911711,0.009832632306285349,/content/drive/MyDrive/N-MON/ALTRO/spectograms/MULTITONE-NARROW-40-20/1284.npy,MULTITONE-NARROW-40-20
-0.013295751,-0.014775461,0.73874164,0.59696424,0.7388613,-0.99889624,0.9929418,1.9918380677700043,0.021889875,1.757195,-0.6260934396141115,-3984375.0,7.4635423e-06,1.0803714e-07,0.6145663333955644,0.00901408377000888,/content/drive/MyDrive/N-MON/ALTRO/spectograms/MULTITONE-NARROW-40-20/1285.npy,MULTITONE-NARROW-40-20
-0.0065275817,-0.0068822643,0.7369714,0.60207075,0.7370003,-0.9718366,0.91104865,1.8828852474689484,0.0053126975,1.7368151,-0.47715144825538147,-3984375.0,8.083472e-06,1.0827235e-07,0.6097322321957215,0.011727423596733337,/content/drive/MyDrive/N-MON/ALTRO/spectograms/MULTITONE-NARROW-40-20/1286.npy,MULTITONE-NARROW-40-20
-0.0014866443,0.00096602377,0.729616,0.59137046,0.7296175,-0.9131333,0.8679438,1.7810771316289902,-0.011198841,1.7793778,-0.48729818033718086,-3984375.0,7.7299155e-06,1.0717267e-07,0.6222712723218545,0.00878651307640699,/content/drive/MyDrive/N-MON/ALTRO/spectograms/MULTITONE-NARROW-40-20/1287.npy,MULTITONE-NARROW-40-20
0.011084313,0.024541304,0.746968,0.6113348,0.7470502,-0.998811,0.9930589,1.9918699115514755,-0.041591663,1.7103604,-0.5887804390369543,-3984375.0,7.2169537e-06,1.0989941e-07,0.6217937112267808,0.013839024067507767,/content/drive/MyDrive/N-MON/ALTRO/spectograms/MULTITONE-NARROW-40-20/1288.npy,MULTITONE-NARROW-40-20
0.0009770751,0.008085733,0.7314329,0.59290224,0.73143363,-0.84338087,0.94560844,1.788989320397377,-0.008575442,1.7693007,-0.49911671635567345,-3984375.0,8.342646e-06,1.06548214e-07,0.6107720164385531,0.010069565709087697,/content/drive/MyDrive/N-MON/ALTRO/spectograms/MULTITONE-NARROW-40-20/1289.npy,MULTITONE-NARROW-40-20
-0.0043524676,0.008274967,0.74049675,0.60078967,0.74050957,-0.99921155,0.9926412,1.9918527901172638,-0.007433573,1.747735,-0.6233562972341106,-3984375.0,6.903633e-06,1.09193785e-07,0.6446238717010178,0.025998436296933106,/content/drive/MyDrive/N-MON/ALTRO/spectograms/MULTITONE-NARROW-40-20/1290.npy,MULTITONE-NARROW-40-20
-0.00083847047,0.0009321037,0.73732924,0.60276747,0.73732966,-0.95610255,0.8916794,1.8477819561958313,-0.011791797,1.7334801,-0.47634677942847425,-3984375.0,7.709088e-06,1.0872511e-07,0.6136259153106317,0.010469569466840814,/content/drive/MyDrive/N-MON/ALTRO/spectograms/MULTITONE-NARROW-40-20/1291.npy,MULTITONE-NARROW-40-20
0.006242857,0.008593913,0.72836655,0.5884719,0.7283933,-0.84894145,0.87764263,1.7265840768814087,-0.028877504,1.7864949,-0.4910943842963277,-3984375.0,8.121062e-06,1.06636335e-07,0.622317820858,0.010231079627285273,/content/drive/MyDrive/N-MON/ALTRO/spectograms/MULTITONE-NARROW-40-20/1292.npy,MULTITONE-NARROW-40-20
0.007953129,0.008621307,0.74346286,0.6052111,0.74350536,-0.9990284,0.9928576,1.9918859750032425,-0.02445797,1.7325435,-0.6152844176815259,-4394531.25,7.88363e-06,1.10611694e-07,0.6138849477870265,0.0093618062443029,/content/drive/MyDrive/N-MON/ALTRO/spectograms/MULTITONE-NARROW-40-20/1293.npy,MULTITONE-NARROW-40-20
0.0010773526,0.008718239,0.73090714,0.5934028,0.7309079,-0.86239624,0.9071088,1.76950503885746,-0.011271507,1.7709618,-0.4735628671197719,-3984375.0,8.398589e-06,1.0638259e-07,0.6081025702586046,0.010209605348836014,/content/drive/MyDrive/N-MON/ALTRO/spectograms/MULTITONE-NARROW-40-20/1294.npy,MULTITONE-NARROW-40-20
-0.0036572237,0.0009302781,0.7354066,0.5947354,0.7354157,-0.98735416,0.9929188,1.9802729785442352,0.00093136565,1.7656595,-0.5872738217469157,-3984375.0,7.6147676e-06,1.07494536e-07,0.6148356481772613,0.009550682187031194,/content/drive/MyDrive/N-MON/ALTRO/spectograms/MULTITONE-NARROW-40-20/1295.npy,MULTITONE-NARROW-40-20
-0.00455931,-0.006843271,0.7432842,0.6086753,0.74329823,-0.9989376,0.9422964,1.9412340223789215,-0.00022766397,1.71061,-0.49513829328927106,-3984375.0,7.4188324e-06,1.09675526e-07,0.6131216676727196,0.01051216821325377,/content/drive/MyDrive/N-MON/ALTRO/spectograms/MULTITONE-NARROW-40-20/1296.npy,MULTITONE-NARROW-40-20
-0.0062069083,-0.0072968826,0.73153836,0.5921362,0.7315647,-0.9253367,0.8676568,1.792993500828743,0.0068298914,1.7681094,-0.5028172500422247,-3984375.0,7.1727936e-06,1.0706789e-07,0.6184950554144888,0.010913975117687191,/content/drive/MyDrive/N-MON/ALTRO/spectograms/MULTITONE-NARROW-40-20/1297.npy,MULTITONE-NARROW-40-20
-0.011409004,-0.014773535,0.74311703,0.6036936,0.74320465,-0.9988977,0.99295217,1.9918498694896698,0.017575594,1.7370095,-0.6393400585328105,-4394531.25,7.4476093e-06,1.09623244e-07,0.6165610518731712,0.009764864265701832,/content/drive/MyDrive/N-MON/ALTRO/spectograms/MULTITONE-NARROW-40-20/1298.npy,MULTITONE-NARROW-40-20
-0.0050239526,0.0008530237,0.73501885,0.59795564,0.735036,-0.9756776,0.9326042,1.9082817435264587,0.0009231878,1.7569147,-0.5031017576618712,-3984375.0,8.516038e-06,1.08280005e-07,0.6060681295703509,0.009890665161607696,/content/drive/MyDrive/N-MON/ALTRO/spectograms/MULTITONE-NARROW-40-20/1299.npy,MULTITONE-NARROW-40-20
-0.009194588,0.0006330135,0.7354203,0.5951199,0.7354778,-0.99910575,0.9693975,1.9685032367706299,0.005550977,1.7644122,-0.577527428814146,-3984375.0,7.536661e-06,1.0691561e-07,0.627668650467686,0.00973420393060374,/content/drive/MyDrive/N-MON/ALTRO/spectograms/MULTITONE-NARROW-40-20/1300.npy,MULTITONE-NARROW-40-20
-0.005471924,-0.006642239,0.7412737,0.6067349,0.7412939,-0.99877846,0.91715837,1.9159368574619293,-0.0005324767,1.7183672,-0.4911007736948624,-4394531.25,6.610993e-06,1.11072396e-07,0.6571535041884055,0.02275632707044011,/content/drive/MyDrive/N-MON/ALTRO/spectograms/MULTITONE-NARROW-40-20/1301.npy,MULTITONE-NARROW-40-20
0.001020278,0.000820993,0.7303054,0.5920337,0.7303061,-0.8916973,0.9149304,1.8066276609897614,-0.014898363,1.7742714,-0.48446279753664456,-3984375.0,8.549213e-06,1.06791376e-07,0.6131753340095039,0.00965988899435985,/content/drive/MyDrive/N-MON/ALTRO/spectograms/MULTITONE-NARROW-40-20/1302.npy,MULTITONE-NARROW-40-20
0.0009905673,0.008899324,0.73845494,0.59871316,0.7384556,-0.99859047,0.99322736,1.9918178617954254,-0.017973777,1.754791,-0.595621987654222,-4394531.25,7.1659388e-06,1.0852944e-07,0.6170110624991763,0.01166796545297354,/content/drive/MyDrive/N-MON/ALTRO/spectograms/MULTITONE-NARROW-40-20/1303.npy,MULTITONE-NARROW-40-20
-0.0031320243,0.00083182123,0.73538786,0.60087913,0.7353945,-0.9015838,0.92263067,1.8242144137620926,0.0011814809,1.7439533,-0.4717018880102223,-3984375.0,7.809126e-06,1.0917406e-07,0.6126633100756529,0.011557596770034146,/content/drive/MyDrive/N-MON/ALTRO/spectograms/MULTITONE-NARROW-40-20/1304.npy,MULTITONE-NARROW-40-20
0.0108536575,0.01617169,0.73069084,0.590317,0.7307715,-0.8900935,0.9204364,1.8105299025774002,-0.043776747,1.7791319,-0.5174077650095718,-3984375.0,8.038948e-06,1.06999366e-07,0.6195790659919034,0.009830153378583874,/content/drive/MyDrive/N-MON/ALTRO/spectograms/MULTITONE-NARROW-40-20/1305.npy,MULTITONE-NARROW-40-20
-0.00598605,0.008885896,0.7427737,0.6089479,0.74279785,-0.9988557,0.9930431,1.9918988645076752,-0.000261125,1.7237027,-0.5544908542738521,-4394531.25,7.629273e-06,1.0980807e-07,0.6163381947302602,0.01029245931759045,/content/drive/MyDrive/N-MON/ALTRO/spectograms/MULTITONE-NARROW-40-20/1306.npy,MULTITONE-NARROW-40-20
-0.002328342,0.0006959697,0.731895,0.5950332,0.7318987,-0.9406413,0.88547426,1.8261155933141708,-0.0036203032,1.767086,-0.4991227402381312,-3984375.0,8.91365e-06,1.0688029e-07,0.6101399139551975,0.00906437208073702,/content/drive/MyDrive/N-MON/ALTRO/spectograms/MULTITONE-NARROW-40-20/1307.npy,MULTITONE-NARROW-40-20
-0.010758756,-0.006942182,0.7386038,0.5970536,0.7386822,-0.99893254,0.9929031,1.9918356835842133,0.014266056,1.7573795,-0.6309450943523319,-3984375.0,7.636909e-06,1.0812883e-07,0.6146979630132708,0.009639532336339504,/content/drive/MyDrive/N-MON/ALTRO/spectograms/MULTITONE-NARROW-40-20/1308.npy,MULTITONE-NARROW-40-20
0.0016045541,0.008664075,0.73209286,0.5962229,0.7320946,-0.88203806,0.8700535,1.7520915567874908,-0.01614629,1.7567744,-0.4446101407885773,-3984375.0,7.6141555e-06,1.0824014e-07,0.6226396329921926,0.02308234415756398,/content/drive/MyDrive/N-MON/ALTRO/spectograms/MULTITONE-NARROW-40-20/1309.npy,MULTITONE-NARROW-40-20
0.009383904,0.015691929,0.7304834,0.59165025,0.7305437,-0.84558594,0.9375365,1.7831224203109741,-0.036264457,1.777301,-0.5014325518988346,-3984375.0,8.203891e-06,1.07634236e-07,0.6171840265424979,0.009400562229187327,/content/drive/MyDrive/N-MON/ALTRO/spectograms/MULTITONE-NARROW-40-20/1310.npy,MULTITONE-NARROW-40-20
0.010606041,0.016561769,0.7412018,0.6024431,0.7412777,-0.99894214,0.99295163,1.991893783211708,-0.039998226,1.7391258,-0.6019756836353817,-4394531.25,7.547734e-06,1.0859473e-07,0.6110684287760088,0.009722970737185999,/content/drive/MyDrive/N-MON/ALTRO/spectograms/MULTITONE-NARROW-40-20/1311.npy,MULTITONE-NARROW-40-20
-0.0063361023,-0.0071160495,0.7309316,0.5940665,0.73095906,-0.94276035,0.8619245,1.8046848475933075,0.0037430683,1.7687879,-0.4744463183664457,-3984375.0,8.461369e-06,1.07094195e-07,0.605837680414338,0.009444011059392214,/content/drive/MyDrive/N-MON/ALTRO/spectograms/MULTITONE-NARROW-40-20/1312.npy,MULTITONE-NARROW-40-20
-0.004759357,-0.006999204,0.7340903,0.5935065,0.73410565,-0.9701617,0.9616245,1.9317861646413803,-0.00013812857,1.7691997,-0.5704336573714875,-3984375.0,7.5876806e-06,1.0800041e-07,0.617110291141088,0.009882852707237072,/content/drive/MyDrive/N-MON/ALTRO/spectograms/MULTITONE-NARROW-40-20/1313.npy,MULTITONE-NARROW-40-20
0.0077036773,0.016398897,0.7410773,0.6072621,0.7411173,-0.8917607,0.94811416,1.8398748934268951,-0.029118173,1.7164568,-0.46887165371669604,-4394531.25,6.061595e-06,1.0908159e-07,0.620026181844419,0.014345415172457762,/content/drive/MyDrive/N-MON/ALTRO/spectograms/MULTITONE-NARROW-40-20/1314.npy,MULTITONE-NARROW-40-20
0.0039322255,0.008481121,0.7301148,0.59130603,0.7301254,-0.8763151,0.88541615,1.761731281876564,-0.028949313,1.7762522,-0.4926938742539583,-3984375.0,8.355326e-06,1.0707505e-07,0.6192171280781826,0.009524842268515224,/content/drive/MyDrive/N-MON/ALTRO/spectograms/MULTITONE-NARROW-40-20/1315.npy,MULTITONE-NARROW-40-20
-0.0139001,-0.0071589816,0.73710304,0.60071117,0.7372341,-0.9989846,0.96943563,1.9684202075004578,0.025446597,1.7536923,-0.5486704868506075,-4394531.25,7.5265593e-06,1.0856013e-07,0.6124138602116918,0.009233099724026361,/content/drive/MyDrive/N-MON/ALTRO/spectograms/MULTITONE-NARROW-40-20/1316.npy,MULTITONE-NARROW-40-20
-0.004865165,0.0087239565,0.73287356,0.59514207,0.7328898,-0.9463463,0.8935646,1.8399108797311783,-0.0028938001,1.7652196,-0.5063568314000416,-3984375.0,8.208348e-06,1.06918314e-07,0.6149362876341875,0.00967114991904728,/content/drive/MyDrive/N-MON/ALTRO/spectograms/MULTITONE-NARROW-40-20/1317.npy,MULTITONE-NARROW-40-20
-0.0018640823,0.008420359,0.73585975,0.59665793,0.7358622,-0.999158,0.9713782,1.9705362617969513,-0.007631983,1.760777,-0.5521041268820711,-3984375.0,6.5223285e-06,1.08755756e-07,0.6704041389914515,0.03886783482154198,/content/drive/MyDrive/N-MON/ALTRO/spectograms/MULTITONE-NARROW-40-20/1318.npy,MULTITONE-NARROW-40-20
0.004427214,0.00085471617,0.74435306,0.61106455,0.7443662,-0.99899614,0.9929422,1.991938367486,-0.022818236,1.7100742,-0.5264166913330613,-4394531.25,6.442384e-06,1.10661574e-07,0.6201223422844029,0.01451947582333454,/content/drive/MyDrive/N-MON/ALTRO/spectograms/MULTITONE-NARROW-40-20/1319.npy,MULTITONE-NARROW-40-20
0.0020882634,0.0049003586,0.73363304,0.5940235,0.733636,-0.94427294,0.915052,1.8593249320983887,-0.02501498,1.7622329,-0.5251898214302441,-3984375.0,8.147312e-06,1.05987205e-07,0.6160699825651165,0.010361966793978912,/content/drive/MyDrive/N-MON/ALTRO/spectograms/MULTITONE-NARROW-40-20/1320.npy,MULTITONE-NARROW-40-20
-0.00088758086,-0.0071970383,0.7390636,0.5984324,0.73906416,-0.9991469,0.99270576,1.9918526709079742,0.0050617917,1.7535301,-0.6136394461259799,-3984375.0,7.1168843e-06,1.08789976e-07,0.6121615900489978,0.009617061076099324,/content/drive/MyDrive/N-MON/ALTRO/spectograms/MULTITONE-NARROW-40-20/1321.npy,MULTITONE-NARROW-40-20
0.004770301,0.01659577,0.7364863,0.6018119,0.73650175,-0.89944875,0.9013538,1.8008025288581848,-0.024211971,1.7363551,-0.4605806429620555,-3984375.0,8.282806e-06,1.0837306e-07,0.6100189889362331,0.010169821263022833,/content/drive/MyDrive/N-MON/ALTRO/spectograms/MULTITONE-NARROW-40-20/1322.npy,MULTITONE-NARROW-40-20
-0.007690261,-0.0031553009,0.73379296,0.5961293,0.73383325,-0.97198856,0.885534,1.8575225621461868,0.006592199,1.7613528,-0.49866650549843083,-3984375.0,7.935402e-06,1.0677047e-07,0.6200136909956564,0.009258678244676036,/content/drive/MyDrive/N-MON/ALTRO/spectograms/MULTITONE-NARROW-40-20/1323.npy,MULTITONE-NARROW-40-20
-0.00084715465,0.0009065835,0.7425306,0.60696435,0.74253106,-0.99905807,0.99285316,1.9919112622737885,-0.009369215,1.7229067,-0.5416073859443263,-4394531.25,7.547469e-06,1.10390225e-07,0.6134094222085552,0.010401137732011144,/content/drive/MyDrive/N-MON/ALTRO/spectograms/MULTITONE-NARROW-40-20/1324.npy,MULTITONE-NARROW-40-20
-0.008921745,-0.014669791,0.73133564,0.5916356,0.73139006,-0.93080103,0.8700904,1.8008915036916733,0.014420511,1.7739455,-0.5218693498413726,-3984375.0,8.60296e-06,1.0658701e-07,0.608459311204362,0.010362077261503542,/content/drive/MyDrive/N-MON/ALTRO/spectograms/MULTITONE-NARROW-40-20/1325.npy,MULTITONE-NARROW-40-20
-0.00078851986,0.008105362,0.73604256,0.5971329,0.73604304,-0.99941885,0.992381,1.9917998611927032,-0.018747019,1.7622981,-0.5693872304245754,-3984375.0,6.3268863e-06,1.0872286e-07,0.6374696275642964,0.0352881520878236,/content/drive/MyDrive/N-MON/ALTRO/spectograms/MULTITONE-NARROW-40-20/1326.npy,MULTITONE-NARROW-40-20
0.0026223569,0.008849489,0.73768383,0.60382354,0.7376885,-0.887667,0.8936672,1.7813341915607452,-0.022551147,1.7251546,-0.4530709431756953,-3984375.0,7.694915e-06,1.0897166e-07,0.6082774530220002,0.011421200717153211,/content/drive/MyDrive/N-MON/ALTRO/spectograms/MULTITONE-NARROW-40-20/1327.npy,MULTITONE-NARROW-40-20
-0.0011931305,0.0008942286,0.73067486,0.59105885,0.7306759,-0.8994329,0.89927673,1.7987096905708313,-0.0055871,1.7753547,-0.5029361221376308,-3984375.0,8.226347e-06,1.0593692e-07,0.621311983120508,0.00998134945154973,/content/drive/MyDrive/N-MON/ALTRO/spectograms/MULTITONE-NARROW-40-20/1328.npy,MULTITONE-NARROW-40-20
-0.004498971,-0.006791017,0.7446717,0.6076593,0.74468523,-0.9989123,0.9929584,1.9918706566095352,0.0018650467,1.7251861,-0.6152872078036761,-4394531.25,6.3490415e-06,1.1092689e-07,0.6469277301544271,0.021125753932454173,/content/drive/MyDrive/N-MON/ALTRO/spectograms/MULTITONE-NARROW-40-20/1329.npy,MULTITONE-NARROW-40-20
0.0045645395,0.016167346,0.7308221,0.5928127,0.73083633,-0.92121875,0.9478594,1.869078129529953,-0.023127435,1.7775689,-0.5085858765170538,-3984375.0,8.690843e-06,1.07304594e-07,0.6094576687080231,0.01132225778117126,/content/drive/MyDrive/N-MON/ALTRO/spectograms/MULTITONE-NARROW-40-20/1330.npy,MULTITONE-NARROW-40-20
0.010232002,0.02414351,0.7341528,0.59460914,0.73422414,-0.8977667,0.9927664,1.8905330747365952,-0.04079496,1.7684346,-0.5559683965637242,-3984375.0,7.768511e-06,1.0755189e-07,0.6201552432307351,0.010935742140960655,/content/drive/MyDrive/N-MON/ALTRO/spectograms/MULTITONE-NARROW-40-20/1331.npy,MULTITONE-NARROW-40-20
0.0064277374,0.016452739,0.7427916,0.6068087,0.74281937,-0.9541267,0.9929102,1.9470369219779968,-0.027952801,1.7139945,-0.519528753233253,-4394531.25,7.447822e-06,1.1069857e-07,0.6186393309469518,0.011392406707064677,/content/drive/MyDrive/N-MON/ALTRO/spectograms/MULTITONE-NARROW-40-20/1332.npy,MULTITONE-NARROW-40-20
0.0029237508,0.008552602,0.73221123,0.593594,0.7322171,-0.8938309,0.9695256,1.8633564859628677,-0.017309561,1.7681025,-0.5099622248612247,-3984375.0,8.338433e-06,1.0696806e-07,0.6190377306449348,0.010191505953303724,/content/drive/MyDrive/N-MON/ALTRO/spectograms/MULTITONE-NARROW-40-20/1333.npy,MULTITONE-NARROW-40-20
0.008455362,0.008707456,0.73911834,0.59789354,0.7391667,-0.9988394,0.9930334,1.9918727725744247,-0.029128825,1.755141,-0.621176931724973,-3984375.0,7.2210983e-06,1.0866779e-07,0.6219506108992933,0.013933992465684894,/content/drive/MyDrive/N-MON/ALTRO/spectograms/MULTITONE-NARROW-40-20/1334.npy,MULTITONE-NARROW-40-20
0.0063265054,0.008630885,0.7328006,0.5958236,0.7328278,-0.9132334,0.92462766,1.8378610759973526,-0.031892147,1.7629085,-0.47635176424883696,-3984375.0,8.506271e-06,1.0828601e-07,0.6061572810455561,0.012313161570985377,/content/drive/MyDrive/N-MON/ALTRO/spectograms/MULTITONE-NARROW-40-20/1335.npy,MULTITONE-NARROW-40-20
-0.0060725543,0.00091307337,0.7286148,0.5872755,0.72864014,-0.8915454,0.83890367,1.7304490804672241,0.0048783263,1.7870312,-0.5074386831656136,-3984375.0,7.656692e-06,1.062284e-07,0.6174330091066706,0.009485874224709126,/content/drive/MyDrive/N-MON/ALTRO/spectograms/MULTITONE-NARROW-40-20/1336.npy,MULTITONE-NARROW-40-20
0.009787429,0.024285834,0.7431869,0.6068898,0.7432514,-0.98338103,0.99301684,1.9763978570699692,-0.03561775,1.7221001,-0.5686345650445875,-4394531.25,7.339609e-06,1.09909685e-07,0.6133283941342397,0.010307732971421115,/content/drive/MyDrive/N-MON/ALTRO/spectograms/MULTITONE-NARROW-40-20/1337.npy,MULTITONE-NARROW-40-20
-0.0034472856,0.00065250427,0.73377806,0.5953134,0.73378617,-0.96026117,0.9323931,1.892654225230217,-0.0028630951,1.7632321,-0.5186964249501883,-3984375.0,8.617901e-06,1.0723282e-07,0.6127803853392513,0.009572716647513923,/content/drive/MyDrive/N-MON/ALTRO/spectograms/MULTITONE-NARROW-40-20/1338.npy,MULTITONE-NARROW-40-20
-0.015125208,-0.023117496,0.7355633,0.59416854,0.7357188,-0.9994471,0.9299226,1.9293696880340576,0.028679416,1.7655773,-0.5938452518403344,-4394531.25,7.3201154e-06,1.077629e-07,0.611481937291652,0.009441674036463642,/content/drive/MyDrive/N-MON/ALTRO/spectograms/MULTITONE-NARROW-40-20/1339.npy,MULTITONE-NARROW-40-20
0.005587026,0.008699207,0.7373349,0.6012411,0.73735607,-0.90739655,0.97927135,1.8866678923368454,-0.027060712,1.7413012,-0.5021143423514599,-3984375.0,7.963901e-06,1.0889454e-07,0.6102679371618996,0.011213938500812499,/content/drive/MyDrive/N-MON/ALTRO/spectograms/MULTITONE-NARROW-40-20/1340.npy,MULTITONE-NARROW-40-20
0.010367682,0.024314474,0.7307158,0.59168565,0.7307894,-0.87813413,0.9247602,1.802894338965416,-0.04266815,1.7760868,-0.4830387690289052,-3984375.0,8.497482e-06,1.0715342e-07,0.6196169471788571,0.009316689769497916,/content/drive/MyDrive/N-MON/ALTRO/spectograms/MULTITONE-NARROW-40-20/1341.npy,MULTITONE-NARROW-40-20
-0.006195033,-0.006866227,0.74119663,0.60495985,0.7412225,-0.9989657,0.9929051,1.9918707758188248,0.0008606227,1.7334776,-0.5744502346889383,-4394531.25,7.164859e-06,1.09343404e-07,0.6107345803056924,0.009777256474654503,/content/drive/MyDrive/N-MON/ALTRO/spectograms/MULTITONE-NARROW-40-20/1342.npy,MULTITONE-NARROW-40-20
0.001422554,0.016353348,0.89030325,0.8302978,0.8903043,-0.99922514,0.9928795,1.992104634642601,-0.009700751,1.2177465,-1.159361249761128,-4785156.25,6.0097855e-06,1.7336427e-07,0.7966749963459453,0.01771055736255539,/content/drive/MyDrive/N-MON/ALTRO/spectograms/MULTITONE-NARROW-40-20/1343.npy,MULTITONE-NARROW-40-20
0.0026496495,0.0009390284,0.7362565,0.5951911,0.7362613,-0.9990288,0.99276954,1.9917983710765839,-0.013617309,1.7635405,-0.5880906448438222,-3984375.0,7.3269994e-06,1.0711122e-07,0.6236046191891645,0.010450172721500317,/content/drive/MyDrive/N-MON/ALTRO/spectograms/MULTITONE-NARROW-40-20/1344.npy,MULTITONE-NARROW-40-20
0.0075062457,0.00833928,0.74147886,0.6068323,0.7415168,-0.9076061,0.9926754,1.900281548500061,-0.027051246,1.7184175,-0.49391487307885573,-4394531.25,7.5043476e-06,1.0968802e-07,0.618336619669982,0.010959470016897899,/content/drive/MyDrive/N-MON/ALTRO/spectograms/MULTITONE-NARROW-40-20/1345.npy,MULTITONE-NARROW-40-20
0.0061945077,0.00089782244,0.73224413,0.592713,0.7322703,-0.8917823,0.93833745,1.830119714140892,-0.025302496,1.7700566,-0.5194546873243483,-3984375.0,8.511415e-06,1.0687667e-07,0.6216945358145349,0.010151235381986682,/content/drive/MyDrive/N-MON/ALTRO/spectograms/MULTITONE-NARROW-40-20/1346.npy,MULTITONE-NARROW-40-20
-0.003043395,-0.0071555264,0.739639,0.6001251,0.7396453,-0.9993411,0.99254036,1.991881400346756,-0.0060914103,1.7497312,-0.6110938870920323,-4394531.25,7.3466804e-06,1.0842271e-07,0.6132501723170618,0.009584831203354965,/content/drive/MyDrive/N-MON/ALTRO/spectograms/MULTITONE-NARROW-40-20/1347.npy,MULTITONE-NARROW-40-20
-0.0034392849,-0.006876399,0.7355574,0.5996082,0.7355654,-0.9990421,0.955994,1.955036148428917,-1.6717544e-05,1.7518885,-0.5158742369763473,-3984375.0,8.369324e-06,1.0766625e-07,0.6139224496242819,0.00932249925376776,/content/drive/MyDrive/N-MON/ALTRO/spectograms/MULTITONE-NARROW-40-20/1348.npy,MULTITONE-NARROW-40-20
0.008156985,0.016604822,0.7337034,0.5950604,0.73374873,-0.913121,0.9930453,1.9061662405729294,-0.027010227,1.7673146,-0.5228679534650206,-3984375.0,7.826672e-06,1.0742269e-07,0.6215345874345981,0.010649549847876343,/content/drive/MyDrive/N-MON/ALTRO/spectograms/MULTITONE-NARROW-40-20/1349.npy,MULTITONE-NARROW-40-20
-0.008478306,-0.006895854,0.74532604,0.6084519,0.74537426,-0.9989445,0.99298906,1.9919336289167404,0.008706453,1.7109165,-0.5759867607831543,-4394531.25,8.024109e-06,1.09971495e-07,0.6171973636463537,0.010428001167108037,/content/drive/MyDrive/N-MON/ALTRO/spectograms/MULTITONE-NARROW-40-20/1350.npy,MULTITONE-NARROW-40-20
0.0054526576,0.024160406,0.7302742,0.5918496,0.7302946,-0.87814844,0.90895367,1.7871021330356598,-0.030769361,1.7767024,-0.5022290956086756,-3984375.0,8.859012e-06,1.07608784e-07,0.6113074562877024,0.009652340843100965,/content/drive/MyDrive/N-MON/ALTRO/spectograms/MULTITONE-NARROW-40-20/1351.npy,MULTITONE-NARROW-40-20
-0.0050671836,-0.0065025226,0.7365539,0.59520817,0.7365713,-0.9986573,0.9931394,1.9917966574430466,-0.0032124429,1.7661867,-0.6212286892550082,-3984375.0,6.1896194e-06,1.0803278e-07,0.6194776543881846,0.01929332074744257,/content/drive/MyDrive/N-MON/ALTRO/spectograms/MULTITONE-NARROW-40-20/1352.npy,MULTITONE-NARROW-40-20
0.006580959,0.016325198,0.7349426,0.5995079,0.73497206,-0.8607505,0.9381287,1.798879250884056,-0.030774767,1.7472328,-0.4684462973864384,-3984375.0,7.734192e-06,1.0782184e-07,0.609947139912268,0.011000670411109017,/content/drive/MyDrive/N-MON/ALTRO/spectograms/MULTITONE-NARROW-40-20/1353.npy,MULTITONE-NARROW-40-20
0.007036724,0.008526998,0.73156536,0.59309435,0.7315992,-0.87629986,0.971301,1.8476008623838425,-0.028957967,1.7741041,-0.5179648908399256,-3984375.0,8.214746e-06,1.0663233e-07,0.6171450138357764,0.00991542761973161,/content/drive/MyDrive/N-MON/ALTRO/spectograms/MULTITONE-NARROW-40-20/1354.npy,MULTITONE-NARROW-40-20
0.00091339875,0.008619648,0.74139154,0.6038169,0.7413921,-0.9991456,0.99274355,1.9918892085552216,-0.017601531,1.7323108,-0.569782816947421,-4394531.25,7.390158e-06,1.09070704e-07,0.6102335063405296,0.010103425164754548,/content/drive/MyDrive/N-MON/ALTRO/spectograms/MULTITONE-NARROW-40-20/1355.npy,MULTITONE-NARROW-40-20
-0.0037357726,-0.0034265583,0.7297298,0.5904768,0.72973925,-0.9370147,0.916537,1.8535516858100891,0.00017062061,1.7829927,-0.5093303074133414,-3984375.0,8.423831e-06,1.0649292e-07,0.6034081306457892,0.009596820184186585,/content/drive/MyDrive/N-MON/ALTRO/spectograms/MULTITONE-NARROW-40-20/1356.npy,MULTITONE-NARROW-40-20
0.016841153,0.024467558,0.7337822,0.5946375,0.7339754,-0.8859769,0.9928647,1.8788416385650635,-0.053843595,1.7692622,-0.5410154603935499,-3984375.0,7.786553e-06,1.0842915e-07,0.6198066628122814,0.009515134776113396,/content/drive/MyDrive/N-MON/ALTRO/spectograms/MULTITONE-NARROW-40-20/1357.npy,MULTITONE-NARROW-40-20
-0.0012381211,0.00052549125,0.7432777,0.6121779,0.7432788,-0.9387978,0.9576916,1.8964893817901611,-0.0045361407,1.706175,-0.44955876473158096,-3984375.0,7.3368483e-06,1.09730635e-07,0.6255070689378948,0.018401705145860037,/content/drive/MyDrive/N-MON/ALTRO/spectograms/MULTITONE-NARROW-40-20/1358.npy,MULTITONE-NARROW-40-20
0.010183337,0.016337218,0.73164976,0.5927462,0.7317206,-0.8293208,0.99281865,1.8221394717693329,-0.031971015,1.7736969,-0.520994010630517,-3984375.0,8.28039e-06,1.06883014e-07,0.621651425488507,0.010062146150652906,/content/drive/MyDrive/N-MON/ALTRO/spectograms/MULTITONE-NARROW-40-20/1359.npy,MULTITONE-NARROW-40-20
-0.0016553192,0.008131332,0.74200314,0.60356283,0.74200505,-0.9994317,0.9924374,1.991869181394577,-0.013761018,1.73748,-0.6028508739840223,-4394531.25,7.2669513e-06,1.09682844e-07,0.616566417153749,0.011474443241398662,/content/drive/MyDrive/N-MON/ALTRO/spectograms/MULTITONE-NARROW-40-20/1360.npy,MULTITONE-NARROW-40-20
0.00990584,0.031894453,0.7345094,0.5993027,0.7345762,-0.86655456,0.96551585,1.8320704102516174,-0.03643554,1.7520204,-0.48193642196990993,-3984375.0,8.195001e-06,1.07343965e-07,0.6085189175551066,0.012504130346680195,/content/drive/MyDrive/N-MON/ALTRO/spectograms/MULTITONE-NARROW-40-20/1361.npy,MULTITONE-NARROW-40-20
0.008875993,0.020375103,0.7286659,0.5891349,0.72871995,-0.8291902,0.9851791,1.8143693059682846,-0.031192178,1.7856175,-0.5026153854642424,-3984375.0,7.851794e-06,1.05873724e-07,0.6244327463189943,0.00966591538860593,/content/drive/MyDrive/N-MON/ALTRO/spectograms/MULTITONE-NARROW-40-20/1362.npy,MULTITONE-NARROW-40-20
-0.0060074124,-0.0029940081,0.7464524,0.6123894,0.7464766,-0.99895024,0.9929321,1.99188232421875,0.0058627687,1.7059389,-0.5700548775283948,-4394531.25,7.552648e-06,1.110613e-07,0.6177119030344134,0.010172657254291053,/content/drive/MyDrive/N-MON/ALTRO/spectograms/MULTITONE-NARROW-40-20/1363.npy,MULTITONE-NARROW-40-20
-0.0018508997,0.008749103,0.7355268,0.59648216,0.73552907,-0.9872706,0.95804083,1.9453114420175552,-0.007603612,1.7594055,-0.5496350129735578,-3984375.0,8.460962e-06,1.07377716e-07,0.6088094988087727,0.011030449860487252,/content/drive/MyDrive/N-MON/ALTRO/spectograms/MULTITONE-NARROW-40-20/1364.npy,MULTITONE-NARROW-40-20
0.013597144,0.024023462,0.7357917,0.5944835,0.73591727,-0.9991145,0.9926856,1.9918001741170883,-0.045346953,1.7693385,-0.6180455608320631,-3984375.0,7.48074e-06,1.0833891e-07,0.613253170174123,0.00876406429465453,/content/drive/MyDrive/N-MON/ALTRO/spectograms/MULTITONE-NARROW-40-20/1365.npy,MULTITONE-NARROW-40-20
0.0066544735,0.0122436825,0.73950315,0.6053286,0.739533,-0.92532104,0.979094,1.9044150859117508,-0.029295916,1.7249334,-0.4942329060519218,-3984375.0,7.617635e-06,1.0923817e-07,0.6155964478871927,0.014407353509399225,/content/drive/MyDrive/N-MON/ALTRO/spectograms/MULTITONE-NARROW-40-20/1366.npy,MULTITONE-NARROW-40-20
-0.011467849,-0.0069707786,0.7388218,0.60140836,0.7389108,-0.9990198,0.95390797,1.9529278129339218,0.014989021,1.7408513,-0.5471151933357802,-3984375.0,7.749869e-06,1.0837315e-07,0.6879948532167681,0.03488877577901285,/content/drive/MyDrive/N-MON/ALTRO/spectograms/MULTITONE-NARROW-40-20/1367.npy,MULTITONE-NARROW-40-20
0.0024941235,0.0007562118,0.7394992,0.60121167,0.7395034,-0.99917275,0.99270487,1.9918776452541351,-0.0076817935,1.7456228,-0.5833322034175322,-3984375.0,6.9326275e-06,1.0885701e-07,0.6106749831692182,0.009886404241920459,/content/drive/MyDrive/N-MON/ALTRO/spectograms/MULTITONE-NARROW-40-20/1368.npy,MULTITONE-NARROW-40-20
0.0065808096,0.016228333,0.7354229,0.59729075,0.73545235,-0.98366374,0.99273264,1.976396381855011,-0.03440073,1.7594888,-0.551862011322399,-3984375.0,8.8186725e-06,1.0771205e-07,0.6089678334540413,0.009429545191840326,/content/drive/MyDrive/N-MON/ALTRO/spectograms/MULTITONE-NARROW-40-20/1369.npy,MULTITONE-NARROW-40-20
0.0069353916,0.008831913,0.7292664,0.58725953,0.72929937,-0.8759989,0.97957253,1.8555714786052704,-0.026429571,1.792201,-0.5509966535629812,-3984375.0,7.864696e-06,1.06753355e-07,0.6157540099186095,0.008859249863212454,/content/drive/MyDrive/N-MON/ALTRO/spectograms/MULTITONE-NARROW-40-20/1370.npy,MULTITONE-NARROW-40-20
-0.0049611675,0.00077700766,0.7446196,0.6105568,0.7446361,-0.99907887,0.9928534,1.9919322729110718,0.00029332045,1.7101998,-0.5432703306370935,-4394531.25,7.651438e-06,1.1003161e-07,0.6120055069177582,0.011656096761935388,/content/drive/MyDrive/N-MON/ALTRO/spectograms/MULTITONE-NARROW-40-20/1371.npy,MULTITONE-NARROW-40-20
0.0067132604,0.016678596,0.732746,0.5939246,0.73277676,-0.89161205,0.9345915,1.8262035101652145,-0.03321677,1.7648989,-0.5105228141704937,-3984375.0,7.5415433e-06,1.0779853e-07,0.6147617096507256,0.011411859066516972,/content/drive/MyDrive/N-MON/ALTRO/spectograms/MULTITONE-NARROW-40-20/1372.npy,MULTITONE-NARROW-40-20
-0.0062850094,0.000770189,0.7351123,0.5923964,0.7351392,-0.9988933,0.9755808,1.9744741022586823,-0.0050508054,1.7720666,-0.6130632526125678,-4394531.25,7.277192e-06,1.0823497e-07,0.6152540572278118,0.01230797875257117,/content/drive/MyDrive/N-MON/ALTRO/spectograms/MULTITONE-NARROW-40-20/1373.npy,MULTITONE-NARROW-40-20
0.004513585,0.00864126,0.7344874,0.59940124,0.7345013,-0.8839786,0.97351885,1.8574974238872528,-0.01963614,1.749596,-0.46925863696808634,-3984375.0,7.2702446e-06,1.0843199e-07,0.6111521539311795,0.011533447576368825,/content/drive/MyDrive/N-MON/ALTRO/spectograms/MULTITONE-NARROW-40-20/1374.npy,MULTITONE-NARROW-40-20
0.010561223,0.01661541,0.7319642,0.59183246,0.73204035,-0.8780679,0.96951944,1.8475873470306396,-0.041051246,1.7748088,-0.5319282680972038,-3984375.0,8.322356e-06,1.0672597e-07,0.6241435277633647,0.009633939826047225,/content/drive/MyDrive/N-MON/ALTRO/spectograms/MULTITONE-NARROW-40-20/1375.npy,MULTITONE-NARROW-40-20
-0.005969225,0.0010909198,0.7410352,0.6045988,0.74105924,-0.9988325,0.99302757,1.99186010658741,-0.0047536287,1.7324343,-0.5568165586559833,-4394531.25,7.5103694e-06,1.0965734e-07,0.6155193603409754,0.010717295745580776,/content/drive/MyDrive/N-MON/ALTRO/spectograms/MULTITONE-NARROW-40-20/1376.npy,MULTITONE-NARROW-40-20
0.008880167,0.0084751025,0.7342502,0.5960604,0.73430383,-0.91337365,0.99276936,1.9061430245637894,-0.032772116,1.7628081,-0.5325280210453133,-3984375.0,8.597155e-06,1.07319146e-07,0.6100787631804796,0.010154169099474353,/content/drive/MyDrive/N-MON/ALTRO/spectograms/MULTITONE-NARROW-40-20/1377.npy,MULTITONE-NARROW-40-20
-0.010593949,-0.014876829,0.73609793,0.5943728,0.73617417,-0.999213,0.938194,1.9374069422483444,0.015169203,1.7629216,-0.5830208951289572,-3984375.0,7.946756e-06,1.0762328e-07,0.6185432807807563,0.009182365848119944,/content/drive/MyDrive/N-MON/ALTRO/spectograms/MULTITONE-NARROW-40-20/1378.npy,MULTITONE-NARROW-40-20
0.0061600697,0.008982401,0.7434205,0.6096986,0.74344605,-0.93835056,0.9931408,1.9314913600683212,-0.024947185,1.7111869,-0.49039597179392846,-4394531.25,7.389382e-06,1.09246834e-07,0.6151720194540364,0.010667261054435436,/content/drive/MyDrive/N-MON/ALTRO/spectograms/MULTITONE-NARROW-40-20/1379.npy,MULTITONE-NARROW-40-20
-0.006244606,-0.0072267903,0.7332985,0.594577,0.7333251,-0.9466378,0.92258275,1.8692205846309662,0.004047103,1.7642658,-0.5154100404469287,-3984375.0,8.545454e-06,1.0669024e-07,0.6175130887069544,0.009367720407618681,/content/drive/MyDrive/N-MON/ALTRO/spectograms/MULTITONE-NARROW-40-20/1380.npy,MULTITONE-NARROW-40-20
-0.00015468597,0.00081338396,0.7429914,0.6062261,0.7429914,-0.9991573,0.9927387,1.9918960630893707,-0.012074018,1.7309552,-0.5957788569364643,-4394531.25,7.0846495e-06,1.09793454e-07,0.6361713112288497,0.014358118747237301,/content/drive/MyDrive/N-MON/ALTRO/spectograms/MULTITONE-NARROW-40-20/1381.npy,MULTITONE-NARROW-40-20
-0.0050519966,0.00061726855,0.73812133,0.60331154,0.7381387,-0.9837173,0.9401147,1.9238319545984268,0.0018811293,1.7360938,-0.491367225302236,-3984375.0,8.298426e-06,1.07607946e-07,0.6075753206116872,0.010814285113263626,/content/drive/MyDrive/N-MON/ALTRO/spectograms/MULTITONE-NARROW-40-20/1382.npy,MULTITONE-NARROW-40-20
0.002135006,0.008999834,0.7338768,0.5947535,0.7338799,-0.94819915,0.97168523,1.9198844134807587,-0.01701708,1.7674977,-0.5483916259140323,-3984375.0,7.719278e-06,1.0713073e-07,0.6179559992609449,0.009956072443189828,/content/drive/MyDrive/N-MON/ALTRO/spectograms/MULTITONE-NARROW-40-20/1383.npy,MULTITONE-NARROW-40-20
-0.0026755114,0.00072509836,0.7419634,0.6058496,0.7419682,-0.9992252,0.992668,1.9918931871652603,-0.009343232,1.7263507,-0.5725911909002513,-4394531.25,7.595377e-06,1.1017214e-07,0.6116263873631311,0.01047824783525345,/content/drive/MyDrive/N-MON/ALTRO/spectograms/MULTITONE-NARROW-40-20/1384.npy,MULTITONE-NARROW-40-20
-0.0021054037,-0.0069079422,0.7291411,0.59040207,0.7291441,-0.9054376,0.8368567,1.742294356226921,-0.009515264,1.7800087,-0.49249959474048055,-3984375.0,8.331823e-06,1.0686016e-07,0.6074106345361329,0.009783771853407943,/content/drive/MyDrive/N-MON/ALTRO/spectograms/MULTITONE-NARROW-40-20/1385.npy,MULTITONE-NARROW-40-20
-0.011569485,-0.0071664574,0.73638296,0.593084,0.73647386,-0.99905103,0.99279803,1.9918490946292877,0.017328588,1.7704445,-0.6427324609418196,-3984375.0,7.731067e-06,1.08215986e-07,0.6162812184462669,0.009249919850843901,/content/drive/MyDrive/N-MON/ALTRO/spectograms/MULTITONE-NARROW-40-20/1386.npy,MULTITONE-NARROW-40-20
-0.005740949,0.0006944954,0.74078643,0.6059122,0.74080867,-0.98546344,0.930493,1.9159564673900604,0.003986418,1.7185942,-0.4926009448268759,-3984375.0,7.725182e-06,1.0904749e-07,0.6180585425220858,0.010567054839609825,/content/drive/MyDrive/N-MON/ALTRO/spectograms/MULTITONE-NARROW-40-20/1387.npy,MULTITONE-NARROW-40-20
0.010095709,0.01630067,0.73256487,0.5926757,0.7326344,-0.8898591,0.9636004,1.8534594923257828,-0.03801434,1.7708733,-0.5225588562654943,-3984375.0,8.285315e-06,1.06965985e-07,0.6175057332855607,0.010407582956187933,/content/drive/MyDrive/N-MON/ALTRO/spectograms/MULTITONE-NARROW-40-20/1388.npy,MULTITONE-NARROW-40-20
0.0100623015,0.0086998725,0.7396107,0.6033971,0.73967904,-0.9990831,0.9927159,1.9917990267276764,-0.034198344,1.7431729,-0.5609168850390472,-4394531.25,7.0774477e-06,1.09787074e-07,0.6341215589109649,0.02672896526568357,/content/drive/MyDrive/N-MON/ALTRO/spectograms/MULTITONE-NARROW-40-20/1389.npy,MULTITONE-NARROW-40-20
-0.0018490462,-0.0069171386,0.73413885,0.5967834,0.7341412,-0.92083406,0.93838394,1.8592179864645004,-0.004176147,1.7559264,-0.4977547506222565,-3984375.0,8.1407015e-06,1.0707704e-07,0.6123723690018987,0.011988201921737758,/content/drive/MyDrive/N-MON/ALTRO/spectograms/MULTITONE-NARROW-40-20/1390.npy,MULTITONE-NARROW-40-20
0.004083009,0.008521033,0.73315656,0.5938153,0.73316795,-0.9542299,0.94027674,1.894506648182869,-0.027149875,1.7674783,-0.5308055657580716,-3984375.0,7.718627e-06,1.06998016e-07,0.6235099777526527,0.010531923761660608,/content/drive/MyDrive/N-MON/ALTRO/spectograms/MULTITONE-NARROW-40-20/1391.npy,MULTITONE-NARROW-40-20
0.010797745,0.016259458,0.7417023,0.6061973,0.7417809,-0.9759552,0.99272597,1.9686811715364456,-0.032957405,1.7262082,-0.5446822915058879,-4394531.25,7.743428e-06,1.1045411e-07,0.6143780381991037,0.011469098158939487,/content/drive/MyDrive/N-MON/ALTRO/spectograms/MULTITONE-NARROW-40-20/1392.npy,MULTITONE-NARROW-40-20
-0.006740055,-0.0070774024,0.7307414,0.59202784,0.7307725,-0.9289668,0.8952676,1.8242344409227371,0.012333887,1.7742395,-0.49572624695766276,-3984375.0,7.358038e-06,1.06740956e-07,0.6227436843019998,0.024067546246115464,/content/drive/MyDrive/N-MON/ALTRO/spectograms/MULTITONE-NARROW-40-20/1393.npy,MULTITONE-NARROW-40-20
-0.014297208,-0.006895691,0.73406136,0.5930167,0.73420054,-0.9989851,0.9481886,1.9471736997365952,0.01949442,1.7730469,-0.5867187495346454,-4394531.25,7.4057953e-06,1.0892782e-07,0.6117246214701036,0.009356327580030736,/content/drive/MyDrive/N-MON/ALTRO/spectograms/MULTITONE-NARROW-40-20/1394.npy,MULTITONE-NARROW-40-20
0.003336555,0.0088201035,0.74090594,0.6072128,0.74091345,-0.92295253,0.9305189,1.8534714579582214,-0.019723406,1.7162706,-0.46599509476287004,-4394531.25,7.2610374e-06,1.0824634e-07,0.611155761674691,0.010728730834305516,/content/drive/MyDrive/N-MON/ALTRO/spectograms/MULTITONE-NARROW-40-20/1395.npy,MULTITONE-NARROW-40-20
0.006463383,0.008327749,0.7315063,0.5931677,0.73153484,-0.89003456,0.9146056,1.8046401888132095,-0.029765913,1.7701689,-0.49208238162440854,-3984375.0,8.135154e-06,1.0644838e-07,0.6189288119032071,0.009560563283093581,/content/drive/MyDrive/N-MON/ALTRO/spectograms/MULTITONE-NARROW-40-20/1396.npy,MULTITONE-NARROW-40-20
-0.006914409,0.00071930396,0.7404437,0.59948546,0.74047595,-0.9990823,0.99277806,1.9918604046106339,-0.0020747972,1.747356,-0.6244478161796848,-3984375.0,7.4448208e-06,1.0922058e-07,0.6122746345612249,0.00876893741733175,/content/drive/MyDrive/N-MON/ALTRO/spectograms/MULTITONE-NARROW-40-20/1397.npy,MULTITONE-NARROW-40-20
0.004407011,0.008744134,0.7362357,0.5995773,0.73624885,-0.9464593,0.99292916,1.9393884390592575,-0.0210242,1.7510312,-0.5224912760781902,-3984375.0,8.499962e-06,1.07831156e-07,0.6162714917579617,0.016474781022961845,/content/drive/MyDrive/N-MON/ALTRO/spectograms/MULTITONE-NARROW-40-20/1398.npy,MULTITONE-NARROW-40-20
0.006712565,0.008497268,0.7313834,0.5907998,0.73141414,-0.8762416,0.94029576,1.8165373653173447,-0.027245637,1.7782629,-0.5254391901426586,-3984375.0,7.813873e-06,1.0746523e-07,0.6177080291324617,0.009921704462102969,/content/drive/MyDrive/N-MON/ALTRO/spectograms/MULTITONE-NARROW-40-20/1399.npy,MULTITONE-NARROW-40-20
0.0074255774,0.016515082,0.74150574,0.60638773,0.741543,-0.9990994,0.9927932,1.9918926060199738,-0.038750764,1.72636,-0.5382142439761105,-4394531.25,7.479349e-06,1.10128155e-07,0.6146866359725525,0.01164412518461666,/content/drive/MyDrive/N-MON/ALTRO/spectograms/MULTITONE-NARROW-40-20/1400.npy,MULTITONE-NARROW-40-20
-0.0055090724,-0.0070487065,0.7354137,0.6009106,0.7354343,-0.9407261,0.92652047,1.86724653840065,0.00088696246,1.749499,-0.4880176741003065,-3984375.0,8.40248e-06,1.0664902e-07,0.6148723222034942,0.010443494701030613,/content/drive/MyDrive/N-MON/ALTRO/spectograms/MULTITONE-NARROW-40-20/1401.npy,MULTITONE-NARROW-40-20
-0.016820613,-0.014572961,0.7374698,0.59663075,0.7376616,-0.9986943,0.9930701,1.9917644411325455,0.028560966,1.76181,-0.6169627282983808,-3984375.0,7.265736e-06,1.0844778e-07,0.6160315365483191,0.010156530352292878,/content/drive/MyDrive/N-MON/ALTRO/spectograms/MULTITONE-NARROW-40-20/1402.npy,MULTITONE-NARROW-40-20
-0.010900135,-0.0071345232,0.7394594,0.60610145,0.7395397,-0.97784543,0.90890145,1.8867468535900116,0.019357607,1.723286,-0.4637439961479962,-3984375.0,7.648061e-06,1.08868505e-07,0.6136243459335493,0.011100376784520279,/content/drive/MyDrive/N-MON/ALTRO/spectograms/MULTITONE-NARROW-40-20/1403.npy,MULTITONE-NARROW-40-20
-0.0013102083,0.0010588442,0.7340192,0.5948526,0.73402035,-0.9307409,0.91501147,1.8457523733377457,-0.0057760016,1.7602699,-0.5178970360725305,-3984375.0,8.1252465e-06,1.0618871e-07,0.621054558700467,0.010725809247187648,/content/drive/MyDrive/N-MON/ALTRO/spectograms/MULTITONE-NARROW-40-20/1404.npy,MULTITONE-NARROW-40-20
0.0016522913,0.008382579,0.73904413,0.59909743,0.73904604,-0.9991368,0.9927132,1.9918500632047653,-0.013873277,1.7491381,-0.5989155913290461,-4394531.25,7.400365e-06,1.0920451e-07,0.651362910154508,0.015629564502442107,/content/drive/MyDrive/N-MON/ALTRO/spectograms/MULTITONE-NARROW-40-20/1405.npy,MULTITONE-NARROW-40-20
0.0100938445,0.020029292,0.73441947,0.5979656,0.7344888,-0.8979857,0.96342105,1.8614067733287811,-0.0393692,1.7552633,-0.4835813108493171,-3984375.0,8.223621e-06,1.07701105e-07,0.6120282888811589,0.010202725995724759,/content/drive/MyDrive/N-MON/ALTRO/spectograms/MULTITONE-NARROW-40-20/1406.npy,MULTITONE-NARROW-40-20
-0.0045583765,-0.0071092374,0.7350877,0.5965476,0.7351019,-0.9701326,0.95372486,1.9238574355840683,-0.0007092386,1.7597584,-0.5353336604183997,-3984375.0,7.677221e-06,1.0758059e-07,0.6404502066990269,0.026794710133847852,/content/drive/MyDrive/N-MON/ALTRO/spectograms/MULTITONE-NARROW-40-20/1407.npy,MULTITONE-NARROW-40-20
0.004907283,0.008541634,0.7440088,0.60897166,0.74402493,-0.99905705,0.992837,1.991894081234932,-0.019212643,1.71563,-0.5541134719459518,-4394531.25,7.5425205e-06,1.09841224e-07,0.6143595879887522,0.010037261665388519,/content/drive/MyDrive/N-MON/ALTRO/spectograms/MULTITONE-NARROW-40-20/1408.npy,MULTITONE-NARROW-40-20
0.006120843,0.008423982,0.7303419,0.5920937,0.73036754,-0.8939499,0.89510065,1.7890506088733673,-0.032398608,1.7756556,-0.4891026894791485,-3984375.0,8.855313e-06,1.0689189e-07,0.6085300121619888,0.009585941120881415,/content/drive/MyDrive/N-MON/ALTRO/spectograms/MULTITONE-NARROW-40-20/1409.npy,MULTITONE-NARROW-40-20
0.013250352,0.024285506,0.73931015,0.6008027,0.7394288,-0.99895823,0.9928447,1.991802915930748,-0.045796167,1.7485287,-0.5823634790978681,-3984375.0,7.5180806e-06,1.0811553e-07,0.6165175647686653,0.009011611136303933,/content/drive/MyDrive/N-MON/ALTRO/spectograms/MULTITONE-NARROW-40-20/1410.npy,MULTITONE-NARROW-40-20
0.007976723,0.016187858,0.74102604,0.60669154,0.74106896,-0.9311695,0.96149075,1.892660230398178,-0.037056204,1.7173294,-0.4787431984460354,-3984375.0,7.6230394e-06,1.0993429e-07,0.6177925682952032,0.010552598321089925,/content/drive/MyDrive/N-MON/ALTRO/spectograms/MULTITONE-NARROW-40-20/1411.npy,MULTITONE-NARROW-40-20
0.0058253394,0.016491063,0.73387206,0.59632754,0.7338952,-0.9425105,0.9618638,1.904374286532402,-0.028167855,1.7610298,-0.5225002334283922,-3984375.0,7.0061124e-06,1.0729411e-07,0.6449860983779985,0.022112292312238307,/content/drive/MyDrive/N-MON/ALTRO/spectograms/MULTITONE-NARROW-40-20/1412.npy,MULTITONE-NARROW-40-20
0.004397092,0.008776156,0.7408952,0.6033725,0.74090827,-0.998943,0.99292594,1.9918689131736755,-0.022204628,1.7410283,-0.5931656763420704,-4394531.25,7.4020836e-06,1.0919109e-07,0.6112228760990803,0.009492595443495752,/content/drive/MyDrive/N-MON/ALTRO/spectograms/MULTITONE-NARROW-40-20/1413.npy,MULTITONE-NARROW-40-20
0.0009328608,0.016472174,0.734835,0.5970384,0.7348356,-0.94050735,0.95603335,1.8965406864881516,-0.012236644,1.7560898,-0.5191091489005571,-3984375.0,8.700513e-06,1.08154026e-07,0.6099708546922846,0.011475855373562209,/content/drive/MyDrive/N-MON/ALTRO/spectograms/MULTITONE-NARROW-40-20/1414.npy,MULTITONE-NARROW-40-20
-0.0133396825,-0.006935594,0.73261267,0.5936003,0.7327341,-0.98339915,0.8622699,1.845669075846672,0.02096643,1.7697476,-0.5253957027043051,-3984375.0,8.200606e-06,1.0641382e-07,0.6249856895469195,0.00955415392840196,/content/drive/MyDrive/N-MON/ALTRO/spectograms/MULTITONE-NARROW-40-20/1415.npy,MULTITONE-NARROW-40-20
0.004670865,0.008548165,0.73866683,0.602408,0.7386816,-0.98352456,0.9928396,1.9763641357421875,-0.018353473,1.7419786,-0.5449237185022132,-4394531.25,7.7560735e-06,1.10240826e-07,0.6169337807927167,0.010988775967016353,/content/drive/MyDrive/N-MON/ALTRO/spectograms/MULTITONE-NARROW-40-20/1416.npy,MULTITONE-NARROW-40-20
-0.0067661554,-0.01474818,0.73267937,0.5945027,0.73271066,-0.90535355,0.9306133,1.8359668552875519,0.017046755,1.7664664,-0.5074710181273706,-3984375.0,8.920879e-06,1.0702433e-07,0.6113724719428844,0.009632813759856713,/content/drive/MyDrive/N-MON/ALTRO/spectograms/MULTITONE-NARROW-40-20/1417.npy,MULTITONE-NARROW-40-20
-0.0018892231,0.00094017544,0.73905224,0.59788495,0.7390546,-0.9990375,0.9928107,1.9918481707572937,-0.00948962,1.7555364,-0.6273438879225443,-3984375.0,7.834852e-06,1.0862271e-07,0.6190371178486339,0.01036609689324162,/content/drive/MyDrive/N-MON/ALTRO/spectograms/MULTITONE-NARROW-40-20/1418.npy,MULTITONE-NARROW-40-20
-0.0018822437,0.00845302,0.7417656,0.60863805,0.74176806,-0.9935543,0.8931037,1.886658027768135,-0.018581863,1.7115059,-0.4675753877602099,-3984375.0,7.3740684e-06,1.1018903e-07,0.6183591967518491,0.01176989140347859,/content/drive/MyDrive/N-MON/ALTRO/spectograms/MULTITONE-NARROW-40-20/1419.npy,MULTITONE-NARROW-40-20
-0.007411337,0.0005965077,0.7323664,0.5933125,0.7324039,-0.9856719,0.87750995,1.8631818145513535,0.0027293204,1.7689757,-0.5170741467605896,-3984375.0,8.43283e-06,1.0765358e-07,0.6199295056686751,0.011272958420235558,/content/drive/MyDrive/N-MON/ALTRO/spectograms/MULTITONE-NARROW-40-20/1420.npy,MULTITONE-NARROW-40-20
0.0027414532,0.008909581,0.74111146,0.60337526,0.7411166,-0.99879587,0.9930567,1.9918525964021683,-0.01934613,1.7394872,-0.588918136961179,-3984375.0,7.0934393e-06,1.09667376e-07,0.6131940556738456,0.010559790102533231,/content/drive/MyDrive/N-MON/ALTRO/spectograms/MULTITONE-NARROW-40-20/1421.npy,MULTITONE-NARROW-40-20
-0.005718158,-0.007179151,0.7374761,0.60168153,0.73749834,-0.9543518,0.93239206,1.886743813753128,0.0056591514,1.7396636,-0.49660927866031035,-3984375.0,8.108394e-06,1.0779311e-07,0.6093081114106227,0.011522239679372551,/content/drive/MyDrive/N-MON/ALTRO/spectograms/MULTITONE-NARROW-40-20/1422.npy,MULTITONE-NARROW-40-20
0.006822125,0.008792827,0.73111635,0.5917512,0.7311481,-0.9131357,0.92467284,1.837808534502983,-0.031033559,1.7753958,-0.5022002615839166,-3984375.0,7.754988e-06,1.0687547e-07,0.6172213385218315,0.009505885796360249,/content/drive/MyDrive/N-MON/ALTRO/spectograms/MULTITONE-NARROW-40-20/1423.npy,MULTITONE-NARROW-40-20
0.0016600933,0.00033808796,0.74068654,0.60336244,0.7406884,-0.9994454,0.9924482,1.991893619298935,-0.016105186,1.7352087,-0.5580619278878977,-4394531.25,7.688766e-06,1.1023735e-07,0.6114099520064821,0.010347479175517572,/content/drive/MyDrive/N-MON/ALTRO/spectograms/MULTITONE-NARROW-40-20/1424.npy,MULTITONE-NARROW-40-20
0.0039542383,0.008737618,0.7325177,0.5931854,0.7325283,-0.9600231,0.9169541,1.876977190375328,-0.021245237,1.769104,-0.51847916921081,-3984375.0,8.369203e-06,1.0615895e-07,0.6056771489716319,0.01013632429078144,/content/drive/MyDrive/N-MON/ALTRO/spectograms/MULTITONE-NARROW-40-20/1425.npy,MULTITONE-NARROW-40-20
-0.009484036,0.0008054229,0.73562384,0.59396815,0.735685,-0.9989848,0.992866,1.9918508231639862,0.005836941,1.7686993,-0.6180514070306621,-3984375.0,7.765519e-06,1.0811503e-07,0.6171712173601793,0.009480940364042545,/content/drive/MyDrive/N-MON/ALTRO/spectograms/MULTITONE-NARROW-40-20/1426.npy,MULTITONE-NARROW-40-20
-0.002580039,-0.006958616,0.7414918,0.60927284,0.74149626,-0.9289131,0.95585096,1.8847640454769135,0.0036954822,1.7114713,-0.46797148183808635,-3984375.0,7.2467033e-06,1.1005555e-07,0.6112618427009628,0.010212728759347051,/content/drive/MyDrive/N-MON/ALTRO/spectograms/MULTITONE-NARROW-40-20/1427.npy,MULTITONE-NARROW-40-20
-0.0065728878,0.0009317342,0.73320246,0.5945331,0.73323196,-0.9833763,0.90722924,1.8906055837869644,0.0044047413,1.7669653,-0.5267040145653318,-3984375.0,8.4005505e-06,1.0683218e-07,0.6154238988509095,0.009424711071532256,/content/drive/MyDrive/N-MON/ALTRO/spectograms/MULTITONE-NARROW-40-20/1428.npy,MULTITONE-NARROW-40-20
0.0052358937,0.008535692,0.739536,0.59877795,0.7395545,-0.99898905,0.99285877,1.9918478578329086,-0.023214053,1.7535055,-0.627209705249908,-3984375.0,6.4162687e-06,1.08886155e-07,0.6543384671490462,0.0235346359165506,/content/drive/MyDrive/N-MON/ALTRO/spectograms/MULTITONE-NARROW-40-20/1429.npy,MULTITONE-NARROW-40-20
0.012910086,0.024150219,0.73407567,0.5993229,0.7341892,-0.84888977,0.901172,1.750061735510826,-0.04996522,1.7480885,-0.4574539290041947,-3984375.0,7.870989e-06,1.07880254e-07,0.610354282492692,0.012126641768080166,/content/drive/MyDrive/N-MON/ALTRO/spectograms/MULTITONE-NARROW-40-20/1430.npy,MULTITONE-NARROW-40-20
-0.001412189,0.00066467025,0.73442656,0.59547687,0.73442787,-0.95052785,0.90884846,1.8593762964010239,-0.012698887,1.7595714,-0.5214620066284646,-3984375.0,7.901812e-06,1.06477735e-07,0.6203130360504864,0.010257359311729296,/content/drive/MyDrive/N-MON/ALTRO/spectograms/MULTITONE-NARROW-40-20/1431.npy,MULTITONE-NARROW-40-20
0.0051689427,-0.0029844637,0.74287206,0.60582435,0.74289006,-0.99890727,0.9929093,1.991816595196724,-0.01591461,1.7282639,-0.5866541502585944,-4394531.25,7.632427e-06,1.106805e-07,0.6149111665968027,0.010641922768513529,/content/drive/MyDrive/N-MON/ALTRO/spectograms/MULTITONE-NARROW-40-20/1432.npy,MULTITONE-NARROW-40-20
-0.005024811,-0.0070425496,0.7340463,0.5955446,0.7340635,-0.9914793,0.89136875,1.8828480690717697,-0.0013662329,1.762494,-0.5229530008902793,-3984375.0,8.300918e-06,1.07024206e-07,0.613766633731345,0.012092428299072209,/content/drive/MyDrive/N-MON/ALTRO/spectograms/MULTITONE-NARROW-40-20/1433.npy,MULTITONE-NARROW-40-20
-0.0007209463,0.0007363196,0.73459065,0.59450185,0.734591,-0.9387828,0.92451257,1.8632954061031342,-0.0068511786,1.7608515,-0.5393089035402313,-3984375.0,7.7288205e-06,1.07286425e-07,0.6183162163430185,0.01003356458479381,/content/drive/MyDrive/N-MON/ALTRO/spectograms/MULTITONE-NARROW-40-20/1434.npy,MULTITONE-NARROW-40-20
0.0030193909,-0.010652484,0.8427571,0.7762987,0.84276253,-0.9988653,0.99312264,1.9919879734516144,-0.009478866,1.3048468,-0.597092906681569,-3984375.0,7.0720084e-06,1.4145311e-07,0.7454461011417108,0.010183238613883882,/content/drive/MyDrive/N-MON/ALTRO/spectograms/MULTITONE-NARROW-40-20/1435.npy,MULTITONE-NARROW-40-20
-0.001199367,-0.00304497,0.7349275,0.59468395,0.7349285,-0.9386321,0.96766764,1.906299740076065,-0.0031426377,1.7612826,-0.5482383520474184,-3984375.0,8.47792e-06,1.0695421e-07,0.6118044904551712,0.009960804312968021,/content/drive/MyDrive/N-MON/ALTRO/spectograms/MULTITONE-NARROW-40-20/1436.npy,MULTITONE-NARROW-40-20
0.006208743,0.00883621,0.7381347,0.5967567,0.73816085,-0.99891037,0.99293286,1.9918432533740997,-0.030574594,1.759649,-0.6252762298889164,-4394531.25,7.296708e-06,1.0881048e-07,0.6127761028323321,0.00899731408949338,/content/drive/MyDrive/N-MON/ALTRO/spectograms/MULTITONE-NARROW-40-20/1437.npy,MULTITONE-NARROW-40-20
0.006677435,0.016241005,0.7398723,0.6053036,0.7399024,-0.9133466,0.97737116,1.8907177150249481,-0.033123344,1.723981,-0.48036278177261515,-3984375.0,7.5454386e-06,1.0970328e-07,0.6118383688283385,0.01159195655804949,/content/drive/MyDrive/N-MON/ALTRO/spectograms/MULTITONE-NARROW-40-20/1438.npy,MULTITONE-NARROW-40-20
0.008626993,0.016412087,0.73306966,0.59295034,0.73312044,-0.89959216,0.97943836,1.8790304958820343,-0.028517049,1.7707497,-0.5290184137262318,-3984375.0,8.277837e-06,1.0639857e-07,0.6203876868756517,0.00938957934338411,/content/drive/MyDrive/N-MON/ALTRO/spectograms/MULTITONE-NARROW-40-20/1439.npy,MULTITONE-NARROW-40-20
-0.014797449,-0.0147464415,0.7409552,0.60294473,0.7411029,-0.9991057,0.9926968,1.991802528500557,0.020888932,1.7398685,-0.5851738126808314,-4394531.25,7.3543165e-06,1.094041e-07,0.6124081712737891,0.010514979342800148,/content/drive/MyDrive/N-MON/ALTRO/spectograms/MULTITONE-NARROW-40-20/1440.npy,MULTITONE-NARROW-40-20
-0.0010941734,0.008678801,0.73543847,0.60039157,0.73543924,-0.9523438,0.94621706,1.8985608369112015,-0.009669871,1.7490727,-0.4854848573738427,-3984375.0,8.27225e-06,1.07959764e-07,0.6090561926593878,0.010886671396760602,/content/drive/MyDrive/N-MON/ALTRO/spectograms/MULTITONE-NARROW-40-20/1441.npy,MULTITONE-NARROW-40-20
-0.0038578974,0.00083074754,0.7320144,0.59210324,0.7320246,-0.9484889,0.9168869,1.8653758317232132,-0.0052306433,1.7721395,-0.5256722418134877,-3984375.0,7.66438e-06,1.0683849e-07,0.6303412645018909,0.011443927298269695,/content/drive/MyDrive/N-MON/ALTRO/spectograms/MULTITONE-NARROW-40-20/1442.npy,MULTITONE-NARROW-40-20
-0.012661553,-0.01478013,0.7422087,0.6054578,0.7423167,-0.99892884,0.99293053,1.9918593615293503,0.018263446,1.7253805,-0.5666242306712369,-4394531.25,7.646789e-06,1.10625635e-07,0.6160119934606494,0.010937151869136366,/content/drive/MyDrive/N-MON/ALTRO/spectograms/MULTITONE-NARROW-40-20/1443.npy,MULTITONE-NARROW-40-20
0.0032626358,0.008770134,0.7338073,0.59879345,0.7338146,-0.9170443,0.97364706,1.8906913250684738,-0.014286266,1.7591113,-0.4882734423773193,-3984375.0,8.19172e-06,1.07834204e-07,0.6155432006192494,0.01183022715671594,/content/drive/MyDrive/N-MON/ALTRO/spectograms/MULTITONE-NARROW-40-20/1444.npy,MULTITONE-NARROW-40-20
0.0063434415,0.0048408406,0.732134,0.5919327,0.73216134,-0.969777,0.97172713,1.941504180431366,-0.0225303,1.7770044,-0.55231760856696,-3984375.0,7.5664943e-06,1.07941034e-07,0.6193010321801853,0.008926631596094138,/content/drive/MyDrive/N-MON/ALTRO/spectograms/MULTITONE-NARROW-40-20/1445.npy,MULTITONE-NARROW-40-20
-0.01312529,-0.007287378,0.7411265,0.60658705,0.7412427,-0.95439285,0.91672444,1.8711173087358475,0.02482508,1.7193153,-0.4830260574647306,-4394531.25,7.540144e-06,1.0964102e-07,0.6172010777318864,0.011482988222982096,/content/drive/MyDrive/N-MON/ALTRO/spectograms/MULTITONE-NARROW-40-20/1446.npy,MULTITONE-NARROW-40-20
-0.005926065,0.008485021,0.7344234,0.59576374,0.7344473,-0.99135804,0.93243754,1.9237955808639526,0.0005055985,1.7607167,-0.5216849905117195,-3984375.0,8.29847e-06,1.0770194e-07,0.6191873750695521,0.010238644377884909,/content/drive/MyDrive/N-MON/ALTRO/spectograms/MULTITONE-NARROW-40-20/1447.npy,MULTITONE-NARROW-40-20
-0.009282267,-0.007075143,0.7379731,0.5972278,0.7380315,-0.99911773,0.99273235,1.9918500483036041,0.006612129,1.7600485,-0.6167272242391971,-3984375.0,7.1854583e-06,1.0856e-07,0.6131791440741032,0.009887549580844724,/content/drive/MyDrive/N-MON/ALTRO/spectograms/MULTITONE-NARROW-40-20/1448.npy,MULTITONE-NARROW-40-20
0.0047299745,0.008762145,0.7360604,0.6004222,0.7360756,-0.8877737,0.97741294,1.8651866018772125,-0.021175524,1.7425222,-0.4921995028088598,-3984375.0,7.495073e-06,1.0790746e-07,0.6088246292862067,0.010499578843731117,/content/drive/MyDrive/N-MON/ALTRO/spectograms/MULTITONE-NARROW-40-20/1449.npy,MULTITONE-NARROW-40-20
-0.006915242,-0.0072528077,0.73092717,0.59424233,0.73095983,-0.92336655,0.8559671,1.7793336361646652,0.0064627654,1.7705767,-0.4799235043682587,-3984375.0,8.292644e-06,1.0715783e-07,0.6202779844441582,0.009913899622880713,/content/drive/MyDrive/N-MON/ALTRO/spectograms/MULTITONE-NARROW-40-20/1450.npy,MULTITONE-NARROW-40-20
0.009855875,0.008467512,0.7423621,0.6042952,0.7424275,-0.9991739,0.99271536,1.9918892532587051,-0.026906107,1.734316,-0.6026216993000332,-4394531.25,7.504418e-06,1.08714865e-07,0.6119963074136998,0.010517529754838568,/content/drive/MyDrive/N-MON/ALTRO/spectograms/MULTITONE-NARROW-40-20/1451.npy,MULTITONE-NARROW-40-20
-0.0019930252,0.004501692,0.7338975,0.59491587,0.73390025,-0.9544925,0.9243658,1.8788583129644394,-0.008910559,1.7626821,-0.5119280003372798,-3984375.0,8.441031e-06,1.07662416e-07,0.6101537757141162,0.010116562243252318,/content/drive/MyDrive/N-MON/ALTRO/spectograms/MULTITONE-NARROW-40-20/1452.npy,MULTITONE-NARROW-40-20
0.010192491,0.024593443,0.73362476,0.5936455,0.7336956,-0.9382344,0.99311227,1.9313466548919678,-0.039179243,1.7699966,-0.5445911597317555,-3984375.0,7.4676764e-06,1.0666708e-07,0.6395571138389469,0.02737657466368296,/content/drive/MyDrive/N-MON/ALTRO/spectograms/MULTITONE-NARROW-40-20/1453.npy,MULTITONE-NARROW-40-20
0.008365464,0.008654632,0.742702,0.6075314,0.7427491,-0.9989552,0.992966,1.991921216249466,-0.024091212,1.7207828,-0.5508614312119483,-4394531.25,7.3945084e-06,1.0994399e-07,0.6142870368803486,0.011103132150641466,/content/drive/MyDrive/N-MON/ALTRO/spectograms/MULTITONE-NARROW-40-20/1454.npy,MULTITONE-NARROW-40-20
-0.000114671704,0.001868498,0.7654459,0.6450618,0.76544595,-0.9980357,0.99392194,1.9919576942920685,-0.0067190155,1.610166,-0.5249278791082289,-3984375.0,1.0896225e-05,1.1684787e-07,0.6081105651255173,0.007281097498051845,/content/drive/MyDrive/N-MON/ALTRO/spectograms/MULTITONE-NARROW-40-20/1455.npy,MULTITONE-NARROW-40-20
0.0024381762,0.017328437,0.768872,0.6453486,0.76887596,-0.9981577,0.9938354,1.991993099451065,-0.024459003,1.605179,-0.5881576818285704,-3984375.0,1.0273521e-05,1.1875202e-07,0.6091536518280705,0.008554684585317796,/content/drive/MyDrive/N-MON/ALTRO/spectograms/MULTITONE-NARROW-40-20/1456.npy,MULTITONE-NARROW-40-20
0.008769518,0.0019835813,0.7794498,0.65962535,0.77949905,-0.99798095,0.9940085,1.9919894486665726,-0.0266494,1.5736364,-0.6616064036572943,-3984375.0,9.085161e-06,1.210578e-07,0.6175699657600353,0.008048357169693847,/content/drive/MyDrive/N-MON/ALTRO/spectograms/MULTITONE-NARROW-40-20/1457.npy,MULTITONE-NARROW-40-20
-0.003781496,-0.0016694362,0.76544905,0.64150584,0.76545846,-0.9976191,0.9942888,1.9919078797101974,-0.00058506074,1.6174678,-0.5493914548384541,-3984375.0,1.094468e-05,1.17020754e-07,0.6121753228869182,0.007075849719501785,/content/drive/MyDrive/N-MON/ALTRO/spectograms/MULTITONE-NARROW-40-20/1458.npy,MULTITONE-NARROW-40-20
-0.0034615186,-0.0057305833,0.7731607,0.6498224,0.7731684,-0.9979146,0.99411416,1.9920287877321243,-0.005111335,1.5953045,-0.6407126724718869,-3984375.0,9.4053075e-06,1.191918e-07,0.6111844282354264,0.010990035221818135,/content/drive/MyDrive/N-MON/ALTRO/spectograms/MULTITONE-NARROW-40-20/1459.npy,MULTITONE-NARROW-40-20
0.008478195,0.017334975,0.780669,0.66287434,0.78071505,-0.99825966,0.9937457,1.9920053333044052,-0.032895006,1.5625228,-0.6226036846707529,-3984375.0,9.347961e-06,1.2231983e-07,0.6162203099348036,0.007008627308103332,/content/drive/MyDrive/N-MON/ALTRO/spectograms/MULTITONE-NARROW-40-20/1460.npy,MULTITONE-NARROW-40-20
-0.006508897,-0.013476016,0.7712989,0.64871216,0.77132636,-0.9977206,0.99418646,1.9919070452451706,0.014335048,1.5957942,-0.5877942182174786,-3984375.0,1.0615346e-05,1.17689154e-07,0.614841769137031,0.009082747132700264,/content/drive/MyDrive/N-MON/ALTRO/spectograms/MULTITONE-NARROW-40-20/1461.npy,MULTITONE-NARROW-40-20
0.006703583,0.017653564,0.77285165,0.65178466,0.77288073,-0.9979313,0.994063,1.9919943362474442,-0.026959406,1.5941223,-0.6221126592785923,-3984375.0,9.0278245e-06,1.1920035e-07,0.6117781975752651,0.00907382054469252,/content/drive/MyDrive/N-MON/ALTRO/spectograms/MULTITONE-NARROW-40-20/1462.npy,MULTITONE-NARROW-40-20
-0.00446539,0.0022587988,0.76810914,0.64899415,0.76812214,-0.9976982,0.99427426,1.9919724464416504,-0.00084986887,1.5980581,-0.5297381673611962,-3984375.0,1.0320233e-05,1.17886714e-07,0.6099164858758528,0.00753104340453665,/content/drive/MyDrive/N-MON/ALTRO/spectograms/MULTITONE-NARROW-40-20/1463.npy,MULTITONE-NARROW-40-20
0.00072653533,-0.0059995577,0.7663839,0.64634913,0.76638424,-0.99797636,0.99396014,1.9919364899396896,0.003822633,1.6094671,-0.5301254244929164,-3984375.0,1.0786457e-05,1.1790159e-07,0.6106943085798286,0.008850466864488515,/content/drive/MyDrive/N-MON/ALTRO/spectograms/MULTITONE-NARROW-40-20/1464.npy,MULTITONE-NARROW-40-20
0.0028893661,0.0095434245,0.7773059,0.6554054,0.77731127,-0.9981335,0.9938615,1.9919950067996979,-0.013621604,1.5814713,-0.6558309222843831,-3984375.0,9.175876e-06,1.2119872e-07,0.6139232267892005,0.008519544957106275,/content/drive/MyDrive/N-MON/ALTRO/spectograms/MULTITONE-NARROW-40-20/1465.npy,MULTITONE-NARROW-40-20
0.0010985422,0.0019453798,0.7675336,0.6476942,0.7675344,-0.9979612,0.9939868,1.9919480085372925,-0.010334982,1.606173,-0.5479280252998252,-3984375.0,1.1075498e-05,1.169212e-07,0.6090285255396058,0.006557953030234633,/content/drive/MyDrive/N-MON/ALTRO/spectograms/MULTITONE-NARROW-40-20/1466.npy,MULTITONE-NARROW-40-20
-0.009585058,-0.0128962975,0.84023684,0.7515885,0.8402915,-0.99728346,0.99475086,1.9920343160629272,0.01804909,1.3586041,-0.8679114799492594,-3984375.0,8.191952e-06,1.4749433e-07,0.6672669311995207,0.05373946474945443,/content/drive/MyDrive/N-MON/ALTRO/spectograms/MULTITONE-NARROW-40-20/1467.npy,MULTITONE-NARROW-40-20
0.003938718,0.017350279,0.77757674,0.65617675,0.77758676,-0.99814546,0.99384487,1.9919903427362442,-0.020231334,1.5793066,-0.6511076187384256,-3984375.0,9.208494e-06,1.214953e-07,0.6125694890157933,0.0077980139034430854,/content/drive/MyDrive/N-MON/ALTRO/spectograms/MULTITONE-NARROW-40-20/1468.npy,MULTITONE-NARROW-40-20
0.004200337,0.009753279,0.7699912,0.64924073,0.7700026,-0.99791175,0.9939856,1.9918973594903946,-0.017880166,1.6016186,-0.5640320924335606,-3984375.0,9.828073e-06,1.1810589e-07,0.6344012657128669,0.021083593793897088,/content/drive/MyDrive/N-MON/ALTRO/spectograms/MULTITONE-NARROW-40-20/1469.npy,MULTITONE-NARROW-40-20
0.00022903037,-0.0059817303,0.7722237,0.6511751,0.7722238,-0.9981176,0.9938745,1.9919921457767487,-0.0058758003,1.5961252,-0.6142814870466183,-3984375.0,9.104772e-06,1.188135e-07,0.6101347276270137,0.009720930793572105,/content/drive/MyDrive/N-MON/ALTRO/spectograms/MULTITONE-NARROW-40-20/1470.npy,MULTITONE-NARROW-40-20
0.0016291523,0.0020306958,0.7771949,0.65736,0.77719665,-0.99789,0.994114,1.9920039772987366,-0.00874057,1.5766978,-0.6230931459987606,-3984375.0,9.7332e-06,1.2075121e-07,0.6127337696070454,0.006684890108765715,/content/drive/MyDrive/N-MON/ALTRO/spectograms/MULTITONE-NARROW-40-20/1471.npy,MULTITONE-NARROW-40-20
0.011006126,0.01740715,0.7678688,0.6464032,0.7679477,-0.9980121,0.9938936,1.9919057935476303,-0.031914975,1.6061448,-0.5410883791059248,-3984375.0,1.0761099e-05,1.1785669e-07,0.6161845873514021,0.007106028213705842,/content/drive/MyDrive/N-MON/ALTRO/spectograms/MULTITONE-NARROW-40-20/1472.npy,MULTITONE-NARROW-40-20
-0.0043986076,0.0021878702,0.77160096,0.64932305,0.77161354,-0.9977857,0.9942156,1.9920013099908829,0.00076879724,1.5977637,-0.6000261457477,-4394531.25,8.793053e-06,1.1959858e-07,0.6144943192412476,0.010697895690799292,/content/drive/MyDrive/N-MON/ALTRO/spectograms/MULTITONE-NARROW-40-20/1473.npy,MULTITONE-NARROW-40-20
-0.0010916962,0.009583002,0.7666293,0.64974695,0.7666301,-0.9981383,0.99384767,1.991986021399498,-0.010037738,1.5948839,-0.4817105795518498,-3984375.0,9.884911e-06,1.1802429e-07,0.6059850121623904,0.006495608064504492,/content/drive/MyDrive/N-MON/ALTRO/spectograms/MULTITONE-NARROW-40-20/1474.npy,MULTITONE-NARROW-40-20
-0.0091930255,-0.0057278983,0.76808006,0.6461849,0.7681351,-0.9978768,0.9940704,1.9919472336769104,0.012378262,1.6049922,-0.5633572409929625,-3984375.0,1.0457244e-05,1.1719339e-07,0.6138141128451575,0.00831547065342947,/content/drive/MyDrive/N-MON/ALTRO/spectograms/MULTITONE-NARROW-40-20/1475.npy,MULTITONE-NARROW-40-20
0.0022805333,0.0020102954,0.7798486,0.65909064,0.7798519,-0.9978247,0.99414194,1.9919666796922684,-0.008569949,1.5684584,-0.6511329800328013,-3984375.0,9.11144e-06,1.2157521e-07,0.6206294888640849,0.008255576213251915,/content/drive/MyDrive/N-MON/ALTRO/spectograms/MULTITONE-NARROW-40-20/1476.npy,MULTITONE-NARROW-40-20
0.0043595624,0.009637477,0.76478815,0.6432165,0.7648006,-0.9980988,0.9938146,1.9919133931398392,-0.019614311,1.6145072,-0.5175206567342273,-3984375.0,1.0907802e-05,1.1755865e-07,0.6095547436553062,0.007155685263065931,/content/drive/MyDrive/N-MON/ALTRO/spectograms/MULTITONE-NARROW-40-20/1477.npy,MULTITONE-NARROW-40-20
-0.004565334,-0.009670767,0.7706725,0.6480734,0.77068603,-0.9978515,0.99416703,1.992018535733223,0.010356361,1.6011417,-0.607523623764756,-3984375.0,9.504073e-06,1.1885793e-07,0.6083344625285053,0.009446632935438497,/content/drive/MyDrive/N-MON/ALTRO/spectograms/MULTITONE-NARROW-40-20/1478.npy,MULTITONE-NARROW-40-20
0.006460424,0.00977489,0.7804775,0.661004,0.7805043,-0.9980473,0.993945,1.991992324590683,-0.023955774,1.568648,-0.6613224294268357,-3984375.0,8.5450265e-06,1.2141517e-07,0.6516260275105024,0.0320716574313897,/content/drive/MyDrive/N-MON/ALTRO/spectograms/MULTITONE-NARROW-40-20/1479.npy,MULTITONE-NARROW-40-20
-0.006980234,0.001990683,0.7673164,0.64352024,0.7673482,-0.99791294,0.99397063,1.9918835908174515,0.0045331623,1.6115685,-0.5627205682621598,-3984375.0,1.1046144e-05,1.1690499e-07,0.6134071746218012,0.007480371094138815,/content/drive/MyDrive/N-MON/ALTRO/spectograms/MULTITONE-NARROW-40-20/1480.npy,MULTITONE-NARROW-40-20
-0.002927611,0.0096681565,0.7696679,0.64554065,0.76967347,-0.99794185,0.9940257,1.9919675290584564,-0.0050233225,1.608126,-0.6281107634318667,-3984375.0,9.167195e-06,1.1854931e-07,0.6067840230082069,0.009038902540409623,/content/drive/MyDrive/N-MON/ALTRO/spectograms/MULTITONE-NARROW-40-20/1481.npy,MULTITONE-NARROW-40-20
-0.0037968897,0.001787877,0.77445734,0.6569001,0.7744666,-0.9981501,0.9938862,1.9920362681150436,-0.0006084091,1.5781461,-0.5622749744417278,-3984375.0,9.774527e-06,1.2013236e-07,0.607738415019853,0.006470427502551585,/content/drive/MyDrive/N-MON/ALTRO/spectograms/MULTITONE-NARROW-40-20/1482.npy,MULTITONE-NARROW-40-20
0.0009940605,0.009891739,0.7679948,0.6469892,0.7679954,-0.99781585,0.9941062,1.9919220805168152,-0.00591769,1.6053306,-0.5498479512167657,-3984375.0,1.0340071e-05,1.1703719e-07,0.610684077006892,0.007982588875582963,/content/drive/MyDrive/N-MON/ALTRO/spectograms/MULTITONE-NARROW-40-20/1483.npy,MULTITONE-NARROW-40-20
-0.002848497,-0.0052589374,0.77564496,0.65329343,0.7756502,-0.99737597,0.99462324,1.9919992089271545,0.00062117295,1.5836782,-0.6345676025737311,-3984375.0,8.828871e-06,1.2078793e-07,0.6143961262337485,0.009142221809434891,/content/drive/MyDrive/N-MON/ALTRO/spectograms/MULTITONE-NARROW-40-20/1484.npy,MULTITONE-NARROW-40-20
-7.3582174e-05,0.0016103222,0.76866424,0.6502496,0.76866424,-0.99835825,0.99361134,1.9919696003198624,-0.010231409,1.5957545,-0.5194147697635129,-3984375.0,1.0562012e-05,1.1725494e-07,0.6143395368897526,0.007891969628189405,/content/drive/MyDrive/N-MON/ALTRO/spectograms/MULTITONE-NARROW-40-20/1485.npy,MULTITONE-NARROW-40-20
-0.002136653,-0.005556364,0.76741165,0.6480192,0.7674146,-0.997558,0.9944338,1.9919918477535248,0.004125693,1.602353,-0.5190793952458012,-3984375.0,1.048434e-05,1.1755026e-07,0.6135338066522791,0.00984203830260023,/content/drive/MyDrive/N-MON/ALTRO/spectograms/MULTITONE-NARROW-40-20/1486.npy,MULTITONE-NARROW-40-20
-0.0042123394,-0.013830768,0.7787406,0.65888786,0.778752,-0.9981128,0.993865,1.9919778406620026,0.010041947,1.5734627,-0.6521552539987462,-4394531.25,7.5361963e-06,1.2129705e-07,0.6487626231503376,0.02341795517073113,/content/drive/MyDrive/N-MON/ALTRO/spectograms/MULTITONE-NARROW-40-20/1487.npy,MULTITONE-NARROW-40-20
-0.0034338837,-0.0060947123,0.7673571,0.6444497,0.7673648,-0.9980667,0.9938278,1.9918945729732513,0.0010621919,1.6126095,-0.5719236077927593,-3984375.0,1.1373322e-05,1.1719949e-07,0.6193867401496433,0.006859176188574325,/content/drive/MyDrive/N-MON/ALTRO/spectograms/MULTITONE-NARROW-40-20/1488.npy,MULTITONE-NARROW-40-20
0.00063723134,0.009612415,0.768609,0.64546084,0.7686093,-0.9980502,0.99395263,1.9920028895139694,-0.0036823372,1.610284,-0.6095688869122854,-3984375.0,9.507071e-06,1.18812984e-07,0.60567051495267,0.00849113595754817,/content/drive/MyDrive/N-MON/ALTRO/spectograms/MULTITONE-NARROW-40-20/1489.npy,MULTITONE-NARROW-40-20
-0.005509038,-0.005486255,0.7807881,0.66277367,0.7808075,-0.9976266,0.9943761,1.9920027405023575,0.0049994313,1.5636091,-0.6411251249426116,-3984375.0,9.2993705e-06,1.2157511e-07,0.630541009935782,0.026725666641799567,/content/drive/MyDrive/N-MON/ALTRO/spectograms/MULTITONE-NARROW-40-20/1490.npy,MULTITONE-NARROW-40-20
-0.011402397,-0.0056668054,0.7662571,0.64229596,0.766342,-0.99775,0.9941299,1.9918799102306366,0.014376756,1.6122342,-0.5544441700922668,-3984375.0,1.122428e-05,1.1666392e-07,0.6123542173633332,0.007350776683053881,/content/drive/MyDrive/N-MON/ALTRO/spectograms/MULTITONE-NARROW-40-20/1491.npy,MULTITONE-NARROW-40-20
-4.2533873e-05,-0.0053765792,0.77334225,0.65016884,0.77334225,-0.9974892,0.99451417,1.99200339615345,-0.0036147514,1.5951947,-0.6443749127990605,-3984375.0,9.097163e-06,1.1887854e-07,0.6101474252656003,0.008933219308108767,/content/drive/MyDrive/N-MON/ALTRO/spectograms/MULTITONE-NARROW-40-20/1492.npy,MULTITONE-NARROW-40-20
0.0026901031,0.0017528858,0.77088016,0.6530559,0.7708849,-0.9981204,0.9938749,1.9919953346252441,-0.018941985,1.5860379,-0.5184942021043356,-3984375.0,1.0045237e-05,1.1879555e-07,0.6097865869259258,0.007094779204270127,/content/drive/MyDrive/N-MON/ALTRO/spectograms/MULTITONE-NARROW-40-20/1493.npy,MULTITONE-NARROW-40-20
-0.0073152846,-0.005653331,0.76781875,0.6460024,0.7678536,-0.9976256,0.9943332,1.9919587969779968,0.011122234,1.6072943,-0.5543957822120166,-3984375.0,1.0280608e-05,1.1703078e-07,0.6111430953922921,0.007950600747765445,/content/drive/MyDrive/N-MON/ALTRO/spectograms/MULTITONE-NARROW-40-20/1494.npy,MULTITONE-NARROW-40-20
-0.002531989,0.009766094,0.77467984,0.6524453,0.774684,-0.9978908,0.99408764,1.9919783920049667,-0.007058107,1.5881383,-0.6299436941920896,-3984375.0,9.040979e-06,1.2073427e-07,0.6109970786781936,0.008359146520952042,/content/drive/MyDrive/N-MON/ALTRO/spectograms/MULTITONE-NARROW-40-20/1495.npy,MULTITONE-NARROW-40-20
0.011238324,0.025677513,0.7650115,0.6446046,0.76509404,-0.9976903,0.9942281,1.9919184744358063,-0.03779066,1.6135867,-0.5191375424284114,-3984375.0,1.110827e-05,1.1693155e-07,0.6091498596097187,0.007073973296379894,/content/drive/MyDrive/N-MON/ALTRO/spectograms/MULTITONE-NARROW-40-20/1496.npy,MULTITONE-NARROW-40-20
-0.007866268,-0.0057520987,0.77185816,0.6503625,0.77189827,-0.9977829,0.99422115,1.9920040667057037,0.010648362,1.5954217,-0.6117176793843663,-3984375.0,1.0188018e-05,1.1824925e-07,0.6077328428667259,0.00816272307965255,/content/drive/MyDrive/N-MON/ALTRO/spectograms/MULTITONE-NARROW-40-20/1497.npy,MULTITONE-NARROW-40-20
0.00878104,0.025198981,0.7813315,0.6617124,0.78138083,-0.9982054,0.99378395,1.9919893890619278,-0.033031166,1.568656,-0.679939360824176,-3984375.0,8.999591e-06,1.2202601e-07,0.6155995655713169,0.008209054104728662,/content/drive/MyDrive/N-MON/ALTRO/spectograms/MULTITONE-NARROW-40-20/1498.npy,MULTITONE-NARROW-40-20
0.0091423,0.017498754,0.76287156,0.6384196,0.7629263,-0.99802923,0.9938672,1.9918964505195618,-0.028553724,1.6266016,-0.5449719677615789,-3984375.0,1.0901372e-05,1.1640809e-07,0.6100482510512908,0.007763513317757843,/content/drive/MyDrive/N-MON/ALTRO/spectograms/MULTITONE-NARROW-40-20/1499.npy,MULTITONE-NARROW-40-20
0.004562493,0.009897647,0.7765655,0.6561611,0.77657896,-0.99785787,0.99415684,1.9920147210359573,-0.022344317,1.5827436,-0.6595035729983297,-3984375.0,9.150215e-06,1.196199e-07,0.614249900426383,0.010357032095742028,/content/drive/MyDrive/N-MON/ALTRO/spectograms/MULTITONE-NARROW-40-20/1500.npy,MULTITONE-NARROW-40-20
-0.0021943308,0.009871336,0.78012234,0.6630227,0.7801254,-0.9977809,0.9942245,1.99200539290905,-0.00867668,1.5663619,-0.6397120289206236,-3984375.0,8.835097e-06,1.2115538e-07,0.6159977611994765,0.009683488994310983,/content/drive/MyDrive/N-MON/ALTRO/spectograms/MULTITONE-NARROW-40-20/1501.npy,MULTITONE-NARROW-40-20
0.010467457,0.01732071,0.76408935,0.6411444,0.764161,-0.9980178,0.9938558,1.9918735921382904,-0.03237231,1.6181847,-0.5238348888299519,-3984375.0,1.0900848e-05,1.1673473e-07,0.6150031077766133,0.00741241644326209,/content/drive/MyDrive/N-MON/ALTRO/spectograms/MULTITONE-NARROW-40-20/1502.npy,MULTITONE-NARROW-40-20
-0.0014306641,0.009658996,0.775491,0.65264237,0.7754923,-0.99802846,0.9939192,1.9919476807117462,-0.005658022,1.5878034,-0.65561964231022,-3984375.0,7.538075e-06,1.1966578e-07,0.6594273979398257,0.027437179443348704,/content/drive/MyDrive/N-MON/ALTRO/spectograms/MULTITONE-NARROW-40-20/1503.npy,MULTITONE-NARROW-40-20
0.00412747,0.009970322,0.7647678,0.6450785,0.764779,-0.99781084,0.994168,1.9919788241386414,-0.018771844,1.6080481,-0.49658369635501487,-3984375.0,1.0179838e-05,1.1711796e-07,0.609124767734508,0.007945686499864605,/content/drive/MyDrive/N-MON/ALTRO/spectograms/MULTITONE-NARROW-40-20/1504.npy,MULTITONE-NARROW-40-20
-0.000535388,0.0022334824,0.76978153,0.6479839,0.7697817,-0.9977076,0.9942563,1.9919639378786087,-0.00951475,1.6027415,-0.5807954689160227,-3984375.0,1.0539175e-05,1.18422435e-07,0.6139082873559119,0.009081123960815276,/content/drive/MyDrive/N-MON/ALTRO/spectograms/MULTITONE-NARROW-40-20/1505.npy,MULTITONE-NARROW-40-20
-0.004338445,0.017706102,0.7782948,0.6582087,0.7783069,-0.99772877,0.9942509,1.9919796586036682,-0.007845779,1.5762311,-0.6532448197885367,-3984375.0,8.880425e-06,1.205493e-07,0.6120665761456614,0.008611361344198792,/content/drive/MyDrive/N-MON/ALTRO/spectograms/MULTITONE-NARROW-40-20/1506.npy,MULTITONE-NARROW-40-20
-0.0018924857,0.002305668,0.767341,0.6471266,0.7673434,-0.9976451,0.9942803,1.9919253885746002,-0.0022766336,1.6058812,-0.5335043830919234,-3984375.0,1.10473475e-05,1.1735224e-07,0.6111500475577476,0.006630014033469392,/content/drive/MyDrive/N-MON/ALTRO/spectograms/MULTITONE-NARROW-40-20/1507.npy,MULTITONE-NARROW-40-20
0.00095706986,0.017279446,0.77105623,0.6484126,0.77105683,-0.99820006,0.9938194,1.9920194745063782,-0.015612843,1.600242,-0.60779764092523,-3984375.0,9.647297e-06,1.18416565e-07,0.6060716687983043,0.009163039459554774,/content/drive/MyDrive/N-MON/ALTRO/spectograms/MULTITONE-NARROW-40-20/1508.npy,MULTITONE-NARROW-40-20
-0.0044255694,0.017365608,0.7799674,0.6607532,0.77997994,-0.99811935,0.99388343,1.9920028001070023,-0.0084304465,1.5702798,-0.6570831015760562,-3984375.0,8.958666e-06,1.2189238e-07,0.6110926791415785,0.007522428723340764,/content/drive/MyDrive/N-MON/ALTRO/spectograms/MULTITONE-NARROW-40-20/1509.npy,MULTITONE-NARROW-40-20
-0.010690039,-0.0057344697,0.7669985,0.6432561,0.76707304,-0.99761844,0.9942592,1.9918776452541351,0.019793693,1.6132733,-0.5788674027451918,-3984375.0,1.1192919e-05,1.17754894e-07,0.6112131871605526,0.00734696015794059,/content/drive/MyDrive/N-MON/ALTRO/spectograms/MULTITONE-NARROW-40-20/1510.npy,MULTITONE-NARROW-40-20
-0.005227799,0.0016776886,0.77306616,0.65030485,0.77308387,-0.99819714,0.9938192,1.9920163303613663,0.0052860095,1.5962027,-0.6467274617097313,-3984375.0,9.039846e-06,1.185752e-07,0.6090594707099282,0.00901445161331274,/content/drive/MyDrive/N-MON/ALTRO/spectograms/MULTITONE-NARROW-40-20/1511.npy,MULTITONE-NARROW-40-20
-0.004518014,-0.0061432114,0.77418554,0.6540669,0.77419865,-0.9981976,0.9937635,1.9919611364603043,0.010248405,1.5837915,-0.5901451739351896,-3984375.0,9.53902e-06,1.204339e-07,0.6092562255380903,0.006750855153376631,/content/drive/MyDrive/N-MON/ALTRO/spectograms/MULTITONE-NARROW-40-20/1512.npy,MULTITONE-NARROW-40-20
0.001963574,0.009685529,0.76734734,0.6458078,0.7673499,-0.99803406,0.99387646,1.9919105172157288,-0.023749115,1.6077348,-0.5398139408291912,-3984375.0,1.0635182e-05,1.1751163e-07,0.6105898359959299,0.008136873693719335,/content/drive/MyDrive/N-MON/ALTRO/spectograms/MULTITONE-NARROW-40-20/1513.npy,MULTITONE-NARROW-40-20
-0.008502945,-0.005720173,0.77488416,0.6531157,0.7749308,-0.99778813,0.99420965,1.99199777841568,0.014845542,1.5889913,-0.6389378049687721,-3984375.0,8.951925e-06,1.1934208e-07,0.6192921289665787,0.00828644198534699,/content/drive/MyDrive/N-MON/ALTRO/spectograms/MULTITONE-NARROW-40-20/1514.npy,MULTITONE-NARROW-40-20
-0.000968328,0.010319702,0.76601833,0.64733005,0.7660189,-0.9973927,0.99462014,1.9920128732919693,-0.009548208,1.604615,-0.5177901469925922,-3984375.0,1.0653088e-05,1.177471e-07,0.6139487168066323,0.007826375381045378,/content/drive/MyDrive/N-MON/ALTRO/spectograms/MULTITONE-NARROW-40-20/1515.npy,MULTITONE-NARROW-40-20
0.006298708,0.017545072,0.7673585,0.64463216,0.76738435,-0.9978929,0.99407434,1.9919672757387161,-0.023023617,1.6078924,-0.5466053412085775,-3984375.0,1.024313e-05,1.17775585e-07,0.6112212787057202,0.008336638964588092,/content/drive/MyDrive/N-MON/ALTRO/spectograms/MULTITONE-NARROW-40-20/1516.npy,MULTITONE-NARROW-40-20
0.0026406436,-0.0052958205,0.77846366,0.6572374,0.7784682,-0.99745786,0.9945322,1.991990104317665,-0.0050149243,1.5790056,-0.6727317805681318,-3984375.0,8.853084e-06,1.2039536e-07,0.6146861962064394,0.008568003124986899,/content/drive/MyDrive/N-MON/ALTRO/spectograms/MULTITONE-NARROW-40-20/1517.npy,MULTITONE-NARROW-40-20
-0.0058310656,-0.0057308725,0.76558906,0.6428218,0.76561135,-0.997881,0.9940336,1.9919146001338959,0.0010499856,1.6141295,-0.5419498594339603,-3984375.0,1.0953137e-05,1.1746016e-07,0.6135835126279974,0.007325911919168765,/content/drive/MyDrive/N-MON/ALTRO/spectograms/MULTITONE-NARROW-40-20/1518.npy,MULTITONE-NARROW-40-20
0.01151346,0.025412057,0.77265483,0.65134686,0.7727406,-0.9979356,0.9940317,1.991967335343361,-0.04322008,1.5933735,-0.5981787207436345,-3984375.0,1.0109865e-05,1.18184346e-07,0.6111373237199487,0.009854051470491502,/content/drive/MyDrive/N-MON/ALTRO/spectograms/MULTITONE-NARROW-40-20/1519.npy,MULTITONE-NARROW-40-20
0.00022639227,0.0022698776,0.77940965,0.6607031,0.7794097,-0.9976411,0.9943545,1.9919955879449844,-0.002597766,1.573047,-0.6603487925822719,-3984375.0,9.058463e-06,1.2068973e-07,0.6125218069517122,0.006580254592630776,/content/drive/MyDrive/N-MON/ALTRO/spectograms/MULTITONE-NARROW-40-20/1520.npy,MULTITONE-NARROW-40-20
-0.0026918512,0.0057882913,0.7665093,0.6434516,0.76651406,-0.99797934,0.9939092,1.9918885231018066,-0.007826323,1.6138625,-0.5665118131696519,-3984375.0,1.07505e-05,1.1706391e-07,0.61207647025928,0.007267979385401168,/content/drive/MyDrive/N-MON/ALTRO/spectograms/MULTITONE-NARROW-40-20/1521.npy,MULTITONE-NARROW-40-20
-0.0056195734,0.0019257399,0.77201384,0.6505121,0.7720343,-0.99792147,0.9940954,1.992016851902008,0.0044777133,1.5949101,-0.6087145580589307,-3984375.0,9.478104e-06,1.1863921e-07,0.6091992952639009,0.009210699884139167,/content/drive/MyDrive/N-MON/ALTRO/spectograms/MULTITONE-NARROW-40-20/1522.npy,MULTITONE-NARROW-40-20
-0.005623953,-0.013419487,0.7776145,0.6593368,0.7776348,-0.9978005,0.9942014,1.9920019507408142,0.004805937,1.5738453,-0.6254744819310735,-3984375.0,9.370417e-06,1.1992404e-07,0.6109048728652454,0.006881788313623337,/content/drive/MyDrive/N-MON/ALTRO/spectograms/MULTITONE-NARROW-40-20/1523.npy,MULTITONE-NARROW-40-20
0.011503439,0.025394239,0.7683603,0.64494616,0.7684464,-0.99796045,0.9939452,1.991905614733696,-0.045297053,1.607701,-0.5590578813791921,-3984375.0,1.1055394e-05,1.1767689e-07,0.613695690318889,0.007503031709900006,/content/drive/MyDrive/N-MON/ALTRO/spectograms/MULTITONE-NARROW-40-20/1524.npy,MULTITONE-NARROW-40-20
0.0009720125,-0.005852721,0.7715511,0.6468167,0.77155167,-0.99799544,0.994008,1.9920034557580948,-0.002664006,1.600136,-0.6262827315470797,-3984375.0,9.012542e-06,1.18886994e-07,0.6102272499145541,0.00917635264248326,/content/drive/MyDrive/N-MON/ALTRO/spectograms/MULTITONE-NARROW-40-20/1525.npy,MULTITONE-NARROW-40-20
-0.005994092,-0.0017834571,0.77085954,0.6540301,0.77088284,-0.9977854,0.9942162,1.9920015782117844,0.0050052684,1.5844438,-0.5292253639331063,-3984375.0,9.95416e-06,1.17484355e-07,0.6189452401205012,0.024578485855141902,/content/drive/MyDrive/N-MON/ALTRO/spectograms/MULTITONE-NARROW-40-20/1526.npy,MULTITONE-NARROW-40-20
0.005242661,0.0019846556,0.76475,0.641655,0.764768,-0.99787706,0.99407226,1.9919493347406387,-0.019784315,1.6190505,-0.5472100798364955,-3984375.0,1.0897381e-05,1.1771374e-07,0.6098625202366565,0.008275216022793712,/content/drive/MyDrive/N-MON/ALTRO/spectograms/MULTITONE-NARROW-40-20/1527.npy,MULTITONE-NARROW-40-20
0.005668394,0.017836953,0.77363175,0.651168,0.7736525,-0.99768937,0.9942448,1.991934210062027,-0.02433521,1.5943972,-0.6313538662308612,-3984375.0,7.900405e-06,1.1956888e-07,0.6150954009114755,0.010052064007204308,/content/drive/MyDrive/N-MON/ALTRO/spectograms/MULTITONE-NARROW-40-20/1528.npy,MULTITONE-NARROW-40-20
0.0024752102,0.010033511,0.76599526,0.6475505,0.76599926,-0.9976139,0.994317,1.9919309169054031,-0.008141359,1.6089998,-0.5160807224714877,-3984375.0,1.0795986e-05,1.17148204e-07,0.6129375953927482,0.005931361918994148,/content/drive/MyDrive/N-MON/ALTRO/spectograms/MULTITONE-NARROW-40-20/1529.npy,MULTITONE-NARROW-40-20
0.007186283,0.009981854,0.76799434,0.6461515,0.768028,-0.9977029,0.9942902,1.9919930845499039,-0.01846148,1.6055685,-0.5667889564444969,-3984375.0,9.606717e-06,1.1754456e-07,0.6104781097712971,0.010705246263191644,/content/drive/MyDrive/N-MON/ALTRO/spectograms/MULTITONE-NARROW-40-20/1530.npy,MULTITONE-NARROW-40-20
-0.0033270845,0.009869691,0.7790313,0.6578203,0.77903837,-0.9979349,0.9940522,1.9919870644807816,-0.015095484,1.576566,-0.6836983704943754,-3984375.0,9.0930625e-06,1.2108927e-07,0.618737174183747,0.008469317391028996,/content/drive/MyDrive/N-MON/ALTRO/spectograms/MULTITONE-NARROW-40-20/1531.npy,MULTITONE-NARROW-40-20
-0.0061837714,-0.005536469,0.7679713,0.64591104,0.7679962,-0.99749607,0.99440414,1.991900235414505,0.0073506045,1.6059602,-0.5597223453369066,-3984375.0,1.10991095e-05,1.176182e-07,0.6141977179668101,0.00810834495928328,/content/drive/MyDrive/N-MON/ALTRO/spectograms/MULTITONE-NARROW-40-20/1532.npy,MULTITONE-NARROW-40-20
-0.004855728,-0.005995768,0.77595997,0.65417075,0.77597517,-0.99817765,0.9938387,1.9920163750648499,-0.001028422,1.5841001,-0.6366965531626968,-3984375.0,8.326779e-06,1.1998259e-07,0.6843888351102205,0.030501302081826345,/content/drive/MyDrive/N-MON/ALTRO/spectograms/MULTITONE-NARROW-40-20/1533.npy,MULTITONE-NARROW-40-20
0.0029114047,0.009705618,0.77928025,0.6604218,0.7792857,-0.9980398,0.99396527,1.9920050501823425,-0.017939854,1.5683879,-0.6417903027119217,-3984375.0,9.077418e-06,1.2117616e-07,0.6111224261715715,0.006607614610716938,/content/drive/MyDrive/N-MON/ALTRO/spectograms/MULTITONE-NARROW-40-20/1534.npy,MULTITONE-NARROW-40-20
0.007347462,0.006469467,0.76649547,0.64289504,0.76653075,-0.9972862,0.99460596,1.991892158985138,-0.021848962,1.613917,-0.5661174136861337,-3984375.0,1.1254022e-05,1.1746868e-07,0.6108056872742353,0.007205410025594297,/content/drive/MyDrive/N-MON/ALTRO/spectograms/MULTITONE-NARROW-40-20/1535.npy,MULTITONE-NARROW-40-20
-0.0038261376,0.0018513309,0.77351475,0.6516331,0.7735242,-0.9980903,0.9939261,1.9920164197683334,-0.0007297898,1.5911187,-0.6262563797618396,-3984375.0,9.122104e-06,1.190557e-07,0.6129126930997835,0.009587276367365668,/content/drive/MyDrive/N-MON/ALTRO/spectograms/MULTITONE-NARROW-40-20/1536.npy,MULTITONE-NARROW-40-20
0.0019258823,0.0018487202,0.77243996,0.65439576,0.7724423,-0.99804246,0.9939705,1.99201300740242,-0.010135372,1.5818195,-0.5416951026450941,-3984375.0,1.00252755e-05,1.19082266e-07,0.6066351017376278,0.00736689825004679,/content/drive/MyDrive/N-MON/ALTRO/spectograms/MULTITONE-NARROW-40-20/1537.npy,MULTITONE-NARROW-40-20
-0.007677851,-0.005799668,0.7663168,0.6443661,0.7663552,-0.99779016,0.9941557,1.9919458776712418,0.01296144,1.6138718,-0.5519139775977769,-3984375.0,1.0963905e-05,1.170932e-07,0.609190560337906,0.007850308505783075,/content/drive/MyDrive/N-MON/ALTRO/spectograms/MULTITONE-NARROW-40-20/1538.npy,MULTITONE-NARROW-40-20
-0.001258008,0.0019655707,0.7738487,0.65078133,0.7738497,-0.9979696,0.99402755,1.9919971972703934,-0.010455003,1.5902017,-0.60555112481961,-3984375.0,8.949301e-06,1.1975511e-07,0.6104318159006055,0.007966381868862024,/content/drive/MyDrive/N-MON/ALTRO/spectograms/MULTITONE-NARROW-40-20/1539.npy,MULTITONE-NARROW-40-20
0.002157711,0.0020570753,0.7642233,0.64407885,0.7642263,-0.9979018,0.994013,1.991914838552475,-0.010817631,1.6135081,-0.49829850977345036,-3984375.0,1.0747408e-05,1.17225646e-07,0.6064365891680856,0.006405801895048755,/content/drive/MyDrive/N-MON/ALTRO/spectograms/MULTITONE-NARROW-40-20/1540.npy,MULTITONE-NARROW-40-20
-0.004013223,-0.013631857,0.7716494,0.6522146,0.77165985,-0.9979717,0.99400586,1.9919775873422623,0.0024001205,1.5904962,-0.557529956863812,-3984375.0,9.836078e-06,1.1846129e-07,0.6297835292908758,0.024338626764054405,/content/drive/MyDrive/N-MON/ALTRO/spectograms/MULTITONE-NARROW-40-20/1541.npy,MULTITONE-NARROW-40-20
0.003831232,0.018088596,0.77797776,0.65688235,0.7779872,-0.9975263,0.9944584,1.9919846206903458,-0.02755367,1.5792235,-0.6571123760665528,-3984375.0,8.980662e-06,1.2003919e-07,0.6144992995909767,0.00887692640376506,/content/drive/MyDrive/N-MON/ALTRO/spectograms/MULTITONE-NARROW-40-20/1542.npy,MULTITONE-NARROW-40-20
0.0022490688,0.009701503,0.7669379,0.64482653,0.7669412,-0.9978874,0.99399996,1.99188731610775,-0.014698184,1.6109782,-0.5469762834942219,-3984375.0,1.0745096e-05,1.1802197e-07,0.613063778644812,0.008039513792735136,/content/drive/MyDrive/N-MON/ALTRO/spectograms/MULTITONE-NARROW-40-20/1543.npy,MULTITONE-NARROW-40-20
-0.006217474,-0.005518493,0.7706639,0.6483266,0.770689,-0.9976815,0.99434507,1.9920265972614288,0.003001529,1.6026468,-0.6130049986212117,-3984375.0,1.0130763e-05,1.1849771e-07,0.6091106205544288,0.00965915526760446,/content/drive/MyDrive/N-MON/ALTRO/spectograms/MULTITONE-NARROW-40-20/1544.npy,MULTITONE-NARROW-40-20
0.009234672,0.02540148,0.7789509,0.6593429,0.77900565,-0.997964,0.99402905,1.9919930845499039,-0.03100795,1.574375,-0.6493098505108775,-3984375.0,9.218914e-06,1.2069437e-07,0.6164311234572268,0.0074854110486372175,/content/drive/MyDrive/N-MON/ALTRO/spectograms/MULTITONE-NARROW-40-20/1545.npy,MULTITONE-NARROW-40-20
-0.0039521116,0.0018536695,0.764117,0.6393774,0.7641272,-0.9980128,0.9938899,1.9919026792049408,-0.010050911,1.6210192,-0.5558577173609259,-3984375.0,9.89592e-06,1.1851971e-07,0.6416401501821385,0.026818830497381995,/content/drive/MyDrive/N-MON/ALTRO/spectograms/MULTITONE-NARROW-40-20/1546.npy,MULTITONE-NARROW-40-20
-0.003997877,-0.009722344,0.77260685,0.649977,0.7726172,-0.9979176,0.9940965,1.9920141100883484,0.004033082,1.5968969,-0.6382604354099871,-3984375.0,9.274093e-06,1.1880821e-07,0.6141682436632793,0.009738147252491657,/content/drive/MyDrive/N-MON/ALTRO/spectograms/MULTITONE-NARROW-40-20/1547.npy,MULTITONE-NARROW-40-20
0.0051213903,0.017772654,0.7733453,0.65448004,0.7733623,-0.9976818,0.99432826,1.9920100569725037,-0.020269264,1.5842463,-0.5573773661829177,-3984375.0,9.687569e-06,1.199389e-07,0.6096661930129681,0.006859860994329068,/content/drive/MyDrive/N-MON/ALTRO/spectograms/MULTITONE-NARROW-40-20/1548.npy,MULTITONE-NARROW-40-20
-0.008371422,0.002121768,0.7674321,0.6427836,0.76747775,-0.9978231,0.99409616,1.9919192790985107,0.007904025,1.6130793,-0.5874567265728602,-3984375.0,1.095916e-05,1.174315e-07,0.6128895812921473,0.008052813454234175,/content/drive/MyDrive/N-MON/ALTRO/spectograms/MULTITONE-NARROW-40-20/1549.npy,MULTITONE-NARROW-40-20
0.0051865852,0.009633429,0.7751055,0.65436924,0.7751228,-0.99805635,0.9939418,1.9919981509447098,-0.017933035,1.5859075,-0.6148251465058766,-3984375.0,8.901037e-06,1.19000404e-07,0.609940092831113,0.008919168205406598,/content/drive/MyDrive/N-MON/ALTRO/spectograms/MULTITONE-NARROW-40-20/1550.npy,MULTITONE-NARROW-40-20
-0.008739071,-0.009924851,0.7665236,0.64560986,0.76657337,-0.99804693,0.9938572,1.9919041693210602,0.016811881,1.6064565,-0.538609665793942,-3984375.0,1.0528818e-05,1.1807792e-07,0.6086287142046811,0.0067709401102412515,/content/drive/MyDrive/N-MON/ALTRO/spectograms/MULTITONE-NARROW-40-20/1551.npy,MULTITONE-NARROW-40-20
0.006065356,0.0023216151,0.7644437,0.6421163,0.7644678,-0.9976137,0.99435514,1.9919688701629639,-0.017678129,1.6196587,-0.5427213424783545,-3984375.0,1.029467e-05,1.1744169e-07,0.6037284884344458,0.008570778149329826,/content/drive/MyDrive/N-MON/ALTRO/spectograms/MULTITONE-NARROW-40-20/1552.npy,MULTITONE-NARROW-40-20
-0.005662199,-0.005967045,0.7783417,0.6560343,0.77836233,-0.99795437,0.994018,1.9919724017381668,0.0075193346,1.5766869,-0.6698611632818353,-3984375.0,8.847729e-06,1.2101418e-07,0.6137604873524329,0.008624937039593506,/content/drive/MyDrive/N-MON/ALTRO/spectograms/MULTITONE-NARROW-40-20/1553.npy,MULTITONE-NARROW-40-20
-0.007279393,0.00214743,0.7637109,0.64187324,0.7637456,-0.9977708,0.99415374,1.9919245690107346,0.009379729,1.6195722,-0.5259246076959202,-3984375.0,1.1021543e-05,1.1707674e-07,0.6117218133142128,0.007390850918161948,/content/drive/MyDrive/N-MON/ALTRO/spectograms/MULTITONE-NARROW-40-20/1554.npy,MULTITONE-NARROW-40-20
-0.008178824,0.0020607896,0.7666611,0.6437239,0.7667048,-0.9978082,0.99414647,1.991954728960991,0.0114885615,1.612199,-0.560363781147058,-3984375.0,9.764167e-06,1.18763694e-07,0.6064068395704929,0.008972284291968677,/content/drive/MyDrive/N-MON/ALTRO/spectograms/MULTITONE-NARROW-40-20/1555.npy,MULTITONE-NARROW-40-20
0.0029778634,0.010046166,0.7769054,0.6554045,0.7769111,-0.99767756,0.9943211,1.991998702287674,-0.018849343,1.5826322,-0.6544169597668797,-3984375.0,8.8103525e-06,1.2093213e-07,0.6108328214640801,0.007794095703303167,/content/drive/MyDrive/N-MON/ALTRO/spectograms/MULTITONE-NARROW-40-20/1556.npy,MULTITONE-NARROW-40-20
0.002973114,0.0018088559,0.7681737,0.6447593,0.7681795,-0.99802804,0.99387956,1.9919075965881348,-0.012364899,1.6109365,-0.5917759216022055,-3984375.0,1.1169324e-05,1.17574075e-07,0.61527477004483,0.007974033142723321,/content/drive/MyDrive/N-MON/ALTRO/spectograms/MULTITONE-NARROW-40-20/1557.npy,MULTITONE-NARROW-40-20
0.007619354,0.025566747,0.7736005,0.65063083,0.773638,-0.9977695,0.99423856,1.9920080453157425,-0.032485798,1.5960368,-0.6502636222409414,-3984375.0,9.717387e-06,1.1865381e-07,0.615427154559672,0.009635458229566784,/content/drive/MyDrive/N-MON/ALTRO/spectograms/MULTITONE-NARROW-40-20/1558.npy,MULTITONE-NARROW-40-20
-0.0034631928,0.0017946572,0.7808124,0.66280466,0.78082,-0.9981424,0.99387956,1.9920220077037811,0.0027884033,1.5606934,-0.6273143763211692,-3984375.0,8.98799e-06,1.2142075e-07,0.6150409157284126,0.008774623004098044,/content/drive/MyDrive/N-MON/ALTRO/spectograms/MULTITONE-NARROW-40-20/1559.npy,MULTITONE-NARROW-40-20
0.0064621065,0.009893836,0.76576936,0.64194727,0.7657966,-0.9977571,0.99415153,1.9919086247682571,-0.02663694,1.6164341,-0.5637938704554611,-3984375.0,1.105183e-05,1.1728183e-07,0.61481506791599,0.007477571425695369,/content/drive/MyDrive/N-MON/ALTRO/spectograms/MULTITONE-NARROW-40-20/1560.npy,MULTITONE-NARROW-40-20
0.0010044846,0.009770442,0.7693977,0.64688563,0.7693984,-0.99793,0.99407077,1.9920007586479187,-0.009006132,1.6053848,-0.6025958183659413,-3984375.0,9.072079e-06,1.18688924e-07,0.6108839929458514,0.010781042962680898,/content/drive/MyDrive/N-MON/ALTRO/spectograms/MULTITONE-NARROW-40-20/1561.npy,MULTITONE-NARROW-40-20
0.0071475515,0.010069432,0.7678913,0.6484031,0.76792455,-0.99771893,0.9942778,1.9919967353343964,-0.023446485,1.5974774,-0.5172756249824105,-3984375.0,9.250417e-06,1.1799304e-07,0.6559547996138675,0.036861429573668864,/content/drive/MyDrive/N-MON/ALTRO/spectograms/MULTITONE-NARROW-40-20/1562.npy,MULTITONE-NARROW-40-20
0.006626567,0.025557073,0.76738214,0.6434723,0.7674107,-0.99770343,0.99422663,1.991930067539215,-0.033472784,1.612984,-0.5811773097917722,-3984375.0,1.0050992e-05,1.1806826e-07,0.608557371014899,0.00851214019146848,/content/drive/MyDrive/N-MON/ALTRO/spectograms/MULTITONE-NARROW-40-20/1563.npy,MULTITONE-NARROW-40-20
0.00032808352,0.01751136,0.77733487,0.654885,0.7773349,-0.99802184,0.99394923,1.9919710904359818,-0.017535456,1.5819911,-0.6559746035840527,-3984375.0,8.957122e-06,1.2029795e-07,0.6127817717623568,0.008205595624242678,/content/drive/MyDrive/N-MON/ALTRO/spectograms/MULTITONE-NARROW-40-20/1564.npy,MULTITONE-NARROW-40-20
-0.007891601,-0.0057950583,0.7663146,0.6465801,0.7663553,-0.997849,0.994066,1.9919150471687317,0.012064187,1.6079397,-0.5263073612883807,-3984375.0,1.0744669e-05,1.1659192e-07,0.6099730825541668,0.007079245292789353,/content/drive/MyDrive/N-MON/ALTRO/spectograms/MULTITONE-NARROW-40-20/1565.npy,MULTITONE-NARROW-40-20
0.0011700415,0.0022567362,0.766726,0.64242345,0.7667269,-0.997579,0.9944183,1.991997316479683,-0.0050050113,1.6142769,-0.5768669907619942,-3984375.0,1.0325696e-05,1.1819405e-07,0.6033627065684484,0.008420222086526005,/content/drive/MyDrive/N-MON/ALTRO/spectograms/MULTITONE-NARROW-40-20/1566.npy,MULTITONE-NARROW-40-20
0.0070955055,0.017232444,0.7809885,0.65970266,0.78102076,-0.9982905,0.99369085,1.9919813573360443,-0.024426088,1.5722969,-0.7043642268083811,-3984375.0,9.245398e-06,1.2179775e-07,0.6144768314027859,0.007737794145010099,/content/drive/MyDrive/N-MON/ALTRO/spectograms/MULTITONE-NARROW-40-20/1567.npy,MULTITONE-NARROW-40-20
-0.008434431,0.0022457573,0.7632797,0.6399335,0.7633263,-0.9975685,0.99433357,1.9919020533561707,0.0087678125,1.6237365,-0.5395783444265839,-3984375.0,1.1011196e-05,1.16803776e-07,0.608174636035044,0.006684168937802416,/content/drive/MyDrive/N-MON/ALTRO/spectograms/MULTITONE-NARROW-40-20/1568.npy,MULTITONE-NARROW-40-20
-0.0028391895,-0.0057819714,0.7706683,0.64731336,0.7706736,-0.9977872,0.9942069,1.9919940680265427,0.006714095,1.6019976,-0.6078029210989478,-3984375.0,9.662522e-06,1.1942012e-07,0.6081458703005065,0.010382003498245192,/content/drive/MyDrive/N-MON/ALTRO/spectograms/MULTITONE-NARROW-40-20/1569.npy,MULTITONE-NARROW-40-20
-0.004745265,-0.005856348,0.77783763,0.65801513,0.7778521,-0.99796426,0.9940368,1.9920010566711426,0.008662941,1.5778282,-0.6475333250873395,-3984375.0,9.075305e-06,1.2122639e-07,0.6134718697591992,0.0069219552782642775,/content/drive/MyDrive/N-MON/ALTRO/spectograms/MULTITONE-NARROW-40-20/1570.npy,MULTITONE-NARROW-40-20
-0.0032081862,0.0022460595,0.76528984,0.6402504,0.7652966,-0.997564,0.99431974,1.9918837547302246,-0.005098528,1.6206633,-0.5656175799074871,-3984375.0,1.0809838e-05,1.1762329e-07,0.6113251213869283,0.007828493502341197,/content/drive/MyDrive/N-MON/ALTRO/spectograms/MULTITONE-NARROW-40-20/1571.npy,MULTITONE-NARROW-40-20
-0.005748316,-0.013778761,0.77096814,0.64773476,0.77098954,-0.9980246,0.99396336,1.9919879585504532,0.014740638,1.6021148,-0.6367369292808319,-3984375.0,9.25753e-06,1.1879612e-07,0.6106574179866144,0.01046957053055887,/content/drive/MyDrive/N-MON/ALTRO/spectograms/MULTITONE-NARROW-40-20/1572.npy,MULTITONE-NARROW-40-20
-0.010505753,0.001981053,0.7763047,0.659563,0.77637583,-0.9978325,0.9941472,1.9919796735048294,0.011177506,1.5712638,-0.5712145749501857,-3984375.0,9.54779e-06,1.1989783e-07,0.6137430061579907,0.007864074952087071,/content/drive/MyDrive/N-MON/ALTRO/spectograms/MULTITONE-NARROW-40-20/1573.npy,MULTITONE-NARROW-40-20
-0.010167557,0.00211353,0.7656534,0.64325523,0.7657209,-0.997754,0.99414235,1.9918963760137558,0.011744114,1.6138793,-0.5282267450003949,-3984375.0,8.930096e-06,1.1642265e-07,0.642346256649365,0.025169322988289833,/content/drive/MyDrive/N-MON/ALTRO/spectograms/MULTITONE-NARROW-40-20/1574.npy,MULTITONE-NARROW-40-20
0.006282355,0.013623296,0.774044,0.65103734,0.7740694,-0.9979966,0.9939939,1.9919905215501785,-0.022899806,1.5914629,-0.6415843385645684,-3984375.0,8.925389e-06,1.196957e-07,0.6169959792960236,0.009269469384815448,/content/drive/MyDrive/N-MON/ALTRO/spectograms/MULTITONE-NARROW-40-20/1575.npy,MULTITONE-NARROW-40-20
0.009364916,0.017678777,0.76779693,0.65105873,0.76785403,-0.99781895,0.9941439,1.9919628202915192,-0.03271522,1.5918639,-0.46822549243158573,-3984375.0,1.012125e-05,1.1815118e-07,0.6081680989678225,0.007544276949967059,/content/drive/MyDrive/N-MON/ALTRO/spectograms/MULTITONE-NARROW-40-20/1576.npy,MULTITONE-NARROW-40-20
0.00830109,0.021321852,0.76503867,0.64270705,0.76508373,-0.998065,0.9938845,1.9919494837522507,-0.027929509,1.6190431,-0.5441279585673336,-3984375.0,1.0635723e-05,1.1714978e-07,0.6079599035566958,0.007823858990304584,/content/drive/MyDrive/N-MON/ALTRO/spectograms/MULTITONE-NARROW-40-20/1577.npy,MULTITONE-NARROW-40-20
-0.0022602128,0.017647058,0.7770107,0.6556425,0.77701396,-0.9978721,0.99412113,1.9919932633638382,-0.008613805,1.5790858,-0.6371026799844223,-3984375.0,8.942751e-06,1.2020176e-07,0.611858492273851,0.00908403154724332,/content/drive/MyDrive/N-MON/ALTRO/spectograms/MULTITONE-NARROW-40-20/1578.npy,MULTITONE-NARROW-40-20
-0.0017812438,-0.013631826,0.76548874,0.6453818,0.76549083,-0.9979109,0.99404395,1.9919548779726028,0.0037721114,1.6110384,-0.5255670304464238,-3984375.0,1.0897851e-05,1.1750017e-07,0.6073027944336249,0.006739861178467167,/content/drive/MyDrive/N-MON/ALTRO/spectograms/MULTITONE-NARROW-40-20/1579.npy,MULTITONE-NARROW-40-20
-0.004436737,0.0018443741,0.7699256,0.648786,0.76993835,-0.99796706,0.99402755,1.9919946193695068,0.0046308357,1.5999054,-0.5743314701743715,-3984375.0,1.0369047e-05,1.182083e-07,0.6074400513743332,0.008548282766443932,/content/drive/MyDrive/N-MON/ALTRO/spectograms/MULTITONE-NARROW-40-20/1580.npy,MULTITONE-NARROW-40-20
-0.006996638,-0.0058980607,0.7815561,0.6607842,0.7815874,-0.9979382,0.99404585,1.9919841140508652,0.013085538,1.5680399,-0.6975145669500958,-3984375.0,9.121774e-06,1.21066e-07,0.6139262901716199,0.00685951061013024,/content/drive/MyDrive/N-MON/ALTRO/spectograms/MULTITONE-NARROW-40-20/1581.npy,MULTITONE-NARROW-40-20
-0.008696178,-0.005864493,0.7652519,0.6439755,0.76530135,-0.9978793,0.9940159,1.9918952137231827,0.0119037805,1.6148639,-0.5315091430151863,-3984375.0,1.0943181e-05,1.1761908e-07,0.6108350627691441,0.006808301153389011,/content/drive/MyDrive/N-MON/ALTRO/spectograms/MULTITONE-NARROW-40-20/1582.npy,MULTITONE-NARROW-40-20
-0.0016889015,0.009820027,0.76993954,0.6474668,0.7699414,-0.99799156,0.9940339,1.992025464773178,-0.0070611807,1.6030415,-0.6016883183086944,-3984375.0,1.011003e-05,1.1885598e-07,0.606504123580315,0.008515331796140252,/content/drive/MyDrive/N-MON/ALTRO/spectograms/MULTITONE-NARROW-40-20/1583.npy,MULTITONE-NARROW-40-20
0.0035649838,0.0016697138,0.77758294,0.65732867,0.7775911,-0.9983023,0.9936976,1.9919998794794083,-0.013692923,1.5796763,-0.6476516015437782,-3984375.0,8.770418e-06,1.202447e-07,0.6128058832931338,0.008957527260285187,/content/drive/MyDrive/N-MON/ALTRO/spectograms/MULTITONE-NARROW-40-20/1584.npy,MULTITONE-NARROW-40-20
-0.0069271065,0.0018883367,0.76421267,0.6412256,0.764244,-0.9978965,0.99399257,1.9918890744447708,0.0039173393,1.6176248,-0.5475276082489212,-3984375.0,1.1266447e-05,1.17145134e-07,0.6170858233408079,0.008504575505868688,/content/drive/MyDrive/N-MON/ALTRO/spectograms/MULTITONE-NARROW-40-20/1585.npy,MULTITONE-NARROW-40-20
-0.0039646,-0.0062109907,0.77518326,0.65313023,0.77519333,-0.99830705,0.9937089,1.9920159876346588,0.0035581684,1.5881243,-0.6494147669249389,-3984375.0,9.281868e-06,1.1973104e-07,0.6186286523169466,0.011302812966583073,/content/drive/MyDrive/N-MON/ALTRO/spectograms/MULTITONE-NARROW-40-20/1586.npy,MULTITONE-NARROW-40-20
0.0009773884,0.009981722,0.7766019,0.65728575,0.7766025,-0.99765515,0.99434847,1.9920036345720291,-0.009299592,1.5773853,-0.6074564308969103,-3984375.0,9.444917e-06,1.1977708e-07,0.613346947085623,0.006953999746424674,/content/drive/MyDrive/N-MON/ALTRO/spectograms/MULTITONE-NARROW-40-20/1587.npy,MULTITONE-NARROW-40-20
0.0033723088,0.0059268777,0.76601183,0.6432134,0.76601934,-0.9978416,0.99405175,1.9918933659791946,-0.013865362,1.6142794,-0.5452331494166859,-3984375.0,1.0760569e-05,1.17583255e-07,0.616867915423011,0.007565904701751158,/content/drive/MyDrive/N-MON/ALTRO/spectograms/MULTITONE-NARROW-40-20/1588.npy,MULTITONE-NARROW-40-20
0.004293155,0.009891163,0.7708789,0.64723915,0.7708909,-0.99789083,0.9940953,1.9919861853122711,-0.020294096,1.6034589,-0.626702723070638,-3984375.0,9.179455e-06,1.1893951e-07,0.6136971511258849,0.009483903093096484,/content/drive/MyDrive/N-MON/ALTRO/spectograms/MULTITONE-NARROW-40-20/1589.npy,MULTITONE-NARROW-40-20
0.0010351181,0.009778866,0.77435434,0.65545815,0.774355,-0.99796724,0.9940305,1.9919977337121964,-0.014645054,1.580031,-0.5763625313627482,-3984375.0,9.371453e-06,1.1973486e-07,0.6157653119860029,0.00975544960908081,/content/drive/MyDrive/N-MON/ALTRO/spectograms/MULTITONE-NARROW-40-20/1590.npy,MULTITONE-NARROW-40-20
-0.003107813,-0.0054611405,0.76437855,0.6414469,0.7643849,-0.9975768,0.9943163,1.9918930679559708,-0.004163287,1.6197722,-0.5347279015955381,-3984375.0,1.0959696e-05,1.172858e-07,0.6111647222767763,0.00785905503396485,/content/drive/MyDrive/N-MON/ALTRO/spectograms/MULTITONE-NARROW-40-20/1591.npy,MULTITONE-NARROW-40-20
0.002162932,0.0024839977,0.7728527,0.65059936,0.7728558,-0.9974055,0.9945793,1.9919848144054413,-0.007413822,1.5953393,-0.6211432040754251,-3984375.0,8.968534e-06,1.2022048e-07,0.6094309322973364,0.009396106320386543,/content/drive/MyDrive/N-MON/ALTRO/spectograms/MULTITONE-NARROW-40-20/1592.npy,MULTITONE-NARROW-40-20
0.0017919097,0.017417436,0.7660033,0.6465355,0.7660054,-0.99805474,0.99392796,1.991982713341713,-0.017262,1.6051615,-0.5226986257177454,-3984375.0,1.05479685e-05,1.17313746e-07,0.606008856074747,0.00683064546038946,/content/drive/MyDrive/N-MON/ALTRO/spectograms/MULTITONE-NARROW-40-20/1593.npy,MULTITONE-NARROW-40-20
0.005134572,0.002500181,0.7676351,0.6465552,0.76765233,-0.9974891,0.9944712,1.9919603019952774,-0.01548993,1.6072134,-0.5397463492123827,-3984375.0,1.0261314e-05,1.1719355e-07,0.6093941862813852,0.008122792725533354,/content/drive/MyDrive/N-MON/ALTRO/spectograms/MULTITONE-NARROW-40-20/1594.npy,MULTITONE-NARROW-40-20
-0.009598577,0.0018799482,0.77882653,0.6577844,0.77888566,-0.99804723,0.9939245,1.9919717460870743,0.010356195,1.57476,-0.6464903836760066,-3984375.0,8.901634e-06,1.208421e-07,0.612936019871771,0.008498934900853839,/content/drive/MyDrive/N-MON/ALTRO/spectograms/MULTITONE-NARROW-40-20/1595.npy,MULTITONE-NARROW-40-20
0.011556919,0.025637746,0.7664468,0.6460947,0.766534,-0.9975761,0.9943208,1.9918969124555588,-0.039149858,1.6108123,-0.5413086435394138,-3984375.0,1.0713434e-05,1.1698081e-07,0.6104109522549104,0.007490351383226941,/content/drive/MyDrive/N-MON/ALTRO/spectograms/MULTITONE-NARROW-40-20/1596.npy,MULTITONE-NARROW-40-20
0.0047961297,0.009779325,0.7703053,0.6485535,0.7703203,-0.99793345,0.99405354,1.9919869899749756,-0.019755833,1.6004975,-0.5865793434158865,-3984375.0,9.9843355e-06,1.1900582e-07,0.608461017113195,0.01010771835106202,/content/drive/MyDrive/N-MON/ALTRO/spectograms/MULTITONE-NARROW-40-20/1597.npy,MULTITONE-NARROW-40-20
-0.0030385044,-0.0059375055,0.77612,0.6513941,0.776126,-0.99794763,0.99402034,1.9919679760932922,0.0032200422,1.590068,-0.6852896491828188,-3984375.0,8.934412e-06,1.2062978e-07,0.6150162334940273,0.012440402446872357,/content/drive/MyDrive/N-MON/ALTRO/spectograms/MULTITONE-NARROW-40-20/1598.npy,MULTITONE-NARROW-40-20
0.0129657965,0.026077554,0.769465,0.64849734,0.7695742,-0.9972406,0.9946157,1.9918563067913055,-0.0454899,1.6023141,-0.5593044785942612,-3984375.0,1.1234733e-05,1.1774938e-07,0.6176009619068803,0.008492701774372969,/content/drive/MyDrive/N-MON/ALTRO/spectograms/MULTITONE-NARROW-40-20/1599.npy,MULTITONE-NARROW-40-20
0.0063719465,0.009811835,0.77466446,0.65367407,0.7746907,-0.99796444,0.9940117,1.9919761717319489,-0.021798689,1.5865521,-0.6248977378729857,-3984375.0,9.801405e-06,1.18388854e-07,0.6140303047296696,0.010296525288956507,/content/drive/MyDrive/N-MON/ALTRO/spectograms/MULTITONE-NARROW-40-20/1600.npy,MULTITONE-NARROW-40-20
-0.0023119191,0.0019702406,0.7771996,0.6555697,0.7772031,-0.9978969,0.9941317,1.99202860891819,-0.005259066,1.5807985,-0.6542415365443796,-3984375.0,8.985695e-06,1.2085954e-07,0.6118810643581881,0.007161647934571385,/content/drive/MyDrive/N-MON/ALTRO/spectograms/MULTITONE-NARROW-40-20/1601.npy,MULTITONE-NARROW-40-20
0.0054056,0.017741393,0.7651589,0.641293,0.765178,-0.9977662,0.9941037,1.991869941353798,-0.024836345,1.6203246,-0.5698789371705263,-3984375.0,1.0711678e-05,1.1776949e-07,0.6143112582070553,0.007407400519159176,/content/drive/MyDrive/N-MON/ALTRO/spectograms/MULTITONE-NARROW-40-20/1602.npy,MULTITONE-NARROW-40-20
0.0053320588,0.013769362,0.7727558,0.65089643,0.77277416,-0.9978587,0.9941337,1.9919924139976501,-0.023560034,1.5928595,-0.612754738094819,-3984375.0,8.9489295e-06,1.1935288e-07,0.6134412477586462,0.009661828657624383,/content/drive/MyDrive/N-MON/ALTRO/spectograms/MULTITONE-NARROW-40-20/1603.npy,MULTITONE-NARROW-40-20
0.004246356,0.025644675,0.775994,0.65659285,0.77600557,-0.9977464,0.9942653,1.9920117557048798,-0.033238232,1.5772524,-0.6007628561857637,-3984375.0,9.67092e-06,1.2047995e-07,0.6168170503292278,0.006490308203567173,/content/drive/MyDrive/N-MON/ALTRO/spectograms/MULTITONE-NARROW-40-20/1604.npy,MULTITONE-NARROW-40-20
-0.006999567,-0.021239115,0.76509655,0.64098537,0.76512855,-0.99772096,0.99413484,1.9918557703495026,0.019816006,1.6197402,-0.5496923017382215,-3984375.0,1.07540645e-05,1.1808206e-07,0.6107409352221558,0.007708018858417988,/content/drive/MyDrive/N-MON/ALTRO/spectograms/MULTITONE-NARROW-40-20/1605.npy,MULTITONE-NARROW-40-20
-0.0026166763,0.010100488,0.7741422,0.6532632,0.7741467,-0.9976025,0.994414,1.9920164793729782,-0.007104198,1.5882003,-0.6290069292640174,-3984375.0,9.162398e-06,1.1957553e-07,0.6132689224925767,0.00970672343767018,/content/drive/MyDrive/N-MON/ALTRO/spectograms/MULTITONE-NARROW-40-20/1606.npy,MULTITONE-NARROW-40-20
0.008632564,0.017855313,0.76853716,0.6504668,0.7685856,-0.9977011,0.9942876,1.9919887334108353,-0.029515171,1.5919832,-0.5085766684802692,-3984375.0,1.005219e-05,1.176974e-07,0.6074419178751237,0.007811214883433121,/content/drive/MyDrive/N-MON/ALTRO/spectograms/MULTITONE-NARROW-40-20/1607.npy,MULTITONE-NARROW-40-20
-0.010324507,-0.0057679717,0.7696329,0.6482344,0.76970214,-0.9978097,0.9941251,1.9919348359107971,0.017102424,1.6004881,-0.5571309285579426,-3984375.0,1.0389423e-05,1.1810377e-07,0.6121719001094521,0.008809551199092205,/content/drive/MyDrive/N-MON/ALTRO/spectograms/MULTITONE-NARROW-40-20/1608.npy,MULTITONE-NARROW-40-20
0.0016467762,0.0020626364,0.7757787,0.65309876,0.77578044,-0.99784845,0.9941493,1.9919977933168411,-0.007335383,1.5868875,-0.6521052964832253,-3984375.0,8.973418e-06,1.200217e-07,0.6133096344540707,0.008985900718425194,/content/drive/MyDrive/N-MON/ALTRO/spectograms/MULTITONE-NARROW-40-20/1609.npy,MULTITONE-NARROW-40-20
-0.0009995599,0.0018263365,0.76365715,0.6448834,0.7636578,-0.99809235,0.9938373,1.991929680109024,-0.004881601,1.6112502,-0.48450405098295335,-3984375.0,1.0695519e-05,1.16961786e-07,0.6050751640060799,0.006834520444767532,/content/drive/MyDrive/N-MON/ALTRO/spectograms/MULTITONE-NARROW-40-20/1610.npy,MULTITONE-NARROW-40-20
-0.0068520857,-0.005663473,0.76639086,0.6425818,0.7664215,-0.9978654,0.9941087,1.991974100470543,0.0043873694,1.6145092,-0.5632501192091565,-3984375.0,1.0474965e-05,1.1878236e-07,0.6046084157425343,0.008647622204486114,/content/drive/MyDrive/N-MON/ALTRO/spectograms/MULTITONE-NARROW-40-20/1611.npy,MULTITONE-NARROW-40-20
-0.0020871216,0.017745247,0.7777401,0.6580758,0.7777429,-0.9978368,0.99415666,1.9919935017824173,-0.008780604,1.5772929,-0.6510242687818303,-3984375.0,8.8335e-06,1.2078938e-07,0.6148748159930276,0.008355239867287775,/content/drive/MyDrive/N-MON/ALTRO/spectograms/MULTITONE-NARROW-40-20/1612.npy,MULTITONE-NARROW-40-20
-0.004458225,0.0057892054,0.7686334,0.6489546,0.7686464,-0.9979488,0.9939193,1.9918681681156158,-0.0003925465,1.602633,-0.5539276618950374,-3984375.0,9.818768e-06,1.1815459e-07,0.6147000885662551,0.006688445396190539,/content/drive/MyDrive/N-MON/ALTRO/spectograms/MULTITONE-NARROW-40-20/1613.npy,MULTITONE-NARROW-40-20
0.009375098,0.017800558,0.7696051,0.64914954,0.76966214,-0.99775505,0.9942361,1.9919911921024323,-0.035442468,1.6017951,-0.5514681187815534,-3984375.0,9.842283e-06,1.1798458e-07,0.6085209306820927,0.009369134505557073,/content/drive/MyDrive/N-MON/ALTRO/spectograms/MULTITONE-NARROW-40-20/1614.npy,MULTITONE-NARROW-40-20
0.0035973224,0.0019983929,0.77938914,0.6601367,0.7793974,-0.997935,0.9940632,1.9919982105493546,-0.012582441,1.5741162,-0.6622060756257621,-3984375.0,8.961269e-06,1.2192166e-07,0.6147961034185918,0.007462725506424537,/content/drive/MyDrive/N-MON/ALTRO/spectograms/MULTITONE-NARROW-40-20/1615.npy,MULTITONE-NARROW-40-20
0.0052549574,0.00983258,0.76692724,0.6432583,0.76694524,-0.9979061,0.9940031,1.9919091910123825,-0.027152447,1.6118455,-0.5641984256162741,-3984375.0,1.0853179e-05,1.1768972e-07,0.6108602238156237,0.007773360270922434,/content/drive/MyDrive/N-MON/ALTRO/spectograms/MULTITONE-NARROW-40-20/1616.npy,MULTITONE-NARROW-40-20
-0.0043938314,0.009638688,0.77077526,0.6488751,0.7707878,-0.99803334,0.99398595,1.9920192956924438,-0.0024374654,1.5980247,-0.5836106458714313,-3984375.0,9.415293e-06,1.1837055e-07,0.6106362706115032,0.010165627345913966,/content/drive/MyDrive/N-MON/ALTRO/spectograms/MULTITONE-NARROW-40-20/1617.npy,MULTITONE-NARROW-40-20
-0.0057684225,0.0017181588,0.7811482,0.66223687,0.7811696,-0.9982101,0.9937871,1.9919972121715546,0.000101671736,1.5640672,-0.6520515980123475,-3984375.0,8.963187e-06,1.2156579e-07,0.6183800416093841,0.008783395691236706,/content/drive/MyDrive/N-MON/ALTRO/spectograms/MULTITONE-NARROW-40-20/1618.npy,MULTITONE-NARROW-40-20
-0.0047671176,-0.0060996152,0.7687111,0.64581823,0.7687259,-0.99819607,0.9937039,1.9918999671936035,-0.0024680006,1.6023095,-0.5631632708946822,-3984375.0,9.230112e-06,1.18353434e-07,0.6425134070912288,0.021555265730380673,/content/drive/MyDrive/N-MON/ALTRO/spectograms/MULTITONE-NARROW-40-20/1619.npy,MULTITONE-NARROW-40-20
-0.01065543,-0.017761637,0.7709275,0.6495443,0.7710011,-0.9981011,0.9938445,1.991945594549179,0.01896277,1.6005203,-0.6091243726391281,-3984375.0,9.501663e-06,1.18226026e-07,0.6056567868965799,0.0094226549432525,/content/drive/MyDrive/N-MON/ALTRO/spectograms/MULTITONE-NARROW-40-20/1620.npy,MULTITONE-NARROW-40-20
0.0021984456,0.009977302,0.7758035,0.65623254,0.77580667,-0.99774086,0.99427134,1.9920121878385544,-0.013024169,1.5789007,-0.609152167051029,-3984375.0,9.114035e-06,1.2031914e-07,0.608916476301274,0.0072027156350917285,/content/drive/MyDrive/N-MON/ALTRO/spectograms/MULTITONE-NARROW-40-20/1621.npy,MULTITONE-NARROW-40-20
0.011651766,0.025225297,0.76517755,0.6427103,0.76526624,-0.99796814,0.99389744,1.9918655753135681,-0.038728952,1.6153616,-0.5270703463340399,-3984375.0,1.1102148e-05,1.1786095e-07,0.6102317783252551,0.0074906397068270104,/content/drive/MyDrive/N-MON/ALTRO/spectograms/MULTITONE-NARROW-40-20/1622.npy,MULTITONE-NARROW-40-20
0.0015517202,0.0017760076,0.77362525,0.649785,0.77362686,-0.99808025,0.9939286,1.9920088946819305,-0.014541209,1.5941578,-0.6556672200306172,-3984375.0,9.100929e-06,1.193618e-07,0.6108079921435807,0.010029528359499,/content/drive/MyDrive/N-MON/ALTRO/spectograms/MULTITONE-NARROW-40-20/1623.npy,MULTITONE-NARROW-40-20
-0.0007714207,0.009872664,0.77277726,0.65500796,0.7727777,-0.9979085,0.99412006,1.9920285642147064,-0.011211646,1.5827321,-0.5513622664651711,-3984375.0,9.92789e-06,1.1920839e-07,0.6088116459633992,0.0073433861877232375,/content/drive/MyDrive/N-MON/ALTRO/spectograms/MULTITONE-NARROW-40-20/1624.npy,MULTITONE-NARROW-40-20
-0.0048434963,-0.0021236262,0.76568407,0.64323735,0.7656994,-0.9980999,0.99382615,1.9919261038303375,-0.0003375235,1.6146573,-0.5380366932587323,-3984375.0,1.05456475e-05,1.1721826e-07,0.611039084858481,0.008272438204436605,/content/drive/MyDrive/N-MON/ALTRO/spectograms/MULTITONE-NARROW-40-20/1625.npy,MULTITONE-NARROW-40-20
-0.004654826,0.0019095801,0.7737185,0.6509025,0.7737324,-0.9980421,0.9939607,1.9920028001070023,-0.00023351768,1.5896446,-0.6142906658849024,-3984375.0,9.026618e-06,1.193327e-07,0.6102820043919677,0.00930334646957856,/content/drive/MyDrive/N-MON/ALTRO/spectograms/MULTITONE-NARROW-40-20/1626.npy,MULTITONE-NARROW-40-20
0.005710053,0.017777763,0.76734453,0.64875555,0.76736575,-0.99771416,0.9942743,1.9919885247945786,-0.023971781,1.6004258,-0.5210967782969008,-3984375.0,1.0401386e-05,1.16814725e-07,0.6114489466007902,0.006877357144345605,/content/drive/MyDrive/N-MON/ALTRO/spectograms/MULTITONE-NARROW-40-20/1627.npy,MULTITONE-NARROW-40-20
0.00744749,0.01783166,0.7713074,0.65149486,0.77134335,-0.997784,0.994178,1.991962030529976,-0.03243317,1.5928303,-0.5718810961995394,-3984375.0,9.411603e-06,1.1883469e-07,0.6865517016231717,0.017439270988443913,/content/drive/MyDrive/N-MON/ALTRO/spectograms/MULTITONE-NARROW-40-20/1628.npy,MULTITONE-NARROW-40-20
-0.00023853588,0.009635575,0.7765839,0.6537836,0.7765839,-0.9981299,0.9938421,1.991972029209137,-0.013784605,1.5829797,-0.6474672982497937,-3984375.0,9.029607e-06,1.2072084e-07,0.6173725729815964,0.009324425245612972,/content/drive/MyDrive/N-MON/ALTRO/spectograms/MULTITONE-NARROW-40-20/1629.npy,MULTITONE-NARROW-40-20
-0.012137991,0.002061544,0.7627919,0.6414937,0.76288843,-0.99772346,0.99418235,1.9919058233499527,0.013601695,1.6202984,-0.5154572706738919,-3984375.0,1.0964859e-05,1.1633619e-07,0.6147962141448453,0.007629585844945431,/content/drive/MyDrive/N-MON/ALTRO/spectograms/MULTITONE-NARROW-40-20/1630.npy,MULTITONE-NARROW-40-20
0.00020487308,0.009755782,0.7703525,0.64692086,0.7703525,-0.99799484,0.99402237,1.9920172542333603,-0.008324386,1.6033348,-0.5959117701709139,-3984375.0,1.0181714e-05,1.19017955e-07,0.6106152754820132,0.009902550076737487,/content/drive/MyDrive/N-MON/ALTRO/spectograms/MULTITONE-NARROW-40-20/1631.npy,MULTITONE-NARROW-40-20
-0.0040525408,-0.0057698064,0.77619606,0.65374684,0.7762066,-0.9978056,0.99417835,1.991983950138092,0.003308897,1.583843,-0.6396847605977999,-3984375.0,9.1544625e-06,1.2147991e-07,0.6135013910493565,0.00885922329035449,/content/drive/MyDrive/N-MON/ALTRO/spectograms/MULTITONE-NARROW-40-20/1632.npy,MULTITONE-NARROW-40-20
0.00035735892,-0.0060855774,0.76862717,0.6462201,0.7686272,-0.9981156,0.99382085,1.9919364601373672,-0.008709017,1.6063077,-0.5855062075952954,-3984375.0,1.0667902e-05,1.1668477e-07,0.6130532383814293,0.006721059567278551,/content/drive/MyDrive/N-MON/ALTRO/spectograms/MULTITONE-NARROW-40-20/1633.npy,MULTITONE-NARROW-40-20
-4.0277482e-05,0.0017053427,0.77254975,0.650677,0.77254975,-0.9981534,0.9938725,1.992025926709175,-0.0035920804,1.5951782,-0.6244909786003242,-3984375.0,8.343227e-06,1.1946534e-07,0.6508555713307502,0.02163080351569225,/content/drive/MyDrive/N-MON/ALTRO/spectograms/MULTITONE-NARROW-40-20/1634.npy,MULTITONE-NARROW-40-20
0.00033788156,0.017599156,0.77810913,0.65686524,0.77810913,-0.9979447,0.99406,1.9920047223567963,-0.017005134,1.5771084,-0.6588208091826139,-3984375.0,9.206693e-06,1.2130609e-07,0.6116271287474813,0.007722873510216025,/content/drive/MyDrive/N-MON/ALTRO/spectograms/MULTITONE-NARROW-40-20/1635.npy,MULTITONE-NARROW-40-20
-0.007876871,-0.012949986,0.7682723,0.6438787,0.76831263,-0.99730283,0.9945865,1.9918893724679947,0.015208543,1.6106069,-0.6069796125774652,-3984375.0,1.1089988e-05,1.1719326e-07,0.6135176551340549,0.00721488845341136,/content/drive/MyDrive/N-MON/ALTRO/spectograms/MULTITONE-NARROW-40-20/1636.npy,MULTITONE-NARROW-40-20
-0.0021538266,0.009502878,0.7727226,0.648162,0.7727257,-0.99814403,0.9938678,1.9920118749141693,-0.005084709,1.5980684,-0.6600513985081148,-3984375.0,9.326392e-06,1.1945745e-07,0.6086503388477266,0.009464003795124205,/content/drive/MyDrive/N-MON/ALTRO/spectograms/MULTITONE-NARROW-40-20/1637.npy,MULTITONE-NARROW-40-20
-0.00585322,0.0020240517,0.77698773,0.65943056,0.7770098,-0.99795216,0.9940508,1.9920029491186142,0.0008551227,1.5755855,-0.6143869089832031,-3984375.0,9.310782e-06,1.2033122e-07,0.610452522824582,0.007242182732504842,/content/drive/MyDrive/N-MON/ALTRO/spectograms/MULTITONE-NARROW-40-20/1638.npy,MULTITONE-NARROW-40-20
0.014272245,0.048684414,0.7683004,0.6453056,0.768433,-0.99802125,0.9938297,1.9918509721755981,-0.057377238,1.6105107,-0.5957908065163934,-3984375.0,9.993552e-06,1.17732554e-07,0.620396726484779,0.014885782205907494,/content/drive/MyDrive/N-MON/ALTRO/spectograms/MULTITONE-NARROW-40-20/1639.npy,MULTITONE-NARROW-40-20
0.004019493,0.013762007,0.7713531,0.6477622,0.77136356,-0.99787456,0.9941269,1.992001473903656,-0.027464015,1.6030025,-0.6304477208278209,-3984375.0,9.290517e-06,1.1934813e-07,0.6082861041008507,0.010003305635876057,/content/drive/MyDrive/N-MON/ALTRO/spectograms/MULTITONE-NARROW-40-20/1640.npy,MULTITONE-NARROW-40-20
0.0016969108,0.017652452,0.77622634,0.6574049,0.77622813,-0.99793506,0.99408746,1.992022529244423,-0.018530786,1.5762283,-0.6021637969394914,-3984375.0,9.117483e-06,1.1998696e-07,0.6112056240886533,0.006866451329637835,/content/drive/MyDrive/N-MON/ALTRO/spectograms/MULTITONE-NARROW-40-20/1641.npy,MULTITONE-NARROW-40-20
0.00064658973,0.0020262962,0.7658632,0.64209056,0.76586354,-0.99783933,0.99406946,1.9919087886810303,-0.006863695,1.6162735,-0.5556719446475659,-3984375.0,1.0834908e-05,1.1795449e-07,0.6129361291928631,0.008071360420706263,/content/drive/MyDrive/N-MON/ALTRO/spectograms/MULTITONE-NARROW-40-20/1642.npy,MULTITONE-NARROW-40-20
-0.010107281,-0.0058888556,0.77309,0.65240556,0.77315605,-0.9980629,0.9939041,1.991967037320137,0.014407764,1.5898522,-0.6027724923071595,-3984375.0,9.101124e-06,1.1984172e-07,0.6153352511904118,0.011483572751957698,/content/drive/MyDrive/N-MON/ALTRO/spectograms/MULTITONE-NARROW-40-20/1643.npy,MULTITONE-NARROW-40-20
-0.006871876,-0.0061837044,0.77211523,0.6549409,0.77214587,-0.9982003,0.99378073,1.9919809997081757,0.0075881043,1.5840682,-0.5266136531257147,-3984375.0,9.663817e-06,1.1832109e-07,0.6147319128574993,0.007508467967350936,/content/drive/MyDrive/N-MON/ALTRO/spectograms/MULTITONE-NARROW-40-20/1644.npy,MULTITONE-NARROW-40-20
-0.0014390316,-0.005870763,0.76443166,0.6409209,0.76443297,-0.99794835,0.9940041,1.9919524490833282,0.0014395381,1.623006,-0.555145924637814,-3984375.0,1.0829716e-05,1.1738183e-07,0.6139392696931012,0.007814937527753571,/content/drive/MyDrive/N-MON/ALTRO/spectograms/MULTITONE-NARROW-40-20/1645.npy,MULTITONE-NARROW-40-20
-0.0058559054,-0.009996343,0.7740711,0.651547,0.7740932,-0.9981885,0.9938026,1.9919911324977875,0.0050714766,1.5910504,-0.6332478163317391,-3984375.0,8.584066e-06,1.1928783e-07,0.6152007456687303,0.009253055341437739,/content/drive/MyDrive/N-MON/ALTRO/spectograms/MULTITONE-NARROW-40-20/1646.npy,MULTITONE-NARROW-40-20
0.01038506,0.033576638,0.76876724,0.65083915,0.76883733,-0.9976254,0.9942631,1.9918885380029678,-0.0503296,1.5975432,-0.535274144688434,-3984375.0,8.8149245e-06,1.183639e-07,0.6847012414794442,0.017504884619946225,/content/drive/MyDrive/N-MON/ALTRO/spectograms/MULTITONE-NARROW-40-20/1647.npy,MULTITONE-NARROW-40-20
0.011936659,0.033555124,0.76813036,0.64666003,0.7682231,-0.9974973,0.99442405,1.9919213652610779,-0.038752437,1.6034359,-0.542968608573637,-3984375.0,1.07643855e-05,1.1836862e-07,0.6087605015032006,0.008200064275437548,/content/drive/MyDrive/N-MON/ALTRO/spectograms/MULTITONE-NARROW-40-20/1648.npy,MULTITONE-NARROW-40-20
-0.0027688623,0.0018041483,0.776729,0.654203,0.77673393,-0.9980064,0.99397475,1.9919811487197876,0.0012460502,1.5833684,-0.6512393776879116,-3984375.0,8.937907e-06,1.1972917e-07,0.6103854177137022,0.009397651081643008,/content/drive/MyDrive/N-MON/ALTRO/spectograms/MULTITONE-NARROW-40-20/1649.npy,MULTITONE-NARROW-40-20
0.004995183,0.010492558,0.7673082,0.64795333,0.7673243,-0.9972617,0.9946951,1.9919568300247192,-0.020155843,1.6043333,-0.5421609326947482,-3984375.0,1.0634862e-05,1.1690337e-07,0.6086325640871577,0.00679924142187469,/content/drive/MyDrive/N-MON/ALTRO/spectograms/MULTITONE-NARROW-40-20/1650.npy,MULTITONE-NARROW-40-20
-0.01299517,-0.014109101,0.7691433,0.6479046,0.7692531,-0.9982909,0.99365276,1.9919436872005463,0.030391054,1.6012472,-0.5600100271949336,-3984375.0,1.0472033e-05,1.18234055e-07,0.6064211313834179,0.008658355931251534,/content/drive/MyDrive/N-MON/ALTRO/spectograms/MULTITONE-NARROW-40-20/1651.npy,MULTITONE-NARROW-40-20
0.008607999,0.02551468,0.77897954,0.65705043,0.77902716,-0.9977148,0.9942501,1.9919649362564087,-0.03904003,1.5759965,-0.6795653553273527,-3984375.0,9.1638485e-06,1.2134683e-07,0.6120254252955457,0.007826898877490053,/content/drive/MyDrive/N-MON/ALTRO/spectograms/MULTITONE-NARROW-40-20/1652.npy,MULTITONE-NARROW-40-20
-0.0092890365,-0.005991786,0.7647013,0.643007,0.7647577,-0.99795866,0.99396086,1.9919195175170898,0.017948618,1.6189053,-0.5368232172295074,-3984375.0,1.098432e-05,1.1720875e-07,0.609144977557149,0.0073567291682931244,/content/drive/MyDrive/N-MON/ALTRO/spectograms/MULTITONE-NARROW-40-20/1653.npy,MULTITONE-NARROW-40-20
-0.0014960327,0.009746747,0.76715463,0.6441924,0.76715606,-0.99796313,0.9940474,1.9920105338096619,-0.01199424,1.6109583,-0.5647610241770061,-3984375.0,1.0284812e-05,1.18841044e-07,0.6063224590128813,0.00888890244710643,/content/drive/MyDrive/N-MON/ALTRO/spectograms/MULTITONE-NARROW-40-20/1654.npy,MULTITONE-NARROW-40-20
-0.0022941441,0.009741932,0.7766404,0.6548548,0.7766438,-0.9978872,0.9940936,1.9919808059930801,-0.003071162,1.5800143,-0.6262976251409152,-3984375.0,9.055507e-06,1.2030117e-07,0.6131405152453047,0.009415554830203439,/content/drive/MyDrive/N-MON/ALTRO/spectograms/MULTITONE-NARROW-40-20/1655.npy,MULTITONE-NARROW-40-20
-0.0046376227,-0.005777419,0.76577485,0.64310914,0.7657889,-0.9978398,0.99407333,1.99191315472126,0.0014659524,1.6155883,-0.5532593169888599,-3984375.0,1.0684105e-05,1.1727389e-07,0.6165482006778703,0.007873128799741736,/content/drive/MyDrive/N-MON/ALTRO/spectograms/MULTITONE-NARROW-40-20/1656.npy,MULTITONE-NARROW-40-20
0.0027917824,0.0023252754,0.7697011,0.64792407,0.7697062,-0.99756426,0.99442446,1.9919887036085129,-0.010855722,1.6035424,-0.5853940531723653,-3984375.0,8.370054e-06,1.19105124e-07,0.6162402019219884,0.017622970253464192,/content/drive/MyDrive/N-MON/ALTRO/spectograms/MULTITONE-NARROW-40-20/1657.npy,MULTITONE-NARROW-40-20
0.0029844532,0.0096513545,0.77956104,0.65879303,0.77956676,-0.9980678,0.99393374,1.9920015186071396,-0.01090452,1.5735424,-0.6817243954896633,-3984375.0,9.257131e-06,1.2039385e-07,0.6203470079783295,0.007677922205679684,/content/drive/MyDrive/N-MON/ALTRO/spectograms/MULTITONE-NARROW-40-20/1658.npy,MULTITONE-NARROW-40-20
-0.0011743098,0.006017822,0.767912,0.64408386,0.76791286,-0.99777114,0.99409777,1.9918689280748367,-0.009865419,1.6093327,-0.5753104702814565,-3984375.0,1.0518842e-05,1.1785581e-07,0.6185375800628929,0.008089225605540077,/content/drive/MyDrive/N-MON/ALTRO/spectograms/MULTITONE-NARROW-40-20/1659.npy,MULTITONE-NARROW-40-20
0.009228958,0.025189387,0.7722841,0.6509799,0.7723392,-0.9980787,0.9939205,1.9919992238283157,-0.035632513,1.5944518,-0.6021241161392458,-3984375.0,8.275797e-06,1.1828729e-07,0.6369950174774834,0.02482773183341635,/content/drive/MyDrive/N-MON/ALTRO/spectograms/MULTITONE-NARROW-40-20/1660.npy,MULTITONE-NARROW-40-20
-0.008492703,-0.0018773912,0.7807797,0.6624935,0.7808259,-0.9978737,0.99411595,1.9919896870851517,0.009709366,1.5660944,-0.6559468427133562,-3984375.0,8.685385e-06,1.2096496e-07,0.6180181138353539,0.008966359680759576,/content/drive/MyDrive/N-MON/ALTRO/spectograms/MULTITONE-NARROW-40-20/1661.npy,MULTITONE-NARROW-40-20
-0.0018192434,0.0022864998,0.77197146,0.65066665,0.7719736,-0.99768263,0.9942143,1.9918969571590424,-0.0056511266,1.5925729,-0.591940210194224,-3984375.0,1.0866707e-05,1.1791364e-07,0.6332939834797227,0.02451007200860343,/content/drive/MyDrive/N-MON/ALTRO/spectograms/MULTITONE-NARROW-40-20/1662.npy,MULTITONE-NARROW-40-20
-0.003977496,0.0096308105,0.77191556,0.6489806,0.7719258,-0.99802715,0.9939827,1.9920098334550858,-0.0051133092,1.5981873,-0.6226623834744941,-3984375.0,9.052907e-06,1.189686e-07,0.6073523330047091,0.009906718091810169,/content/drive/MyDrive/N-MON/ALTRO/spectograms/MULTITONE-NARROW-40-20/1663.npy,MULTITONE-NARROW-40-20
-0.004497828,0.0017516043,0.7784746,0.65991807,0.7784876,-0.9981654,0.9938477,1.992013156414032,-0.00013558383,1.5699664,-0.6179592604894443,-3984375.0,9.283859e-06,1.2034835e-07,0.610992221924886,0.007208697108337365,/content/drive/MyDrive/N-MON/ALTRO/spectograms/MULTITONE-NARROW-40-20/1664.npy,MULTITONE-NARROW-40-20
-0.0091590015,-0.0060519623,0.7679793,0.6452752,0.768034,-0.9981179,0.99376285,1.991880789399147,0.012779763,1.6067141,-0.5521375034025661,-3984375.0,1.10630735e-05,1.1810832e-07,0.6129480752125089,0.007980634462708091,/content/drive/MyDrive/N-MON/ALTRO/spectograms/MULTITONE-NARROW-40-20/1665.npy,MULTITONE-NARROW-40-20
0.00038595794,0.002260725,0.7728568,0.65079486,0.7728569,-0.99759805,0.9944135,1.9920115768909454,-0.0069274376,1.5926583,-0.6195996824173325,-3984375.0,9.215289e-06,1.1937207e-07,0.610534194240542,0.010129107270701106,/content/drive/MyDrive/N-MON/ALTRO/spectograms/MULTITONE-NARROW-40-20/1666.npy,MULTITONE-NARROW-40-20
-0.003302039,-0.005670375,0.77398205,0.65493333,0.7739891,-0.997821,0.9941999,1.9920208603143692,-0.0004485906,1.5800456,-0.5706904798493194,-3984375.0,9.542796e-06,1.1992051e-07,0.6083196004355158,0.006554700856129767,/content/drive/MyDrive/N-MON/ALTRO/spectograms/MULTITONE-NARROW-40-20/1667.npy,MULTITONE-NARROW-40-20
0.004699693,0.009949024,0.7672726,0.64287096,0.767287,-0.9978024,0.99412996,1.991932362318039,-0.020488713,1.6150984,-0.5814463645865714,-3984375.0,1.0711193e-05,1.1790016e-07,0.6104374644119179,0.007723749355072477,/content/drive/MyDrive/N-MON/ALTRO/spectograms/MULTITONE-NARROW-40-20/1668.npy,MULTITONE-NARROW-40-20
-0.0005926275,0.017516356,0.7732126,0.65107334,0.77321285,-0.9980483,0.9939647,1.9920129776000977,-0.013364988,1.5908761,-0.6203197657240455,-3984375.0,9.1492375e-06,1.1921247e-07,0.6122193971026864,0.008670298300417257,/content/drive/MyDrive/N-MON/ALTRO/spectograms/MULTITONE-NARROW-40-20/1669.npy,MULTITONE-NARROW-40-20
0.0025337676,0.017652746,0.7697471,0.652464,0.76975125,-0.99784917,0.9941694,1.992018610239029,-0.016019732,1.5866158,-0.5181786539768983,-3984375.0,1.0014239e-05,1.1779743e-07,0.6134151196942297,0.007617026711252456,/content/drive/MyDrive/N-MON/ALTRO/spectograms/MULTITONE-NARROW-40-20/1670.npy,MULTITONE-NARROW-40-20
0.0012432084,0.0098490175,0.7679486,0.6464209,0.7679497,-0.99773663,0.9941826,1.9919192492961884,-0.0082499795,1.6064842,-0.5497742974458665,-3984375.0,1.0510804e-05,1.1839195e-07,0.6124546666701018,0.008546887202537082,/content/drive/MyDrive/N-MON/ALTRO/spectograms/MULTITONE-NARROW-40-20/1671.npy,MULTITONE-NARROW-40-20
0.005994974,0.009709724,0.77188325,0.64905375,0.77190655,-0.997934,0.9940589,1.9919928759336472,-0.014838211,1.5973898,-0.6106388687653156,-3984375.0,8.749665e-06,1.1907739e-07,0.6137810049901391,0.00916078310045631,/content/drive/MyDrive/N-MON/ALTRO/spectograms/MULTITONE-NARROW-40-20/1672.npy,MULTITONE-NARROW-40-20
0.004657679,0.0019765343,0.76556623,0.6455104,0.76558036,-0.9979321,0.99403715,1.991969257593155,-0.018097823,1.607315,-0.5093369410948522,-3984375.0,1.0680501e-05,1.164773e-07,0.6087137266559219,0.0066750280472357365,/content/drive/MyDrive/N-MON/ALTRO/spectograms/MULTITONE-NARROW-40-20/1673.npy,MULTITONE-NARROW-40-20
0.008632791,0.025243161,0.76423025,0.64118344,0.764279,-0.99809355,0.99386674,1.9919603019952774,-0.030805225,1.6209717,-0.5562970016131931,-3984375.0,1.0848805e-05,1.1622164e-07,0.6090226167151471,0.00825456423902786,/content/drive/MyDrive/N-MON/ALTRO/spectograms/MULTITONE-NARROW-40-20/1674.npy,MULTITONE-NARROW-40-20
-0.002652049,0.009649323,0.77586204,0.65319234,0.77586657,-0.9980523,0.9939537,1.9920060336589813,-0.004924324,1.5873897,-0.6574945578477315,-3984375.0,8.048056e-06,1.2074273e-07,0.6421129332043607,0.02616082683335893,/content/drive/MyDrive/N-MON/ALTRO/spectograms/MULTITONE-NARROW-40-20/1675.npy,MULTITONE-NARROW-40-20
0.00023017025,0.017366411,0.7662612,0.64516956,0.7662612,-0.9980458,0.9939015,1.9919473081827164,-0.015054475,1.6128163,-0.5416214052928511,-3984375.0,1.11105355e-05,1.1730771e-07,0.6142868254204292,0.0071644069752612284,/content/drive/MyDrive/N-MON/ALTRO/spectograms/MULTITONE-NARROW-40-20/1676.npy,MULTITONE-NARROW-40-20
0.00073916436,0.017255805,0.77002895,0.6488342,0.77002937,-0.9981807,0.9938243,1.992005005478859,-0.015217885,1.6001648,-0.5680771928803364,-3984375.0,1.0127372e-05,1.1771347e-07,0.6065937209759865,0.008652861179957715,/content/drive/MyDrive/N-MON/ALTRO/spectograms/MULTITONE-NARROW-40-20/1677.npy,MULTITONE-NARROW-40-20
-0.00856618,0.0020146482,0.77930576,0.65790236,0.77935284,-0.9978926,0.99408346,1.991976112127304,0.007984337,1.5740209,-0.6719773324916601,-3984375.0,8.9618225e-06,1.213529e-07,0.6138628700079025,0.008102442717463654,/content/drive/MyDrive/N-MON/ALTRO/spectograms/MULTITONE-NARROW-40-20/1678.npy,MULTITONE-NARROW-40-20
0.00051683997,0.0014791263,0.76563144,0.64372975,0.7656317,-0.9984014,0.9935235,1.991924911737442,-0.0073439023,1.6157123,-0.5566881818001203,-3984375.0,1.1164869e-05,1.17180434e-07,0.6105241037014463,0.0069521429919277575,/content/drive/MyDrive/N-MON/ALTRO/spectograms/MULTITONE-NARROW-40-20/1679.npy,MULTITONE-NARROW-40-20
0.005415743,0.017605,0.7720122,0.65002537,0.7720312,-0.99799836,0.99402314,1.9920215010643005,-0.029922228,1.5981002,-0.6181266078093871,-3984375.0,9.635602e-06,1.18075036e-07,0.6074436156633178,0.009996601187081781,/content/drive/MyDrive/N-MON/ALTRO/spectograms/MULTITONE-NARROW-40-20/1680.npy,MULTITONE-NARROW-40-20
0.00731099,0.017710015,0.7795537,0.6574511,0.779588,-0.9978805,0.9941114,1.991991937160492,-0.029654922,1.5769843,-0.6961781898359903,-3984375.0,9.231393e-06,1.216958e-07,0.6108733069314785,0.0073426215829063834,/content/drive/MyDrive/N-MON/ALTRO/spectograms/MULTITONE-NARROW-40-20/1681.npy,MULTITONE-NARROW-40-20
0.0018585501,0.009966848,0.7651992,0.64181226,0.7652014,-0.9978221,0.9940824,1.9919045120477676,-0.01659609,1.619541,-0.5773215325461908,-3984375.0,1.0919415e-05,1.1674565e-07,0.611647171381844,0.007401265271975241,/content/drive/MyDrive/N-MON/ALTRO/spectograms/MULTITONE-NARROW-40-20/1682.npy,MULTITONE-NARROW-40-20
-0.004974867,-0.0060363566,0.7731252,0.6502312,0.77314115,-0.9981989,0.9938109,1.992009848356247,0.0019087362,1.5958592,-0.6491016210687707,-3984375.0,9.251276e-06,1.18894604e-07,0.6109766867126565,0.010120507814647468,/content/drive/MyDrive/N-MON/ALTRO/spectograms/MULTITONE-NARROW-40-20/1683.npy,MULTITONE-NARROW-40-20
-0.0050272723,0.002211376,0.7803646,0.6606599,0.7803808,-0.9977691,0.99421746,1.9919865876436234,-0.002740956,1.5696088,-0.664382742431534,-3984375.0,9.037748e-06,1.2143506e-07,0.6160567995324502,0.011105499586857366,/content/drive/MyDrive/N-MON/ALTRO/spectograms/MULTITONE-NARROW-40-20/1684.npy,MULTITONE-NARROW-40-20
-0.0038887034,-0.0056498153,0.7653674,0.6409751,0.7653773,-0.99772215,0.9941491,1.9918712675571442,0.0018916295,1.618725,-0.5572293354466106,-3984375.0,1.1315398e-05,1.1724019e-07,0.614307609668922,0.007842405936278055,/content/drive/MyDrive/N-MON/ALTRO/spectograms/MULTITONE-NARROW-40-20/1685.npy,MULTITONE-NARROW-40-20
-0.00695847,0.0020816932,0.77250946,0.6512232,0.7725408,-0.99786615,0.99411833,1.9919845014810562,0.000113968046,1.594258,-0.6141185218108848,-3984375.0,9.350374e-06,1.2002391e-07,0.6096194531202205,0.009694004141411076,/content/drive/MyDrive/N-MON/ALTRO/spectograms/MULTITONE-NARROW-40-20/1686.npy,MULTITONE-NARROW-40-20
-0.004810002,0.0019065507,0.7762888,0.6553279,0.7763037,-0.99798375,0.99399996,1.9919836968183517,0.010489201,1.5828173,-0.6415789384981868,-3984375.0,9.542126e-06,1.2112582e-07,0.6142902370623124,0.007270566182571277,/content/drive/MyDrive/N-MON/ALTRO/spectograms/MULTITONE-NARROW-40-20/1687.npy,MULTITONE-NARROW-40-20
0.006843148,0.0021252148,0.7684683,0.64482987,0.76849884,-0.9977481,0.99414265,1.9918907433748245,-0.023264205,1.6073778,-0.5696689285234192,-3984375.0,1.0868372e-05,1.17509984e-07,0.6174650623566764,0.007827964058778532,/content/drive/MyDrive/N-MON/ALTRO/spectograms/MULTITONE-NARROW-40-20/1688.npy,MULTITONE-NARROW-40-20
-0.0046918965,-0.0057678563,0.7716292,0.6503174,0.7716435,-0.99792516,0.9940781,1.9920032918453217,0.0009777297,1.5960313,-0.5878557850749911,-3984375.0,8.771876e-06,1.1907183e-07,0.637859524582461,0.028458656864895515,/content/drive/MyDrive/N-MON/ALTRO/spectograms/MULTITONE-NARROW-40-20/1689.npy,MULTITONE-NARROW-40-20
0.0010758383,0.0019440027,0.77828836,0.65852135,0.77828914,-0.9979154,0.9940824,1.9919978082180023,-0.0050409893,1.5724926,-0.640314233758475,-3984375.0,9.453307e-06,1.2125852e-07,0.61481927523881,0.0076059068737405035,/content/drive/MyDrive/N-MON/ALTRO/spectograms/MULTITONE-NARROW-40-20/1690.npy,MULTITONE-NARROW-40-20
-0.0041980944,-0.0058235363,0.76709735,0.6434891,0.7671088,-0.99793124,0.99397093,1.9919021874666214,0.005751067,1.6117537,-0.5596578280496677,-3984375.0,1.0831742e-05,1.1727794e-07,0.6104997515574759,0.007061449930157949,/content/drive/MyDrive/N-MON/ALTRO/spectograms/MULTITONE-NARROW-40-20/1691.npy,MULTITONE-NARROW-40-20
0.0012326159,0.0019657295,0.7702112,0.6470359,0.7702122,-0.9980101,0.9940058,1.9920158833265305,-0.009607359,1.6024581,-0.5984682773133808,-3984375.0,9.349134e-06,1.1987883e-07,0.6069968307687439,0.009176704150925238,/content/drive/MyDrive/N-MON/ALTRO/spectograms/MULTITONE-NARROW-40-20/1692.npy,MULTITONE-NARROW-40-20
0.0054267733,0.0097987335,0.77595854,0.6572862,0.7759775,-0.9978682,0.99412274,1.991990938782692,-0.01760116,1.5765786,-0.5850893651677663,-3984375.0,9.545483e-06,1.1985072e-07,0.6099585508229046,0.00669452939557315,/content/drive/MyDrive/N-MON/ALTRO/spectograms/MULTITONE-NARROW-40-20/1693.npy,MULTITONE-NARROW-40-20
0.0008644371,0.009751214,0.7659952,0.64289594,0.7659957,-0.99805266,0.9938463,1.9918989837169647,-0.017018974,1.6155657,-0.5633169638838612,-3984375.0,1.0809922e-05,1.1811373e-07,0.6129353304865357,0.0075665019879507765,/content/drive/MyDrive/N-MON/ALTRO/spectograms/MULTITONE-NARROW-40-20/1694.npy,MULTITONE-NARROW-40-20
0.0037728266,0.009971315,0.7737305,0.65232736,0.77373976,-0.99781394,0.99420846,1.9920223951339722,-0.017439492,1.5915432,-0.6304694590833472,-3984375.0,9.642222e-06,1.2001522e-07,0.6104164829065937,0.009354588442101533,/content/drive/MyDrive/N-MON/ALTRO/spectograms/MULTITONE-NARROW-40-20/1695.npy,MULTITONE-NARROW-40-20
-0.0029064077,0.002028676,0.77669334,0.6571655,0.77669877,-0.99788487,0.994129,1.9920138716697693,-0.003005636,1.5791302,-0.6371037326014256,-3984375.0,9.089497e-06,1.201988e-07,0.6118488255969083,0.006864511501716948,/content/drive/MyDrive/N-MON/ALTRO/spectograms/MULTITONE-NARROW-40-20/1696.npy,MULTITONE-NARROW-40-20
-0.0017575187,-0.005537014,0.76754385,0.64581084,0.7675459,-0.99757034,0.9943321,1.9919024258852005,0.00046376282,1.6073111,-0.5503840256446894,-3984375.0,1.1085057e-05,1.18041015e-07,0.6147770805424521,0.007797071127093633,/content/drive/MyDrive/N-MON/ALTRO/spectograms/MULTITONE-NARROW-40-20/1697.npy,MULTITONE-NARROW-40-20
-0.00992984,-0.00571863,0.776138,0.6557651,0.7762015,-0.9976905,0.9942701,1.9919606000185013,0.020368563,1.5830715,-0.6330210416898893,-3984375.0,9.479435e-06,1.2000557e-07,0.6157044909900421,0.009110825705491174,/content/drive/MyDrive/N-MON/ALTRO/spectograms/MULTITONE-NARROW-40-20/1698.npy,MULTITONE-NARROW-40-20
-0.007168891,0.0015069491,0.7753433,0.6584333,0.77537644,-0.99835205,0.9936242,1.9919762760400772,0.005753633,1.5728732,-0.5586672161900116,-3984375.0,9.1036745e-06,1.1987393e-07,0.6145620670021583,0.007121001096165718,/content/drive/MyDrive/N-MON/ALTRO/spectograms/MULTITONE-NARROW-40-20/1699.npy,MULTITONE-NARROW-40-20
6.958198e-05,0.009543239,0.76776713,0.6466501,0.76776713,-0.99823034,0.99367714,1.9919074922800064,-0.014078011,1.6072694,-0.5466077126974299,-3984375.0,1.0541741e-05,1.1799092e-07,0.6150971885577647,0.008271461875434042,/content/drive/MyDrive/N-MON/ALTRO/spectograms/MULTITONE-NARROW-40-20/1700.npy,MULTITONE-NARROW-40-20
0.0005551166,0.0020714188,0.76952785,0.646104,0.76952803,-0.9978359,0.99417186,1.9920077323913574,-0.005142706,1.6079074,-0.6016561658455456,-3984375.0,9.050243e-06,1.18238596e-07,0.6112297859240733,0.008849095764903794,/content/drive/MyDrive/N-MON/ALTRO/spectograms/MULTITONE-NARROW-40-20/1701.npy,MULTITONE-NARROW-40-20
-0.00048828556,0.0180812,0.774628,0.65713084,0.7746281,-0.99753714,0.9944844,1.992021530866623,-0.011260588,1.5769962,-0.5659211869416884,-3984375.0,9.513645e-06,1.1988548e-07,0.615362450736981,0.008093976535406245,/content/drive/MyDrive/N-MON/ALTRO/spectograms/MULTITONE-NARROW-40-20/1702.npy,MULTITONE-NARROW-40-20
-0.0061436575,-0.0057614436,0.769744,0.6477495,0.7697685,-0.9978597,0.994069,1.9919287264347076,0.0035876518,1.6006899,-0.5717972714918736,-3984375.0,1.0954979e-05,1.1832393e-07,0.6212400321364946,0.008732297964724519,/content/drive/MyDrive/N-MON/ALTRO/spectograms/MULTITONE-NARROW-40-20/1703.npy,MULTITONE-NARROW-40-20
0.0019390254,0.0020098027,0.77353954,0.65174997,0.7735419,-0.9978794,0.9941096,1.9919889271259308,-0.007059651,1.589626,-0.6108427347658553,-4394531.25,9.017462e-06,1.195953e-07,0.6155801131196021,0.010183942533490514,/content/drive/MyDrive/N-MON/ALTRO/spectograms/MULTITONE-NARROW-40-20/1704.npy,MULTITONE-NARROW-40-20
0.00075476314,0.01740832,0.7696599,0.65160394,0.7696602,-0.9980932,0.9939332,1.9920264035463333,-0.014490305,1.5901456,-0.5017141182096002,-3984375.0,9.366867e-06,1.1848404e-07,0.649306789933074,0.01845187409556108,/content/drive/MyDrive/N-MON/ALTRO/spectograms/MULTITONE-NARROW-40-20/1705.npy,MULTITONE-NARROW-40-20
0.006354889,0.017390033,0.7660736,0.64261156,0.76609993,-0.9980023,0.9938975,1.9918998181819916,-0.026192166,1.6149513,-0.5523947487087081,-3984375.0,1.0670145e-05,1.1772126e-07,0.6110000447110246,0.008579427731277353,/content/drive/MyDrive/N-MON/ALTRO/spectograms/MULTITONE-NARROW-40-20/1706.npy,MULTITONE-NARROW-40-20
0.0013741321,0.009629013,0.77402896,0.65033233,0.7740302,-0.9980216,0.9939775,1.9919991195201874,-0.012239014,1.5917547,-0.6338986855573411,-3984375.0,9.371486e-06,1.1979039e-07,0.6112688043566852,0.009176233140934183,/content/drive/MyDrive/N-MON/ALTRO/spectograms/MULTITONE-NARROW-40-20/1707.npy,MULTITONE-NARROW-40-20
0.0035868965,0.010155996,0.7693324,0.6506338,0.76934075,-0.9976119,0.99440277,1.9920146763324738,-0.016467722,1.5925914,-0.5269653578386421,-3984375.0,1.0076708e-05,1.1802663e-07,0.608660264686144,0.0062916339086511374,/content/drive/MyDrive/N-MON/ALTRO/spectograms/MULTITONE-NARROW-40-20/1708.npy,MULTITONE-NARROW-40-20
-0.0069187838,-0.005691847,0.7665684,0.64476305,0.7665996,-0.9978059,0.99413604,1.9919419437646866,0.0054439553,1.6097128,-0.5508402192893397,-3984375.0,1.0502481e-05,1.1723529e-07,0.6087326191433475,0.008579343459406015,/content/drive/MyDrive/N-MON/ALTRO/spectograms/MULTITONE-NARROW-40-20/1709.npy,MULTITONE-NARROW-40-20
-0.005012238,-0.0019347761,0.7769389,0.655383,0.77695507,-0.99792403,0.9940664,1.991990476846695,-0.002615303,1.578986,-0.6362796492066068,-3984375.0,8.971053e-06,1.1983917e-07,0.613438330004511,0.009240211203420876,/content/drive/MyDrive/N-MON/ALTRO/spectograms/MULTITONE-NARROW-40-20/1710.npy,MULTITONE-NARROW-40-20
0.0024478026,0.017598387,0.7659853,0.6466379,0.76598924,-0.9978852,0.994084,1.9919692873954773,-0.017622096,1.6050957,-0.516936477244201,-3984375.0,1.0455131e-05,1.16705365e-07,0.606035785592661,0.007206680076750224,/content/drive/MyDrive/N-MON/ALTRO/spectograms/MULTITONE-NARROW-40-20/1711.npy,MULTITONE-NARROW-40-20
0.0061249007,0.009993566,0.76507235,0.6428542,0.7650969,-0.997777,0.9941931,1.9919700622558594,-0.014799575,1.6149038,-0.5402544450705983,-3984375.0,1.0653862e-05,1.17766206e-07,0.6137804386713082,0.009434087629743725,/content/drive/MyDrive/N-MON/ALTRO/spectograms/MULTITONE-NARROW-40-20/1712.npy,MULTITONE-NARROW-40-20
-0.00067407894,0.0096082175,0.7770106,0.65410095,0.7770109,-0.99810576,0.993866,1.9919718354940414,-0.012134989,1.5818341,-0.6500904068178165,-3984375.0,8.711435e-06,1.1995013e-07,0.6128628902817598,0.0088375365974112,/content/drive/MyDrive/N-MON/ALTRO/spectograms/MULTITONE-NARROW-40-20/1713.npy,MULTITONE-NARROW-40-20
0.0034864717,0.009346131,0.7679205,0.6483761,0.7679284,-0.99839336,0.99355865,1.9919520318508148,-0.018300265,1.6017205,-0.5326564849497056,-3984375.0,1.0577712e-05,1.1724059e-07,0.6128120966629996,0.007319093692674591,/content/drive/MyDrive/N-MON/ALTRO/spectograms/MULTITONE-NARROW-40-20/1714.npy,MULTITONE-NARROW-40-20
0.0005024452,0.009528687,0.767093,0.6424885,0.7670931,-0.99811035,0.9938815,1.9919918775558472,-0.014551979,1.6136396,-0.5823663218388458,-3984375.0,1.0138504e-05,1.1747924e-07,0.6100986734804549,0.009514513056295335,/content/drive/MyDrive/N-MON/ALTRO/spectograms/MULTITONE-NARROW-40-20/1715.npy,MULTITONE-NARROW-40-20
-0.006718994,0.0019288051,0.77952325,0.65759754,0.7795522,-0.9980675,0.9939276,1.9919950813055038,0.0034300326,1.5757396,-0.688733803935441,-3984375.0,9.59493e-06,1.2117897e-07,0.6174225513567112,0.008683714214676824,/content/drive/MyDrive/N-MON/ALTRO/spectograms/MULTITONE-NARROW-40-20/1716.npy,MULTITONE-NARROW-40-20
-0.00437953,-0.0056869127,0.7671452,0.6459185,0.76715773,-0.9977558,0.99417776,1.9919335842132568,0.006270342,1.6080995,-0.5437678724967868,-3984375.0,1.1111515e-05,1.1694766e-07,0.6145690639497199,0.007917121683421261,/content/drive/MyDrive/N-MON/ALTRO/spectograms/MULTITONE-NARROW-40-20/1717.npy,MULTITONE-NARROW-40-20
0.00050524616,0.010175203,0.77058804,0.6488389,0.77058816,-0.9975495,0.9944436,1.9919930696487427,-0.017625187,1.599157,-0.5818616764807,-3984375.0,9.360984e-06,1.1930194e-07,0.6092754668138581,0.009703286436201946,/content/drive/MyDrive/N-MON/ALTRO/spectograms/MULTITONE-NARROW-40-20/1718.npy,MULTITONE-NARROW-40-20
-0.0053617256,-0.0139641855,0.7767741,0.6553749,0.77679265,-0.9981634,0.9937703,1.9919337332248688,0.018110355,1.5814048,-0.652081651156534,-3984375.0,8.97139e-06,1.209865e-07,0.6112636549503075,0.00869026773180029,/content/drive/MyDrive/N-MON/ALTRO/spectograms/MULTITONE-NARROW-40-20/1719.npy,MULTITONE-NARROW-40-20
-0.003332328,0.0019566817,0.83625716,0.74807996,0.83626384,-0.9979287,0.9941097,1.992038369178772,-0.0009187134,1.3650312,-0.8054976645920818,-3984375.0,1.037521e-05,1.3043135e-07,0.6788753009298781,0.05568476902348716,/content/drive/MyDrive/N-MON/ALTRO/spectograms/MULTITONE-NARROW-40-20/1720.npy,MULTITONE-NARROW-40-20
-0.0011903514,0.0023913595,0.76795846,0.6454371,0.7679595,-0.9975002,0.99449795,1.9919981211423874,-0.009563523,1.6096666,-0.5806739742283807,-3984375.0,1.0070789e-05,1.1887972e-07,0.6048925635184959,0.009072455980342358,/content/drive/MyDrive/N-MON/ALTRO/spectograms/MULTITONE-NARROW-40-20/1721.npy,MULTITONE-NARROW-40-20
0.007901591,0.01745516,0.7805493,0.6607741,0.7805892,-0.998162,0.9938185,1.9919805228710175,-0.028626682,1.5713546,-0.6804489423684644,-3984375.0,8.989169e-06,1.2113414e-07,0.6123284578226404,0.00742396545274401,/content/drive/MyDrive/N-MON/ALTRO/spectograms/MULTITONE-NARROW-40-20/1722.npy,MULTITONE-NARROW-40-20
-0.0074904542,-0.013322992,0.7675555,0.6457612,0.767592,-0.9976154,0.99426687,1.991882249712944,0.011247274,1.6086385,-0.55210547964486,-3984375.0,1.0862938e-05,1.1743764e-07,0.6118485553825865,0.007293253456978006,/content/drive/MyDrive/N-MON/ALTRO/spectograms/MULTITONE-NARROW-40-20/1723.npy,MULTITONE-NARROW-40-20
0.0022984715,0.025665134,0.76857644,0.64587206,0.76857984,-0.99764204,0.99437475,1.9920168071985245,-0.022712687,1.6091099,-0.5958153253935176,-3984375.0,9.76667e-06,1.18747906e-07,0.604782106423629,0.008939309655906955,/content/drive/MyDrive/N-MON/ALTRO/spectograms/MULTITONE-NARROW-40-20/1724.npy,MULTITONE-NARROW-40-20
-0.006791089,0.0016593845,0.7775815,0.6579458,0.77761114,-0.99823755,0.9937573,1.9919948726892471,0.0014345093,1.5761478,-0.6319796988885092,-3984375.0,8.971618e-06,1.2045982e-07,0.6120082180901621,0.008317614747165645,/content/drive/MyDrive/N-MON/ALTRO/spectograms/MULTITONE-NARROW-40-20/1725.npy,MULTITONE-NARROW-40-20
0.004092851,0.025310414,0.76625216,0.64257824,0.76626307,-0.9980607,0.9938354,1.9918960928916931,-0.028996691,1.6155403,-0.5708738922384998,-3984375.0,1.09274e-05,1.167417e-07,0.612723704969391,0.00791846082753324,/content/drive/MyDrive/N-MON/ALTRO/spectograms/MULTITONE-NARROW-40-20/1726.npy,MULTITONE-NARROW-40-20
0.007648391,0.017586099,0.7707398,0.6478049,0.77077776,-0.997905,0.9941102,1.9920152574777603,-0.026524829,1.604139,-0.6241834575927064,-3984375.0,9.73039e-06,1.18846415e-07,0.6111084586246771,0.0104111791518435,/content/drive/MyDrive/N-MON/ALTRO/spectograms/MULTITONE-NARROW-40-20/1727.npy,MULTITONE-NARROW-40-20
-0.00052095845,-0.0057778005,0.7792342,0.6599761,0.77923435,-0.99792016,0.99408704,1.9920072257518768,0.00083616783,1.5698322,-0.6293887031504558,-3984375.0,9.3522885e-06,1.2108603e-07,0.6169681695698804,0.007247207921389592,/content/drive/MyDrive/N-MON/ALTRO/spectograms/MULTITONE-NARROW-40-20/1728.npy,MULTITONE-NARROW-40-20
0.001083415,0.00971766,0.7692212,0.6472801,0.76922196,-0.998054,0.9938476,1.9919016510248184,-0.02052794,1.6037279,-0.5746054076903376,-3984375.0,1.0630897e-05,1.17978594e-07,0.6150329150797318,0.008862900767638095,/content/drive/MyDrive/N-MON/ALTRO/spectograms/MULTITONE-NARROW-40-20/1729.npy,MULTITONE-NARROW-40-20
0.0006673212,-0.0019624932,0.7730761,0.6519829,0.7730764,-0.9979688,0.9940463,1.9920150637626648,-0.0048331493,1.5927199,-0.6150757855082364,-3984375.0,9.577521e-06,1.1866483e-07,0.6121432876721817,0.009619965249557013,/content/drive/MyDrive/N-MON/ALTRO/spectograms/MULTITONE-NARROW-40-20/1730.npy,MULTITONE-NARROW-40-20
0.007455847,0.017781787,0.7791859,0.65901405,0.7792216,-0.9976427,0.9943482,1.991990938782692,-0.028417407,1.5697925,-0.6433921939689472,-3984375.0,9.087151e-06,1.1986705e-07,0.6151147249052917,0.007572188594750869,/content/drive/MyDrive/N-MON/ALTRO/spectograms/MULTITONE-NARROW-40-20/1731.npy,MULTITONE-NARROW-40-20
-0.0005533562,0.017371917,0.7687214,0.64569914,0.76872164,-0.99804,0.99384665,1.9918866902589798,-0.0138387,1.6062123,-0.5698143004875745,-3984375.0,1.1203381e-05,1.1811878e-07,0.6170854347673937,0.007016390740488522,/content/drive/MyDrive/N-MON/ALTRO/spectograms/MULTITONE-NARROW-40-20/1732.npy,MULTITONE-NARROW-40-20
-0.011687659,-0.013258984,0.77337146,0.65129024,0.7734598,-0.99738145,0.99455273,1.9919341802597046,0.024777286,1.5937985,-0.6374177924462688,-3984375.0,9.130306e-06,1.1857472e-07,0.6135256027166294,0.011537453541249723,/content/drive/MyDrive/N-MON/ALTRO/spectograms/MULTITONE-NARROW-40-20/1733.npy,MULTITONE-NARROW-40-20
0.0072799926,0.00991306,0.7780187,0.65856653,0.77805275,-0.997829,0.994165,1.9919940382242203,-0.018636692,1.5748546,-0.6335138700404023,-3984375.0,9.11931e-06,1.2099852e-07,0.6111551143073801,0.007087102786596711,/content/drive/MyDrive/N-MON/ALTRO/spectograms/MULTITONE-NARROW-40-20/1734.npy,MULTITONE-NARROW-40-20
-0.0060294275,-0.005548844,0.76920265,0.64690477,0.7692264,-0.9976103,0.9942931,1.991903394460678,0.0059532104,1.6048086,-0.5808672236906479,-3984375.0,1.1230339e-05,1.1760203e-07,0.6139546832118221,0.007528565897533797,/content/drive/MyDrive/N-MON/ALTRO/spectograms/MULTITONE-NARROW-40-20/1735.npy,MULTITONE-NARROW-40-20
0.0034760523,0.017548496,0.77239513,0.64962053,0.77240294,-0.9980677,0.99392927,1.9919969588518143,-0.022689968,1.5977495,-0.6178839362794469,-3984375.0,9.209819e-06,1.1834929e-07,0.6218100429202118,0.02385858402196201,/content/drive/MyDrive/N-MON/ALTRO/spectograms/MULTITONE-NARROW-40-20/1736.npy,MULTITONE-NARROW-40-20
-0.0028960546,0.009988348,0.77617866,0.65657085,0.77618414,-0.99778277,0.9942435,1.9920262694358826,-0.008434778,1.5795313,-0.629814061374158,-3984375.0,9.483444e-06,1.2077975e-07,0.6076105592982775,0.007529779303719759,/content/drive/MyDrive/N-MON/ALTRO/spectograms/MULTITONE-NARROW-40-20/1737.npy,MULTITONE-NARROW-40-20
8.456516e-05,0.0095138885,0.7659036,0.6426663,0.7659036,-0.99815005,0.99376655,1.9919166266918182,-0.012062731,1.6159757,-0.5571060233677924,-3984375.0,1.0872947e-05,1.16834165e-07,0.612115561614808,0.0077488251282449745,/content/drive/MyDrive/N-MON/ALTRO/spectograms/MULTITONE-NARROW-40-20/1738.npy,MULTITONE-NARROW-40-20
-0.00063892844,0.0059772423,0.7697461,0.64580005,0.76974636,-0.9978233,0.9941468,1.9919701367616653,-0.0068893754,1.6075168,-0.6241119216222063,-3984375.0,8.322368e-06,1.18646525e-07,0.662936179363826,0.03448357330975826,/content/drive/MyDrive/N-MON/ALTRO/spectograms/MULTITONE-NARROW-40-20/1739.npy,MULTITONE-NARROW-40-20
0.0005062058,0.002013775,0.7762924,0.65763026,0.77629256,-0.9979776,0.9940192,1.9919968247413635,-0.005933582,1.5751148,-0.5908589660967013,-3984375.0,9.790916e-06,1.2036492e-07,0.6103666437208649,0.007878889963798071,/content/drive/MyDrive/N-MON/ALTRO/spectograms/MULTITONE-NARROW-40-20/1740.npy,MULTITONE-NARROW-40-20
-0.002895651,-0.013567049,0.76757497,0.6445718,0.7675804,-0.99790907,0.9940047,1.991913765668869,0.00883716,1.6117334,-0.5757517127098392,-3984375.0,1.0348684e-05,1.1748692e-07,0.6134025097481357,0.007607829117736308,/content/drive/MyDrive/N-MON/ALTRO/spectograms/MULTITONE-NARROW-40-20/1741.npy,MULTITONE-NARROW-40-20
-0.0059873043,0.001966863,0.7765131,0.6564282,0.7765363,-0.997875,0.9941106,1.9919855892658234,-0.00010648622,1.5815235,-0.638147896881689,-3984375.0,7.905943e-06,1.2025882e-07,0.6531385252965518,0.024432781822512455,/content/drive/MyDrive/N-MON/ALTRO/spectograms/MULTITONE-NARROW-40-20/1742.npy,MULTITONE-NARROW-40-20
-0.00596289,-0.0059928847,0.77563417,0.6577042,0.77565706,-0.99804354,0.9939896,1.992033138871193,0.007902534,1.5736486,-0.5698802276228322,-3984375.0,9.779526e-06,1.1946717e-07,0.6119184358386955,0.00668064164391341,/content/drive/MyDrive/N-MON/ALTRO/spectograms/MULTITONE-NARROW-40-20/1743.npy,MULTITONE-NARROW-40-20
0.004827301,0.009703297,0.76712424,0.6446391,0.76713943,-0.9979577,0.99394834,1.991906002163887,-0.015865516,1.6082993,-0.5500484477111663,-3984375.0,1.0725753e-05,1.1737296e-07,0.6161130664146253,0.008635446066868785,/content/drive/MyDrive/N-MON/ALTRO/spectograms/MULTITONE-NARROW-40-20/1744.npy,MULTITONE-NARROW-40-20
-0.012269499,-0.006041089,0.77418214,0.6532585,0.77427936,-0.9981386,0.99380237,1.991940975189209,0.022863546,1.5862967,-0.6094660235745427,-3984375.0,9.062221e-06,1.1999437e-07,0.6164189100214934,0.010788317258879191,/content/drive/MyDrive/N-MON/ALTRO/spectograms/MULTITONE-NARROW-40-20/1745.npy,MULTITONE-NARROW-40-20
0.002583545,0.009747773,0.7707639,0.6538009,0.77076817,-0.9978751,0.9941139,1.9919889867305756,-0.013139651,1.5851849,-0.51273984728764,-3984375.0,1.0081284e-05,1.1876906e-07,0.6135232475817389,0.00740424578175547,/content/drive/MyDrive/N-MON/ALTRO/spectograms/MULTITONE-NARROW-40-20/1746.npy,MULTITONE-NARROW-40-20
3.321171e-05,0.009960051,0.7675366,0.64550453,0.76753664,-0.997574,0.9943128,1.9918868094682693,-0.006090534,1.6078242,-0.5580975566957777,-3984375.0,1.0625044e-05,1.1736302e-07,0.613238440453599,0.00866802315542864,/content/drive/MyDrive/N-MON/ALTRO/spectograms/MULTITONE-NARROW-40-20/1747.npy,MULTITONE-NARROW-40-20
-0.0041099787,0.0065233526,0.7758537,0.652973,0.7758646,-0.9972942,0.9947094,1.9920035749673843,-0.0047101765,1.5866967,-0.6775336491620384,-3984375.0,9.09322e-06,1.2083972e-07,0.6128668837014953,0.009517575182495462,/content/drive/MyDrive/N-MON/ALTRO/spectograms/MULTITONE-NARROW-40-20/1748.npy,MULTITONE-NARROW-40-20
0.0048109726,0.009770492,0.7692369,0.6515051,0.76925194,-0.99797547,0.9940414,1.9920168668031693,-0.02326702,1.5934302,-0.5183880840501535,-3984375.0,1.0201605e-05,1.18954475e-07,0.6056130430332634,0.0072180826790095454,/content/drive/MyDrive/N-MON/ALTRO/spectograms/MULTITONE-NARROW-40-20/1749.npy,MULTITONE-NARROW-40-20
0.0052742665,0.0020716416,0.76679957,0.6443803,0.76681775,-0.9978261,0.9941139,1.9919400066137314,-0.017621491,1.6116118,-0.5477574844996812,-3984375.0,1.0857658e-05,1.1694328e-07,0.6093246676413191,0.008465370234944905,/content/drive/MyDrive/N-MON/ALTRO/spectograms/MULTITONE-NARROW-40-20/1750.npy,MULTITONE-NARROW-40-20
0.0082908645,0.025260318,0.77583337,0.6527811,0.7758777,-0.9980912,0.9938821,1.9919733554124832,-0.036049232,1.586352,-0.651604627878796,-3984375.0,8.924944e-06,1.194201e-07,0.6121832126743028,0.009297833512963958,/content/drive/MyDrive/N-MON/ALTRO/spectograms/MULTITONE-NARROW-40-20/1751.npy,MULTITONE-NARROW-40-20
0.0042106574,0.009907152,0.76690197,0.6496231,0.7669134,-0.9977955,0.9941994,1.9919949173927307,-0.016979076,1.5972292,-0.4985415057033046,-3984375.0,1.0192092e-05,1.182815e-07,0.6055229447896842,0.007305963744056998,/content/drive/MyDrive/N-MON/ALTRO/spectograms/MULTITONE-NARROW-40-20/1752.npy,MULTITONE-NARROW-40-20
0.012593709,0.025397548,0.76819885,0.6454286,0.7683021,-0.99798477,0.9939534,1.991938203573227,-0.044683266,1.6094873,-0.5826678322930984,-3984375.0,1.0949155e-05,1.1751619e-07,0.6108386198201998,0.008014917300916484,/content/drive/MyDrive/N-MON/ALTRO/spectograms/MULTITONE-NARROW-40-20/1753.npy,MULTITONE-NARROW-40-20
-0.0040885205,0.0019074524,0.7751876,0.653078,0.7751983,-0.99796057,0.99403197,1.9919925332069397,-0.0036000188,1.5851443,-0.6270102717012326,-3984375.0,8.842295e-06,1.2030418e-07,0.611782365888497,0.008877335711426909,/content/drive/MyDrive/N-MON/ALTRO/spectograms/MULTITONE-NARROW-40-20/1754.npy,MULTITONE-NARROW-40-20
-0.0074152937,0.001745481,0.7653513,0.6480247,0.76538724,-0.9980988,0.9938626,1.991961419582367,0.006955714,1.6028197,-0.482162387473685,-3984375.0,1.0570053e-05,1.1745293e-07,0.6086049552591384,0.008467467290974112,/content/drive/MyDrive/N-MON/ALTRO/spectograms/MULTITONE-NARROW-40-20/1755.npy,MULTITONE-NARROW-40-20
-0.008752822,-0.013620528,0.76826674,0.6464368,0.7683166,-0.997831,0.9941125,1.9919434785842896,0.013079124,1.6062949,-0.5607015150336495,-3984375.0,1.04244045e-05,1.1757301e-07,0.6133005185049121,0.008981182850580013,/content/drive/MyDrive/N-MON/ALTRO/spectograms/MULTITONE-NARROW-40-20/1756.npy,MULTITONE-NARROW-40-20
0.00220024,0.009652415,0.77653855,0.6543211,0.77654165,-0.99797904,0.9940052,1.9919842779636383,-0.0144225685,1.5819273,-0.6305754389008992,-3984375.0,8.806056e-06,1.19589e-07,0.6144521451306799,0.009044005802892965,/content/drive/MyDrive/N-MON/ALTRO/spectograms/MULTITONE-NARROW-40-20/1757.npy,MULTITONE-NARROW-40-20
-0.00730932,0.0021095653,0.76546574,0.64686304,0.7655006,-0.9977107,0.9942379,1.9919486194849014,0.009378683,1.6055052,-0.5067964850375254,-3984375.0,1.0472193e-05,1.1740877e-07,0.6103515840748877,0.008143391617229745,/content/drive/MyDrive/N-MON/ALTRO/spectograms/MULTITONE-NARROW-40-20/1758.npy,MULTITONE-NARROW-40-20
-0.011440273,-0.013559071,0.76518196,0.6435855,0.7652675,-0.9978899,0.9940365,1.9919263571500778,0.015353209,1.6149353,-0.547262931107194,-3984375.0,1.0776251e-05,1.1731302e-07,0.6103304817684987,0.00883279523388461,/content/drive/MyDrive/N-MON/ALTRO/spectograms/MULTITONE-NARROW-40-20/1759.npy,MULTITONE-NARROW-40-20
0.0034304662,0.0020399848,0.7784335,0.65740687,0.7784411,-0.99797326,0.9940317,1.992005005478859,-0.012742641,1.5783994,-0.6591111357130545,-3984375.0,8.67499e-06,1.2098104e-07,0.6196247112413429,0.009497320590855975,/content/drive/MyDrive/N-MON/ALTRO/spectograms/MULTITONE-NARROW-40-20/1760.npy,MULTITONE-NARROW-40-20
0.0056892806,0.009825172,0.764569,0.6457892,0.76459014,-0.9978446,0.99410284,1.9919474571943283,-0.021957748,1.6100583,-0.49126943787447275,-3984375.0,1.0705282e-05,1.1735105e-07,0.6140477914681299,0.007268158028481515,/content/drive/MyDrive/N-MON/ALTRO/spectograms/MULTITONE-NARROW-40-20/1761.npy,MULTITONE-NARROW-40-20
0.0027352895,0.01756199,0.7686118,0.6459402,0.7686166,-0.99794215,0.99402714,1.9919692873954773,-0.014497195,1.6057804,-0.5730250117969266,-3984375.0,9.6715785e-06,1.17732874e-07,0.6094308204290728,0.009603670862481357,/content/drive/MyDrive/N-MON/ALTRO/spectograms/MULTITONE-NARROW-40-20/1762.npy,MULTITONE-NARROW-40-20
0.0064848107,0.017527446,0.77424365,0.65004796,0.7742708,-0.9979024,0.994086,1.9919884353876114,-0.022114027,1.5972042,-0.668642317664614,-3984375.0,8.80239e-06,1.202521e-07,0.6302311035112222,0.02889211013123183,/content/drive/MyDrive/N-MON/ALTRO/spectograms/MULTITONE-NARROW-40-20/1763.npy,MULTITONE-NARROW-40-20
-0.0032825943,0.0021650111,0.7665227,0.645781,0.76652974,-0.9976933,0.99425805,1.9919513761997223,-0.0005595092,1.6086429,-0.5406051172261678,-3984375.0,1.1016352e-05,1.1759732e-07,0.609165375423024,0.006791836103603732,/content/drive/MyDrive/N-MON/ALTRO/spectograms/MULTITONE-NARROW-40-20/1764.npy,MULTITONE-NARROW-40-20
0.0075757946,0.009948783,0.769452,0.64579785,0.7694893,-0.9978202,0.9941403,1.9919605553150177,-0.0208042,1.6052635,-0.579413445446587,-3984375.0,1.01356845e-05,1.18524966e-07,0.6091712593327445,0.009535310735387522,/content/drive/MyDrive/N-MON/ALTRO/spectograms/MULTITONE-NARROW-40-20/1765.npy,MULTITONE-NARROW-40-20
-0.003402072,-0.0054317093,0.7786855,0.6572806,0.77869296,-0.9975692,0.9944246,1.9919937551021576,0.0029410021,1.5746242,-0.6570908143994957,-3984375.0,9.119744e-06,1.2160957e-07,0.6142129464581907,0.008944691439812092,/content/drive/MyDrive/N-MON/ALTRO/spectograms/MULTITONE-NARROW-40-20/1766.npy,MULTITONE-NARROW-40-20
0.0013476138,0.013645661,0.76643354,0.64760053,0.7664347,-0.9979015,0.9940461,1.9919476062059402,-0.013176307,1.6069983,-0.5242485873437924,-3984375.0,1.085087e-05,1.1688381e-07,0.6073908021153006,0.006612136365964211,/content/drive/MyDrive/N-MON/ALTRO/spectograms/MULTITONE-NARROW-40-20/1767.npy,MULTITONE-NARROW-40-20
0.0021442694,0.0025221868,0.7665729,0.64361286,0.76657593,-0.9974108,0.994539,1.9919497817754745,-0.0073999264,1.6123416,-0.5615408073053053,-3984375.0,9.898649e-06,1.17563744e-07,0.6043260822824457,0.008671870494113842,/content/drive/MyDrive/N-MON/ALTRO/spectograms/MULTITONE-NARROW-40-20/1768.npy,MULTITONE-NARROW-40-20
0.0050355233,0.017573083,0.7764562,0.6564055,0.77647245,-0.9978834,0.9941109,1.9919942766427994,-0.019037372,1.5825325,-0.6388249163449632,-3984375.0,8.830942e-06,1.2072917e-07,0.6137609096373134,0.00838220482066604,/content/drive/MyDrive/N-MON/ALTRO/spectograms/MULTITONE-NARROW-40-20/1769.npy,MULTITONE-NARROW-40-20
0.007287123,0.025636166,0.76501757,0.6431664,0.76505226,-0.9975925,0.9943429,1.9919354319572449,-0.029454833,1.6165154,-0.5386203895955682,-3984375.0,1.0988952e-05,1.1705734e-07,0.6105826307556582,0.0071127290932988885,/content/drive/MyDrive/N-MON/ALTRO/spectograms/MULTITONE-NARROW-40-20/1770.npy,MULTITONE-NARROW-40-20
-0.00038552238,0.0020988644,0.76779485,0.6453534,0.76779497,-0.9977762,0.9942282,1.9920044094324112,-0.002101386,1.6068798,-0.5628604637071232,-3984375.0,1.0026498e-05,1.1876476e-07,0.6075654459625621,0.008813480370164497,/content/drive/MyDrive/N-MON/ALTRO/spectograms/MULTITONE-NARROW-40-20/1771.npy,MULTITONE-NARROW-40-20
-0.0037780167,0.0058177775,0.7773501,0.6553793,0.77735937,-0.9979851,0.99402034,1.9920054823160172,-0.003277974,1.5844766,-0.6708279558066349,-3984375.0,9.296325e-06,1.2105124e-07,0.6140982149830301,0.00772357258730752,/content/drive/MyDrive/N-MON/ALTRO/spectograms/MULTITONE-NARROW-40-20/1772.npy,MULTITONE-NARROW-40-20
0.008015986,0.017345242,0.76568985,0.6445088,0.7657318,-0.99816215,0.9937552,1.9919173568487167,-0.034753192,1.6128076,-0.5353052809633568,-3984375.0,1.09671855e-05,1.1643071e-07,0.6145882921154664,0.007852614163539525,/content/drive/MyDrive/N-MON/ALTRO/spectograms/MULTITONE-NARROW-40-20/1773.npy,MULTITONE-NARROW-40-20
0.0145607535,0.041023828,0.76969934,0.6471898,0.769837,-0.99777234,0.9940859,1.9918582886457443,-0.04767181,1.6045648,-0.5864944814020508,-3984375.0,9.639019e-06,1.18166895e-07,0.6114333720573204,0.009531759591759621,/content/drive/MyDrive/N-MON/ALTRO/spectograms/MULTITONE-NARROW-40-20/1774.npy,MULTITONE-NARROW-40-20
0.0065800315,0.010044549,0.78022224,0.65976244,0.78025,-0.9977171,0.99426246,1.9919795542955399,-0.019947765,1.5717742,-0.6703314124467693,-3984375.0,8.930279e-06,1.2168366e-07,0.6151931522859703,0.00799074273878374,/content/drive/MyDrive/N-MON/ALTRO/spectograms/MULTITONE-NARROW-40-20/1775.npy,MULTITONE-NARROW-40-20
0.004009246,0.017604934,0.7627436,0.6384025,0.7627542,-0.997819,0.99408937,1.9919083565473557,-0.02172818,1.6253908,-0.5371390960297805,-3984375.0,1.0817434e-05,1.1601662e-07,0.612290619965929,0.007267323323294545,/content/drive/MyDrive/N-MON/ALTRO/spectograms/MULTITONE-NARROW-40-20/1776.npy,MULTITONE-NARROW-40-20
-0.0068318797,0.017664256,0.8515431,0.79559916,0.8515705,-0.9978801,0.9941468,1.992026925086975,0.009556483,1.2692144,-0.6019509539721072,-3984375.0,8.932497e-06,1.4409483e-07,0.7124688693600991,0.00842286760317161,/content/drive/MyDrive/N-MON/ALTRO/spectograms/MULTITONE-NARROW-40-20/1777.npy,MULTITONE-NARROW-40-20
0.0048022913,0.0021589664,0.7783866,0.6566641,0.77840143,-0.9978021,0.99418867,1.9919907748699188,-0.01332405,1.5803388,-0.6840011583783828,-3984375.0,9.292237e-06,1.208656e-07,0.6105330005133169,0.007753224518297388,/content/drive/MyDrive/N-MON/ALTRO/spectograms/MULTITONE-NARROW-40-20/1778.npy,MULTITONE-NARROW-40-20
0.0036694393,0.010103627,0.7666124,0.64493346,0.7666212,-0.99761134,0.9943223,1.9919336587190628,-0.015301597,1.6109481,-0.537785184800666,-3984375.0,9.000078e-06,1.17692025e-07,0.6371563772773461,0.02022527084620345,/content/drive/MyDrive/N-MON/ALTRO/spectograms/MULTITONE-NARROW-40-20/1779.npy,MULTITONE-NARROW-40-20
-0.0035965666,0.00965297,0.77122766,0.64884084,0.771236,-0.99799097,0.99399906,1.9919900447130203,-0.005960744,1.6010834,-0.601923751243291,-3984375.0,1.0414987e-05,1.1873628e-07,0.6067263020888733,0.008936697235189648,/content/drive/MyDrive/N-MON/ALTRO/spectograms/MULTITONE-NARROW-40-20/1780.npy,MULTITONE-NARROW-40-20
0.0020511337,0.01797176,0.78014684,0.65858227,0.7801495,-0.9975573,0.9944214,1.991978719830513,-0.023522258,1.5725067,-0.6758099213014496,-3984375.0,8.9637915e-06,1.2132583e-07,0.6138720292996855,0.008039813713754411,/content/drive/MyDrive/N-MON/ALTRO/spectograms/MULTITONE-NARROW-40-20/1781.npy,MULTITONE-NARROW-40-20
0.0117364,0.025220372,0.7630456,0.640403,0.76313585,-0.99795383,0.99392056,1.9918743818998337,-0.036498077,1.6238761,-0.5270424952748699,-3984375.0,1.09190705e-05,1.16763175e-07,0.6074909464743847,0.006924808633784513,/content/drive/MyDrive/N-MON/ALTRO/spectograms/MULTITONE-NARROW-40-20/1782.npy,MULTITONE-NARROW-40-20
-0.01071307,-0.014010625,0.77138615,0.6496206,0.77146053,-0.998195,0.9937817,1.991976723074913,0.023163864,1.5953251,-0.5910582635815472,-3984375.0,1.0312347e-05,1.1833673e-07,0.6077629671590915,0.008638949431293124,/content/drive/MyDrive/N-MON/ALTRO/spectograms/MULTITONE-NARROW-40-20/1783.npy,MULTITONE-NARROW-40-20
0.0025752268,0.010117972,0.7769057,0.65512234,0.77691,-0.9975687,0.9944247,1.991993471980095,-0.017824668,1.5832059,-0.6582940028385976,-3984375.0,8.865396e-06,1.2014527e-07,0.617827701554597,0.008342853480583712,/content/drive/MyDrive/N-MON/ALTRO/spectograms/MULTITONE-NARROW-40-20/1784.npy,MULTITONE-NARROW-40-20
-0.003888494,-0.0054138857,0.76476806,0.6427781,0.76477796,-0.9974906,0.99441636,1.9919069409370422,-0.0010697829,1.6164483,-0.5324029328908512,-3984375.0,1.07614105e-05,1.1803844e-07,0.6126814613938201,0.006322610461524958,/content/drive/MyDrive/N-MON/ALTRO/spectograms/MULTITONE-NARROW-40-20/1785.npy,MULTITONE-NARROW-40-20
0.0047775414,0.025587343,0.768475,0.64491975,0.76848984,-0.99770147,0.9942684,1.9919698536396027,-0.029723987,1.6093856,-0.5914508315522503,-3984375.0,9.8913715e-06,1.1826747e-07,0.6088708614425429,0.0099666518309638,/content/drive/MyDrive/N-MON/ALTRO/spectograms/MULTITONE-NARROW-40-20/1786.npy,MULTITONE-NARROW-40-20
0.0016762157,0.009707984,0.7797782,0.6584349,0.77978,-0.99794674,0.994035,1.9919817745685577,-0.009857699,1.5729729,-0.665321366048577,-3984375.0,9.19918e-06,1.2120049e-07,0.6162036562829911,0.008116803877899773,/content/drive/MyDrive/N-MON/ALTRO/spectograms/MULTITONE-NARROW-40-20/1787.npy,MULTITONE-NARROW-40-20
0.0010060172,0.00999681,0.7675034,0.64634824,0.7675041,-0.99770904,0.99422103,1.991930052638054,-0.013419894,1.6093296,-0.5634521304612053,-3984375.0,1.0558533e-05,1.17695265e-07,0.6123975916522146,0.007314252782942593,/content/drive/MyDrive/N-MON/ALTRO/spectograms/MULTITONE-NARROW-40-20/1788.npy,MULTITONE-NARROW-40-20
-0.0017174073,0.0018070643,0.76904136,0.64505494,0.76904327,-0.99804944,0.9939601,1.9920095354318619,-0.0012982913,1.6082473,-0.5953030584402389,-3984375.0,9.5915075e-06,1.1841468e-07,0.6126376456769349,0.01069504756836369,/content/drive/MyDrive/N-MON/ALTRO/spectograms/MULTITONE-NARROW-40-20/1789.npy,MULTITONE-NARROW-40-20
0.0011152124,0.009861194,0.77952397,0.65918165,0.77952474,-0.9979578,0.9940366,1.991994485259056,-0.013649615,1.5730543,-0.6684573819061149,-3984375.0,8.769609e-06,1.211769e-07,0.6142272888819884,0.00794811140642788,/content/drive/MyDrive/N-MON/ALTRO/spectograms/MULTITONE-NARROW-40-20/1790.npy,MULTITONE-NARROW-40-20
-0.009461553,-0.013238913,0.76505053,0.6426117,0.76510906,-0.99757177,0.9943329,1.9919046759605408,0.017137237,1.6162382,-0.5419008442382413,-3984375.0,1.0943495e-05,1.16695716e-07,0.6103739477491388,0.006365825769161801,/content/drive/MyDrive/N-MON/ALTRO/spectograms/MULTITONE-NARROW-40-20/1791.npy,MULTITONE-NARROW-40-20
0.0052917814,0.017277967,0.769813,0.6482549,0.7698311,-0.9982673,0.9937389,1.992006167769432,-0.027495347,1.6034225,-0.593970679850652,-3984375.0,1.0138254e-05,1.1864097e-07,0.6046036751777557,0.008343585143184697,/content/drive/MyDrive/N-MON/ALTRO/spectograms/MULTITONE-NARROW-40-20/1792.npy,MULTITONE-NARROW-40-20
-0.0008723812,0.017543875,0.7782657,0.6556765,0.7782662,-0.99788976,0.99410266,1.9919924437999725,-0.014731189,1.580601,-0.6861816198219622,-4394531.25,7.729878e-06,1.2141247e-07,0.640475297515296,0.02701505396342371,/content/drive/MyDrive/N-MON/ALTRO/spectograms/MULTITONE-NARROW-40-20/1793.npy,MULTITONE-NARROW-40-20
-0.010937458,-0.01375846,0.7684555,0.64738643,0.76853335,-0.99794936,0.9939407,1.9918901026248932,0.02416958,1.6063864,-0.570327889086654,-3984375.0,1.1091168e-05,1.17607215e-07,0.614326460008817,0.006887372806407308,/content/drive/MyDrive/N-MON/ALTRO/spectograms/MULTITONE-NARROW-40-20/1794.npy,MULTITONE-NARROW-40-20
0.0028468685,0.017414663,0.7726631,0.6507367,0.7726684,-0.9981644,0.99385124,1.992015689611435,-0.023357587,1.5965222,-0.6182868640855333,-3984375.0,9.8992905e-06,1.1864509e-07,0.6071073665266813,0.008970482753732911,/content/drive/MyDrive/N-MON/ALTRO/spectograms/MULTITONE-NARROW-40-20/1795.npy,MULTITONE-NARROW-40-20
-0.004278066,0.0020293724,0.77734905,0.65556765,0.77736086,-0.9978971,0.99409544,1.9919925183057785,-0.007212603,1.5825697,-0.6605368181865848,-3984375.0,9.051111e-06,1.2117336e-07,0.6118127733399531,0.007240258054567144,/content/drive/MyDrive/N-MON/ALTRO/spectograms/MULTITONE-NARROW-40-20/1796.npy,MULTITONE-NARROW-40-20
-0.007434719,-0.0060590887,0.76639396,0.6432006,0.7664301,-0.9980147,0.99388224,1.99189692735672,0.008257888,1.6121272,-0.5534430802632359,-3984375.0,1.1119884e-05,1.1741164e-07,0.6092257858087213,0.0076933285907040926,/content/drive/MyDrive/N-MON/ALTRO/spectograms/MULTITONE-NARROW-40-20/1797.npy,MULTITONE-NARROW-40-20
0.0021394433,0.009674355,0.7693646,0.64518994,0.76936764,-0.9979798,0.99402684,1.9920066744089127,-0.010577216,1.6052383,-0.5909404057505753,-3984375.0,1.0072272e-05,1.1916733e-07,0.6125343536606209,0.010427476083668664,/content/drive/MyDrive/N-MON/ALTRO/spectograms/MULTITONE-NARROW-40-20/1798.npy,MULTITONE-NARROW-40-20
0.0037812563,0.01754584,0.7793897,0.6575208,0.77939886,-0.99795705,0.994028,1.9919850081205368,-0.018067127,1.5749499,-0.6702757948892392,-3984375.0,9.226593e-06,1.207558e-07,0.6141683932854123,0.007328345160890517,/content/drive/MyDrive/N-MON/ALTRO/spectograms/MULTITONE-NARROW-40-20/1799.npy,MULTITONE-NARROW-40-20
0.009609693,0.0249333,0.76405853,0.640555,0.76411897,-0.99840087,0.99347043,1.9918713122606277,-0.04965253,1.6228749,-0.5406118339580283,-3984375.0,9.870221e-06,1.16478176e-07,0.692479610861326,0.033261895057619416,/content/drive/MyDrive/N-MON/ALTRO/spectograms/MULTITONE-NARROW-40-20/1800.npy,MULTITONE-NARROW-40-20
-0.010500698,-0.013566877,0.7742771,0.65288305,0.77434826,-0.9979196,0.9940288,1.991948425769806,0.022511574,1.5903028,-0.6232582179497453,-3984375.0,1.0008882e-05,1.1955825e-07,0.6154520775938608,0.009505318497354179,/content/drive/MyDrive/N-MON/ALTRO/spectograms/MULTITONE-NARROW-40-20/1801.npy,MULTITONE-NARROW-40-20
0.0057541835,0.009724367,0.7795605,0.65962625,0.7795818,-0.99787194,0.99411464,1.9919865876436234,-0.01969162,1.5729554,-0.6616257145273351,-3984375.0,8.679833e-06,1.214126e-07,0.613686344966595,0.008108271241287303,/content/drive/MyDrive/N-MON/ALTRO/spectograms/MULTITONE-NARROW-40-20/1802.npy,MULTITONE-NARROW-40-20
-0.005422399,-0.0059081335,0.7633053,0.639953,0.76332456,-0.9979765,0.9939533,1.99192975461483,0.002172163,1.6221809,-0.5316083555428187,-3984375.0,1.078231e-05,1.1716528e-07,0.6086931626080168,0.007199361679684316,/content/drive/MyDrive/N-MON/ALTRO/spectograms/MULTITONE-NARROW-40-20/1803.npy,MULTITONE-NARROW-40-20
0.001565208,0.0020015528,0.7736915,0.65409815,0.773693,-0.9979875,0.99400973,1.991997241973877,-0.01298408,1.5872675,-0.5912590827084473,-3984375.0,9.931599e-06,1.18920504e-07,0.6217599996829182,0.017283214752560044,/content/drive/MyDrive/N-MON/ALTRO/spectograms/MULTITONE-NARROW-40-20/1804.npy,MULTITONE-NARROW-40-20
0.008723101,0.01781298,0.7805168,0.6592809,0.78056556,-0.99766403,0.99430996,1.9919740110635757,-0.026304742,1.5748945,-0.7029762388118589,-3984375.0,8.903117e-06,1.2148524e-07,0.6185383742721382,0.008140682953435499,/content/drive/MyDrive/N-MON/ALTRO/spectograms/MULTITONE-NARROW-40-20/1805.npy,MULTITONE-NARROW-40-20
-0.0032137164,0.0019196956,0.7656511,0.64441836,0.76565784,-0.9978543,0.99405783,1.99191215634346,-0.0014547277,1.6125256,-0.5549288106793161,-3984375.0,1.0987862e-05,1.16770934e-07,0.6114856584128132,0.007401285717034376,/content/drive/MyDrive/N-MON/ALTRO/spectograms/MULTITONE-NARROW-40-20/1806.npy,MULTITONE-NARROW-40-20
0.0056704306,0.0059476984,0.76842386,0.64675736,0.7684448,-0.9978433,0.9941492,1.9919925332069397,-0.01585382,1.6062475,-0.5637402507644228,-3984375.0,9.987315e-06,1.1919633e-07,0.6049266839076319,0.010137470567730449,/content/drive/MyDrive/N-MON/ALTRO/spectograms/MULTITONE-NARROW-40-20/1807.npy,MULTITONE-NARROW-40-20
-0.005247298,0.0016467776,0.7794432,0.6579775,0.77946085,-0.9981777,0.9938028,1.9919805079698563,0.002602172,1.5738243,-0.6677743498771856,-3984375.0,9.105685e-06,1.2107427e-07,0.6144384518525032,0.008555114900855601,/content/drive/MyDrive/N-MON/ALTRO/spectograms/MULTITONE-NARROW-40-20/1808.npy,MULTITONE-NARROW-40-20
0.008523697,0.016973825,0.76493335,0.6413466,0.76498085,-0.9985305,0.9933945,1.9919250011444092,-0.037768837,1.6228807,-0.5789634317187567,-3984375.0,1.1035833e-05,1.1733361e-07,0.6087386337104187,0.006527807889032605,/content/drive/MyDrive/N-MON/ALTRO/spectograms/MULTITONE-NARROW-40-20/1809.npy,MULTITONE-NARROW-40-20
0.006957143,0.02509114,0.7723937,0.65049475,0.772425,-0.99829876,0.9937125,1.9920112490653992,-0.032517284,1.5949895,-0.6052797277065177,-3984375.0,9.055235e-06,1.18963705e-07,0.6091289743777691,0.013687216055055209,/content/drive/MyDrive/N-MON/ALTRO/spectograms/MULTITONE-NARROW-40-20/1810.npy,MULTITONE-NARROW-40-20
0.010002677,0.025583258,0.78178734,0.66150165,0.78185135,-0.99768347,0.99428946,1.991972953081131,-0.035296522,1.5663816,-0.691405845252418,-3984375.0,8.575305e-06,1.2083568e-07,0.615667686310245,0.008096276757923248,/content/drive/MyDrive/N-MON/ALTRO/spectograms/MULTITONE-NARROW-40-20/1811.npy,MULTITONE-NARROW-40-20
0.005668727,0.006544701,0.76423794,0.6420757,0.76425886,-0.9972281,0.9946926,1.9919207394123077,-0.01756633,1.617213,-0.5216597682546854,-3984375.0,1.1292627e-05,1.1729216e-07,0.6113865532758134,0.00714009680975826,/content/drive/MyDrive/N-MON/ALTRO/spectograms/MULTITONE-NARROW-40-20/1812.npy,MULTITONE-NARROW-40-20
0.011740713,0.017970446,0.7692037,0.6468042,0.7692933,-0.9976271,0.99432707,1.9919541329145432,-0.043939296,1.6046406,-0.5888357701637804,-3984375.0,1.0304364e-05,1.186157e-07,0.6122340065518257,0.009836086477209093,/content/drive/MyDrive/N-MON/ALTRO/spectograms/MULTITONE-NARROW-40-20/1813.npy,MULTITONE-NARROW-40-20
0.0014881315,0.002495435,0.77738225,0.6564541,0.7773837,-0.99743843,0.9945557,1.9919941127300262,-0.005752846,1.5815276,-0.6482428896898594,-3984375.0,8.988407e-06,1.2109547e-07,0.6134854390852817,0.00850219939516138,/content/drive/MyDrive/N-MON/ALTRO/spectograms/MULTITONE-NARROW-40-20/1814.npy,MULTITONE-NARROW-40-20
-0.01018706,-0.013612155,0.76435477,0.6439445,0.7644226,-0.9979725,0.9939288,1.9919012933969498,0.01733301,1.616068,-0.5173401872058748,-3984375.0,1.1245625e-05,1.1707425e-07,0.6109303760957092,0.006993213461533652,/content/drive/MyDrive/N-MON/ALTRO/spectograms/MULTITONE-NARROW-40-20/1815.npy,MULTITONE-NARROW-40-20
0.00084613275,0.0021763844,0.7708746,0.64810914,0.7708751,-0.99777186,0.9942213,1.9919932037591934,-0.007312019,1.6033759,-0.6180133490405809,-3984375.0,1.0234921e-05,1.185497e-07,0.6120725267314517,0.009040745229192,/content/drive/MyDrive/N-MON/ALTRO/spectograms/MULTITONE-NARROW-40-20/1816.npy,MULTITONE-NARROW-40-20
-0.00475483,-0.005589127,0.7790381,0.65726805,0.77905256,-0.9976549,0.9943415,1.9919964224100113,0.010405401,1.5772637,-0.6798460129256086,-3984375.0,8.955598e-06,1.2162185e-07,0.6148847454553632,0.008775151893145235,/content/drive/MyDrive/N-MON/ALTRO/spectograms/MULTITONE-NARROW-40-20/1817.npy,MULTITONE-NARROW-40-20
0.006843437,0.009707039,0.7653572,0.645078,0.7653878,-0.9980863,0.9938526,1.991938903927803,-0.019230563,1.6113741,-0.518894367956361,-3984375.0,1.1238941e-05,1.1710785e-07,0.6140722795582694,0.007371561342323029,/content/drive/MyDrive/N-MON/ALTRO/spectograms/MULTITONE-NARROW-40-20/1818.npy,MULTITONE-NARROW-40-20
0.0043992545,0.017701931,0.7729544,0.65276355,0.77296686,-0.9978217,0.9941822,1.9920039474964142,-0.020129804,1.5875579,-0.5853148246686893,-3984375.0,1.0431735e-05,1.1894045e-07,0.6404516438933792,0.043453384923473004,/content/drive/MyDrive/N-MON/ALTRO/spectograms/MULTITONE-NARROW-40-20/1819.npy,MULTITONE-NARROW-40-20
0.003262093,-0.0056272554,0.77660686,0.6532214,0.77661365,-0.9977313,0.9942569,1.9919882416725159,-0.009250104,1.5853528,-0.6646760205256089,-3984375.0,9.067009e-06,1.2095413e-07,0.6097530345517181,0.007943081557284461,/content/drive/MyDrive/N-MON/ALTRO/spectograms/MULTITONE-NARROW-40-20/1820.npy,MULTITONE-NARROW-40-20
-0.004007642,-0.0052907895,0.7655153,0.6440892,0.76552576,-0.99747133,0.9944668,1.9919381439685822,0.004587042,1.6123204,-0.5334482078889337,-3984375.0,1.08828e-05,1.1659781e-07,0.6098141078598422,0.006890644697587799,/content/drive/MyDrive/N-MON/ALTRO/spectograms/MULTITONE-NARROW-40-20/1821.npy,MULTITONE-NARROW-40-20
-0.0015780559,0.009472435,0.7695227,0.64850086,0.76952434,-0.9981262,0.9938415,1.991967722773552,-0.007847701,1.6010731,-0.562537915263846,-3984375.0,9.7405555e-06,1.1810047e-07,0.6079475170689377,0.008689102387981276,/content/drive/MyDrive/N-MON/ALTRO/spectograms/MULTITONE-NARROW-40-20/1822.npy,MULTITONE-NARROW-40-20
-0.0036439004,0.010149309,0.7791176,0.65873533,0.7791261,-0.99747837,0.9944978,1.9919761568307877,-0.0016521951,1.5733643,-0.6652429543645814,-3984375.0,9.181208e-06,1.2155697e-07,0.6134087629731052,0.008000745796363335,/content/drive/MyDrive/N-MON/ALTRO/spectograms/MULTITONE-NARROW-40-20/1823.npy,MULTITONE-NARROW-40-20
0.013445432,0.025659464,0.7648603,0.64388114,0.76497847,-0.997657,0.99425924,1.9919162392616272,-0.044546854,1.6150403,-0.522597731827327,-3984375.0,1.1025432e-05,1.1690843e-07,0.6064013569330131,0.006347813399966231,/content/drive/MyDrive/N-MON/ALTRO/spectograms/MULTITONE-NARROW-40-20/1824.npy,MULTITONE-NARROW-40-20
-0.012089931,-0.013738355,0.77248013,0.65148276,0.7725748,-0.99802995,0.99393475,1.991964727640152,0.023459338,1.5939124,-0.6021686446357554,-3984375.0,1.01212545e-05,1.1842431e-07,0.6094981939563051,0.009007753160797856,/content/drive/MyDrive/N-MON/ALTRO/spectograms/MULTITONE-NARROW-40-20/1825.npy,MULTITONE-NARROW-40-20
-0.007388469,-0.005788563,0.7786328,0.6567827,0.7786678,-0.9978833,0.9940932,1.9919765144586563,0.009733921,1.5770197,-0.663592151232634,-3984375.0,8.984764e-06,1.2104482e-07,0.6157813178579258,0.010130557016766444,/content/drive/MyDrive/N-MON/ALTRO/spectograms/MULTITONE-NARROW-40-20/1826.npy,MULTITONE-NARROW-40-20
0.0027826305,0.0022435973,0.76785886,0.6479847,0.76786387,-0.9976257,0.99432456,1.9919502288103104,-0.016861275,1.6043082,-0.5400492709648425,-3984375.0,1.116269e-05,1.1769079e-07,0.616026373733073,0.007402743619980686,/content/drive/MyDrive/N-MON/ALTRO/spectograms/MULTITONE-NARROW-40-20/1827.npy,MULTITONE-NARROW-40-20
-0.004611351,0.0021307343,0.7675776,0.6459141,0.7675915,-0.9977028,0.9942788,1.991981565952301,0.0017751727,1.6061394,-0.5451296519270442,-3984375.0,1.0055348e-05,1.18078304e-07,0.6136246546512412,0.009905562585823228,/content/drive/MyDrive/N-MON/ALTRO/spectograms/MULTITONE-NARROW-40-20/1828.npy,MULTITONE-NARROW-40-20
0.004825617,0.0023167836,0.77989185,0.66019505,0.77990675,-0.997555,0.99441683,1.9919718652963638,-0.018382888,1.5688446,-0.6305312161703337,-3984375.0,9.202889e-06,1.2191397e-07,0.6165730479083226,0.008626035862223868,/content/drive/MyDrive/N-MON/ALTRO/spectograms/MULTITONE-NARROW-40-20/1829.npy,MULTITONE-NARROW-40-20
0.0014541802,0.014075611,0.7629692,0.64194375,0.76297057,-0.9974764,0.9944502,1.991926595568657,-0.016853614,1.6199931,-0.5251058585845946,-3984375.0,1.0997514e-05,1.1652919e-07,0.6121630825358828,0.00788789663869453,/content/drive/MyDrive/N-MON/ALTRO/spectograms/MULTITONE-NARROW-40-20/1830.npy,MULTITONE-NARROW-40-20
0.007380949,0.01768022,0.7692699,0.64760095,0.7693052,-0.99781936,0.9941562,1.9919755309820175,-0.023097457,1.6013818,-0.5574296173538179,-3984375.0,8.610525e-06,1.1807491e-07,0.641821048173681,0.029486345560336438,/content/drive/MyDrive/N-MON/ALTRO/spectograms/MULTITONE-NARROW-40-20/1831.npy,MULTITONE-NARROW-40-20
0.0017547617,0.006204485,0.7772477,0.65463907,0.77724963,-0.9976108,0.99437284,1.991983637213707,-0.007255649,1.5811101,-0.6670575830328308,-3984375.0,9.213227e-06,1.2189591e-07,0.6170704612080771,0.008817668337207884,/content/drive/MyDrive/N-MON/ALTRO/spectograms/MULTITONE-NARROW-40-20/1832.npy,MULTITONE-NARROW-40-20
0.0045909015,0.009751486,0.7656494,0.64567506,0.76566315,-0.99804884,0.9939274,1.9919762760400772,-0.0245417,1.6089035,-0.5265310028187501,-3984375.0,1.0578486e-05,1.1658281e-07,0.6057564963692955,0.00685056936288782,/content/drive/MyDrive/N-MON/ALTRO/spectograms/MULTITONE-NARROW-40-20/1833.npy,MULTITONE-NARROW-40-20
-0.0053863036,-0.0016519593,0.76569384,0.64232874,0.7657128,-0.9976544,0.99431187,1.9919662326574326,0.0009296685,1.6158772,-0.5560019436998306,-3984375.0,1.023148e-05,1.17907e-07,0.6201900183246618,0.020379365753186753,/content/drive/MyDrive/N-MON/ALTRO/spectograms/MULTITONE-NARROW-40-20/1834.npy,MULTITONE-NARROW-40-20
0.0045917407,0.00975251,0.7771494,0.6545171,0.777163,-0.9980339,0.9939578,1.9919916987419128,-0.016191952,1.5826412,-0.6601841787900399,-3984375.0,9.272384e-06,1.2093902e-07,0.6159778239941881,0.008151639442335053,/content/drive/MyDrive/N-MON/ALTRO/spectograms/MULTITONE-NARROW-40-20/1835.npy,MULTITONE-NARROW-40-20
0.001023119,0.009398408,0.76623917,0.6467114,0.7662399,-0.99836427,0.9935914,1.9919557124376297,-0.011250923,1.606638,-0.5130373917569299,-3984375.0,1.0625358e-05,1.16992396e-07,0.6078686965197087,0.006303764823019254,/content/drive/MyDrive/N-MON/ALTRO/spectograms/MULTITONE-NARROW-40-20/1836.npy,MULTITONE-NARROW-40-20
0.00052783586,-0.0053054634,0.7666042,0.6441323,0.76660436,-0.9974156,0.9945609,1.9919765144586563,-0.001619066,1.6104584,-0.5489686150212033,-3984375.0,1.0451873e-05,1.1814583e-07,0.6097466776077559,0.008625932423032697,/content/drive/MyDrive/N-MON/ALTRO/spectograms/MULTITONE-NARROW-40-20/1837.npy,MULTITONE-NARROW-40-20
-0.0011972518,0.009662624,0.7773671,0.65656364,0.77736807,-0.9980304,0.99395555,1.9919859766960144,-0.0049028476,1.5784217,-0.6405311103356494,-3984375.0,8.985682e-06,1.2036344e-07,0.6124035034615087,0.0083428790822578,/content/drive/MyDrive/N-MON/ALTRO/spectograms/MULTITONE-NARROW-40-20/1838.npy,MULTITONE-NARROW-40-20
-0.007700094,-0.00534968,0.7635711,0.64404136,0.7636099,-0.9974069,0.9945615,1.991968423128128,0.018660342,1.6121528,-0.5023173928174051,-3984375.0,1.0272259e-05,1.166188e-07,0.6082746452371648,0.008773117687573745,/content/drive/MyDrive/N-MON/ALTRO/spectograms/MULTITONE-NARROW-40-20/1839.npy,MULTITONE-NARROW-40-20
-0.009578354,-0.006060728,0.76506937,0.64232314,0.7651293,-0.99824,0.99369055,1.9919305741786957,0.012011526,1.6188015,-0.5570352841003504,-3984375.0,1.0779255e-05,1.1789255e-07,0.6088467489701654,0.008091003639145123,/content/drive/MyDrive/N-MON/ALTRO/spectograms/MULTITONE-NARROW-40-20/1840.npy,MULTITONE-NARROW-40-20
-0.0061573363,-0.021216312,0.7743437,0.64962596,0.77436817,-0.99773693,0.99421674,1.9919537156820297,0.0187425,1.5919423,-0.660662342705643,-3984375.0,9.2850705e-06,1.2057511e-07,0.6152497137652133,0.008967429535871136,/content/drive/MyDrive/N-MON/ALTRO/spectograms/MULTITONE-NARROW-40-20/1841.npy,MULTITONE-NARROW-40-20
-0.0042231013,0.0101539865,0.76767576,0.6496793,0.7676874,-0.99753726,0.9944264,1.9919637143611908,-0.0065790717,1.5982379,-0.5156100429023135,-3984375.0,1.0644488e-05,1.17329606e-07,0.617242621253184,0.005727336402850614,/content/drive/MyDrive/N-MON/ALTRO/spectograms/MULTITONE-NARROW-40-20/1842.npy,MULTITONE-NARROW-40-20
0.0075085964,0.009611454,0.76366603,0.64298767,0.7637029,-0.9980127,0.9939197,1.9919324070215225,-0.024504282,1.6175394,-0.5082257866805487,-3984375.0,1.0749756e-05,1.1695623e-07,0.6124127213555788,0.00859113232420833,/content/drive/MyDrive/N-MON/ALTRO/spectograms/MULTITONE-NARROW-40-20/1843.npy,MULTITONE-NARROW-40-20
0.006286131,0.02555857,0.77496606,0.6530981,0.7749916,-0.9977625,0.99421966,1.9919822067022324,-0.027877096,1.5876069,-0.6366963992852065,-3984375.0,9.010969e-06,1.1932354e-07,0.614425158259301,0.009193967321977447,/content/drive/MyDrive/N-MON/ALTRO/spectograms/MULTITONE-NARROW-40-20/1844.npy,MULTITONE-NARROW-40-20
0.0028659052,0.021611195,0.7672177,0.6494198,0.76722306,-0.99781406,0.99416584,1.9919798821210861,-0.019655408,1.5957578,-0.49793462433689684,-3984375.0,1.0102865e-05,1.1727025e-07,0.612549588301494,0.006804020156852872,/content/drive/MyDrive/N-MON/ALTRO/spectograms/MULTITONE-NARROW-40-20/1845.npy,MULTITONE-NARROW-40-20
0.009033226,0.01760117,0.76399535,0.6408057,0.7640487,-0.9979297,0.9939902,1.991919919848442,-0.029088873,1.6200917,-0.5306700281383209,-3984375.0,1.0949305e-05,1.1731025e-07,0.6094226871444938,0.007355128216074783,/content/drive/MyDrive/N-MON/ALTRO/spectograms/MULTITONE-NARROW-40-20/1846.npy,MULTITONE-NARROW-40-20
-1.2571335e-05,0.021432988,0.77348876,0.6513649,0.77348876,-0.9980238,0.99396855,1.9919923841953278,-0.019572875,1.5910275,-0.6206634443997007,-4394531.25,9.093018e-06,1.1971579e-07,0.6105691764967593,0.009071324579089084,/content/drive/MyDrive/N-MON/ALTRO/spectograms/MULTITONE-NARROW-40-20/1847.npy,MULTITONE-NARROW-40-20
-0.0055245985,0.002508503,0.7715266,0.6529286,0.77154636,-0.9973616,0.99464273,1.9920043051242828,0.0009525233,1.5875366,-0.5411455568854163,-3984375.0,9.620099e-06,1.1899766e-07,0.6088828759752216,0.0068509692777657845,/content/drive/MyDrive/N-MON/ALTRO/spectograms/MULTITONE-NARROW-40-20/1848.npy,MULTITONE-NARROW-40-20
0.004381899,0.010404492,0.76609963,0.64425933,0.76611215,-0.99732804,0.99459505,1.9919231235980988,-0.020947605,1.6109486,-0.5466507328279527,-3984375.0,1.1137298e-05,1.17525516e-07,0.6106425907167277,0.007228291674596438,/content/drive/MyDrive/N-MON/ALTRO/spectograms/MULTITONE-NARROW-40-20/1849.npy,MULTITONE-NARROW-40-20
-0.0028336507,0.009800204,0.7722582,0.6481794,0.77226335,-0.9979869,0.9940098,1.9919967353343964,-0.011511417,1.5982354,-0.640406079783345,-3984375.0,9.041071e-06,1.1919427e-07,0.6111724664968092,0.009326382232085087,/content/drive/MyDrive/N-MON/ALTRO/spectograms/MULTITONE-NARROW-40-20/1850.npy,MULTITONE-NARROW-40-20
-0.0009148178,0.018299159,0.7741086,0.65513164,0.7741092,-0.99721265,0.99480003,1.9920126795768738,-0.014951687,1.5818094,-0.5834477602512528,-3984375.0,9.082058e-06,1.1993374e-07,0.6315180841238838,0.024942302294635517,/content/drive/MyDrive/N-MON/ALTRO/spectograms/MULTITONE-NARROW-40-20/1851.npy,MULTITONE-NARROW-40-20
-0.015350536,-0.021600246,0.7700888,0.6475221,0.7702418,-0.9980275,0.99382293,1.991850420832634,0.037432257,1.6011944,-0.5753127389653959,-3984375.0,1.1142318e-05,1.17314826e-07,0.6152481764975397,0.007058079014544589,/content/drive/MyDrive/N-MON/ALTRO/spectograms/MULTITONE-NARROW-40-20/1852.npy,MULTITONE-NARROW-40-20
-0.005976739,-0.0057614334,0.7720803,0.64714307,0.7721034,-0.99784166,0.9941673,1.9920089691877365,0.014507374,1.6005529,-0.6545916770545565,-3984375.0,8.931655e-06,1.1909384e-07,0.6090918602208921,0.01021268354091711,/content/drive/MyDrive/N-MON/ALTRO/spectograms/MULTITONE-NARROW-40-20/1853.npy,MULTITONE-NARROW-40-20
0.0025617126,0.01754921,0.7794216,0.66161287,0.7794258,-0.99796987,0.99405986,1.9920297265052795,-0.015756264,1.5629598,-0.6037220889494722,-3984375.0,9.6925505e-06,1.2145844e-07,0.6126049091927783,0.0073387458681835605,/content/drive/MyDrive/N-MON/ALTRO/spectograms/MULTITONE-NARROW-40-20/1854.npy,MULTITONE-NARROW-40-20
-0.007369037,-0.013702895,0.76749814,0.6446602,0.76753354,-0.9979552,0.993944,1.9918992221355438,0.012886351,1.6120138,-0.5823735474488912,-3984375.0,1.0706789e-05,1.16534025e-07,0.614520304868887,0.008126861439800527,/content/drive/MyDrive/N-MON/ALTRO/spectograms/MULTITONE-NARROW-40-20/1855.npy,MULTITONE-NARROW-40-20
0.002901333,0.0024259123,0.7729103,0.64930457,0.7729158,-0.99751645,0.9945012,1.9920175969600677,-0.0148898875,1.5963126,-0.6387204745946394,-3984375.0,8.028707e-06,1.201088e-07,0.6407940101752323,0.01947188992663123,/content/drive/MyDrive/N-MON/ALTRO/spectograms/MULTITONE-NARROW-40-20/1856.npy,MULTITONE-NARROW-40-20
-0.0022303085,0.002244347,0.7798225,0.6624946,0.7798257,-0.9975946,0.9944203,1.9920149147510529,0.00580039,1.5634152,-0.6200586918822532,-3984375.0,9.623094e-06,1.2150623e-07,0.6155826421376123,0.007440747225394754,/content/drive/MyDrive/N-MON/ALTRO/spectograms/MULTITONE-NARROW-40-20/1857.npy,MULTITONE-NARROW-40-20
0.010258936,0.025542237,0.7658798,0.6423645,0.76594853,-0.99763083,0.99423194,1.9918627589941025,-0.034279205,1.6140119,-0.5529201163906309,-3984375.0,1.0953725e-05,1.1657657e-07,0.6160832866096141,0.00799278835592373,/content/drive/MyDrive/N-MON/ALTRO/spectograms/MULTITONE-NARROW-40-20/1858.npy,MULTITONE-NARROW-40-20
0.008523333,0.01030757,0.7712278,0.6497396,0.77127486,-0.99731916,0.9946463,1.9919654428958893,-0.027444346,1.5983757,-0.6083978349527436,-3984375.0,9.237596e-06,1.1884622e-07,0.6112235456268784,0.009893326433518786,/content/drive/MyDrive/N-MON/ALTRO/spectograms/MULTITONE-NARROW-40-20/1859.npy,MULTITONE-NARROW-40-20
0.0042695045,0.017975466,0.77872634,0.6597955,0.77873796,-0.99757206,0.9944427,1.9920147955417633,-0.028753776,1.5716635,-0.6311995345419829,-3984375.0,9.585983e-06,1.2167635e-07,0.6148463664700905,0.007234637652818907,/content/drive/MyDrive/N-MON/ALTRO/spectograms/MULTITONE-NARROW-40-20/1860.npy,MULTITONE-NARROW-40-20
0.00833194,0.009957484,0.764772,0.6419197,0.7648174,-0.99782234,0.9940622,1.9918845444917679,-0.029455146,1.619426,-0.5449831161162512,-3984375.0,1.11181935e-05,1.16503074e-07,0.6123653950895734,0.006315133283407448,/content/drive/MyDrive/N-MON/ALTRO/spectograms/MULTITONE-NARROW-40-20/1861.npy,MULTITONE-NARROW-40-20
0.010834782,0.009902297,0.7702462,0.6475957,0.7703223,-0.9977436,0.9942456,1.9919891655445099,-0.035406742,1.6063188,-0.6145518478961353,-3984375.0,9.698642e-06,1.18879925e-07,0.6078311453369911,0.009201394269934922,/content/drive/MyDrive/N-MON/ALTRO/spectograms/MULTITONE-NARROW-40-20/1862.npy,MULTITONE-NARROW-40-20
-0.00055275724,0.0026730073,0.7783358,0.6583992,0.778336,-0.99726355,0.9947363,1.9919999092817307,-0.0067211357,1.5748395,-0.6400977323040885,-3984375.0,9.4521665e-06,1.212984e-07,0.6117856097880401,0.007065760138330273,/content/drive/MyDrive/N-MON/ALTRO/spectograms/MULTITONE-NARROW-40-20/1863.npy,MULTITONE-NARROW-40-20
-0.0046651135,-0.005649662,0.76540613,0.6400995,0.7654203,-0.99780065,0.99409723,1.9918979108333588,0.0014778511,1.61942,-0.5767104966774986,-3984375.0,1.1238193e-05,1.1751381e-07,0.6096230849716568,0.007834744714240385,/content/drive/MyDrive/N-MON/ALTRO/spectograms/MULTITONE-NARROW-40-20/1864.npy,MULTITONE-NARROW-40-20
-0.004047028,-0.01362652,0.77033406,0.64727986,0.7703448,-0.9979697,0.99404263,1.9920123517513275,0.009351639,1.60328,-0.5962587497974835,-3984375.0,9.563423e-06,1.1883697e-07,0.6067958817195919,0.009776312001343887,/content/drive/MyDrive/N-MON/ALTRO/spectograms/MULTITONE-NARROW-40-20/1865.npy,MULTITONE-NARROW-40-20
0.007336261,0.009661986,0.78015596,0.6606144,0.7801904,-0.99804074,0.99394786,1.991988554596901,-0.021845706,1.5702164,-0.6692355990638578,-3984375.0,9.483419e-06,1.2163787e-07,0.6120527060489154,0.007238847967326926,/content/drive/MyDrive/N-MON/ALTRO/spectograms/MULTITONE-NARROW-40-20/1866.npy,MULTITONE-NARROW-40-20
0.0010472718,0.010254979,0.76669216,0.64563537,0.7666928,-0.99754405,0.994357,1.9919010400772095,-0.01710297,1.6110243,-0.5505465543510343,-3984375.0,1.0798752e-05,1.1745837e-07,0.6139141674581734,0.006739931475120162,/content/drive/MyDrive/N-MON/ALTRO/spectograms/MULTITONE-NARROW-40-20/1867.npy,MULTITONE-NARROW-40-20
-0.0029188036,0.013560626,0.7702418,0.65034664,0.7702474,-0.9980853,0.9939253,1.9920105934143066,-0.0041940953,1.5985818,-0.588411554218296,-3984375.0,1.0311115e-05,1.1872373e-07,0.6068444015389061,0.009685544740310402,/content/drive/MyDrive/N-MON/ALTRO/spectograms/MULTITONE-NARROW-40-20/1868.npy,MULTITONE-NARROW-40-20
0.007353736,0.025612488,0.78142995,0.6621647,0.7814645,-0.9977508,0.99424183,1.9919926673173904,-0.03013548,1.5665703,-0.6711082960379714,-3984375.0,9.258725e-06,1.2119035e-07,0.6165967730171005,0.00848015686753954,/content/drive/MyDrive/N-MON/ALTRO/spectograms/MULTITONE-NARROW-40-20/1869.npy,MULTITONE-NARROW-40-20
-0.015518301,-0.020963795,0.76480705,0.6441828,0.7649644,-0.99734306,0.99450636,1.9918494075536728,0.030179633,1.615,-0.5150239406653246,-3984375.0,1.123684e-05,1.1654386e-07,0.6176056508004363,0.007354641362375484,/content/drive/MyDrive/N-MON/ALTRO/spectograms/MULTITONE-NARROW-40-20/1870.npy,MULTITONE-NARROW-40-20
-0.0064488477,0.00202425,0.77162355,0.6491471,0.7716505,-0.99780387,0.99419785,1.9920017272233963,0.006469077,1.598734,-0.6096066187097949,-3984375.0,9.98528e-06,1.1928785e-07,0.6106637477787162,0.009635301906781182,/content/drive/MyDrive/N-MON/ALTRO/spectograms/MULTITONE-NARROW-40-20/1871.npy,MULTITONE-NARROW-40-20
-0.004465221,-0.0054108026,0.779072,0.6579036,0.7790848,-0.99747753,0.99449855,1.9919760972261429,0.0042203534,1.5720154,-0.6451794706797501,-4394531.25,8.617415e-06,1.20463e-07,0.6155326733558947,0.008971310955958866,/content/drive/MyDrive/N-MON/ALTRO/spectograms/MULTITONE-NARROW-40-20/1872.npy,MULTITONE-NARROW-40-20
0.00790086,0.017282177,0.7653066,0.64537245,0.76534736,-0.998187,0.9937121,1.991899162530899,-0.02802464,1.6103088,-0.5220274544140492,-3984375.0,1.0612344e-05,1.1724157e-07,0.608779737295277,0.0070783587748957785,/content/drive/MyDrive/N-MON/ALTRO/spectograms/MULTITONE-NARROW-40-20/1873.npy,MULTITONE-NARROW-40-20
0.0013509359,0.0022772057,0.76742023,0.64555514,0.7674214,-0.997594,0.99440247,1.9919964969158173,0.0009920732,1.6076546,-0.5587746331545241,-3984375.0,1.0508008e-05,1.1838299e-07,0.6112953301083963,0.009928127243012078,/content/drive/MyDrive/N-MON/ALTRO/spectograms/MULTITONE-NARROW-40-20/1874.npy,MULTITONE-NARROW-40-20
-0.0076589817,0.0023148537,0.77463603,0.6527805,0.7746739,-0.99760085,0.9943497,1.9919506013393402,0.0063099796,1.5901884,-0.6405535043954816,-3984375.0,8.502354e-06,1.1968032e-07,0.6462217712255232,0.012936809844216501,/content/drive/MyDrive/N-MON/ALTRO/spectograms/MULTITONE-NARROW-40-20/1875.npy,MULTITONE-NARROW-40-20
0.0080636,0.009889698,0.76499534,0.64710355,0.76503783,-0.9978526,0.9940943,1.9919469058513641,-0.025671843,1.6064554,-0.48771550687365484,-3984375.0,1.041347e-05,1.1808154e-07,0.6072143691506484,0.006803842473746313,/content/drive/MyDrive/N-MON/ALTRO/spectograms/MULTITONE-NARROW-40-20/1876.npy,MULTITONE-NARROW-40-20
-0.0072933366,-0.013340919,0.767639,0.64489895,0.7676737,-0.99766815,0.9942964,1.991964504122734,0.010561728,1.6103011,-0.5694994262401673,-3984375.0,1.0525848e-05,1.17347426e-07,0.6084138257638789,0.008265265282268626,/content/drive/MyDrive/N-MON/ALTRO/spectograms/MULTITONE-NARROW-40-20/1877.npy,MULTITONE-NARROW-40-20
-0.0042130584,0.0021384384,0.7737805,0.65305996,0.773792,-0.99770445,0.99425185,1.9919562935829163,0.002724283,1.5879458,-0.6009214476681982,-3984375.0,8.899636e-06,1.1991197e-07,0.6089960972825907,0.008462697452930986,/content/drive/MyDrive/N-MON/ALTRO/spectograms/MULTITONE-NARROW-40-20/1878.npy,MULTITONE-NARROW-40-20
-0.0016738129,0.002435592,0.7679005,0.6496534,0.7679024,-0.9974215,0.994586,1.9920074939727783,0.0036301163,1.5976886,-0.5313765573239283,-3984375.0,1.0557559e-05,1.17697155e-07,0.6083081356141296,0.006655953814105974,/content/drive/MyDrive/N-MON/ALTRO/spectograms/MULTITONE-NARROW-40-20/1879.npy,MULTITONE-NARROW-40-20
0.008163343,0.025008844,0.76638293,0.6435963,0.7664264,-0.998343,0.9935838,1.9919267892837524,-0.040456362,1.6149678,-0.5660387596322068,-3984375.0,1.0384558e-05,1.1715687e-07,0.6115464287452321,0.008204000873172936,/content/drive/MyDrive/N-MON/ALTRO/spectograms/MULTITONE-NARROW-40-20/1880.npy,MULTITONE-NARROW-40-20
-0.009146042,-0.0059604747,0.7763719,0.65422577,0.7764258,-0.9980994,0.9938729,1.9919722825288773,0.012315678,1.5854249,-0.6586991259657627,-3984375.0,9.060041e-06,1.2081603e-07,0.6141868391976667,0.008515490854012266,/content/drive/MyDrive/N-MON/ALTRO/spectograms/MULTITONE-NARROW-40-20/1881.npy,MULTITONE-NARROW-40-20
-0.010726879,-0.005608433,0.76979303,0.6505921,0.7698678,-0.99770314,0.9942909,1.9919940531253815,0.01643735,1.5884322,-0.5078966850468501,-3984375.0,1.0239601e-05,1.1885967e-07,0.6080488490439135,0.0072612352384975425,/content/drive/MyDrive/N-MON/ALTRO/spectograms/MULTITONE-NARROW-40-20/1882.npy,MULTITONE-NARROW-40-20
-0.0027732335,-0.013705935,0.766227,0.6422445,0.766232,-0.99805826,0.9938698,1.9919280707836151,0.00018697625,1.6148114,-0.5674958387887409,-3984375.0,1.0716315e-05,1.16753235e-07,0.6139855160287379,0.008403690675737903,/content/drive/MyDrive/N-MON/ALTRO/spectograms/MULTITONE-NARROW-40-20/1883.npy,MULTITONE-NARROW-40-20
0.0032307738,0.002468505,0.7712166,0.6498869,0.7712233,-0.9975145,0.9944858,1.9920002967119217,-0.010107792,1.597583,-0.5988037372148237,-4394531.25,8.749979e-06,1.1975186e-07,0.6139173806214375,0.010263915892107576,/content/drive/MyDrive/N-MON/ALTRO/spectograms/MULTITONE-NARROW-40-20/1884.npy,MULTITONE-NARROW-40-20
-0.00044703291,-0.005551001,0.77669084,0.65894544,0.7766909,-0.9975655,0.9944185,1.9919840693473816,0.0054805763,1.5698364,-0.5682134175753416,-3984375.0,8.866146e-06,1.2094857e-07,0.6622159981702884,0.02147216356771516,/content/drive/MyDrive/N-MON/ALTRO/spectograms/MULTITONE-NARROW-40-20/1885.npy,MULTITONE-NARROW-40-20
-0.0027931696,0.0023174807,0.7651059,0.64244384,0.76511097,-0.9974862,0.99441314,1.9918992817401886,-0.0020664362,1.6152852,-0.539227227896662,-3984375.0,1.1163057e-05,1.1621549e-07,0.6150560434410244,0.006749328534454624,/content/drive/MyDrive/N-MON/ALTRO/spectograms/MULTITONE-NARROW-40-20/1886.npy,MULTITONE-NARROW-40-20
-0.0004975615,0.009866761,0.772958,0.65022886,0.7729582,-0.9977725,0.99423516,1.9920076429843903,-0.004388281,1.5969952,-0.6348748915619763,-3984375.0,9.322484e-06,1.2006318e-07,0.6159395464815166,0.012085787019592955,/content/drive/MyDrive/N-MON/ALTRO/spectograms/MULTITONE-NARROW-40-20/1887.npy,MULTITONE-NARROW-40-20
0.0046981224,0.0019889171,0.7774278,0.658036,0.777442,-0.9979157,0.994095,1.9920107275247574,-0.013403869,1.5759498,-0.6279433598572554,-3984375.0,9.306325e-06,1.2134512e-07,0.6160187570291655,0.007357711866751558,/content/drive/MyDrive/N-MON/ALTRO/spectograms/MULTITONE-NARROW-40-20/1888.npy,MULTITONE-NARROW-40-20
-0.010916397,-0.014178729,0.7666556,0.6435258,0.7667334,-0.99852616,0.9933226,1.9918487817049026,0.017912125,1.6130884,-0.5617727152568054,-3984375.0,1.0608443e-05,1.1743266e-07,0.6127526540798216,0.007844126030111231,/content/drive/MyDrive/N-MON/ALTRO/spectograms/MULTITONE-NARROW-40-20/1889.npy,MULTITONE-NARROW-40-20
0.0006846428,0.001654774,0.7697426,0.6470011,0.7697429,-0.9982021,0.9938115,1.9920135736465454,-0.0037441256,1.6031146,-0.5997022484419051,-3984375.0,9.751066e-06,1.1952106e-07,0.6067425752788131,0.008953230366094144,/content/drive/MyDrive/N-MON/ALTRO/spectograms/MULTITONE-NARROW-40-20/1890.npy,MULTITONE-NARROW-40-20
0.00044828796,0.017207816,0.7786734,0.658134,0.7786735,-0.9982566,0.9937541,1.9920107126235962,-0.013937465,1.5734365,-0.6549798828499923,-3984375.0,9.514647e-06,1.2109841e-07,0.6094026451541017,0.0073650993304699595,/content/drive/MyDrive/N-MON/ALTRO/spectograms/MULTITONE-NARROW-40-20/1891.npy,MULTITONE-NARROW-40-20
0.004183197,0.017285509,0.76811415,0.6457517,0.7681255,-0.99810517,0.99379563,1.9919008016586304,-0.022666855,1.6075417,-0.5686206733454285,-3984375.0,1.1029295e-05,1.1759148e-07,0.6124158689327146,0.007265075962981691,/content/drive/MyDrive/N-MON/ALTRO/spectograms/MULTITONE-NARROW-40-20/1892.npy,MULTITONE-NARROW-40-20
0.008729347,0.018052513,0.77090675,0.64997476,0.77095616,-0.99749416,0.9945012,1.9919953346252441,-0.02830469,1.5998249,-0.5995676841194674,-3984375.0,9.516074e-06,1.18329034e-07,0.6090631887510902,0.010361448751375166,/content/drive/MyDrive/N-MON/ALTRO/spectograms/MULTITONE-NARROW-40-20/1893.npy,MULTITONE-NARROW-40-20
0.0035136796,0.009962825,0.7783319,0.65537095,0.77833986,-0.99773896,0.99425083,1.9919898062944412,-0.013394296,1.5804492,-0.6786565042007525,-3984375.0,9.043406e-06,1.2096588e-07,0.6122628502304386,0.007564238127193041,/content/drive/MyDrive/N-MON/ALTRO/spectograms/MULTITONE-NARROW-40-20/1894.npy,MULTITONE-NARROW-40-20
-0.0036834702,0.0014094347,0.76522726,0.6428112,0.765236,-0.99845135,0.99345124,1.9919025897979736,-0.0040007383,1.6163939,-0.5415375978899349,-3984375.0,1.1235732e-05,1.1745789e-07,0.6133157000030409,0.00682173699727937,/content/drive/MyDrive/N-MON/ALTRO/spectograms/MULTITONE-NARROW-40-20/1895.npy,MULTITONE-NARROW-40-20
8.378315e-05,0.017515156,0.76878357,0.6467889,0.76878357,-0.9979837,0.9940292,1.9920129626989365,-0.020590145,1.6047397,-0.5692962616906653,-3984375.0,9.59221e-06,1.1736317e-07,0.6065920041063607,0.009188812896092005,/content/drive/MyDrive/N-MON/ALTRO/spectograms/MULTITONE-NARROW-40-20/1896.npy,MULTITONE-NARROW-40-20
0.0049745683,-0.0017059325,0.78037417,0.66073865,0.78039,-0.9977077,0.9942803,1.9919880479574203,-0.013216381,1.5686814,-0.6590935236324676,-3984375.0,9.2345945e-06,1.2152334e-07,0.6228093275461555,0.008344580523892395,/content/drive/MyDrive/N-MON/ALTRO/spectograms/MULTITONE-NARROW-40-20/1897.npy,MULTITONE-NARROW-40-20
0.0020469818,0.009743187,0.7653821,0.6445759,0.76538485,-0.9978932,0.99403054,1.9919237345457077,-0.014934434,1.6120905,-0.5297746654099492,-3984375.0,1.0886476e-05,1.1690773e-07,0.6113134004289145,0.008341442686604372,/content/drive/MyDrive/N-MON/ALTRO/spectograms/MULTITONE-NARROW-40-20/1898.npy,MULTITONE-NARROW-40-20
0.004999154,0.025706824,0.77083087,0.65087026,0.7708471,-0.99768436,0.9943097,1.9919941127300262,-0.03145463,1.5966549,-0.576955804036933,-3984375.0,1.0294262e-05,1.1769088e-07,0.6124054410114885,0.008885109554025373,/content/drive/MyDrive/N-MON/ALTRO/spectograms/MULTITONE-NARROW-40-20/1899.npy,MULTITONE-NARROW-40-20
0.004757685,0.009493362,0.7772138,0.65539795,0.77722836,-0.99816054,0.99383175,1.9919923096895218,-0.017406704,1.5803571,-0.6631946048754279,-3984375.0,8.9281875e-06,1.2119753e-07,0.6163420099451129,0.00969018856911754,/content/drive/MyDrive/N-MON/ALTRO/spectograms/MULTITONE-NARROW-40-20/1900.npy,MULTITONE-NARROW-40-20
0.006657301,0.008897819,0.76546884,0.64765644,0.7654978,-0.99875355,0.9932156,1.9919691532850266,-0.020165542,1.6042668,-0.5042179482683072,-3984375.0,1.046743e-05,1.1610602e-07,0.6129548914331743,0.007662488923114978,/content/drive/MyDrive/N-MON/ALTRO/spectograms/MULTITONE-NARROW-40-20/1901.npy,MULTITONE-NARROW-40-20
0.004550148,0.009613909,0.7664848,0.6417837,0.7664983,-0.99797416,0.99396724,1.9919414222240448,-0.011443517,1.6139448,-0.5676136451320924,-3984375.0,9.800294e-06,1.1741102e-07,0.6109818885695809,0.009510327052026302,/content/drive/MyDrive/N-MON/ALTRO/spectograms/MULTITONE-NARROW-40-20/1902.npy,MULTITONE-NARROW-40-20
0.0057656346,0.018172327,0.7788644,0.6576215,0.7788857,-0.99729663,0.9947074,1.992004007101059,-0.021598188,1.5773424,-0.6856522757415694,-3984375.0,8.6036725e-06,1.2179564e-07,0.6422802026423875,0.02752277845748932,/content/drive/MyDrive/N-MON/ALTRO/spectograms/MULTITONE-NARROW-40-20/1903.npy,MULTITONE-NARROW-40-20
0.0029291473,0.01766346,0.76754034,0.6494162,0.7675459,-0.9979037,0.9941199,1.99202361702919,-0.020513333,1.593709,-0.48952671962422223,-3984375.0,1.0333694e-05,1.1757169e-07,0.6075207602305608,0.0073923433281945375,/content/drive/MyDrive/N-MON/ALTRO/spectograms/MULTITONE-NARROW-40-20/1904.npy,MULTITONE-NARROW-40-20
-0.0017928695,-0.0053221853,0.7650556,0.6424677,0.76505774,-0.99734265,0.994578,1.991920679807663,0.010131068,1.6143168,-0.5282216976663153,-3984375.0,1.0712579e-05,1.1678656e-07,0.611251902585142,0.008254238044142029,/content/drive/MyDrive/N-MON/ALTRO/spectograms/MULTITONE-NARROW-40-20/1905.npy,MULTITONE-NARROW-40-20
-0.006787815,-0.0065856148,0.7738383,0.65076715,0.773868,-0.9986301,0.99332905,1.991959124803543,0.0052850987,1.5939051,-0.6455629231891199,-3984375.0,9.273513e-06,1.2058698e-07,0.6107956113165489,0.009152619716378702,/content/drive/MyDrive/N-MON/ALTRO/spectograms/MULTITONE-NARROW-40-20/1906.npy,MULTITONE-NARROW-40-20
0.0037034382,0.02537591,0.77363575,0.6556267,0.77364457,-0.9979669,0.9940095,1.9919763505458832,-0.026654946,1.5807893,-0.5551703543557621,-3984375.0,1.0056678e-05,1.1964744e-07,0.608142322537594,0.007149797408662563,/content/drive/MyDrive/N-MON/ALTRO/spectograms/MULTITONE-NARROW-40-20/1907.npy,MULTITONE-NARROW-40-20
-0.0055201645,-0.013666104,0.769331,0.6487429,0.76935077,-0.99773043,0.9941214,1.9918518215417862,0.016128978,1.6010909,-0.5527523649007345,-3984375.0,9.717072e-06,1.1829213e-07,0.6720972932200961,0.030853023586939803,/content/drive/MyDrive/N-MON/ALTRO/spectograms/MULTITONE-NARROW-40-20/1908.npy,MULTITONE-NARROW-40-20
0.010140752,0.025298458,0.77358437,0.65320677,0.7736509,-0.9980715,0.9939277,1.9919991940259933,-0.035740085,1.5919096,-0.6237418435331109,-3984375.0,9.359127e-06,1.1996714e-07,0.6113941028447651,0.009219219994101474,/content/drive/MyDrive/N-MON/ALTRO/spectograms/MULTITONE-NARROW-40-20/1909.npy,MULTITONE-NARROW-40-20
0.0047793393,0.010342881,0.7802484,0.6623187,0.78026307,-0.9973865,0.9946238,1.992010310292244,-0.014643257,1.5641179,-0.6344341980581688,-3984375.0,8.995681e-06,1.2090254e-07,0.6106837635102904,0.006855022291064028,/content/drive/MyDrive/N-MON/ALTRO/spectograms/MULTITONE-NARROW-40-20/1910.npy,MULTITONE-NARROW-40-20
0.005426537,0.0064712306,0.7682598,0.64425844,0.76827896,-0.9972919,0.9946144,1.9919063597917557,-0.014255144,1.6079383,-0.5884199732162526,-3984375.0,1.0917264e-05,1.16708115e-07,0.6123982813950233,0.007084085604164386,/content/drive/MyDrive/N-MON/ALTRO/spectograms/MULTITONE-NARROW-40-20/1911.npy,MULTITONE-NARROW-40-20
0.006639931,0.02479178,0.77193516,0.64832854,0.7719637,-0.9984985,0.99345815,1.991956666111946,-0.040099595,1.6017563,-0.6352547329077504,-3984375.0,9.439306e-06,1.1940466e-07,0.6087934512589699,0.011125754600736474,/content/drive/MyDrive/N-MON/ALTRO/spectograms/MULTITONE-NARROW-40-20/1912.npy,MULTITONE-NARROW-40-20
-0.008369197,0.0019250643,0.7806011,0.66332775,0.780646,-0.9980196,0.99397707,1.9919966459274292,0.0077280723,1.5652641,-0.6389963055898199,-3984375.0,9.385798e-06,1.2131974e-07,0.6171927029357431,0.007365165481974755,/content/drive/MyDrive/N-MON/ALTRO/spectograms/MULTITONE-NARROW-40-20/1913.npy,MULTITONE-NARROW-40-20
0.0064766663,0.017239597,0.76591027,0.64281976,0.76593757,-0.9981499,0.99372935,1.9918792247772217,-0.029671885,1.6152896,-0.5589760923690782,-3984375.0,1.1165067e-05,1.1709011e-07,0.6161342479978056,0.0075597842841138895,/content/drive/MyDrive/N-MON/ALTRO/spectograms/MULTITONE-NARROW-40-20/1914.npy,MULTITONE-NARROW-40-20
0.003659444,0.0095053455,0.77283233,0.65157187,0.7728409,-0.9982365,0.9937643,1.99200077354908,-0.020817202,1.5940427,-0.6298475629736703,-3984375.0,9.602933e-06,1.1924345e-07,0.6142495674593753,0.009941644301477743,/content/drive/MyDrive/N-MON/ALTRO/spectograms/MULTITONE-NARROW-40-20/1915.npy,MULTITONE-NARROW-40-20
0.009865693,0.02602426,0.77985173,0.66003245,0.77991414,-0.9972894,0.9946987,1.9919881224632263,-0.034596134,1.5714222,-0.6625700325991649,-3984375.0,9.4974675e-06,1.2074324e-07,0.6162303521585701,0.007636638253586784,/content/drive/MyDrive/N-MON/ALTRO/spectograms/MULTITONE-NARROW-40-20/1916.npy,MULTITONE-NARROW-40-20
0.010649435,0.02497032,0.764774,0.6418224,0.7648481,-0.99836206,0.9935284,1.9918905198574066,-0.032368466,1.6208051,-0.551138706870047,-3984375.0,1.1307231e-05,1.18112716e-07,0.615446664495181,0.007472070427270472,/content/drive/MyDrive/N-MON/ALTRO/spectograms/MULTITONE-NARROW-40-20/1917.npy,MULTITONE-NARROW-40-20
0.0024879447,0.002639119,0.76630324,0.6409031,0.76630735,-0.9973339,0.9946603,1.9919942319393158,-0.016556635,1.618411,-0.5898184509597916,-3984375.0,1.0265729e-05,1.1792336e-07,0.6016558074399703,0.009012155497229312,/content/drive/MyDrive/N-MON/ALTRO/spectograms/MULTITONE-NARROW-40-20/1918.npy,MULTITONE-NARROW-40-20
-0.0019342485,0.009401362,0.77981865,0.65888965,0.77982104,-0.9983527,0.99363333,1.9919860512018204,-0.012590239,1.5723133,-0.6760784380461368,-3984375.0,9.276046e-06,1.2095393e-07,0.6126201924952037,0.007957001713486005,/content/drive/MyDrive/N-MON/ALTRO/spectograms/MULTITONE-NARROW-40-20/1919.npy,MULTITONE-NARROW-40-20
0.004563418,0.013264846,0.76621544,0.64509654,0.766229,-0.9983441,0.99358606,1.9919301867485046,-0.020527957,1.6129918,-0.5616736494892934,-3984375.0,1.0968333e-05,1.1738598e-07,0.610841840364184,0.007338259398142945,/content/drive/MyDrive/N-MON/ALTRO/spectograms/MULTITONE-NARROW-40-20/1920.npy,MULTITONE-NARROW-40-20
-0.006928234,0.002422837,0.7695213,0.6482489,0.7695524,-0.9975589,0.9944352,1.9919940829277039,0.005455981,1.6005911,-0.5548897295339313,-3984375.0,1.0026083e-05,1.18211545e-07,0.6050988349340514,0.009472678512797554,/content/drive/MyDrive/N-MON/ALTRO/spectograms/MULTITONE-NARROW-40-20/1921.npy,MULTITONE-NARROW-40-20
-0.009453444,-0.02580757,0.77829874,0.656163,0.77835613,-0.99833786,0.99361,1.9919479340314865,0.02759758,1.577619,-0.6578608345219302,-3984375.0,7.863103e-06,1.2113298e-07,0.636286957101438,0.016356607802448193,/content/drive/MyDrive/N-MON/ALTRO/spectograms/MULTITONE-NARROW-40-20/1922.npy,MULTITONE-NARROW-40-20
0.009534574,0.022220645,0.76450485,0.6441125,0.76456434,-0.99719095,0.99475884,1.9919498413801193,-0.033682298,1.613623,-0.5250563216523957,-3984375.0,1.0620915e-05,1.16795924e-07,0.6084470890767827,0.0072606881432665075,/content/drive/MyDrive/N-MON/ALTRO/spectograms/MULTITONE-NARROW-40-20/1923.npy,MULTITONE-NARROW-40-20
-0.00048544075,0.010089705,0.7663776,0.64299977,0.76637787,-0.9976578,0.9942971,1.9919548332691193,-0.01210304,1.6142232,-0.5552217838669399,-3984375.0,1.0610249e-05,1.1823286e-07,0.604718306120243,0.008375190210968334,/content/drive/MyDrive/N-MON/ALTRO/spectograms/MULTITONE-NARROW-40-20/1924.npy,MULTITONE-NARROW-40-20
0.002891263,0.0022496467,0.7759471,0.65272826,0.7759524,-0.99763435,0.99437237,1.9920067340135574,-0.013969224,1.5893606,-0.6704319092691186,-3984375.0,8.87354e-06,1.2001124e-07,0.6150049577217819,0.009789947056433827,/content/drive/MyDrive/N-MON/ALTRO/spectograms/MULTITONE-NARROW-40-20/1925.npy,MULTITONE-NARROW-40-20
-0.0010759849,0.009798932,0.7638224,0.6433538,0.7638231,-0.9979931,0.9939623,1.9919554591178894,-0.010396392,1.6134787,-0.5136547877135974,-3984375.0,1.0458504e-05,1.1638142e-07,0.6111659469403291,0.0071274083253691604,/content/drive/MyDrive/N-MON/ALTRO/spectograms/MULTITONE-NARROW-40-20/1926.npy,MULTITONE-NARROW-40-20
-0.0009074898,0.0018399148,0.7657018,0.6425454,0.76570237,-0.9979496,0.9940011,1.9919507205486298,-0.0057284064,1.617257,-0.5501206246820552,-3984375.0,1.0275136e-05,1.1763831e-07,0.6110019016209589,0.008697191499334221,/content/drive/MyDrive/N-MON/ALTRO/spectograms/MULTITONE-NARROW-40-20/1927.npy,MULTITONE-NARROW-40-20
0.0055511487,0.0025216925,0.77425486,0.6521709,0.77427477,-0.9973665,0.9945964,1.9919629245996475,-0.017884599,1.591275,-0.6356786110773635,-3984375.0,9.2003365e-06,1.2010194e-07,0.6129401049404664,0.009605711119343194,/content/drive/MyDrive/N-MON/ALTRO/spectograms/MULTITONE-NARROW-40-20/1928.npy,MULTITONE-NARROW-40-20
0.00838583,0.025781695,0.770507,0.65231866,0.77055264,-0.9975057,0.99441695,1.9919227063655853,-0.02685306,1.5872444,-0.5249022240285354,-3984375.0,8.708153e-06,1.186733e-07,0.6619988180118135,0.02006900062995741,/content/drive/MyDrive/N-MON/ALTRO/spectograms/MULTITONE-NARROW-40-20/1929.npy,MULTITONE-NARROW-40-20
0.0071102413,0.017540881,0.7648949,0.6420241,0.7649279,-0.9978477,0.9940628,1.9919104278087616,-0.028993778,1.6195539,-0.5575868603061825,-3984375.0,1.10446645e-05,1.1712482e-07,0.6163273147692928,0.008631901577848669,/content/drive/MyDrive/N-MON/ALTRO/spectograms/MULTITONE-NARROW-40-20/1930.npy,MULTITONE-NARROW-40-20
0.005108542,0.009588305,0.77322245,0.6512766,0.7732393,-0.99813205,0.9938395,1.9919715821743011,-0.016450765,1.5962554,-0.6423097974780526,-3984375.0,8.931824e-06,1.1911452e-07,0.6164997894183551,0.010075876958884252,/content/drive/MyDrive/N-MON/ALTRO/spectograms/MULTITONE-NARROW-40-20/1931.npy,MULTITONE-NARROW-40-20
0.0050813197,0.018020086,0.7733604,0.6529987,0.7733771,-0.9974902,0.9945234,1.992013618350029,-0.019813562,1.5837537,-0.5816721839477897,-3984375.0,9.408451e-06,1.1994044e-07,0.6089869080559318,0.00735372221949366,/content/drive/MyDrive/N-MON/ALTRO/spectograms/MULTITONE-NARROW-40-20/1932.npy,MULTITONE-NARROW-40-20
-0.006996433,-0.005694015,0.76854455,0.64565545,0.7685764,-0.9976563,0.99426216,1.991918459534645,0.013786486,1.6051904,-0.5711892087248814,-3984375.0,1.1017615e-05,1.1775128e-07,0.6117494403621399,0.007381126422814839,/content/drive/MyDrive/N-MON/ALTRO/spectograms/MULTITONE-NARROW-40-20/1933.npy,MULTITONE-NARROW-40-20
0.0075983093,0.025298547,0.77287203,0.6501164,0.7729094,-0.99796754,0.99398005,1.991947591304779,-0.039605357,1.5964704,-0.6309365101250474,-3984375.0,9.366447e-06,1.1960837e-07,0.6083627791464687,0.00934608371857358,/content/drive/MyDrive/N-MON/ALTRO/spectograms/MULTITONE-NARROW-40-20/1934.npy,MULTITONE-NARROW-40-20
-0.0060675666,-0.0055898298,0.7864899,0.69061834,0.7865134,-0.99765205,0.9943479,1.9919998943805695,0.006356039,1.503274,-0.45073586163679746,-3984375.0,9.595891e-06,1.2439665e-07,0.6274413257752494,0.006378529258806985,/content/drive/MyDrive/N-MON/ALTRO/spectograms/MULTITONE-NARROW-40-20/1935.npy,MULTITONE-NARROW-40-20
-0.0048022815,-0.005642275,0.7682703,0.64408773,0.76828533,-0.997714,0.9941981,1.9919120818376541,0.007662422,1.610607,-0.5894896092316718,-3984375.0,1.1045655e-05,1.1744167e-07,0.6117468589634846,0.007257893648622442,/content/drive/MyDrive/N-MON/ALTRO/spectograms/MULTITONE-NARROW-40-20/1936.npy,MULTITONE-NARROW-40-20
0.0033066191,0.010415189,0.77239436,0.6499692,0.7724014,-0.99740005,0.99460274,1.992002785205841,-0.014525571,1.5955232,-0.6123537894149119,-3984375.0,9.263833e-06,1.1891897e-07,0.6088059578946248,0.009270087541579417,/content/drive/MyDrive/N-MON/ALTRO/spectograms/MULTITONE-NARROW-40-20/1937.npy,MULTITONE-NARROW-40-20
0.009571252,0.021395452,0.778513,0.65835965,0.7785719,-0.9980361,0.99395907,1.991995170712471,-0.030270455,1.5770437,-0.6529476586141306,-3984375.0,9.457512e-06,1.212866e-07,0.6118546068907627,0.007831063389769365,/content/drive/MyDrive/N-MON/ALTRO/spectograms/MULTITONE-NARROW-40-20/1938.npy,MULTITONE-NARROW-40-20
0.009394571,0.010181514,0.7644727,0.6399117,0.7645305,-0.99754,0.99433064,1.9918706715106964,-0.026797649,1.6206288,-0.553537242847682,-3984375.0,1.1008256e-05,1.1690384e-07,0.6130369981361956,0.007247021764878501,/content/drive/MyDrive/N-MON/ALTRO/spectograms/MULTITONE-NARROW-40-20/1939.npy,MULTITONE-NARROW-40-20
0.0077170255,0.01765201,0.77199763,0.65095025,0.77203614,-0.9979222,0.99408144,1.992003619670868,-0.030076535,1.596725,-0.6155884280200078,-3984375.0,9.235674e-06,1.1908527e-07,0.6133592316076335,0.010009854925052917,/content/drive/MyDrive/N-MON/ALTRO/spectograms/MULTITONE-NARROW-40-20/1940.npy,MULTITONE-NARROW-40-20
-0.004476468,0.009860319,0.77732205,0.6558026,0.777335,-0.9979606,0.99403775,1.9919983595609665,-0.0067002173,1.5800123,-0.669348989453285,-3984375.0,9.459515e-06,1.207984e-07,0.6143107796911111,0.007692840473271828,/content/drive/MyDrive/N-MON/ALTRO/spectograms/MULTITONE-NARROW-40-20/1941.npy,MULTITONE-NARROW-40-20
-0.0056208875,-0.013067599,0.76491934,0.64278436,0.76494,-0.9972544,0.9946598,1.9919141083955765,0.009721599,1.6162105,-0.5278416004910503,-3984375.0,1.0623206e-05,1.1752266e-07,0.6108292349339548,0.008970641027180044,/content/drive/MyDrive/N-MON/ALTRO/spectograms/MULTITONE-NARROW-40-20/1942.npy,MULTITONE-NARROW-40-20
-0.0007962332,0.0022409938,0.7709173,0.64796394,0.7709178,-0.99764156,0.9943654,1.9920069575309753,-0.004142672,1.6035087,-0.6144460580180838,-3984375.0,9.605371e-06,1.1955039e-07,0.6122394959123192,0.009692319204367366,/content/drive/MyDrive/N-MON/ALTRO/spectograms/MULTITONE-NARROW-40-20/1943.npy,MULTITONE-NARROW-40-20
0.0062972987,0.0013428072,0.78080916,0.6616137,0.78083456,-0.9986198,0.99336445,1.9919842332601547,-0.020654393,1.569485,-0.6728337968594619,-3984375.0,9.1297e-06,1.2079963e-07,0.6185016712689995,0.008060202138929141,/content/drive/MyDrive/N-MON/ALTRO/spectograms/MULTITONE-NARROW-40-20/1944.npy,MULTITONE-NARROW-40-20
0.01424925,0.025118794,0.7615229,0.6392833,0.7616563,-0.99812317,0.99369544,1.9918186366558075,-0.043816883,1.6271541,-0.4923646482060323,-3984375.0,1.0372288e-05,1.16475206e-07,0.6395611643937922,0.02753798012088539,/content/drive/MyDrive/N-MON/ALTRO/spectograms/MULTITONE-NARROW-40-20/1945.npy,MULTITONE-NARROW-40-20
0.0061439388,0.010132005,0.7698353,0.64861494,0.7698598,-0.997676,0.9943352,1.9920112192630768,-0.02646089,1.600783,-0.5688093572682905,-3984375.0,1.02210615e-05,1.1854153e-07,0.6064092639669636,0.0093333422432062,/content/drive/MyDrive/N-MON/ALTRO/spectograms/MULTITONE-NARROW-40-20/1946.npy,MULTITONE-NARROW-40-20
-0.0049622944,-0.005312163,0.78115034,0.6594581,0.7811661,-0.99742943,0.9945674,1.9919968396425247,0.004210962,1.5685209,-0.6872159365778946,-4394531.25,8.755323e-06,1.2154153e-07,0.6167854247472186,0.00968868242853381,/content/drive/MyDrive/N-MON/ALTRO/spectograms/MULTITONE-NARROW-40-20/1947.npy,MULTITONE-NARROW-40-20
-0.0054970663,-0.0054225875,0.7661777,0.6471621,0.76619744,-0.99744344,0.9944956,1.9919390231370926,0.005514052,1.6075739,-0.5293152631253771,-3984375.0,1.0740815e-05,1.1741636e-07,0.6079396091259518,0.007635540240693598,/content/drive/MyDrive/N-MON/ALTRO/spectograms/MULTITONE-NARROW-40-20/1948.npy,MULTITONE-NARROW-40-20
0.0023831811,0.009918981,0.76451606,0.6413084,0.7645197,-0.99771565,0.99426955,1.9919852018356323,-0.011865279,1.616871,-0.5366288371170845,-3984375.0,1.0661434e-05,1.17633434e-07,0.6036040862194453,0.007849532617527919,/content/drive/MyDrive/N-MON/ALTRO/spectograms/MULTITONE-NARROW-40-20/1949.npy,MULTITONE-NARROW-40-20
0.0061629326,0.017674556,0.7767077,0.65404934,0.77673215,-0.9978779,0.9941057,1.9919835925102234,-0.02142815,1.5843788,-0.6707910983038748,-3984375.0,8.886498e-06,1.2014033e-07,0.6129441736798029,0.008764322842754337,/content/drive/MyDrive/N-MON/ALTRO/spectograms/MULTITONE-NARROW-40-20/1950.npy,MULTITONE-NARROW-40-20
-0.0035471988,-0.012975762,0.7642128,0.64507157,0.764221,-0.99729353,0.99469835,1.9919918775558472,0.0066495035,1.6117451,-0.5158182182490477,-3984375.0,9.0805015e-06,1.16010355e-07,0.6716406412092639,0.03766998283086964,/content/drive/MyDrive/N-MON/ALTRO/spectograms/MULTITONE-NARROW-40-20/1951.npy,MULTITONE-NARROW-40-20
0.001298626,-0.0018031084,0.76740503,0.64500123,0.76740617,-0.99778706,0.9941622,1.9919492602348328,-0.009643944,1.607999,-0.5632015155405484,-3984375.0,1.0335021e-05,1.17366305e-07,0.6093049396869556,0.00852555826247389,/content/drive/MyDrive/N-MON/ALTRO/spectograms/MULTITONE-NARROW-40-20/1952.npy,MULTITONE-NARROW-40-20
-0.0029829044,0.0017297233,0.7771259,0.65548754,0.7771316,-0.99815893,0.9938614,1.9920203238725662,0.0021874844,1.5823939,-0.657048034280929,-3984375.0,8.976073e-06,1.1979776e-07,0.6150893204553093,0.011554086343980882,/content/drive/MyDrive/N-MON/ALTRO/spectograms/MULTITONE-NARROW-40-20/1953.npy,MULTITONE-NARROW-40-20
-0.008171071,-0.021285199,0.7677668,0.6487085,0.7678103,-0.99772567,0.99424464,1.9919703006744385,0.01821275,1.5952114,-0.507264062292519,-3984375.0,1.022252e-05,1.18492e-07,0.6081861346240787,0.007842005310498015,/content/drive/MyDrive/N-MON/ALTRO/spectograms/MULTITONE-NARROW-40-20/1954.npy,MULTITONE-NARROW-40-20
0.015792545,0.033120174,0.770075,0.64952075,0.77023697,-0.9978449,0.99399227,1.991837128996849,-0.04935258,1.5950881,-0.552220396000756,-3984375.0,8.726381e-06,1.1854894e-07,0.6472215101450249,0.02355454175993303,/content/drive/MyDrive/N-MON/ALTRO/spectograms/MULTITONE-NARROW-40-20/1955.npy,MULTITONE-NARROW-40-20
-0.0032739893,0.0015438204,0.7697781,0.6482918,0.7697851,-0.9983403,0.99366385,1.992004156112671,0.00013213372,1.603837,-0.6006800707263543,-3984375.0,8.935194e-06,1.1952444e-07,0.6100834237570645,0.009379524263703191,/content/drive/MyDrive/N-MON/ALTRO/spectograms/MULTITONE-NARROW-40-20/1956.npy,MULTITONE-NARROW-40-20
0.0003286264,0.0014566912,0.7752411,0.6572444,0.7752411,-0.9984703,0.9935417,1.9920120686292648,-0.008425425,1.5752839,-0.580352205712691,-3984375.0,9.645678e-06,1.2028154e-07,0.6285826744539533,0.024182296059973896,/content/drive/MyDrive/N-MON/ALTRO/spectograms/MULTITONE-NARROW-40-20/1957.npy,MULTITONE-NARROW-40-20
-0.002741345,-0.0058242716,0.7683047,0.6464851,0.76830953,-0.9979836,0.99393004,1.9919136017560959,-0.0048237797,1.6040199,-0.5586729558153848,-3984375.0,1.1108838e-05,1.1693673e-07,0.616659561022737,0.008663423977326673,/content/drive/MyDrive/N-MON/ALTRO/spectograms/MULTITONE-NARROW-40-20/1958.npy,MULTITONE-NARROW-40-20
-0.0029978747,0.0016050513,0.7738427,0.65048707,0.7738485,-0.998371,0.9936427,1.9920137226581573,0.0038526321,1.5946136,-0.654312438630397,-3984375.0,8.992299e-06,1.1880752e-07,0.6137885331639006,0.010088433166874619,/content/drive/MyDrive/N-MON/ALTRO/spectograms/MULTITONE-NARROW-40-20/1959.npy,MULTITONE-NARROW-40-20
-0.005068914,0.0018719677,0.7785095,0.6587289,0.778526,-0.9979405,0.99405456,1.9919950515031815,0.0013191787,1.5731827,-0.628053055761936,-3984375.0,9.731371e-06,1.2165248e-07,0.615143318970525,0.007862591376337987,/content/drive/MyDrive/N-MON/ALTRO/spectograms/MULTITONE-NARROW-40-20/1960.npy,MULTITONE-NARROW-40-20
0.0023111943,0.0019863057,0.76683223,0.6432716,0.7668357,-0.9978632,0.9940342,1.9918973594903946,-0.01043871,1.6128557,-0.5666218725637179,-3984375.0,1.111487e-05,1.17511725e-07,0.6123008562242506,0.007974714328796241,/content/drive/MyDrive/N-MON/ALTRO/spectograms/MULTITONE-NARROW-40-20/1961.npy,MULTITONE-NARROW-40-20
-0.0072406037,-0.005660452,0.772028,0.65045124,0.772062,-0.99784136,0.9941726,1.9920139610767365,0.008214243,1.5973039,-0.6256170002879832,-3984375.0,9.609157e-06,1.188617e-07,0.6086880687584356,0.009458469847186235,/content/drive/MyDrive/N-MON/ALTRO/spectograms/MULTITONE-NARROW-40-20/1962.npy,MULTITONE-NARROW-40-20
0.0033794013,0.005256918,0.7833893,0.66775805,0.7833966,-0.9985362,0.9934627,1.9919989258050919,-0.012991586,1.5545055,-0.6507576598321007,-3984375.0,8.242148e-06,1.2294365e-07,0.6612015698962687,0.027770604356694647,/content/drive/MyDrive/N-MON/ALTRO/spectograms/MULTITONE-NARROW-40-20/1963.npy,MULTITONE-NARROW-40-20
0.0038630825,0.009206755,0.7671288,0.6456017,0.76713854,-0.99850917,0.9933913,1.991900458931923,-0.014876085,1.607018,-0.5428686940763648,-3984375.0,1.1107675e-05,1.1708914e-07,0.6104778428601405,0.006534829143795174,/content/drive/MyDrive/N-MON/ALTRO/spectograms/MULTITONE-NARROW-40-20/1964.npy,MULTITONE-NARROW-40-20
-0.002155578,0.0014320113,0.77263135,0.64950556,0.7726344,-0.99846256,0.9934824,1.991944968700409,-0.0018684734,1.5949744,-0.6081113695826633,-3984375.0,9.754587e-06,1.19128096e-07,0.6071954258758263,0.009391173231940015,/content/drive/MyDrive/N-MON/ALTRO/spectograms/MULTITONE-NARROW-40-20/1965.npy,MULTITONE-NARROW-40-20
-0.007722828,-0.0060737855,0.78024894,0.658258,0.7802872,-0.99815166,0.9938314,1.9919830709695816,0.008145162,1.5742452,-0.6911827091733606,-3984375.0,9.427694e-06,1.2186624e-07,0.6122898634675996,0.007201531332117553,/content/drive/MyDrive/N-MON/ALTRO/spectograms/MULTITONE-NARROW-40-20/1966.npy,MULTITONE-NARROW-40-20
-0.008848887,-0.0049327174,0.7621211,0.6395812,0.76217246,-0.99701434,0.994871,1.9918853789567947,0.011271728,1.6251004,-0.5169639955816249,-3984375.0,1.1051028e-05,1.1650724e-07,0.6097517852281166,0.006610825727640973,/content/drive/MyDrive/N-MON/ALTRO/spectograms/MULTITONE-NARROW-40-20/1967.npy,MULTITONE-NARROW-40-20
0.0015282941,0.0022515776,0.76785934,0.64319146,0.7678609,-0.9977187,0.9942958,1.9920144528150558,-0.0072868546,1.6131653,-0.5909070016830179,-3984375.0,1.0063051e-05,1.18523005e-07,0.6072322690953585,0.009653017882581851,/content/drive/MyDrive/N-MON/ALTRO/spectograms/MULTITONE-NARROW-40-20/1968.npy,MULTITONE-NARROW-40-20
0.0069323434,0.016749345,0.7760251,0.6533796,0.77605605,-0.99872375,0.9932549,1.9919786602258682,-0.026662454,1.5851578,-0.6503937446046885,-3984375.0,8.89443e-06,1.2042736e-07,0.613443476275184,0.008298099491486645,/content/drive/MyDrive/N-MON/ALTRO/spectograms/MULTITONE-NARROW-40-20/1969.npy,MULTITONE-NARROW-40-20
0.0037482213,0.009973492,0.7649906,0.64448756,0.7649998,-0.99764186,0.9943357,1.991977572441101,-0.018640222,1.6118205,-0.5177951953887564,-3984375.0,1.08922795e-05,1.16881736e-07,0.6139063192501046,0.012271870615346936,/content/drive/MyDrive/N-MON/ALTRO/spectograms/MULTITONE-NARROW-40-20/1970.npy,MULTITONE-NARROW-40-20
0.0047547747,0.02564052,0.76832676,0.6477362,0.7683415,-0.9975938,0.99434996,1.9919437915086746,-0.026673697,1.6055532,-0.5536576891798514,-3984375.0,1.0444165e-05,1.1774201e-07,0.613321691728275,0.008635853359824244,/content/drive/MyDrive/N-MON/ALTRO/spectograms/MULTITONE-NARROW-40-20/1971.npy,MULTITONE-NARROW-40-20
0.0067840205,0.00984872,0.77567345,0.65264314,0.77570313,-0.9977859,0.9942092,1.9919951111078262,-0.023040362,1.5890769,-0.6612678695074258,-3984375.0,9.1054635e-06,1.2018504e-07,0.6170618280579647,0.009865767563582657,/content/drive/MyDrive/N-MON/ALTRO/spectograms/MULTITONE-NARROW-40-20/1972.npy,MULTITONE-NARROW-40-20
0.00024490405,0.0019001728,0.76837957,0.6493715,0.7683796,-0.99806345,0.9939535,1.9920169860124588,-0.0058000945,1.593816,-0.5221572835839573,-3984375.0,9.823783e-06,1.17377226e-07,0.6077818844922113,0.007821776628867155,/content/drive/MyDrive/N-MON/ALTRO/spectograms/MULTITONE-NARROW-40-20/1973.npy,MULTITONE-NARROW-40-20
-0.0008521204,-0.0061393715,0.7702957,0.6479907,0.77029616,-0.9980922,0.99385273,1.9919449388980865,0.00057612,1.6028517,-0.5895195184446688,-3984375.0,1.0101733e-05,1.1861255e-07,0.6159422248319634,0.008865495984491344,/content/drive/MyDrive/N-MON/ALTRO/spectograms/MULTITONE-NARROW-40-20/1974.npy,MULTITONE-NARROW-40-20
-0.0018152476,0.002031791,0.77430713,0.65225136,0.77430934,-0.9978952,0.9940782,1.9919733852148056,-0.0056950394,1.588456,-0.6350545594225371,-3984375.0,8.995753e-06,1.1887005e-07,0.6126617306800266,0.010652524690578835,/content/drive/MyDrive/N-MON/ALTRO/spectograms/MULTITONE-NARROW-40-20/1975.npy,MULTITONE-NARROW-40-20
-0.0071481774,0.009756872,0.7757265,0.6575807,0.7757594,-0.99801785,0.99400485,1.992022693157196,0.003984091,1.5762912,-0.5886634771099947,-3984375.0,9.496984e-06,1.1957718e-07,0.6095821670032888,0.007479001319224099,/content/drive/MyDrive/N-MON/ALTRO/spectograms/MULTITONE-NARROW-40-20/1976.npy,MULTITONE-NARROW-40-20
0.0065712617,0.013795454,0.76529974,0.6416076,0.765328,-0.9977502,0.99415714,1.9919073581695557,-0.025621101,1.6168617,-0.5599158381235788,-3984375.0,1.1308743e-05,1.17614846e-07,0.6099333291332376,0.007346011362898316,/content/drive/MyDrive/N-MON/ALTRO/spectograms/MULTITONE-NARROW-40-20/1977.npy,MULTITONE-NARROW-40-20
-0.0012496443,0.016664244,0.7720603,0.6493955,0.77206135,-0.9988192,0.9932011,1.9920202642679214,-0.016074168,1.5963773,-0.6219265666757768,-3984375.0,8.63588e-06,1.1995336e-07,0.6554261745237537,0.018957842642908684,/content/drive/MyDrive/N-MON/ALTRO/spectograms/MULTITONE-NARROW-40-20/1978.npy,MULTITONE-NARROW-40-20
0.005794633,-0.0053847637,0.77768856,0.65787405,0.7777102,-0.9975061,0.9945043,1.99201038479805,-0.0113146305,1.5739923,-0.6245775176320302,-3984375.0,9.481496e-06,1.2076264e-07,0.6117388216515433,0.00782032909361176,/content/drive/MyDrive/N-MON/ALTRO/spectograms/MULTITONE-NARROW-40-20/1979.npy,MULTITONE-NARROW-40-20
-0.0029248695,0.0101254005,0.7684088,0.64647484,0.7684144,-0.99752164,0.9943854,1.9919070899486542,0.0009158077,1.6081215,-0.5835121923107992,-3984375.0,1.1228656e-05,1.1768376e-07,0.614239055490037,0.006883583073880146,/content/drive/MyDrive/N-MON/ALTRO/spectograms/MULTITONE-NARROW-40-20/1980.npy,MULTITONE-NARROW-40-20
-0.0029645867,0.010072673,0.77009916,0.64753664,0.7701049,-0.99760705,0.9943966,1.9920036643743515,-0.002718574,1.6018898,-0.608108468722704,-3984375.0,9.133057e-06,1.1830693e-07,0.6085268014919781,0.009357800605619573,/content/drive/MyDrive/N-MON/ALTRO/spectograms/MULTITONE-NARROW-40-20/1981.npy,MULTITONE-NARROW-40-20
0.0053972607,0.01740589,0.7793696,0.6595766,0.7793883,-0.99810356,0.9938873,1.9919908940792084,-0.025932996,1.5689892,-0.6527684947637439,-3984375.0,9.212699e-06,1.2151636e-07,0.6127575892948017,0.007519780850762299,/content/drive/MyDrive/N-MON/ALTRO/spectograms/MULTITONE-NARROW-40-20/1982.npy,MULTITONE-NARROW-40-20
0.0040640426,0.0096882,0.76569796,0.64047337,0.7657087,-0.99798656,0.993926,1.9919125586748123,-0.018653668,1.6190013,-0.5668715448927611,-3984375.0,1.1149156e-05,1.1746383e-07,0.6135076957406991,0.007585495440125805,/content/drive/MyDrive/N-MON/ALTRO/spectograms/MULTITONE-NARROW-40-20/1983.npy,MULTITONE-NARROW-40-20
-0.009520637,-0.013602074,0.77202475,0.6514228,0.77208346,-0.9979539,0.99402356,1.9919774681329727,0.019516084,1.5937258,-0.598592808532585,-3984375.0,9.793132e-06,1.1872439e-07,0.6114810030736539,0.010328046153163127,/content/drive/MyDrive/N-MON/ALTRO/spectograms/MULTITONE-NARROW-40-20/1984.npy,MULTITONE-NARROW-40-20
-0.0038858785,0.009329906,0.7771945,0.6558895,0.7772042,-0.9983392,0.993649,1.9919881969690323,-0.0030431775,1.5828257,-0.65606324376407,-3984375.0,9.085635e-06,1.2129186e-07,0.6146714324871361,0.0072923493167173,/content/drive/MyDrive/N-MON/ALTRO/spectograms/MULTITONE-NARROW-40-20/1985.npy,MULTITONE-NARROW-40-20
0.0021353322,0.018444138,0.76645577,0.6429669,0.76645875,-0.9970284,0.9948971,1.9919255673885345,-0.012150815,1.6155002,-0.5756962254694403,-3984375.0,1.0797391e-05,1.1634917e-07,0.6116375345756673,0.0075715388691238224,/content/drive/MyDrive/N-MON/ALTRO/spectograms/MULTITONE-NARROW-40-20/1986.npy,MULTITONE-NARROW-40-20
-0.0032441188,0.0024250038,0.77054644,0.64853805,0.77055323,-0.9974364,0.9945731,1.9920095354318619,-0.0019741224,1.6022497,-0.6020677900178263,-3984375.0,9.025894e-06,1.18115054e-07,0.6100225089604419,0.011203170878871432,/content/drive/MyDrive/N-MON/ALTRO/spectograms/MULTITONE-NARROW-40-20/1987.npy,MULTITONE-NARROW-40-20
-0.004920711,-0.0057402393,0.7760562,0.65387523,0.77607185,-0.9977563,0.99422455,1.991980865597725,0.010285065,1.5848088,-0.636494374698506,-3984375.0,9.329884e-06,1.2157805e-07,0.6094285896402221,0.008177305852423718,/content/drive/MyDrive/N-MON/ALTRO/spectograms/MULTITONE-NARROW-40-20/1988.npy,MULTITONE-NARROW-40-20
0.007821509,0.009195081,0.7637804,0.6431215,0.7638205,-0.99842787,0.99349517,1.9919230192899704,-0.028294213,1.6162213,-0.5141091587645842,-3984375.0,1.006348e-05,1.1678915e-07,0.610608874388077,0.006399164203371745,/content/drive/MyDrive/N-MON/ALTRO/spectograms/MULTITONE-NARROW-40-20/1989.npy,MULTITONE-NARROW-40-20
