f1,f2,f3,f4,f5,f6,f7,f8,f9,f10,f11,f12,f13,f14,f15,f16,path_spec,class
0.00052742934,-0.0034338618,0.8774179,0.82549095,0.8774181,-0.99553466,0.99657804,1.9921126812696457,-0.0006512427,1.221678,-0.8677568852248153,-2382812.5,2.253848e-06,1.5077549e-07,0.8305447953514973,0.005999065311150938,/content/drive/MyDrive/N-MON/ALTRO/spectograms/FH-20/0.npy,FH-20
0.0005222802,-0.0032235926,0.8665352,0.8141627,0.86653537,-0.99546087,0.9966528,1.9921136647462845,-0.001471277,1.2386557,-0.7359065566193489,-2382812.5,2.1612364e-06,1.5246397e-07,0.827292724203659,0.007856269250363465,/content/drive/MyDrive/N-MON/ALTRO/spectograms/FH-20/1.npy,FH-20
0.007338228,0.044254135,0.8685884,0.812907,0.8686193,-0.9946478,0.9973439,1.9919916689395905,-0.015365627,1.24105,-0.7802489411352279,-2988281.25,3.3252848e-06,1.4879755e-07,0.8382572098814959,0.007862424968558235,/content/drive/MyDrive/N-MON/ALTRO/spectograms/FH-20/2.npy,FH-20
0.007002205,0.005059895,0.8640038,0.8071444,0.86403215,-0.99481165,0.9972629,1.9920745491981506,-0.012353526,1.2527244,-0.7568443397434673,-2988281.25,4.3305863e-06,1.5191321e-07,0.8208624591111473,0.003052157698044473,/content/drive/MyDrive/N-MON/ALTRO/spectograms/FH-20/3.npy,FH-20
-0.00062846567,-0.019033046,0.8658828,0.81254584,0.86588305,-0.9955585,0.9965442,1.992102712392807,0.008620755,1.2392055,-0.6997890939036796,-996093.75,2.4159326e-06,1.4995248e-07,0.8253406828105538,0.0044281090330831,/content/drive/MyDrive/N-MON/ALTRO/spectograms/FH-20/4.npy,FH-20
0.00294454,0.016705893,0.863943,0.80785936,0.86394805,-0.99494684,0.99710304,1.9920498877763748,-0.0037802747,1.2505125,-0.7315357172060423,3007812.5,2.776199e-06,1.5279295e-07,0.8370447164514989,0.004318297721023999,/content/drive/MyDrive/N-MON/ALTRO/spectograms/FH-20/5.npy,FH-20
-0.0045419,-0.0029071032,0.87504834,0.824865,0.87506014,-0.99500257,0.9970803,1.9920829087495804,0.013309649,1.2206327,-0.7937796800691875,2402343.75,2.0440127e-06,1.5501226e-07,0.8325689797923137,0.01046808720510042,/content/drive/MyDrive/N-MON/ALTRO/spectograms/FH-20/6.npy,FH-20
0.0005622447,-0.010404743,0.857437,0.7984157,0.85743725,-0.99470294,0.9974004,1.9921033531427383,-0.00030749707,1.2645214,-0.6664517688468613,-2988281.25,3.129611e-06,1.5194347e-07,0.8068818867814784,0.012800270639592822,/content/drive/MyDrive/N-MON/ALTRO/spectograms/FH-20/7.npy,FH-20
0.011047882,0.056797788,0.8856441,0.8376717,0.88571304,-0.9939824,0.9981295,1.9921118915081024,-0.021477133,1.2017449,-0.8944472312353816,3007812.5,3.0394206e-06,1.5387228e-07,0.8350392729669334,0.009267770972596994,/content/drive/MyDrive/N-MON/ALTRO/spectograms/FH-20/8.npy,FH-20
0.0036220374,-0.0036950938,0.8451783,0.7746055,0.84518605,-0.9958718,0.9960891,1.991960883140564,-0.008074927,1.3060929,-0.645425602799283,-2988281.25,3.954019e-06,1.3963313e-07,0.8303248307609861,0.005136893392725022,/content/drive/MyDrive/N-MON/ALTRO/spectograms/FH-20/9.npy,FH-20
-0.013823499,-0.0568875,0.8732156,0.82154864,0.87332505,-0.9944073,0.99767315,1.9920804798603058,0.035010975,1.2276574,-0.7889053377290925,1015625.0,2.062938e-06,1.5032487e-07,0.8305603722745506,0.0040940716769572,/content/drive/MyDrive/N-MON/ALTRO/spectograms/FH-20/10.npy,FH-20
0.0066677188,0.031948064,0.87484527,0.8239557,0.8748707,-0.99529564,0.9966657,1.9919613599777222,-0.011609624,1.2242879,-0.8126187691975072,2421875.0,2.4494234e-06,1.5444814e-07,0.8309441516429448,0.008738968606963778,/content/drive/MyDrive/N-MON/ALTRO/spectograms/FH-20/11.npy,FH-20
-0.012708174,-0.057612717,0.87336314,0.8228276,0.8734556,-0.995087,0.99700546,1.9920925050973892,0.035180435,1.2244723,-0.779441897758364,-2988281.25,2.4792873e-06,1.5140094e-07,0.8324439310687322,0.005830716503028956,/content/drive/MyDrive/N-MON/ALTRO/spectograms/FH-20/12.npy,FH-20
-0.014855473,-0.0030692066,0.8721271,0.81906855,0.87225366,-0.99519587,0.9968279,1.9920237958431244,0.024347192,1.2315774,-0.7810438304670245,2421875.0,1.7236035e-06,1.4803561e-07,0.8361093802244349,0.009765419484639175,/content/drive/MyDrive/N-MON/ALTRO/spectograms/FH-20/13.npy,FH-20
0.013424511,0.050303202,0.87947416,0.8315737,0.8795766,-0.99639285,0.9956602,1.9920529872179031,-0.029141502,1.2089182,-0.828084833488906,3007812.5,3.1708798e-06,1.5358452e-07,0.8272764664025983,0.012298998811320818,/content/drive/MyDrive/N-MON/ALTRO/spectograms/FH-20/14.npy,FH-20
0.0021245875,0.04384939,0.87578464,0.82456887,0.8757872,-0.99505854,0.99701595,1.992074504494667,-0.0037277413,1.2211158,-0.8083446741844683,-2382812.5,2.356055e-06,1.5393863e-07,0.8384516805085578,0.003161482920680361,/content/drive/MyDrive/N-MON/ALTRO/spectograms/FH-20/15.npy,FH-20
-0.0099986615,-0.042377196,0.869939,0.81600046,0.8699966,-0.9954783,0.99663055,1.9921088218688965,0.025563322,1.2356842,-0.76789357970784,1015625.0,2.7578876e-06,1.5420679e-07,0.8214435135927396,0.004016626921019265,/content/drive/MyDrive/N-MON/ALTRO/spectograms/FH-20/16.npy,FH-20
0.010073111,0.0043133954,0.8727117,0.8215206,0.87276983,-0.99558794,0.9964578,1.9920458048582077,-0.020460365,1.2260357,-0.7759408988635786,-2988281.25,4.27253e-06,1.5361972e-07,0.8100297626040194,0.011100331599438832,/content/drive/MyDrive/N-MON/ALTRO/spectograms/FH-20/17.npy,FH-20
0.0075215767,0.058750067,0.8749533,0.8259854,0.87498564,-0.9957974,0.9961499,1.991947278380394,-0.017013444,1.218458,-0.7797014803418644,1015625.0,4.6466275e-06,1.5245388e-07,0.8215799449888079,0.0069538770270556475,/content/drive/MyDrive/N-MON/ALTRO/spectograms/FH-20/18.npy,FH-20
-0.011418667,-0.018998569,0.8768221,0.8278337,0.8768965,-0.9953114,0.99674606,1.9920573830604553,0.024049185,1.215139,-0.7892179357940253,3007812.5,2.8753561e-06,1.5219122e-07,0.8285723322079833,0.010406391637449216,/content/drive/MyDrive/N-MON/ALTRO/spectograms/FH-20/19.npy,FH-20
0.004477227,0.008344531,0.8704861,0.81723475,0.87049764,-0.995547,0.9965311,1.9920781552791595,-0.0038789234,1.2332681,-0.7690781488058037,3007812.5,2.4072406e-06,1.5122089e-07,0.8285617264041768,0.0061105575024066805,/content/drive/MyDrive/N-MON/ALTRO/spectograms/FH-20/20.npy,FH-20
0.0056721163,0.0006303252,0.8617543,0.8042113,0.86177295,-0.99532485,0.9967039,1.9920287281274796,-0.009372166,1.255541,-0.7093106362108595,1015625.0,2.4833253e-06,1.4786522e-07,0.8308242903472324,0.004368597191516147,/content/drive/MyDrive/N-MON/ALTRO/spectograms/FH-20/21.npy,FH-20
-0.018851427,-0.081879675,0.88392884,0.83547056,0.8841298,-0.9958963,0.9962006,1.9920969009399414,0.04347452,1.2061824,-0.8755385216933603,1015625.0,2.0705197e-06,1.5245809e-07,0.8308256453440825,0.0033262794859160285,/content/drive/MyDrive/N-MON/ALTRO/spectograms/FH-20/22.npy,FH-20
-2.9081582e-05,-0.03732487,0.8505036,0.79224706,0.8505036,-0.9943076,0.997774,1.9920816123485565,0.012161884,1.2726449,-0.582659662797327,-2988281.25,3.092504e-06,1.4672688e-07,0.8202166735670333,0.0063023904627582,/content/drive/MyDrive/N-MON/ALTRO/spectograms/FH-20/23.npy,FH-20
-0.0024169611,-0.02687126,0.8821081,0.8341597,0.88211143,-0.9955981,0.99648637,1.9920844435691833,0.004754341,1.2059516,-0.8591103856604906,3007812.5,2.634742e-06,1.5482289e-07,0.8262314510383459,0.004326879198614314,/content/drive/MyDrive/N-MON/ALTRO/spectograms/FH-20/24.npy,FH-20
-0.0063365847,-0.018524267,0.879518,0.82867914,0.87954074,-0.99518055,0.9969211,1.9921016991138458,0.016172983,1.2150378,-0.8515300613804967,-2988281.25,2.0056623e-06,1.5422242e-07,0.840590611384594,0.003114814446326126,/content/drive/MyDrive/N-MON/ALTRO/spectograms/FH-20/25.npy,FH-20
0.0072041475,0.028067416,0.86146027,0.806244,0.86149037,-0.9953555,0.99672395,1.9920794367790222,-0.016454192,1.2541891,-0.6956366074266597,-2988281.25,2.8862087e-06,1.5117871e-07,0.8293626973929665,0.0061903572724802776,/content/drive/MyDrive/N-MON/ALTRO/spectograms/FH-20/26.npy,FH-20
0.0037991633,0.00899282,0.88415146,0.8372478,0.8841596,-0.99486244,0.9971937,1.9920561462640762,-0.0059337295,1.200528,-0.8662665433066926,-390625.0,2.180855e-06,1.5558444e-07,0.8398542711698618,0.0035632210246505365,/content/drive/MyDrive/N-MON/ALTRO/spectograms/FH-20/27.npy,FH-20
-0.0059604556,-0.03439048,0.88133687,0.83356947,0.8813571,-0.99531204,0.99675834,1.9920703917741776,0.016329505,1.2079087,-0.8474474073617283,1015625.0,2.1922824e-06,1.5399887e-07,0.8317943326216107,0.005283264223743436,/content/drive/MyDrive/N-MON/ALTRO/spectograms/FH-20/28.npy,FH-20
0.002921249,0.008505279,0.8823595,0.835314,0.88236433,-0.9952641,0.9967911,1.9920552372932434,-0.0063376697,1.2029605,-0.8301546925837907,-2988281.25,1.822994e-06,1.5251288e-07,0.8408028591954935,0.007234124881378919,/content/drive/MyDrive/N-MON/ALTRO/spectograms/FH-20/29.npy,FH-20
-0.006034875,0.011923105,0.87360185,0.82259,0.87362266,-0.99582136,0.9962316,1.9920529276132584,0.008784754,1.225071,-0.775430343468802,-2382812.5,6.6010784e-06,1.521432e-07,0.8219773119697459,0.010328175824263729,/content/drive/MyDrive/N-MON/ALTRO/spectograms/FH-20/30.npy,FH-20
0.013325835,0.012120066,0.87422365,0.82463795,0.8743252,-0.99543655,0.99650437,1.9919409155845642,-0.02002457,1.2217355,-0.7820927931270171,-2988281.25,3.3338608e-06,1.5349428e-07,0.8235282273683046,0.004815492289222796,/content/drive/MyDrive/N-MON/ALTRO/spectograms/FH-20/31.npy,FH-20
0.004226722,0.013055475,0.8779943,0.8277372,0.8780045,-0.9947567,0.9973567,1.9921134263277054,-0.006023019,1.2138131,-0.8060237384535222,3007812.5,3.2314942e-06,1.534441e-07,0.832008953808278,0.005982414935452855,/content/drive/MyDrive/N-MON/ALTRO/spectograms/FH-20/32.npy,FH-20
-0.0071833,-0.042146377,0.86179626,0.80693036,0.8618262,-0.9952264,0.99689096,1.992117390036583,0.028240457,1.2502896,-0.6844117264073645,-2988281.25,5.617932e-06,1.4602853e-07,0.818369500945278,0.005866259807813791,/content/drive/MyDrive/N-MON/ALTRO/spectograms/FH-20/33.npy,FH-20
-0.00235458,0.0049017845,0.87298733,0.8225491,0.87299055,-0.99509895,0.99702436,1.992123305797577,0.006647097,1.2249631,-0.7790954337784505,410156.25,2.0100442e-06,1.5370026e-07,0.828547199055373,0.010341136597384505,/content/drive/MyDrive/N-MON/ALTRO/spectograms/FH-20/34.npy,FH-20
0.0032686468,0.00078945793,0.870577,0.81565595,0.87058306,-0.9952763,0.9968189,1.9920952022075653,-0.004236118,1.2361354,-0.788117237530198,3007812.5,3.0186604e-06,1.5195829e-07,0.8168694940689916,0.004139266728689953,/content/drive/MyDrive/N-MON/ALTRO/spectograms/FH-20/35.npy,FH-20
-0.0056438227,-0.035111476,0.867272,0.8140873,0.86729044,-0.9960376,0.99607813,1.9921157211065292,0.02007,1.2369157,-0.7219896109418614,-2382812.5,2.5898698e-06,1.5012697e-07,0.8233553902710725,0.004211697704323384,/content/drive/MyDrive/N-MON/ALTRO/spectograms/FH-20/36.npy,FH-20
-0.0010856747,0.00465036,0.8631231,0.8079347,0.8631238,-0.9953525,0.9967378,1.9920902848243713,0.0053238003,1.2464291,-0.6944243984156923,410156.25,3.0231313e-06,1.5243941e-07,0.824950369560064,0.005856528989753103,/content/drive/MyDrive/N-MON/ALTRO/spectograms/FH-20/37.npy,FH-20
0.0050034993,-0.0070546023,0.8710595,0.8191759,0.87107384,-0.99532706,0.9967725,1.9920996129512787,-0.006422337,1.2290914,-0.7506724052554362,2421875.0,2.8890752e-06,1.534155e-07,0.8272891763772394,0.008820567873827779,/content/drive/MyDrive/N-MON/ALTRO/spectograms/FH-20/38.npy,FH-20
-0.005690417,-0.010470241,0.8843739,0.8367736,0.8843922,-0.99482334,0.997235,1.992058351635933,0.014930072,1.2022492,-0.8761196693916019,1015625.0,2.1575024e-06,1.5497947e-07,0.8357381734639842,0.006155107093938576,/content/drive/MyDrive/N-MON/ALTRO/spectograms/FH-20/39.npy,FH-20
0.010369435,0.060300622,0.8725248,0.8199408,0.87258637,-0.994205,0.9978063,1.9920113235712051,-0.019527707,1.2297384,-0.8005957185781983,1015625.0,2.3879707e-06,1.5110115e-07,0.8181790370340778,0.012395903763887632,/content/drive/MyDrive/N-MON/ALTRO/spectograms/FH-20/40.npy,FH-20
-0.0019275394,0.013002895,0.8734769,0.8234652,0.87347907,-0.9947627,0.99731207,1.992074802517891,0.0021441577,1.2216362,-0.749309447814131,2421875.0,2.716009e-06,1.4711534e-07,0.8231902779665077,0.0060193758713594754,/content/drive/MyDrive/N-MON/ALTRO/spectograms/FH-20/41.npy,FH-20
-0.005649395,-0.029812507,0.86917335,0.8158286,0.8691917,-0.99460965,0.99741507,1.9920247197151184,0.016604345,1.235181,-0.7443560426312895,410156.25,2.4603448e-06,1.5165654e-07,0.836895641344527,0.005504734010458621,/content/drive/MyDrive/N-MON/ALTRO/spectograms/FH-20/42.npy,FH-20
0.0059681884,0.019819561,0.87177926,0.8173716,0.8717997,-0.9957039,0.99638027,1.9920841604471207,-0.0072832857,1.2320832,-0.7793320416760833,-2382812.5,2.0604493e-06,1.5159969e-07,0.815594799086047,0.00447026711433702,/content/drive/MyDrive/N-MON/ALTRO/spectograms/FH-20/43.npy,FH-20
0.0043280073,-0.003218871,0.87485904,0.82323766,0.87486976,-0.99536514,0.9967222,1.9920873790979385,-0.0055590505,1.224192,-0.8132134282258568,-2988281.25,3.356962e-06,1.5057728e-07,0.8316272237351624,0.006967547484379988,/content/drive/MyDrive/N-MON/ALTRO/spectograms/FH-20/44.npy,FH-20
0.013237995,0.059744813,0.857836,0.8008298,0.8579381,-0.9949406,0.9970199,1.991960495710373,-0.028742472,1.2635169,-0.6823735119260484,-2988281.25,1.9591523e-06,1.4851916e-07,0.828581507139738,0.0033130906258434113,/content/drive/MyDrive/N-MON/ALTRO/spectograms/FH-20/45.npy,FH-20
0.0030062962,0.012042571,0.86486703,0.8082843,0.86487234,-0.9956734,0.9964119,1.9920853525400162,-0.008064987,1.249931,-0.7415733237863905,1015625.0,3.816616e-06,1.5093073e-07,0.8290966100144397,0.005720697696069879,/content/drive/MyDrive/N-MON/ALTRO/spectograms/FH-20/46.npy,FH-20
-0.0110794995,-0.05412722,0.8629384,0.80692106,0.8630095,-0.99550945,0.99659485,1.9921042919158936,0.030313492,1.2511039,-0.7015032413876573,-2382812.5,2.4274727e-06,1.5170735e-07,0.8302364365477531,0.008342911728043183,/content/drive/MyDrive/N-MON/ALTRO/spectograms/FH-20/47.npy,FH-20
0.00069170306,-0.025960878,0.86386263,0.80448955,0.8638629,-0.99461555,0.9974654,1.9920809268951416,0.0050616506,1.2563181,-0.7625729853298929,1015625.0,2.1225433e-06,1.481924e-07,0.8202219099867114,0.007847329863779517,/content/drive/MyDrive/N-MON/ALTRO/spectograms/FH-20/48.npy,FH-20
0.009853886,0.03579455,0.8760041,0.82686,0.8760596,-0.9954982,0.9966123,1.9921105057001114,-0.021395618,1.2185475,-0.7966553115670144,-2382812.5,2.6392338e-06,1.5465703e-07,0.8440007108180078,0.010017707990137415,/content/drive/MyDrive/N-MON/ALTRO/spectograms/FH-20/49.npy,FH-20
0.0035641736,0.0008545262,0.87725437,0.8292466,0.87726164,-0.9951763,0.9968779,1.9920542538166046,-0.0032912535,1.2122124,-0.7993890475561775,1015625.0,4.390619e-06,1.5448424e-07,0.8129587014026057,0.0035205294112222105,/content/drive/MyDrive/N-MON/ALTRO/spectograms/FH-20/50.npy,FH-20
-0.0039245742,0.004566638,0.87013406,0.8151838,0.87014294,-0.995254,0.99674034,1.9919943362474442,0.0069203908,1.2377832,-0.7899137844203797,3007812.5,2.509516e-06,1.4888357e-07,0.8305556095472193,0.005834941936323713,/content/drive/MyDrive/N-MON/ALTRO/spectograms/FH-20/51.npy,FH-20
0.0044772793,0.020310523,0.87029743,0.81566674,0.87030894,-0.9952812,0.996839,1.9921202212572098,-0.0067825634,1.2357966,-0.7765985824072682,-2382812.5,2.1267708e-06,1.4982697e-07,0.8304471563001667,0.005356486064652037,/content/drive/MyDrive/N-MON/ALTRO/spectograms/FH-20/52.npy,FH-20
0.004338571,0.019887187,0.87823313,0.8300313,0.87824386,-0.99574745,0.99634755,1.9920949935913086,-0.011657336,1.213249,-0.8272516420612589,2421875.0,2.8299896e-06,1.5383628e-07,0.8267942750540785,0.006435552716806425,/content/drive/MyDrive/N-MON/ALTRO/spectograms/FH-20/53.npy,FH-20
-0.003782988,-0.011531382,0.8628989,0.8075664,0.8629072,-0.99583894,0.996246,1.9920849651098251,0.011318098,1.248923,-0.6922744781332933,-2382812.5,3.7028385e-06,1.5012318e-07,0.8206354894856719,0.00673018154526474,/content/drive/MyDrive/N-MON/ALTRO/spectograms/FH-20/54.npy,FH-20
0.005884487,0.031696793,0.8814082,0.833464,0.8814278,-0.99559486,0.99652183,1.9921167194843292,-0.012883515,1.2072176,-0.8336663485359354,-996093.75,2.0907164e-06,1.5623903e-07,0.8385624154156599,0.004290459479362854,/content/drive/MyDrive/N-MON/ALTRO/spectograms/FH-20/55.npy,FH-20
-0.004247649,-0.026069468,0.8639,0.80749583,0.86391056,-0.9948019,0.99726075,1.9920626133680344,0.014372647,1.2510102,-0.7561830779806346,3007812.5,2.978261e-06,1.5129504e-07,0.8241630175744934,0.0061935929823951396,/content/drive/MyDrive/N-MON/ALTRO/spectograms/FH-20/56.npy,FH-20
0.004633423,0.021344822,0.8697256,0.81929857,0.8697379,-0.9942719,0.99782073,1.9920925498008728,-0.013956737,1.2282783,-0.731511276171574,1015625.0,1.9935396e-06,1.4865199e-07,0.8318797704983663,0.006170847417253063,/content/drive/MyDrive/N-MON/ALTRO/spectograms/FH-20/57.npy,FH-20
0.006538765,0.00781941,0.86327773,0.80674165,0.8633024,-0.9960364,0.9960366,1.992072954773903,-0.009471615,1.252318,-0.7346153009708037,-2988281.25,3.4980242e-06,1.4777775e-07,0.8317507361183392,0.00764482541325846,/content/drive/MyDrive/N-MON/ALTRO/spectograms/FH-20/58.npy,FH-20
-0.0016091795,-0.019448161,0.8722945,0.8231908,0.872296,-0.99595165,0.9961452,1.9920968115329742,0.0040071243,1.2207564,-0.7375615701832717,3007812.5,2.0618e-06,1.4978175e-07,0.8128012011125435,0.005276842556842928,/content/drive/MyDrive/N-MON/ALTRO/spectograms/FH-20/59.npy,FH-20
-0.00046978687,0.0046929023,0.8757174,0.8230724,0.8757175,-0.99531937,0.9967913,1.992110699415207,-0.0010361851,1.226558,-0.8352286092176852,-2382812.5,3.0787805e-06,1.560301e-07,0.834936846188473,0.00460743841194007,/content/drive/MyDrive/N-MON/ALTRO/spectograms/FH-20/60.npy,FH-20
0.007436784,0.028635457,0.8689991,0.8145445,0.86903095,-0.99472535,0.9973404,1.9920657575130463,-0.011043871,1.2374537,-0.7538579490841865,-2988281.25,2.6537775e-06,1.5141535e-07,0.8337781089948069,0.00428572308018748,/content/drive/MyDrive/N-MON/ALTRO/spectograms/FH-20/61.npy,FH-20
-0.006030897,-0.019591589,0.87917936,0.8305602,0.87920004,-0.99608487,0.99601936,1.9921042025089264,0.015454008,1.2123841,-0.8208121036555581,3007812.5,3.3190488e-06,1.5435648e-07,0.8301694460999236,0.006536432865092071,/content/drive/MyDrive/N-MON/ALTRO/spectograms/FH-20/62.npy,FH-20
-0.0030496595,-0.0038433068,0.85769504,0.79721254,0.85770047,-0.99598575,0.9961194,1.9921051412820816,0.003661196,1.2706069,-0.7236572666238567,1015625.0,2.0182733e-06,1.5030196e-07,0.8217800870448557,0.007410469006815708,/content/drive/MyDrive/N-MON/ALTRO/spectograms/FH-20/63.npy,FH-20
0.003720313,-0.014535005,0.8771869,0.82705957,0.87719476,-0.9949831,0.99712974,1.99211286008358,-0.0014717041,1.2166485,-0.8121143981806728,-2988281.25,2.8453967e-06,1.5108826e-07,0.8273053808677509,0.009834600475803182,/content/drive/MyDrive/N-MON/ALTRO/spectograms/FH-20/64.npy,FH-20
0.0004945383,0.01572308,0.869128,0.81588453,0.86912805,-0.995815,0.9961783,1.9919932931661606,-9.81412e-05,1.2355831,-0.7549584287961856,2421875.0,2.1082153e-06,1.5242607e-07,0.8376523878753853,0.006148575127042493,/content/drive/MyDrive/N-MON/ALTRO/spectograms/FH-20/65.npy,FH-20
-0.011662585,-0.010164805,0.86434424,0.80669856,0.8644229,-0.9945001,0.9975582,1.992058277130127,0.02747556,1.2517943,-0.7469930918029873,3007812.5,4.5134557e-06,1.4528436e-07,0.8241911172900945,0.005162186387749496,/content/drive/MyDrive/N-MON/ALTRO/spectograms/FH-20/66.npy,FH-20
-0.00078535604,0.009412178,0.8733606,0.82126486,0.87336093,-0.9944078,0.9976753,1.9920831322669983,0.0033924228,1.2282593,-0.8012891305895914,3007812.5,3.6319766e-06,1.5051862e-07,0.8185647641880218,0.013298832643858774,/content/drive/MyDrive/N-MON/ALTRO/spectograms/FH-20/67.npy,FH-20
0.004542446,0.02667205,0.8756426,0.8232672,0.87565434,-0.9966693,0.9954293,1.992098554968834,-0.01223523,1.2246559,-0.8414354049323293,-2988281.25,2.2097752e-06,1.4972952e-07,0.8327882830174942,0.009652615171944273,/content/drive/MyDrive/N-MON/ALTRO/spectograms/FH-20/68.npy,FH-20
-0.0009469595,-0.027114123,0.86482555,0.8118449,0.8648261,-0.99578977,0.99631226,1.992102012038231,0.00018309806,1.24003,-0.6968810242384073,1015625.0,1.8459853e-06,1.4766056e-07,0.8395705553353845,0.00495874409829407,/content/drive/MyDrive/N-MON/ALTRO/spectograms/FH-20/69.npy,FH-20
-0.010043246,-0.022120494,0.8596181,0.80059886,0.85967684,-0.9946531,0.99734336,1.9919964373111725,0.028668657,1.2605118,-0.6916233797128167,-2382812.5,3.0090341e-06,1.4921983e-07,0.8247731576613258,0.012987094190322242,/content/drive/MyDrive/N-MON/ALTRO/spectograms/FH-20/70.npy,FH-20
-0.00256277,-0.019134969,0.87580335,0.8225963,0.8758071,-0.99564356,0.9964249,1.992068499326706,0.01069813,1.2254937,-0.8404115849229249,-1582031.25,1.8960594e-06,1.5143158e-07,0.8397511759448973,0.00334596686691503,/content/drive/MyDrive/N-MON/ALTRO/spectograms/FH-20/71.npy,FH-20
0.008978852,0.02030297,0.87404776,0.8237655,0.8740939,-0.995205,0.9968947,1.9920997470617294,-0.018002804,1.2228757,-0.7898827382065355,-2988281.25,2.6903872e-06,1.515509e-07,0.8218500258296868,0.005525703031174467,/content/drive/MyDrive/N-MON/ALTRO/spectograms/FH-20/72.npy,FH-20
-0.009911028,-0.059195973,0.8832617,0.8363827,0.8833173,-0.9965637,0.99552685,1.9920905232429504,0.024339506,1.2040231,-0.8761800547468425,-2988281.25,3.380379e-06,1.5438978e-07,0.8326369719382062,0.006419329429438455,/content/drive/MyDrive/N-MON/ALTRO/spectograms/FH-20/73.npy,FH-20
0.003581976,0.0051979627,0.86426973,0.80667335,0.86427724,-0.99469763,0.99736917,1.9920667558908463,-0.0071352203,1.2511859,-0.723687764592981,-2988281.25,3.4077973e-06,1.4988981e-07,0.8105600374905999,0.012402310559495436,/content/drive/MyDrive/N-MON/ALTRO/spectograms/FH-20/74.npy,FH-20
-0.013515601,-0.085332796,0.8852036,0.84080726,0.8853068,-0.9954267,0.996661,1.9920876920223236,0.03826934,1.1954104,-0.859193222965697,-2382812.5,2.7020678e-06,1.5471585e-07,0.8329972465949971,0.006008796559959373,/content/drive/MyDrive/N-MON/ALTRO/spectograms/FH-20/75.npy,FH-20
-0.010480175,-0.0074388403,0.8618396,0.805413,0.86190325,-0.99563336,0.9963997,1.9920330792665482,0.022297392,1.252667,-0.6888861184400127,-2988281.25,3.1885563e-06,1.4825767e-07,0.8331327698261352,0.007428681177135794,/content/drive/MyDrive/N-MON/ALTRO/spectograms/FH-20/76.npy,FH-20
-0.0021504646,-0.042273857,0.8781102,0.83061,0.87811285,-0.9954128,0.9966587,1.992071509361267,0.013635403,1.210325,-0.7955331723015392,1015625.0,2.7325027e-06,1.5216332e-07,0.8310447600075269,0.004268783248998546,/content/drive/MyDrive/N-MON/ALTRO/spectograms/FH-20/77.npy,FH-20
-0.0021507547,0.015602656,0.8713137,0.81986195,0.87131625,-0.9961072,0.99598354,1.9920907318592072,-0.0014518745,1.2283903,-0.7605079101189923,3007812.5,1.7971777e-06,1.5328641e-07,0.8357542444044871,0.010591801453882643,/content/drive/MyDrive/N-MON/ALTRO/spectograms/FH-20/78.npy,FH-20
0.0006685457,-0.039105274,0.8775063,0.8271822,0.87750655,-0.99608886,0.9960194,1.992108315229416,-0.0037128378,1.2163752,-0.8204887606294246,-2988281.25,2.4412288e-06,1.540918e-07,0.8471011440371323,0.006874386990732504,/content/drive/MyDrive/N-MON/ALTRO/spectograms/FH-20/79.npy,FH-20
-0.009237038,-0.03110405,0.86788464,0.8147552,0.86793387,-0.9959269,0.9961735,1.992100402712822,0.015816225,1.2360157,-0.7270218028682881,-2988281.25,4.0663735e-06,1.4749583e-07,0.8265755185490214,0.0051259036026700885,/content/drive/MyDrive/N-MON/ALTRO/spectograms/FH-20/80.npy,FH-20
-0.005158908,-0.03391043,0.8712408,0.81881326,0.87125605,-0.9948779,0.9971441,1.9920220226049423,0.019544436,1.2283571,-0.7438515654729044,-2382812.5,3.7209318e-06,1.5162483e-07,0.8313816934291008,0.005893832630719615,/content/drive/MyDrive/N-MON/ALTRO/spectograms/FH-20/81.npy,FH-20
-0.015614223,-0.049379118,0.8662321,0.81030214,0.8663728,-0.9947201,0.997353,1.9920731484889984,0.03465282,1.2483832,-0.7713627668324038,3007812.5,2.1690716e-06,1.471676e-07,0.8270724398100132,0.006822992868811215,/content/drive/MyDrive/N-MON/ALTRO/spectograms/FH-20/82.npy,FH-20
-0.009910997,-0.033189833,0.8539695,0.7930169,0.85402703,-0.9939718,0.9980265,1.9919983595609665,0.029812502,1.2773519,-0.6753328398642237,3007812.5,2.2159604e-06,1.4873473e-07,0.8240690733506357,0.003224485677849922,/content/drive/MyDrive/N-MON/ALTRO/spectograms/FH-20/83.npy,FH-20
0.0052135764,-0.02229835,0.8670333,0.8155758,0.867049,-0.9949027,0.9971545,1.9920571446418762,-0.0039905757,1.2368519,-0.7358548014162417,-2988281.25,3.2455762e-06,1.5228264e-07,0.8379833685126569,0.007572708781137095,/content/drive/MyDrive/N-MON/ALTRO/spectograms/FH-20/84.npy,FH-20
-0.012855687,-0.041864425,0.8699863,0.8167479,0.8700813,-0.99489236,0.9971687,1.9920610785484314,0.02611714,1.2349544,-0.7578976017418199,-2382812.5,2.4604387e-06,1.514722e-07,0.8346259419563885,0.0017833456185618608,/content/drive/MyDrive/N-MON/ALTRO/spectograms/FH-20/85.npy,FH-20
0.0057931175,0.020952206,0.8675564,0.8149738,0.8675757,-0.9946612,0.9973859,1.9920471459627151,-0.014464433,1.2357961,-0.7275182646225559,3007812.5,2.2716044e-06,1.5077529e-07,0.8275695578130284,0.007040346205276844,/content/drive/MyDrive/N-MON/ALTRO/spectograms/FH-20/86.npy,FH-20
-0.0058300174,-0.0068830904,0.8777267,0.8291244,0.87774605,-0.9951319,0.9969933,1.992125242948532,0.013839905,1.2145262,-0.8136796120138198,1015625.0,3.2098083e-06,1.5333447e-07,0.8354925681297558,0.00731202231765195,/content/drive/MyDrive/N-MON/ALTRO/spectograms/FH-20/87.npy,FH-20
-0.00047736836,-0.003244332,0.86898404,0.81437635,0.8689842,-0.9953632,0.9966342,1.9919973611831665,0.0009759005,1.2397804,-0.7698443182229636,-2988281.25,3.1541938e-06,1.5151764e-07,0.8268278929103285,0.007885833731177933,/content/drive/MyDrive/N-MON/ALTRO/spectograms/FH-20/88.npy,FH-20
-0.005575568,-0.026738394,0.86935633,0.8177427,0.8693742,-0.9955201,0.99654394,1.9920640289783478,0.01310261,1.2321237,-0.7456980999426978,2421875.0,2.0890623e-06,1.4859157e-07,0.8275227745365317,0.01633882309152849,/content/drive/MyDrive/N-MON/ALTRO/spectograms/FH-20/89.npy,FH-20
-0.0010501476,-0.017955465,0.8625106,0.8078283,0.8625112,-0.9944873,0.99758166,1.9920689463615417,0.01376628,1.248621,-0.685967092330536,-2988281.25,2.866792e-06,1.5145824e-07,0.8441942021053506,0.003849232449542278,/content/drive/MyDrive/N-MON/ALTRO/spectograms/FH-20/90.npy,FH-20
-0.0017480832,-0.023102406,0.8659942,0.81316406,0.86599594,-0.995705,0.9963903,1.99209526181221,0.00847971,1.2365508,-0.6893013114365908,-2988281.25,2.4557496e-06,1.5247963e-07,0.8250787312413913,0.00399592052539918,/content/drive/MyDrive/N-MON/ALTRO/spectograms/FH-20/91.npy,FH-20
-0.00015780116,-0.0042908513,0.86038876,0.7999845,0.86038876,-0.99630886,0.9957098,1.9920186400413513,-0.0014519301,1.2631868,-0.720925170436905,-2382812.5,3.23894e-06,1.5024544e-07,0.8238195338566342,0.00894246356295277,/content/drive/MyDrive/N-MON/ALTRO/spectograms/FH-20/92.npy,FH-20
-0.0017174344,-0.010928623,0.87424654,0.8242559,0.87424827,-0.9953048,0.99681747,1.992122322320938,0.0050278567,1.2218125,-0.7764229923005647,-2988281.25,3.5766504e-06,1.5452613e-07,0.8238365703094419,0.002654050671894229,/content/drive/MyDrive/N-MON/ALTRO/spectograms/FH-20/93.npy,FH-20
0.009090168,0.0051060184,0.8645827,0.80825794,0.8646305,-0.9947635,0.99724907,1.9920125156641006,-0.014230415,1.250384,-0.7435027337962411,410156.25,2.3062025e-06,1.4890216e-07,0.8317836637983325,0.0036027418836365394,/content/drive/MyDrive/N-MON/ALTRO/spectograms/FH-20/94.npy,FH-20
0.0023020844,0.0049827155,0.8686342,0.8127101,0.86863726,-0.9950432,0.99707055,1.9921138137578964,-0.0016829522,1.24002,-0.7714416693139096,-2382812.5,2.1900546e-06,1.4780386e-07,0.8339053849649565,0.0036501401661462097,/content/drive/MyDrive/N-MON/ALTRO/spectograms/FH-20/95.npy,FH-20
0.0032741937,-0.0022618668,0.86549425,0.811598,0.8655005,-0.99430823,0.99771667,1.9920248836278915,-0.0019577278,1.2431232,-0.7197869717732229,-2382812.5,2.6829757e-06,1.515817e-07,0.8361271711488264,0.005239672798905791,/content/drive/MyDrive/N-MON/ALTRO/spectograms/FH-20/96.npy,FH-20
0.0022417419,0.027934635,0.85945135,0.802424,0.8594542,-0.99547416,0.9966212,1.9920953810214996,-0.006015987,1.2605443,-0.6863416992738173,2421875.0,2.0334533e-06,1.4854125e-07,0.8351415239975882,0.0030840198614989975,/content/drive/MyDrive/N-MON/ALTRO/spectograms/FH-20/97.npy,FH-20
0.0018111586,0.020008588,0.87379587,0.8228988,0.8737977,-0.99558544,0.99644876,1.992034137248993,-0.0060270047,1.2221034,-0.7678887455203719,-2988281.25,1.9093982e-06,1.5275917e-07,0.8308167766594334,0.00510931542542881,/content/drive/MyDrive/N-MON/ALTRO/spectograms/FH-20/98.npy,FH-20
-0.006679535,-0.026093412,0.8679545,0.8146659,0.86798024,-0.9947852,0.99731755,1.992102786898613,0.02103596,1.2393782,-0.7613280712020921,-2382812.5,1.9987071e-06,1.4918915e-07,0.8190482602570485,0.004337465946724583,/content/drive/MyDrive/N-MON/ALTRO/spectograms/FH-20/99.npy,FH-20
0.0047159614,0.01252665,0.87157214,0.8189844,0.8715849,-0.9952369,0.9968666,1.9921035021543503,-0.0072269808,1.2313616,-0.7912412340060851,-2382812.5,3.094419e-06,1.5130931e-07,0.819965110608764,0.006008705043581244,/content/drive/MyDrive/N-MON/ALTRO/spectograms/FH-20/100.npy,FH-20
-0.0033186013,0.004500852,0.86512536,0.8100191,0.86513174,-0.99542916,0.99667466,1.992103859782219,0.007996937,1.2458444,-0.7318603110290943,1015625.0,3.1475563e-06,1.4797706e-07,0.839552855520125,0.0026072470893685074,/content/drive/MyDrive/N-MON/ALTRO/spectograms/FH-20/101.npy,FH-20
0.008368407,0.028265934,0.8750245,0.82430136,0.8750645,-0.995197,0.9968982,1.9920952022075653,-0.011098545,1.2197217,-0.7907918280761851,1015625.0,3.5186567e-06,1.5419366e-07,0.8207417756005612,0.00522426332909256,/content/drive/MyDrive/N-MON/ALTRO/spectograms/FH-20/102.npy,FH-20
-0.007996156,-0.027208433,0.8753113,0.8259713,0.8753478,-0.9958992,0.99617875,1.9920779168605804,0.019030977,1.2158066,-0.7745748943479499,-2988281.25,1.7841076e-06,1.4902496e-07,0.8363035530662519,0.003064261965975699,/content/drive/MyDrive/N-MON/ALTRO/spectograms/FH-20/103.npy,FH-20
0.0030108853,0.03940063,0.87136626,0.82147485,0.87137145,-0.9956807,0.9963553,1.992035984992981,-0.012360204,1.2266139,-0.769577394291381,-2382812.5,2.0020398e-06,1.4844291e-07,0.8409188716988325,0.003693417736038718,/content/drive/MyDrive/N-MON/ALTRO/spectograms/FH-20/104.npy,FH-20
-0.011138951,-0.02001006,0.8631103,0.8075963,0.8631821,-0.99647665,0.9956268,1.9921034276485443,0.021392675,1.2489772,-0.6978464162465193,-2988281.25,2.6780206e-06,1.4978872e-07,0.8225344937389609,0.003945430427702998,/content/drive/MyDrive/N-MON/ALTRO/spectograms/FH-20/105.npy,FH-20
-0.009500442,-0.026364885,0.86307603,0.806445,0.8631283,-0.99494886,0.99709326,1.9920421093702316,0.021226358,1.250116,-0.7094333500809419,-2382812.5,3.4858324e-06,1.5088375e-07,0.8378774537046183,0.004536605689892744,/content/drive/MyDrive/N-MON/ALTRO/spectograms/FH-20/106.npy,FH-20
-0.0054487837,-0.019915674,0.8702282,0.81950575,0.8702452,-0.99645007,0.99565625,1.9921063035726547,0.010105758,1.2282091,-0.7341505000178784,-2988281.25,3.2551773e-06,1.5138647e-07,0.8298364395062241,0.006038039224721138,/content/drive/MyDrive/N-MON/ALTRO/spectograms/FH-20/107.npy,FH-20
-0.00490779,-0.0034688364,0.86591375,0.810817,0.86592764,-0.9956069,0.9965113,1.9921181499958038,0.010171169,1.2443371,-0.7230205638681736,-2382812.5,4.559006e-06,1.4907644e-07,0.8255594198336997,0.006505820972388884,/content/drive/MyDrive/N-MON/ALTRO/spectograms/FH-20/108.npy,FH-20
0.007414032,0.012745304,0.86783034,0.81327736,0.86786205,-0.99508405,0.99703217,1.9921162128448486,-0.015890772,1.240936,-0.7488488150847489,-2382812.5,3.5498776e-06,1.4974171e-07,0.8299597714005642,0.003196115581970765,/content/drive/MyDrive/N-MON/ALTRO/spectograms/FH-20/109.npy,FH-20
-0.007209905,-0.007819915,0.86417687,0.8071127,0.86420685,-0.9960272,0.99605405,1.992081195116043,0.010733219,1.252366,-0.7531327699080698,1015625.0,3.7323618e-06,1.4952326e-07,0.827661737932353,0.007967080353363649,/content/drive/MyDrive/N-MON/ALTRO/spectograms/FH-20/110.npy,FH-20
0.020283032,0.08353761,0.87490165,0.8254299,0.8751368,-0.99446833,0.9974301,1.991898387670517,-0.04140757,1.222259,-0.7960780437430374,3007812.5,3.356833e-06,1.5300826e-07,0.8306773777580374,0.008107766735560159,/content/drive/MyDrive/N-MON/ALTRO/spectograms/FH-20/111.npy,FH-20
-0.021672012,-0.030104764,0.8509919,0.7879077,0.8512679,-0.99496007,0.9969964,1.9919565171003342,0.043983914,1.2861459,-0.6491586881897772,3007812.5,2.8996706e-06,1.4497296e-07,0.8270908598371722,0.008557063490760857,/content/drive/MyDrive/N-MON/ALTRO/spectograms/FH-20/112.npy,FH-20
-0.0053271702,0.0047841854,0.8730795,0.8209841,0.87309575,-0.9951432,0.9969707,1.9921139031648636,0.01260764,1.2272491,-0.7858628620148044,3007812.5,2.5002491e-06,1.5271047e-07,0.8237346903049236,0.005146867514300872,/content/drive/MyDrive/N-MON/ALTRO/spectograms/FH-20/113.npy,FH-20
-0.0010289357,-0.0031734898,0.8742231,0.82308227,0.8742237,-0.99530494,0.99678326,1.9920881986618042,0.0024009252,1.2232678,-0.7932643485558223,-2382812.5,2.4348346e-06,1.5056214e-07,0.8544410096588216,0.004990118077756392,/content/drive/MyDrive/N-MON/ALTRO/spectograms/FH-20/114.npy,FH-20
0.00069530297,0.027577514,0.8830994,0.8378205,0.8830996,-0.9958006,0.9962806,1.9920812100172043,-0.0051886016,1.1995822,-0.8402797281122024,-2988281.25,3.6711133e-06,1.5464553e-07,0.8248400413363979,0.002653196004118437,/content/drive/MyDrive/N-MON/ALTRO/spectograms/FH-20/115.npy,FH-20
0.0031745543,-0.01889946,0.871987,0.82037157,0.87199277,-0.9952951,0.99674535,1.992040440440178,-0.0019642739,1.2268568,-0.7735003317978971,-2988281.25,2.5851978e-06,1.5276292e-07,0.8323870359901437,0.0046762557224051616,/content/drive/MyDrive/N-MON/ALTRO/spectograms/FH-20/116.npy,FH-20
0.0047869873,-0.0035176526,0.8654605,0.81306195,0.86547375,-0.9956442,0.996462,1.9921061843633652,-0.0061828424,1.237828,-0.7060911530183801,-2988281.25,2.8936865e-06,1.4777126e-07,0.8210817490533155,0.0038853773014708363,/content/drive/MyDrive/N-MON/ALTRO/spectograms/FH-20/117.npy,FH-20
0.00020733869,-0.011157062,0.8691401,0.8157937,0.8691401,-0.9954901,0.99660146,1.9920915961265564,0.00087559747,1.2356544,-0.7636800735451194,1015625.0,3.923255e-06,1.5200773e-07,0.822745937366745,0.007056215851467837,/content/drive/MyDrive/N-MON/ALTRO/spectograms/FH-20/118.npy,FH-20
0.008890316,0.05018289,0.8620931,0.80622214,0.8621389,-0.9965664,0.99550647,1.9920728951692581,-0.02004407,1.2496781,-0.6799350198137538,3007812.5,3.7303e-06,1.52934e-07,0.8153725700225238,0.004833365780913106,/content/drive/MyDrive/N-MON/ALTRO/spectograms/FH-20/119.npy,FH-20
-0.008432001,-0.0062689334,0.85477924,0.7969385,0.8548208,-0.9944739,0.9975421,1.9920159727334976,0.023611635,1.2675213,-0.6356618819357022,3007812.5,1.9393042e-06,1.5076054e-07,0.8382098985215053,0.008291244540610792,/content/drive/MyDrive/N-MON/ALTRO/spectograms/FH-20/120.npy,FH-20
0.019326992,0.013377717,0.87300843,0.8184005,0.8732223,-0.9943156,0.99770415,1.9920197874307632,-0.033013254,1.2304469,-0.7952427403442065,-2382812.5,3.325107e-06,1.5595677e-07,0.8305710925170176,0.004126639019505118,/content/drive/MyDrive/N-MON/ALTRO/spectograms/FH-20/121.npy,FH-20
-0.007219749,-0.026103768,0.8683787,0.814906,0.8684087,-0.9948266,0.9972241,1.9920506924390793,0.016867192,1.2386917,-0.759414930533093,-2988281.25,2.6795574e-06,1.4966517e-07,0.8310001143450574,0.003596582744562026,/content/drive/MyDrive/N-MON/ALTRO/spectograms/FH-20/122.npy,FH-20
0.0002412746,0.0049567074,0.865235,0.8086106,0.865235,-0.9949736,0.9971279,1.992101475596428,0.006183168,1.2470974,-0.7364005057985034,-2382812.5,2.1051778e-06,1.517019e-07,0.8337693778478403,0.0062196391980536446,/content/drive/MyDrive/N-MON/ALTRO/spectograms/FH-20/123.npy,FH-20
0.004162531,-0.025677416,0.8574588,0.7999364,0.85746884,-0.994483,0.9976105,1.9920935034751892,-0.0032552676,1.2612362,-0.6559347578965343,-976562.5,1.6515012e-06,1.4685915e-07,0.8259566155348952,0.00424815022137043,/content/drive/MyDrive/N-MON/ALTRO/spectograms/FH-20/124.npy,FH-20
-0.00719178,-0.030048471,0.8693582,0.8178985,0.869388,-0.99488723,0.9971436,1.992030844092369,0.017518304,1.2312253,-0.7324089727764101,-2988281.25,2.6002608e-06,1.4829882e-07,0.8314353043699445,0.007054279520537513,/content/drive/MyDrive/N-MON/ALTRO/spectograms/FH-20/125.npy,FH-20
-0.0052617085,-0.026470648,0.86626613,0.81252277,0.8662821,-0.9951728,0.99691445,1.9920872747898102,0.013310616,1.2412647,-0.7267551187681162,-2988281.25,2.7469944e-06,1.5321478e-07,0.8362565781020955,0.004428528466763355,/content/drive/MyDrive/N-MON/ALTRO/spectograms/FH-20/126.npy,FH-20
0.001055346,-0.011185532,0.8774035,0.82671267,0.87740415,-0.99550843,0.9966303,1.9921387284994125,-0.002436012,1.2183143,-0.8067022302423413,3007812.5,2.7341102e-06,1.5110356e-07,0.8314740036611314,0.007529815425246594,/content/drive/MyDrive/N-MON/ALTRO/spectograms/FH-20/127.npy,FH-20
0.007775378,0.01719731,0.8689461,0.8164181,0.8689808,-0.99440354,0.9976273,1.9920308738946915,-0.016570048,1.2338663,-0.7390440751392894,3007812.5,2.5350016e-06,1.4966524e-07,0.8198455020751829,0.011371804162604077,/content/drive/MyDrive/N-MON/ALTRO/spectograms/FH-20/128.npy,FH-20
0.017667435,0.059564576,0.8659675,0.8121248,0.8661477,-0.9950762,0.996826,1.9919022023677826,-0.036095556,1.2433072,-0.7387759116727263,-2988281.25,2.627996e-06,1.4887516e-07,0.8303596033122913,0.010371230928073207,/content/drive/MyDrive/N-MON/ALTRO/spectograms/FH-20/129.npy,FH-20
-0.009499312,-0.018728001,0.8640986,0.8099349,0.8641509,-0.9952749,0.99680394,1.9920788705348969,0.022134164,1.2425777,-0.6855824736268615,-2988281.25,3.2098694e-06,1.5259877e-07,0.8340479817858613,0.007760391200591396,/content/drive/MyDrive/N-MON/ALTRO/spectograms/FH-20/130.npy,FH-20
-0.00765079,-0.01138673,0.866775,0.8122928,0.8668088,-0.9955392,0.9963759,1.991915076971054,0.016576683,1.2406863,-0.7188488249852211,-390625.0,2.8227967e-06,1.5372979e-07,0.8338886985914142,0.006791474809397349,/content/drive/MyDrive/N-MON/ALTRO/spectograms/FH-20/131.npy,FH-20
0.00042602824,-0.033579864,0.8734972,0.82406354,0.8734973,-0.9944428,0.9975898,1.9920326620340347,0.009234197,1.2204309,-0.7678061940366742,410156.25,2.4022756e-06,1.5104825e-07,0.8306281722753661,0.003057691313284119,/content/drive/MyDrive/N-MON/ALTRO/spectograms/FH-20/132.npy,FH-20
-0.0025642258,-0.002361167,0.86784273,0.81317973,0.8678465,-0.99455094,0.9975571,1.9921080321073532,0.007996084,1.2390691,-0.752019643080689,-2988281.25,2.666379e-06,1.504086e-07,0.8270689953012929,0.010714097008426375,/content/drive/MyDrive/N-MON/ALTRO/spectograms/FH-20/133.npy,FH-20
0.007801916,0.016789215,0.8582843,0.80045396,0.8583197,-0.9948662,0.99716043,1.9920266568660736,-0.017007072,1.2636404,-0.6801155431619811,1015625.0,3.908351e-06,1.496035e-07,0.8254724753435078,0.00634222524897496,/content/drive/MyDrive/N-MON/ALTRO/spectograms/FH-20/134.npy,FH-20
0.018467637,0.05955311,0.87086946,0.81786287,0.87106526,-0.99494374,0.99703103,1.9919747859239578,-0.039425246,1.2330232,-0.765296986621511,-2988281.25,2.9916387e-06,1.5148811e-07,0.8204353808001195,0.005989046979815117,/content/drive/MyDrive/N-MON/ALTRO/spectograms/FH-20/135.npy,FH-20
0.002418611,0.012599915,0.86652505,0.8138414,0.86652845,-0.9951555,0.9969248,1.9920803308486938,-0.0006360458,1.2379006,-0.7193265084724506,-2988281.25,2.9113971e-06,1.514104e-07,0.827008628906527,0.004795039949608789,/content/drive/MyDrive/N-MON/ALTRO/spectograms/FH-20/136.npy,FH-20
0.0024641056,0.031509776,0.86656797,0.8105199,0.8665714,-0.995788,0.9963187,1.9921067208051682,-0.0067199045,1.2459157,-0.7657307522811162,-2382812.5,2.212507e-06,1.5082995e-07,0.8284517217706546,0.0027731996942238425,/content/drive/MyDrive/N-MON/ALTRO/spectograms/FH-20/137.npy,FH-20
0.0034627973,0.028095884,0.86990416,0.81770605,0.869911,-0.99528366,0.99680215,1.9920858293771744,-0.010760726,1.2305068,-0.7343884378646975,-2382812.5,2.4021717e-06,1.5165384e-07,0.8284107629321664,0.007674793947028576,/content/drive/MyDrive/N-MON/ALTRO/spectograms/FH-20/138.npy,FH-20
-0.010323893,-0.018773412,0.876665,0.8282341,0.87672573,-0.99529713,0.9967375,1.9920346438884735,0.016425122,1.215161,-0.8093231529108246,1015625.0,3.5050732e-06,1.5394873e-07,0.8296228673885774,0.006286635482737308,/content/drive/MyDrive/N-MON/ALTRO/spectograms/FH-20/139.npy,FH-20
-0.0102255475,-0.029557776,0.8588476,0.80049056,0.8589085,-0.9943316,0.99768174,1.9920133650302887,0.024351515,1.2608104,-0.6730377339780179,-2988281.25,2.445945e-06,1.5269465e-07,0.8302549125314005,0.0023060041901118503,/content/drive/MyDrive/N-MON/ALTRO/spectograms/FH-20/140.npy,FH-20
-0.002444296,-0.04159709,0.8640532,0.8082894,0.8640567,-0.9946115,0.99748147,1.9920929372310638,0.008978309,1.2489588,-0.7156360153424429,2421875.0,1.955018e-06,1.5090933e-07,0.833936252650187,0.007405999448818567,/content/drive/MyDrive/N-MON/ALTRO/spectograms/FH-20/141.npy,FH-20
0.004569398,0.0015380434,0.8786298,0.8267848,0.87864166,-0.9945202,0.99756694,1.9920871406793594,-0.0068497173,1.2180356,-0.8416891840164499,-2382812.5,2.1178926e-06,1.5161372e-07,0.8442167101218472,0.016241730936865952,/content/drive/MyDrive/N-MON/ALTRO/spectograms/FH-20/142.npy,FH-20
-0.0044291294,0.01216018,0.87571603,0.8271001,0.87572724,-0.9955598,0.9965056,1.9920653849840164,0.009770429,1.2164786,-0.7870960224762628,410156.25,2.7487467e-06,1.4941287e-07,0.8301512462851117,0.005386144747382143,/content/drive/MyDrive/N-MON/ALTRO/spectograms/FH-20/143.npy,FH-20
0.00821069,0.032012176,0.8753202,0.82503414,0.8753587,-0.9952723,0.99676305,1.9920353293418884,-0.021245547,1.2235403,-0.8125387150442968,-2988281.25,2.1712262e-06,1.5233526e-07,0.8284587290041294,0.004690932579133623,/content/drive/MyDrive/N-MON/ALTRO/spectograms/FH-20/144.npy,FH-20
0.005680217,0.004620653,0.86247176,0.80556786,0.8624904,-0.9953383,0.9967419,1.9920802563428879,-0.012197321,1.2516207,-0.6885234326102624,3007812.5,2.213785e-06,1.5032504e-07,0.8303204150492172,0.006274645797558446,/content/drive/MyDrive/N-MON/ALTRO/spectograms/FH-20/145.npy,FH-20
-0.005514323,-0.014835811,0.88221186,0.834147,0.8822291,-0.9952531,0.9968684,1.9921214282512665,0.011425024,1.2067729,-0.8657953757569984,-2988281.25,3.8268704e-06,1.5511813e-07,0.8171959649993665,0.005813893896349804,/content/drive/MyDrive/N-MON/ALTRO/spectograms/FH-20/146.npy,FH-20
-0.00093184516,0.01713182,0.8690525,0.817322,0.86905307,-0.99455625,0.99754477,1.9921009838581085,0.007549964,1.2339059,-0.7620824447426157,2421875.0,2.2005715e-06,1.5057421e-07,0.8319551776937792,0.003509702403024493,/content/drive/MyDrive/N-MON/ALTRO/spectograms/FH-20/147.npy,FH-20
-0.006536315,-0.022264112,0.86700267,0.8137228,0.86702734,-0.99483275,0.9972385,1.992071270942688,0.01182463,1.2390565,-0.7270240067772092,1015625.0,2.1389078e-06,1.5202023e-07,0.8327167610651438,0.0029029366899911086,/content/drive/MyDrive/N-MON/ALTRO/spectograms/FH-20/148.npy,FH-20
-0.010519046,-0.03389708,0.8620533,0.8057559,0.86211747,-0.994712,0.9973115,1.9920234829187393,0.026263827,1.2531912,-0.7184637488605335,1015625.0,2.5591628e-06,1.4946163e-07,0.8386104138059979,0.0024665670061928603,/content/drive/MyDrive/N-MON/ALTRO/spectograms/FH-20/149.npy,FH-20
-0.000795238,0.012845853,0.87939614,0.830349,0.8793965,-0.9949417,0.99718606,1.992127776145935,-0.00020929171,1.2120589,-0.8264515102612232,-2988281.25,3.915481e-06,1.5388002e-07,0.8165649197218345,0.009893755238405489,/content/drive/MyDrive/N-MON/ALTRO/spectograms/FH-20/150.npy,FH-20
0.003632629,0.020247232,0.87632185,0.8277885,0.8763293,-0.99532354,0.9967795,1.9921030700206757,-0.0040416433,1.2157575,-0.7954790965966608,-2382812.5,1.9336544e-06,1.5286042e-07,0.8398614524132546,0.005301648655186508,/content/drive/MyDrive/N-MON/ALTRO/spectograms/FH-20/151.npy,FH-20
-0.001577358,-0.011436635,0.86475885,0.8099983,0.8647603,-0.9957956,0.99631107,1.992106705904007,0.0008530515,1.2451102,-0.718600872649863,1015625.0,2.349299e-06,1.5211052e-07,0.8363795449960364,0.0027046171674716497,/content/drive/MyDrive/N-MON/ALTRO/spectograms/FH-20/152.npy,FH-20
-0.0027267914,-0.011047338,0.8591273,0.80266565,0.85913163,-0.9953253,0.9967524,1.992077723145485,0.004017094,1.2593786,-0.6884988498401389,-2988281.25,4.514925e-06,1.5079254e-07,0.8212386188995964,0.0061869814310788265,/content/drive/MyDrive/N-MON/ALTRO/spectograms/FH-20/153.npy,FH-20
-0.0029056545,-0.050629813,0.8725671,0.82115954,0.872572,-0.9958774,0.99620557,1.9920829683542252,0.016907427,1.2265428,-0.7732260101498724,1015625.0,2.8287361e-06,1.5199154e-07,0.8410158140601929,0.0019697748768352755,/content/drive/MyDrive/N-MON/ALTRO/spectograms/FH-20/154.npy,FH-20
-0.007111686,-0.03318034,0.8617434,0.8054055,0.8617727,-0.99405694,0.9979636,1.9920205622911453,0.022642126,1.2545673,-0.7088069143628167,1015625.0,2.3472066e-06,1.5073165e-07,0.8369887139164744,0.003818776114453982,/content/drive/MyDrive/N-MON/ALTRO/spectograms/FH-20/155.npy,FH-20
0.0065901764,0.028530305,0.8712823,0.82086146,0.87130725,-0.9947822,0.99720204,1.9919842928647995,-0.008498428,1.2279588,-0.7625323735171056,3007812.5,2.3164978e-06,1.5190182e-07,0.8397468138568489,0.0049382121760946605,/content/drive/MyDrive/N-MON/ALTRO/spectograms/FH-20/156.npy,FH-20
0.004250637,0.020497367,0.86391276,0.8087795,0.8639232,-0.99504596,0.99701846,1.9920644015073776,-0.008565765,1.2481173,-0.7133116202091961,-2382812.5,2.1057233e-06,1.4853401e-07,0.8338980367041671,0.0051131344312654115,/content/drive/MyDrive/N-MON/ALTRO/spectograms/FH-20/157.npy,FH-20
-0.0038938695,0.00473787,0.88292927,0.83698726,0.88293785,-0.9950928,0.99694073,1.9920335412025452,0.005084495,1.1998025,-0.8470534639701467,3007812.5,3.1320242e-06,1.5324073e-07,0.829295071669129,0.008113206233446862,/content/drive/MyDrive/N-MON/ALTRO/spectograms/FH-20/158.npy,FH-20
-0.012218328,-0.025901593,0.8563461,0.79626405,0.8564332,-0.9945431,0.9975014,1.9920444339513779,0.028803123,1.2688867,-0.656837419010751,-2382812.5,3.1153484e-06,1.4512135e-07,0.8351616663885382,0.005738527826410465,/content/drive/MyDrive/N-MON/ALTRO/spectograms/FH-20/159.npy,FH-20
0.004640551,0.020458674,0.8605029,0.8047512,0.8605154,-0.99517006,0.9969365,1.9921065866947174,-0.009780435,1.2533243,-0.6854166027220333,-2988281.25,2.6596497e-06,1.468389e-07,0.8261725652787789,0.009530371891634361,/content/drive/MyDrive/N-MON/ALTRO/spectograms/FH-20/160.npy,FH-20
0.0060354704,0.027461465,0.8782915,0.82834315,0.87831223,-0.996004,0.99606395,1.9920679479837418,-0.018770251,1.2153358,-0.8240709636706846,-2988281.25,3.1106044e-06,1.5364151e-07,0.8281440455501654,0.0061907065430869875,/content/drive/MyDrive/N-MON/ALTRO/spectograms/FH-20/161.npy,FH-20
0.0044879466,0.020015474,0.8771902,0.8273038,0.8772017,-0.9955565,0.9965675,1.9921239465475082,-0.011665191,1.2162244,-0.8125147583365165,-2988281.25,3.896071e-06,1.523453e-07,0.8300867379249371,0.0038067493948252293,/content/drive/MyDrive/N-MON/ALTRO/spectograms/FH-20/162.npy,FH-20
0.006454422,-0.0028921652,0.8610462,0.8051639,0.8610704,-0.9950384,0.99695396,1.9919923841953278,-0.005301463,1.2528532,-0.6767077895967591,-390625.0,3.16011e-06,1.4634054e-07,0.8287186271673892,0.00869759510165713,/content/drive/MyDrive/N-MON/ALTRO/spectograms/FH-20/163.npy,FH-20
0.008591166,0.009074518,0.85748005,0.8002343,0.8575231,-0.9947953,0.99728733,1.9920827001333237,-0.010924677,1.2608825,-0.6428116115503323,-2988281.25,2.179452e-06,1.5075034e-07,0.833052835737327,0.00672723278122057,/content/drive/MyDrive/N-MON/ALTRO/spectograms/FH-20/164.npy,FH-20
0.010175892,-0.0036331618,0.87718207,0.8270944,0.8772411,-0.9957273,0.9963183,1.9920456111431122,-0.014174287,1.2190742,-0.8335032548075719,-2382812.5,2.6661346e-06,1.5100883e-07,0.8311180459951734,0.004735271785796267,/content/drive/MyDrive/N-MON/ALTRO/spectograms/FH-20/165.npy,FH-20
-0.0043875407,-0.03854234,0.871731,0.820045,0.87174207,-0.99552375,0.9965746,1.9920983165502548,0.0065655485,1.2283779,-0.7728574888951308,-1621093.75,1.6747526e-06,1.5018807e-07,0.8322833743372006,0.002609395476090744,/content/drive/MyDrive/N-MON/ALTRO/spectograms/FH-20/166.npy,FH-20
0.0022063605,-0.046205387,0.8613821,0.8037715,0.8613849,-0.99537337,0.9967127,1.9920860528945923,-0.004230142,1.2577598,-0.7275580780366929,410156.25,2.9885045e-06,1.4845473e-07,0.8255349560863156,0.008217510284417702,/content/drive/MyDrive/N-MON/ALTRO/spectograms/FH-20/167.npy,FH-20
-0.00747199,0.0037047728,0.8788805,0.82903224,0.87891227,-0.99623686,0.99587846,1.9921153485774994,0.013195126,1.2141657,-0.8407546101979105,-2988281.25,2.3466005e-06,1.5191975e-07,0.8292262322048227,0.010870012178541132,/content/drive/MyDrive/N-MON/ALTRO/spectograms/FH-20/168.npy,FH-20
-0.0069979704,-0.019332742,0.8530091,0.79096967,0.8530378,-0.99589103,0.99618304,1.9920740872621536,0.0130242845,1.2768251,-0.6464404680559258,-2382812.5,2.760763e-06,1.4714072e-07,0.8431288985082775,0.005499492949041977,/content/drive/MyDrive/N-MON/ALTRO/spectograms/FH-20/169.npy,FH-20
-0.0026135673,-0.026486054,0.875087,0.8229263,0.87509096,-0.99515533,0.99693877,1.9920940846204758,0.005470152,1.2245485,-0.8161523136896466,3007812.5,2.6386963e-06,1.5138741e-07,0.8240914559405168,0.010175732770932651,/content/drive/MyDrive/N-MON/ALTRO/spectograms/FH-20/170.npy,FH-20
0.0072265207,0.027814277,0.8692457,0.8149661,0.8692757,-0.9956132,0.996465,1.992078259587288,-0.013723213,1.23616,-0.7503488119266627,-2382812.5,2.353983e-06,1.479385e-07,0.8253399907136917,0.004507091072872534,/content/drive/MyDrive/N-MON/ALTRO/spectograms/FH-20/171.npy,FH-20
-0.0015932911,-0.010226085,0.8806502,0.831156,0.8806516,-0.99454534,0.9975819,1.992127239704132,0.0059867823,1.2114111,-0.8639718180871877,-2988281.25,2.3893615e-06,1.5515785e-07,0.8341242379883436,0.005079830506780888,/content/drive/MyDrive/N-MON/ALTRO/spectograms/FH-20/172.npy,FH-20
0.0052116984,-0.0027683135,0.88308144,0.8377901,0.88309675,-0.9948932,0.9972129,1.9921060800552368,-0.0049600108,1.1981585,-0.8350508382922667,3007812.5,2.511753e-06,1.5547076e-07,0.8251895845675999,0.011035994082775473,/content/drive/MyDrive/N-MON/ALTRO/spectograms/FH-20/173.npy,FH-20
-0.006737442,-0.042028002,0.86338335,0.80658746,0.86340964,-0.9951221,0.9969196,1.9920416325330734,0.01345214,1.2535332,-0.7313119969319263,-2382812.5,3.3094063e-06,1.4766405e-07,0.8124555596857885,0.008512383631599327,/content/drive/MyDrive/N-MON/ALTRO/spectograms/FH-20/174.npy,FH-20
0.015787523,0.059722155,0.87310773,0.821965,0.8732504,-0.9950035,0.99704725,1.9920507967472076,-0.03121544,1.2255,-0.7860923560552938,-2988281.25,3.87144e-06,1.5158587e-07,0.8292250969222894,0.003569689847668986,/content/drive/MyDrive/N-MON/ALTRO/spectograms/FH-20/175.npy,FH-20
0.006416009,0.0049767285,0.8709323,0.81917334,0.87095594,-0.9949356,0.9971211,1.9920566529035568,-0.011923176,1.2301587,-0.7588278045260514,-2988281.25,2.8242857e-06,1.4806284e-07,0.8346016592203955,0.005011927896521211,/content/drive/MyDrive/N-MON/ALTRO/spectograms/FH-20/176.npy,FH-20
-0.014901548,-0.06589377,0.8743997,0.8237716,0.8745266,-0.99559426,0.9963223,1.991916537284851,0.03384172,1.2250091,-0.8028777741417318,2421875.0,2.3032212e-06,1.526682e-07,0.8360424785502457,0.004798930120177062,/content/drive/MyDrive/N-MON/ALTRO/spectograms/FH-20/177.npy,FH-20
0.0007147441,-0.007519616,0.8640055,0.80687314,0.86400586,-0.99572116,0.9963646,1.9920857697725296,0.00020820081,1.2531857,-0.7515730657357064,-996093.75,1.8840223e-06,1.5185239e-07,0.829351294631927,0.010333320019400627,/content/drive/MyDrive/N-MON/ALTRO/spectograms/FH-20/178.npy,FH-20
0.0077974433,0.021134531,0.8766354,0.82594186,0.87667006,-0.9944384,0.9976318,1.9920702278614044,-0.011597207,1.2186536,-0.797600953540882,3007812.5,2.5264683e-06,1.5056995e-07,0.8255516707538437,0.003896850437264451,/content/drive/MyDrive/N-MON/ALTRO/spectograms/FH-20/179.npy,FH-20
0.0013518827,-0.014166287,0.8821465,0.83485043,0.88214743,-0.9946167,0.9975083,1.9921249896287918,0.0028762184,1.2039875,-0.8448308801563266,-2382812.5,2.5990769e-06,1.552709e-07,0.8248282810819969,0.004064554836020533,/content/drive/MyDrive/N-MON/ALTRO/spectograms/FH-20/180.npy,FH-20
0.006594656,0.036832828,0.87048465,0.81886256,0.8705096,-0.9943918,0.99766314,1.992054969072342,-0.013655084,1.2312756,-0.7564415998951654,1015625.0,2.0873622e-06,1.526446e-07,0.8276338734945827,0.006038057567434113,/content/drive/MyDrive/N-MON/ALTRO/spectograms/FH-20/181.npy,FH-20
-0.007819644,0.023488635,0.861949,0.8065747,0.86198443,-0.99599624,0.9960804,1.9920766651630402,0.012818723,1.2535039,-0.7178083660782636,-957031.25,1.9041328e-06,1.5078909e-07,0.8306240091739806,0.005753237737104343,/content/drive/MyDrive/N-MON/ALTRO/spectograms/FH-20/182.npy,FH-20
0.0068937256,0.0037983921,0.87754357,0.8264629,0.8775707,-0.9962272,0.99579346,1.9920206815004349,-0.011235929,1.2186418,-0.805873304311863,-2988281.25,2.7007814e-06,1.5185444e-07,0.8278871463054898,0.005004631469710555,/content/drive/MyDrive/N-MON/ALTRO/spectograms/FH-20/183.npy,FH-20
-0.001653857,-0.0028624819,0.8605905,0.8048564,0.8605921,-0.99504495,0.9970655,1.9921104609966278,0.002632116,1.2549682,-0.6898643232199185,-2988281.25,2.763437e-06,1.486818e-07,0.8290181536482587,0.004847149439038745,/content/drive/MyDrive/N-MON/ALTRO/spectograms/FH-20/184.npy,FH-20
0.0019309366,-0.022007104,0.87465155,0.82428074,0.87465376,-0.99466044,0.9974577,1.9921181052923203,0.0016575133,1.2236689,-0.8148065139093009,1015625.0,4.0452787e-06,1.5147629e-07,0.825949849581085,0.006897052286375517,/content/drive/MyDrive/N-MON/ALTRO/spectograms/FH-20/185.npy,FH-20
0.008610682,0.027659912,0.85793316,0.7999343,0.8579764,-0.9957466,0.9962861,1.9920327216386795,-0.02313661,1.2630019,-0.6837680773118279,1015625.0,2.2238391e-06,1.476813e-07,0.8323796972291695,0.008891562104084448,/content/drive/MyDrive/N-MON/ALTRO/spectograms/FH-20/186.npy,FH-20
0.00013211346,0.012338784,0.86585695,0.8106539,0.86585695,-0.9952781,0.99677825,1.992056354880333,-0.0034149871,1.2433125,-0.7343983569111955,1015625.0,2.7803258e-06,1.5202335e-07,0.8313687020278571,0.005229305247671694,/content/drive/MyDrive/N-MON/ALTRO/spectograms/FH-20/187.npy,FH-20
-0.004801907,-0.003149712,0.87313294,0.8222243,0.8731461,-0.9952517,0.9968486,1.9921002686023712,0.011950236,1.2242231,-0.7748528414703292,3007812.5,2.8118168e-06,1.5195207e-07,0.8267532560808613,0.005431888357245372,/content/drive/MyDrive/N-MON/ALTRO/spectograms/FH-20/188.npy,FH-20
0.0011324253,-0.0031079547,0.8645314,0.8094077,0.8645322,-0.99527305,0.99678093,1.9920540004968643,0.003463326,1.2475405,-0.749444848829037,1015625.0,2.5642507e-06,1.5219024e-07,0.8183647191511226,0.0039137772320529,/content/drive/MyDrive/N-MON/ALTRO/spectograms/FH-20/189.npy,FH-20
0.0025689534,0.020160086,0.8480594,0.78514636,0.84806323,-0.99544793,0.9966419,1.9920898377895355,-0.00516167,1.2885288,-0.608213502322812,-2988281.25,3.2870669e-06,1.4867365e-07,0.8329110368832804,0.008151340806057918,/content/drive/MyDrive/N-MON/ALTRO/spectograms/FH-20/190.npy,FH-20
-0.0005735183,0.004248478,0.87600595,0.82553196,0.8760061,-0.9956522,0.9964612,1.9921134412288666,0.0026558272,1.2191591,-0.8117963935127933,410156.25,2.1178187e-06,1.5350298e-07,0.8414087789776117,0.0037017127696725893,/content/drive/MyDrive/N-MON/ALTRO/spectograms/FH-20/191.npy,FH-20
0.010734774,0.020928117,0.8748121,0.821958,0.8748779,-0.994641,0.9974544,1.992095410823822,-0.021440208,1.2244807,-0.812410905312433,-2988281.25,2.5841875e-06,1.504844e-07,0.8423169608942906,0.0056153713729240684,/content/drive/MyDrive/N-MON/ALTRO/spectograms/FH-20/192.npy,FH-20
-0.004540193,0.005382746,0.8629679,0.80868953,0.8629799,-0.9944941,0.99760246,1.9920965731143951,0.010474056,1.2487812,-0.709559207389714,1015625.0,2.7680553e-06,1.4748181e-07,0.8266727234309452,0.004094624398999343,/content/drive/MyDrive/N-MON/ALTRO/spectograms/FH-20/193.npy,FH-20
-0.00212893,0.0042141257,0.8727358,0.8217007,0.87273836,-0.9955835,0.9963957,1.9919791966676712,0.0015234749,1.2256556,-0.7871899588462093,-2382812.5,2.578893e-06,1.5164713e-07,0.8314298806636259,0.003427591961412662,/content/drive/MyDrive/N-MON/ALTRO/spectograms/FH-20/194.npy,FH-20
0.011196527,0.055677142,0.86576605,0.81205887,0.8658385,-0.99500084,0.99696183,1.9919626414775848,-0.030993639,1.2432634,-0.7238557484650033,-2382812.5,2.7980914e-06,1.4975359e-07,0.825254933456995,0.0040013632168897474,/content/drive/MyDrive/N-MON/ALTRO/spectograms/FH-20/195.npy,FH-20
-0.0015351458,-0.026493512,0.8610472,0.80619574,0.8610486,-0.995148,0.9969339,1.9920819103717804,0.015832568,1.2495939,-0.6524556407186594,-2988281.25,4.0246555e-06,1.501894e-07,0.8152923014289866,0.008838130404589369,/content/drive/MyDrive/N-MON/ALTRO/spectograms/FH-20/196.npy,FH-20
-0.0047617867,0.03575043,0.85472685,0.79507583,0.85474014,-0.99538666,0.99668837,1.9920750707387924,0.009152711,1.2720716,-0.6617909659015951,2421875.0,2.4198273e-06,1.4513537e-07,0.8355784831362025,0.008171307358479195,/content/drive/MyDrive/N-MON/ALTRO/spectograms/FH-20/197.npy,FH-20
0.0028474345,0.01614188,0.876614,0.8277769,0.8766186,-0.9955002,0.99659157,1.992091789841652,-0.005716576,1.2161047,-0.8094806009358263,-2382812.5,2.521192e-06,1.5461623e-07,0.8343605902486668,0.0055930531659034435,/content/drive/MyDrive/N-MON/ALTRO/spectograms/FH-20/198.npy,FH-20
-0.0002933376,0.019561302,0.8680252,0.812713,0.8680252,-0.99607694,0.9960456,1.9921224862337112,-0.0056352555,1.2418053,-0.7475928007251619,-2382812.5,2.1945632e-06,1.4629212e-07,0.8438067118497579,0.003174758848277175,/content/drive/MyDrive/N-MON/ALTRO/spectograms/FH-20/199.npy,FH-20
-0.004793851,-0.0035930623,0.8668704,0.8120415,0.86688364,-0.9958292,0.99623334,1.992062583565712,0.007891214,1.2439823,-0.748887516625863,3007812.5,2.6504085e-06,1.5385712e-07,0.8191253069494804,0.00535304516677652,/content/drive/MyDrive/N-MON/ALTRO/spectograms/FH-20/200.npy,FH-20
0.0064094677,0.012842165,0.87486565,0.82056713,0.8748891,-0.9948747,0.9972001,1.9920747876167297,-0.009165693,1.2300379,-0.8469894287262295,3007812.5,2.5800866e-06,1.5205171e-07,0.8188406035324531,0.008061225808457159,/content/drive/MyDrive/N-MON/ALTRO/spectograms/FH-20/201.npy,FH-20
-0.008726422,-0.0073874947,0.879251,0.83062905,0.87929434,-0.9955599,0.9965097,1.9920695573091507,0.012772186,1.211744,-0.8394205106746321,-2988281.25,2.1994304e-06,1.5267602e-07,0.8238657500722228,0.006803097263378046,/content/drive/MyDrive/N-MON/ALTRO/spectograms/FH-20/202.npy,FH-20
-0.0015185218,0.020273704,0.86555284,0.8103329,0.8655542,-0.995326,0.99671113,1.9920371025800705,0.0017472664,1.2448039,-0.7341330275995014,2421875.0,2.197561e-06,1.4949067e-07,0.8367225193158915,0.008655811012986589,/content/drive/MyDrive/N-MON/ALTRO/spectograms/FH-20/203.npy,FH-20
-0.0053055803,-0.018947339,0.85734946,0.79899293,0.85736585,-0.99531907,0.9966777,1.9919967651367188,0.013421189,1.2643125,-0.6612402414918829,2402343.75,2.827766e-06,1.4935793e-07,0.8203690196802204,0.006098826371187604,/content/drive/MyDrive/N-MON/ALTRO/spectograms/FH-20/204.npy,FH-20
0.005401117,-0.014290156,0.8656451,0.8128998,0.86566204,-0.99464446,0.99745685,1.9921013116836548,-0.0048774607,1.2396533,-0.7068496018932705,-2382812.5,1.9230931e-06,1.5077244e-07,0.8442728077100974,0.0065114986723705266,/content/drive/MyDrive/N-MON/ALTRO/spectograms/FH-20/205.npy,FH-20
0.0030035647,-0.026806016,0.8609205,0.8016265,0.86092573,-0.9955085,0.9965677,1.992076262831688,-8.183456e-05,1.2602998,-0.7258222906910757,-2988281.25,4.3428e-06,1.4870758e-07,0.8097922720007746,0.010769314039051724,/content/drive/MyDrive/N-MON/ALTRO/spectograms/FH-20/206.npy,FH-20
0.0027914362,-0.0034415459,0.87816274,0.8290956,0.87816715,-0.9956272,0.9964903,1.9921175092458725,-0.007140701,1.2124999,-0.8124082139558341,-2988281.25,3.2870037e-06,1.5320083e-07,0.8327764092258039,0.005004979995274603,/content/drive/MyDrive/N-MON/ALTRO/spectograms/FH-20/207.npy,FH-20
-0.0068747234,-0.007002834,0.8613166,0.80562913,0.8613441,-0.9952262,0.99684805,1.992074266076088,0.018793805,1.2541934,-0.7007073981744069,-2382812.5,2.5918423e-06,1.4930797e-07,0.8146169205798796,0.00778850798054513,/content/drive/MyDrive/N-MON/ALTRO/spectograms/FH-20/208.npy,FH-20
0.012420427,0.027909163,0.8798984,0.8308745,0.8799861,-0.9953437,0.99667776,1.9920214712619781,-0.023238594,1.2124074,-0.8517268207753218,1015625.0,2.428798e-06,1.5345313e-07,0.8258171465011734,0.011142474758185961,/content/drive/MyDrive/N-MON/ALTRO/spectograms/FH-20/209.npy,FH-20
-0.005469475,-0.057128023,0.8734413,0.8222863,0.87345845,-0.9945549,0.9975204,1.992075264453888,0.01774929,1.2253754,-0.7886118647691412,3007812.5,2.0906223e-06,1.5237768e-07,0.8284316254732156,0.010649868954513477,/content/drive/MyDrive/N-MON/ALTRO/spectograms/FH-20/210.npy,FH-20
-0.00044287872,0.012143919,0.87184036,0.8202952,0.8718405,-0.995539,0.99652505,1.9920640736818314,-0.0025452436,1.2278754,-0.7663978063954363,3007812.5,2.8154222e-06,1.5204314e-07,0.8169899804380355,0.008061449923063495,/content/drive/MyDrive/N-MON/ALTRO/spectograms/FH-20/211.npy,FH-20
-0.0046856613,0.012693232,0.8748951,0.82626003,0.8749076,-0.99508137,0.99703467,1.9921160340309143,0.0023142218,1.2180651,-0.7857156902001182,-996093.75,2.4725286e-06,1.5405413e-07,0.8245109385622772,0.004288703784183053,/content/drive/MyDrive/N-MON/ALTRO/spectograms/FH-20/212.npy,FH-20
-0.003197105,-0.011413906,0.87815976,0.8278063,0.87816554,-0.99575114,0.9963597,1.9921108186244965,0.006307535,1.2173387,-0.8438388764441768,1015625.0,3.5052917e-06,1.511138e-07,0.8206803827811975,0.006780916526847001,/content/drive/MyDrive/N-MON/ALTRO/spectograms/FH-20/213.npy,FH-20
-0.0028753332,-0.018996611,0.87686396,0.8274355,0.87686867,-0.9954888,0.9965586,1.9920474290847778,0.008779349,1.216741,-0.8012142834414401,-996093.75,2.9216853e-06,1.5142567e-07,0.8239055476193714,0.006049715485482577,/content/drive/MyDrive/N-MON/ALTRO/spectograms/FH-20/214.npy,FH-20
0.003924601,0.063276485,0.8744758,0.8269486,0.8744846,-0.99533266,0.9967788,1.9921114295721054,-0.013391679,1.2183125,-0.787956267089082,3007812.5,2.2568356e-06,1.512231e-07,0.841401616728018,0.002764101344100298,/content/drive/MyDrive/N-MON/ALTRO/spectograms/FH-20/215.npy,FH-20
-0.011059175,-0.023715287,0.8573745,0.803078,0.8574458,-0.9963708,0.99571466,1.9920854717493057,0.024982871,1.256366,-0.6323683195366413,-332031.25,2.0219395e-06,1.5155206e-07,0.8165143236297683,0.00494937965481244,/content/drive/MyDrive/N-MON/ALTRO/spectograms/FH-20/216.npy,FH-20
-0.0028750992,-0.011081539,0.86159295,0.8068825,0.8615977,-0.9954001,0.99661505,1.9920151829719543,0.011639957,1.2514054,-0.7002692630690622,-2382812.5,2.194057e-06,1.4886473e-07,0.8378463719229141,0.003205024833486983,/content/drive/MyDrive/N-MON/ALTRO/spectograms/FH-20/217.npy,FH-20
0.00065639114,0.012662941,0.86920637,0.81575465,0.8692066,-0.99502885,0.99704576,1.9920746237039566,-8.7599146e-05,1.2364501,-0.7606883266695449,3007812.5,3.9475763e-06,1.5026973e-07,0.828855930615589,0.007097364884951203,/content/drive/MyDrive/N-MON/ALTRO/spectograms/FH-20/218.npy,FH-20
0.005937338,-0.02272713,0.8731088,0.8203324,0.873129,-0.99529815,0.9967267,1.9920248240232468,-0.0032908688,1.2279106,-0.784516248907707,2421875.0,2.5774439e-06,1.5251359e-07,0.8405985883031364,0.003681111439052533,/content/drive/MyDrive/N-MON/ALTRO/spectograms/FH-20/219.npy,FH-20
0.009363973,0.028222675,0.8542374,0.7942824,0.8542887,-0.9950977,0.9969458,1.9920434653759003,-0.01632037,1.2714326,-0.6574632949829075,-2988281.25,2.397451e-06,1.4804377e-07,0.8346072744561868,0.012603264150143345,/content/drive/MyDrive/N-MON/ALTRO/spectograms/FH-20/220.npy,FH-20
-0.0024478044,-0.0036385537,0.87440073,0.8219141,0.87440413,-0.9956681,0.9963956,1.9920637011528015,0.0061304844,1.2263895,-0.814709131876958,-2988281.25,1.9616782e-06,1.5318628e-07,0.8225960338647336,0.012415607387665816,/content/drive/MyDrive/N-MON/ALTRO/spectograms/FH-20/221.npy,FH-20
-0.00046114682,0.012941319,0.8818008,0.83368784,0.88180095,-0.994824,0.9972887,1.9921127259731293,0.002239581,1.2052197,-0.8419345194287794,1015625.0,2.3384546e-06,1.529356e-07,0.8228615923179678,0.009688085334262938,/content/drive/MyDrive/N-MON/ALTRO/spectograms/FH-20/222.npy,FH-20
-0.0060511846,-0.026237333,0.87386405,0.8229105,0.873885,-0.99500114,0.99713176,1.9921329021453857,0.01140684,1.2232698,-0.776274477953205,1015625.0,2.2144798e-06,1.5408833e-07,0.8204344598623625,0.004674603527702446,/content/drive/MyDrive/N-MON/ALTRO/spectograms/FH-20/223.npy,FH-20
-0.0059238025,-0.018777784,0.8799238,0.83322024,0.8799438,-0.9953428,0.9967855,1.9921283423900604,0.0074740495,1.2061038,-0.8176439596978425,-2988281.25,5.6892964e-06,1.5145042e-07,0.8262520046653294,0.002895323432780962,/content/drive/MyDrive/N-MON/ALTRO/spectograms/FH-20/224.npy,FH-20
-0.008132819,-0.014285244,0.86434734,0.8038632,0.8643856,-0.99474275,0.9973501,1.9920929074287415,0.023017462,1.2563205,-0.7741152057421595,1015625.0,2.5587876e-06,1.4685668e-07,0.8284183971813224,0.0058407809323881305,/content/drive/MyDrive/N-MON/ALTRO/spectograms/FH-20/225.npy,FH-20
0.006815563,-0.009766249,0.88647413,0.83998734,0.8865003,-0.99397737,0.99812055,1.9920979291200638,-0.011614691,1.1974703,-0.8864511843410688,-2988281.25,3.7629507e-06,1.5400478e-07,0.8173441058595357,0.010295557407186004,/content/drive/MyDrive/N-MON/ALTRO/spectograms/FH-20/226.npy,FH-20
0.009174664,-0.0034332902,0.8632897,0.80509365,0.8633385,-0.9953598,0.99661833,1.991978108882904,-0.014707874,1.2562714,-0.7513266716752797,1035156.25,1.7871256e-06,1.5383623e-07,0.8278122784349122,0.004217583884561447,/content/drive/MyDrive/N-MON/ALTRO/spectograms/FH-20/227.npy,FH-20
0.009658841,0.028475843,0.8688961,0.8161273,0.86894983,-0.99485064,0.99720037,1.9920510202646255,-0.018067386,1.2336055,-0.7221998717037011,3007812.5,2.460978e-06,1.5259178e-07,0.8218183316863926,0.006835585833860476,/content/drive/MyDrive/N-MON/ALTRO/spectograms/FH-20/228.npy,FH-20
0.0029453943,-0.03872399,0.87705517,0.8268997,0.87706006,-0.99573195,0.9963608,1.9920927584171295,-0.0037205545,1.2184575,-0.8269551279400701,-2988281.25,2.9847868e-06,1.5154436e-07,0.8364071347542668,0.006411201348318675,/content/drive/MyDrive/N-MON/ALTRO/spectograms/FH-20/229.npy,FH-20
0.009734747,0.047542293,0.87328494,0.8237091,0.8733392,-0.99530184,0.99669194,1.9919937700033188,-0.018999962,1.2233232,-0.7724819019608368,-2988281.25,2.8486875e-06,1.5055267e-07,0.8285637213628327,0.005284707804398094,/content/drive/MyDrive/N-MON/ALTRO/spectograms/FH-20/230.npy,FH-20
-0.007399909,-0.0035932367,0.8518098,0.79095364,0.851842,-0.9956618,0.99637353,1.9920353293418884,0.021505157,1.2791709,-0.626774821585924,3007812.5,3.1024065e-06,1.4363721e-07,0.8304899490313944,0.0069734951350504636,/content/drive/MyDrive/N-MON/ALTRO/spectograms/FH-20/231.npy,FH-20
-0.0015675983,0.0047323518,0.876159,0.8270014,0.87616044,-0.995173,0.9969393,1.9921122789382935,0.0028413855,1.2161845,-0.7924233005930007,3027343.75,2.2930906e-06,1.5511648e-07,0.8372076841777946,0.002272980812522926,/content/drive/MyDrive/N-MON/ALTRO/spectograms/FH-20/232.npy,FH-20
-5.499196e-05,-0.014713307,0.8540594,0.7900859,0.8540594,-0.99515593,0.99696267,1.9921185970306396,0.006177481,1.2825086,-0.699354030528836,3007812.5,1.6874365e-06,1.4508002e-07,0.8188763844383263,0.0049806612238453936,/content/drive/MyDrive/N-MON/ALTRO/spectograms/FH-20/233.npy,FH-20
-0.0043740594,-0.01869711,0.8737152,0.82266223,0.8737262,-0.9952135,0.99686563,1.9920790940523148,0.015243888,1.2243671,-0.7821266273603059,-2988281.25,3.7673935e-06,1.5429819e-07,0.8305993990284497,0.004934881509495269,/content/drive/MyDrive/N-MON/ALTRO/spectograms/FH-20/234.npy,FH-20
-0.01493828,-0.042197857,0.8500382,0.7896785,0.8501695,-0.99528986,0.9967708,1.9920606315135956,0.03367084,1.2808719,-0.610152098713317,3007812.5,3.2168045e-06,1.4974839e-07,0.8118631370363101,0.00928514733904712,/content/drive/MyDrive/N-MON/ALTRO/spectograms/FH-20/235.npy,FH-20
0.0020519095,0.003642011,0.8841216,0.83749795,0.8841239,-0.99630994,0.99580026,1.9921101778745651,-0.0015755158,1.2010404,-0.876630669572335,1015625.0,4.3043315e-06,1.5324383e-07,0.8115689973123006,0.007309995902443688,/content/drive/MyDrive/N-MON/ALTRO/spectograms/FH-20/236.npy,FH-20
-0.0018740025,0.00859682,0.8785402,0.82921535,0.8785422,-0.99520195,0.99687153,1.992073506116867,0.0022644212,1.2129939,-0.8099818688599313,-2382812.5,2.6527007e-06,1.5112037e-07,0.8414501076345154,0.006265558087857461,/content/drive/MyDrive/N-MON/ALTRO/spectograms/FH-20/237.npy,FH-20
0.011396567,0.03576675,0.8779525,0.82882804,0.87802655,-0.9953737,0.9967292,1.9921028912067413,-0.02209324,1.2142864,-0.8097292350390976,-2988281.25,2.728307e-06,1.5511665e-07,0.828694738983131,0.003960586718666803,/content/drive/MyDrive/N-MON/ALTRO/spectograms/FH-20/238.npy,FH-20
0.011518722,0.043850683,0.8648289,0.80846804,0.86490554,-0.99508226,0.99695086,1.9920331686735153,-0.025264606,1.2483462,-0.7252018678891564,-2988281.25,1.7324533e-06,1.5193443e-07,0.8201774531133614,0.004887135384955395,/content/drive/MyDrive/N-MON/ALTRO/spectograms/FH-20/239.npy,FH-20
-0.007497049,-0.0035449842,0.85132253,0.7926639,0.85135555,-0.9955845,0.99641496,1.9919994324445724,0.017505482,1.2754478,-0.6211419887191295,3007812.5,2.5556155e-06,1.4802865e-07,0.838047228014023,0.005212049390713925,/content/drive/MyDrive/N-MON/ALTRO/spectograms/FH-20/240.npy,FH-20
-0.00932233,-0.04239198,0.85910255,0.8021946,0.85915315,-0.99552727,0.9964824,1.9920096099376678,0.024494905,1.2591656,-0.6674469145187657,1015625.0,2.0811283e-06,1.4700635e-07,0.8217561008935488,0.00837226581273111,/content/drive/MyDrive/N-MON/ALTRO/spectograms/FH-20/241.npy,FH-20
-0.0029980983,-0.0110533815,0.8699437,0.8165864,0.8699488,-0.9953921,0.99661547,1.9920075088739395,0.0062985076,1.2356151,-0.7659207799422526,-2382812.5,4.0105747e-06,1.5120781e-07,0.8336190276511963,0.005780014217784377,/content/drive/MyDrive/N-MON/ALTRO/spectograms/FH-20/242.npy,FH-20
0.0013598466,-0.002585914,0.87572443,0.8259954,0.8757255,-0.9947249,0.9973721,1.9920970350503922,-0.0007500515,1.2190179,-0.8053914747828667,-2988281.25,3.99156e-06,1.5001507e-07,0.8186762015867887,0.007651369021626082,/content/drive/MyDrive/N-MON/ALTRO/spectograms/FH-20/243.npy,FH-20
-0.0043931883,0.0074672233,0.8558193,0.7978363,0.85583055,-0.99623436,0.99580723,1.9920415878295898,0.008860856,1.2668003,-0.6516987851150092,-2382812.5,2.9384862e-06,1.4983733e-07,0.8350700824124581,0.007130565535857516,/content/drive/MyDrive/N-MON/ALTRO/spectograms/FH-20/244.npy,FH-20
0.0015734177,0.020500246,0.87825596,0.83036155,0.87825733,-0.9951036,0.99702513,1.9921287298202515,-0.0064969426,1.2093079,-0.7764797388249837,3007812.5,1.9098566e-06,1.5170012e-07,0.8335378798549671,0.003336353240246287,/content/drive/MyDrive/N-MON/ALTRO/spectograms/FH-20/245.npy,FH-20
-0.00472273,0.0510073,0.87581486,0.82474154,0.8758276,-0.9957875,0.99633396,1.99212147295475,0.00012553654,1.2234577,-0.8290055720935517,-976562.5,2.2137458e-06,1.543156e-07,0.8288896981977318,0.007130129788666245,/content/drive/MyDrive/N-MON/ALTRO/spectograms/FH-20/246.npy,FH-20
0.006910578,0.047642387,0.8801064,0.83348286,0.8801335,-0.9953123,0.9967754,1.9920876771211624,-0.011766038,1.2064897,-0.8167124989855142,410156.25,3.218409e-06,1.5309206e-07,0.8310304512999647,0.0025696125156332893,/content/drive/MyDrive/N-MON/ALTRO/spectograms/FH-20/247.npy,FH-20
-0.017013,-0.081189975,0.87003976,0.81770015,0.8702061,-0.9952123,0.99682885,1.9920412003993988,0.04315471,1.2330756,-0.7555061335881811,1015625.0,2.3167318e-06,1.5270811e-07,0.8169701047656924,0.002655403922846239,/content/drive/MyDrive/N-MON/ALTRO/spectograms/FH-20/248.npy,FH-20
0.00051522255,0.0054744435,0.86832744,0.8151534,0.86832756,-0.994537,0.9975172,1.9920541942119598,-0.0007017417,1.2351701,-0.7270909030602609,1015625.0,2.7538247e-06,1.5079922e-07,0.8209305441443782,0.008619308470940622,/content/drive/MyDrive/N-MON/ALTRO/spectograms/FH-20/249.npy,FH-20
-0.0026864163,-0.011871768,0.84361374,0.77738625,0.843618,-0.9962024,0.9958411,1.9920434951782227,0.012076442,1.3028809,-0.5970169272060338,-390625.0,2.721184e-06,1.457136e-07,0.833231441310404,0.00846386023492228,/content/drive/MyDrive/N-MON/ALTRO/spectograms/FH-20/250.npy,FH-20
-0.011848201,-0.05035884,0.8775705,0.82927316,0.8776505,-0.9955863,0.99650645,1.9920927584171295,0.018996937,1.2141212,-0.8329919434644656,3007812.5,3.3934248e-06,1.5172986e-07,0.822159346186657,0.007716432045458156,/content/drive/MyDrive/N-MON/ALTRO/spectograms/FH-20/251.npy,FH-20
-0.010701534,-0.0570165,0.866014,0.8119619,0.8660801,-0.99444306,0.9976017,1.9920447617769241,0.027397167,1.2423234,-0.7355679792776418,-2382812.5,1.9551564e-06,1.5049255e-07,0.8396477879062287,0.0064324072668403036,/content/drive/MyDrive/N-MON/ALTRO/spectograms/FH-20/252.npy,FH-20
-0.001204422,0.012519496,0.8631593,0.808551,0.8631601,-0.9951949,0.9968002,1.9919951260089874,0.00062289945,1.2469096,-0.6924275950356781,-2988281.25,3.1717752e-06,1.5087511e-07,0.8236154520699885,0.005466922953522327,/content/drive/MyDrive/N-MON/ALTRO/spectograms/FH-20/253.npy,FH-20
0.0063151577,0.034822896,0.8667333,0.812627,0.8667563,-0.99636745,0.9957259,1.9920933991670609,-0.015672298,1.2420096,-0.7447164007908774,1015625.0,3.0012718e-06,1.5017972e-07,0.820346387934758,0.0030681543314058433,/content/drive/MyDrive/N-MON/ALTRO/spectograms/FH-20/254.npy,FH-20
0.0020058497,0.0046698106,0.8587337,0.8013619,0.85873604,-0.9952656,0.9967378,1.9920034110546112,-0.004350489,1.2594447,-0.6819791344383505,1015625.0,2.2188729e-06,1.4656428e-07,0.8345016884877563,0.007763822993006076,/content/drive/MyDrive/N-MON/ALTRO/spectograms/FH-20/255.npy,FH-20
-0.0031372823,-0.00682183,0.87152874,0.819895,0.8715344,-0.99500054,0.9970784,1.9920789748430252,0.005341596,1.2264168,-0.7490726947107761,3007812.5,2.6884936e-06,1.5014135e-07,0.8190225390486299,0.006831624137821446,/content/drive/MyDrive/N-MON/ALTRO/spectograms/FH-20/256.npy,FH-20
-0.012518839,-0.05000131,0.8724373,0.819431,0.8725271,-0.9951616,0.9968894,1.9920510053634644,0.030200599,1.2318518,-0.7945536742529519,-2382812.5,2.7472902e-06,1.5060715e-07,0.8169082764166621,0.007118949364942142,/content/drive/MyDrive/N-MON/ALTRO/spectograms/FH-20/257.npy,FH-20
0.0032810108,-0.0027973445,0.8673877,0.81376153,0.8673939,-0.9949493,0.99712884,1.9920781552791595,0.0031816438,1.2398136,-0.7407831995589148,1015625.0,2.7813976e-06,1.5164653e-07,0.8287664985859065,0.005252236227714856,/content/drive/MyDrive/N-MON/ALTRO/spectograms/FH-20/258.npy,FH-20
0.003598139,-0.033188842,0.85584426,0.7965496,0.8558518,-0.9940247,0.9980473,1.9920719861984253,0.000716543,1.2669573,-0.6671228615584505,-2988281.25,4.5264683e-06,1.4819787e-07,0.8317131649633785,0.004245985943025713,/content/drive/MyDrive/N-MON/ALTRO/spectograms/FH-20/259.npy,FH-20
0.003984627,0.005147675,0.87008065,0.8157453,0.8700898,-0.9948553,0.9971987,1.9920539557933807,-0.00886598,1.2363273,-0.7747414983672415,3007812.5,2.0886569e-06,1.509172e-07,0.8411975438198683,0.009824451139114343,/content/drive/MyDrive/N-MON/ALTRO/spectograms/FH-20/260.npy,FH-20
0.0021277103,0.005462082,0.8741833,0.8219007,0.8741859,-0.9945226,0.9975418,1.9920642971992493,0.0035852853,1.2258679,-0.8034710873569103,-2988281.25,3.0474466e-06,1.5110123e-07,0.8349988578559385,0.004141427117267295,/content/drive/MyDrive/N-MON/ALTRO/spectograms/FH-20/261.npy,FH-20
-0.0072302786,-0.042568475,0.8601617,0.80112684,0.8601922,-0.99554104,0.9964875,1.992028534412384,0.026981918,1.2612561,-0.6877162453182645,-2988281.25,2.872146e-06,1.5031654e-07,0.8361903137645927,0.0060044553878630955,/content/drive/MyDrive/N-MON/ALTRO/spectograms/FH-20/262.npy,FH-20
0.0021627718,0.004489279,0.8667707,0.8122942,0.86677337,-0.9954938,0.9966036,1.992097407579422,-0.006327305,1.2416003,-0.7420687368619686,1621093.75,1.5405813e-06,1.514878e-07,0.8351060392221901,0.003909594639028913,/content/drive/MyDrive/N-MON/ALTRO/spectograms/FH-20/263.npy,FH-20
-0.007487314,-0.04170997,0.8673339,0.8134669,0.8673662,-0.99474114,0.9973578,1.9920989125967026,0.021892248,1.2395475,-0.7385851665204132,2421875.0,2.4549743e-06,1.5120213e-07,0.8102985680534451,0.004804709072460515,/content/drive/MyDrive/N-MON/ALTRO/spectograms/FH-20/264.npy,FH-20
0.0026806663,-0.010144113,0.88067544,0.832588,0.88067955,-0.99451625,0.9975908,1.9921069890260696,-0.0021147414,1.2095028,-0.8586760559559546,410156.25,2.4161664e-06,1.510601e-07,0.8396476391879897,0.005219278202522321,/content/drive/MyDrive/N-MON/ALTRO/spectograms/FH-20/265.npy,FH-20
0.00066659035,0.020203298,0.87828416,0.83009326,0.8782844,-0.9953906,0.99672526,1.9921158701181412,-0.002717395,1.2103317,-0.7922174665406666,1015625.0,3.9541105e-06,1.4974029e-07,0.822537058048209,0.007813682132043889,/content/drive/MyDrive/N-MON/ALTRO/spectograms/FH-20/266.npy,FH-20
-0.0028133034,-0.0030350469,0.86890477,0.8169292,0.8689093,-0.99515617,0.99690634,1.9920625537633896,0.00909048,1.2341443,-0.7557939484483615,3007812.5,2.7479052e-06,1.4973618e-07,0.835896132344976,0.006699817607173935,/content/drive/MyDrive/N-MON/ALTRO/spectograms/FH-20/267.npy,FH-20
0.017639387,0.063155025,0.86934155,0.81685036,0.8695205,-0.9952903,0.99667823,1.9919685274362564,-0.03839299,1.2340847,-0.7389727076840292,-2382812.5,2.6968353e-06,1.5102695e-07,0.832410101670658,0.00599166138256061,/content/drive/MyDrive/N-MON/ALTRO/spectograms/FH-20/268.npy,FH-20
-0.006832687,-0.0024356327,0.852932,0.7937944,0.8529593,-0.9945519,0.99746925,1.992021158337593,0.018862823,1.2727028,-0.623735608716884,-2382812.5,2.2435083e-06,1.4705752e-07,0.8365972769436978,0.004464256056991157,/content/drive/MyDrive/N-MON/ALTRO/spectograms/FH-20/269.npy,FH-20
0.013883833,0.051395744,0.87236,0.8216506,0.8724705,-0.9954534,0.99658555,1.9920389652252197,-0.027028449,1.2248683,-0.7723041505417455,-2988281.25,3.3299718e-06,1.5042687e-07,0.8310354243714548,0.004362406144718271,/content/drive/MyDrive/N-MON/ALTRO/spectograms/FH-20/270.npy,FH-20
-0.0081907585,-0.026532985,0.85702187,0.7977447,0.85706097,-0.99519306,0.99689126,1.9920843541622162,0.01363335,1.2653352,-0.6713055848207256,1015625.0,2.2117267e-06,1.4710244e-07,0.8270457276690829,0.010678878576742861,/content/drive/MyDrive/N-MON/ALTRO/spectograms/FH-20/271.npy,FH-20
-0.00040779973,0.016885068,0.8688382,0.8171384,0.8688383,-0.9947596,0.9973089,1.9920685291290283,0.00095535617,1.2338438,-0.7457896947290551,1015625.0,3.2502892e-06,1.52121e-07,0.8053153760332384,0.01456602499686585,/content/drive/MyDrive/N-MON/ALTRO/spectograms/FH-20/272.npy,FH-20
-0.001460206,0.0005955843,0.86095953,0.80530894,0.86096084,-0.9954652,0.99663043,1.9920956492424011,0.0024323307,1.2530079,-0.6805733329033697,-2382812.5,2.417012e-06,1.4977776e-07,0.8415084567460744,0.006356881611228507,/content/drive/MyDrive/N-MON/ALTRO/spectograms/FH-20/273.npy,FH-20
0.00091752864,0.0010713639,0.8640448,0.80557424,0.8640453,-0.9950196,0.9970968,1.9921163767576218,-0.00782287,1.2566569,-0.7830767441264667,-996093.75,2.511022e-06,1.4939238e-07,0.8159879896393585,0.007937542956622945,/content/drive/MyDrive/N-MON/ALTRO/spectograms/FH-20/274.npy,FH-20
0.014415643,0.047774535,0.8566534,0.8005228,0.8567747,-0.99507844,0.9969281,1.9920065253973007,-0.025704533,1.261647,-0.6464212197294793,-2382812.5,3.7238374e-06,1.4932176e-07,0.8201870972089373,0.01119146696235304,/content/drive/MyDrive/N-MON/ALTRO/spectograms/FH-20/275.npy,FH-20
-0.0026509485,-0.01884534,0.87044126,0.8215109,0.8704453,-0.99524134,0.9967623,1.992003619670868,0.008095295,1.2245538,-0.7171050376522229,3007812.5,3.7103011e-06,1.5177821e-07,0.816704615133788,0.009834569861056151,/content/drive/MyDrive/N-MON/ALTRO/spectograms/FH-20/276.npy,FH-20
-0.0018191314,-0.0028546308,0.8566478,0.7976291,0.8566498,-0.99496543,0.9971416,1.992107018828392,0.0077571287,1.2660332,-0.6748762185378744,-2988281.25,2.214077e-06,1.4481746e-07,0.8290067354890136,0.012072331791753549,/content/drive/MyDrive/N-MON/ALTRO/spectograms/FH-20/277.npy,FH-20
-0.00028455685,0.0048104385,0.87317514,0.8204087,0.8731752,-0.9951717,0.99693304,1.9921047687530518,-0.0035018395,1.2301406,-0.8073743153473912,-2988281.25,3.7248287e-06,1.5280833e-07,0.8288457341203436,0.005546761225709705,/content/drive/MyDrive/N-MON/ALTRO/spectograms/FH-20/278.npy,FH-20
-0.0027827437,-0.018879795,0.8588972,0.80265266,0.8589017,-0.9953646,0.9967294,1.992094025015831,0.010908862,1.2575657,-0.6522034360946903,-2988281.25,2.3718655e-06,1.4952454e-07,0.826795860087517,0.00943475193514078,/content/drive/MyDrive/N-MON/ALTRO/spectograms/FH-20/279.npy,FH-20
0.006556436,0.023475718,0.87655145,0.8260824,0.876576,-0.9960197,0.9960959,1.992115631699562,-0.007664702,1.2199417,-0.8052342468588841,-2382812.5,3.7246568e-06,1.5507678e-07,0.823883509237548,0.0071601399615159305,/content/drive/MyDrive/N-MON/ALTRO/spectograms/FH-20/280.npy,FH-20
-0.0048323083,-0.026411952,0.85661906,0.79705834,0.8566327,-0.99505085,0.9970387,1.9920895844697952,0.019305361,1.2689143,-0.6895740792645545,-390625.0,2.2478514e-06,1.4781962e-07,0.8281463026285334,0.00571786967518641,/content/drive/MyDrive/N-MON/ALTRO/spectograms/FH-20/281.npy,FH-20
0.018844564,0.062884495,0.873273,0.8217325,0.8734763,-0.99560124,0.9964204,1.9920216351747513,-0.03974774,1.2297379,-0.8040097604357045,1015625.0,4.801914e-06,1.5262357e-07,0.8175200099722916,0.00892185622016613,/content/drive/MyDrive/N-MON/ALTRO/spectograms/FH-20/282.npy,FH-20
0.00688675,0.028279237,0.856522,0.7972378,0.8565497,-0.995057,0.99704355,1.9921004921197891,-0.0146425655,1.2671139,-0.6541447681462992,1015625.0,3.7669133e-06,1.4666601e-07,0.8253282245398414,0.005119386496134924,/content/drive/MyDrive/N-MON/ALTRO/spectograms/FH-20/283.npy,FH-20
-0.017535564,-0.034452867,0.86494195,0.80887413,0.86511964,-0.9953702,0.99654996,1.9919201731681824,0.03460191,1.2487893,-0.7414146586529303,-390625.0,1.950275e-06,1.4898183e-07,0.8296471233210584,0.007879726584976262,/content/drive/MyDrive/N-MON/ALTRO/spectograms/FH-20/284.npy,FH-20
-0.018664345,-0.058087926,0.86745566,0.81452477,0.8676565,-0.9954418,0.9964366,1.99187833070755,0.039764374,1.2370391,-0.7296639834268764,-996093.75,3.3660374e-06,1.4993033e-07,0.8314673570795897,0.004021516840776246,/content/drive/MyDrive/N-MON/ALTRO/spectograms/FH-20/285.npy,FH-20
-0.00277572,0.007881254,0.88449925,0.8390371,0.88450366,-0.99592865,0.99613106,1.992059737443924,0.0053635812,1.1977657,-0.8733492353099034,3007812.5,3.4613618e-06,1.5642864e-07,0.8225115750090128,0.0043108817101887055,/content/drive/MyDrive/N-MON/ALTRO/spectograms/FH-20/286.npy,FH-20
0.0013588567,0.02017965,0.8691152,0.8162399,0.8691163,-0.9953824,0.9967103,1.9920927435159683,-0.0035519397,1.2319306,-0.7229267207082729,-2382812.5,2.5183483e-06,1.486915e-07,0.8279217669629617,0.004575656466575974,/content/drive/MyDrive/N-MON/ALTRO/spectograms/FH-20/287.npy,FH-20
-0.0020920162,0.00458905,0.86784893,0.81588745,0.86785144,-0.99527025,0.99676824,1.992038518190384,0.0067372466,1.2348722,-0.7269147582073378,3007812.5,3.548238e-06,1.5383684e-07,0.8396096781645324,0.0064458556806102855,/content/drive/MyDrive/N-MON/ALTRO/spectograms/FH-20/288.npy,FH-20
0.008380905,-0.007305091,0.8667995,0.8130393,0.86684,-0.99556565,0.9964992,1.9920648634433746,-0.01845938,1.2406541,-0.73324498724035,-2382812.5,2.6887199e-06,1.5064302e-07,0.8242183743594976,0.005158533163919139,/content/drive/MyDrive/N-MON/ALTRO/spectograms/FH-20/289.npy,FH-20
-0.0045346133,-0.007114793,0.8755547,0.8248949,0.87556636,-0.99535567,0.99675286,1.9921085387468338,0.014254754,1.2225755,-0.820000583892977,3007812.5,3.1335974e-06,1.5382449e-07,0.8373707808482436,0.003611593339452077,/content/drive/MyDrive/N-MON/ALTRO/spectograms/FH-20/290.npy,FH-20
-0.009157225,-0.014703125,0.86888725,0.81588084,0.86893547,-0.9951352,0.99697983,1.9921150654554367,0.023756305,1.2360415,-0.7503776542213966,-2988281.25,4.3716104e-06,1.5325502e-07,0.8258382638136743,0.003365274097449507,/content/drive/MyDrive/N-MON/ALTRO/spectograms/FH-20/291.npy,FH-20
-0.012394811,-0.05056677,0.8657303,0.8131826,0.865819,-0.99578136,0.9961778,1.9919591695070267,0.030545546,1.2400475,-0.704975487356892,410156.25,2.8889074e-06,1.5233806e-07,0.8323674704109825,0.0061935506080509845,/content/drive/MyDrive/N-MON/ALTRO/spectograms/FH-20/292.npy,FH-20
-0.0014029793,0.00855906,0.8717979,0.8207737,0.871799,-0.99528104,0.9968363,1.9921173304319382,0.008093773,1.2264686,-0.7435772202456966,-2382812.5,3.095648e-06,1.5106892e-07,0.809691031671302,0.0062394913831731805,/content/drive/MyDrive/N-MON/ALTRO/spectograms/FH-20/293.npy,FH-20
0.008397966,0.00869612,0.859329,0.8036526,0.85937,-0.99514115,0.9969506,1.9920917451381683,-0.017386574,1.2559593,-0.6822769048063028,-2988281.25,4.2562447e-06,1.468868e-07,0.8137168596604007,0.009296020095705805,/content/drive/MyDrive/N-MON/ALTRO/spectograms/FH-20/294.npy,FH-20
0.003325863,-0.002529364,0.8742588,0.82282585,0.87426513,-0.99464715,0.99740344,1.992050588130951,-0.0039010607,1.2231357,-0.7875569554879559,-976562.5,2.807387e-06,1.4780531e-07,0.8340845810884429,0.007238150277855237,/content/drive/MyDrive/N-MON/ALTRO/spectograms/FH-20/295.npy,FH-20
0.012391621,0.0585225,0.8714596,0.81827956,0.87154776,-0.996106,0.9959428,1.9920488148927689,-0.031447962,1.2332922,-0.782855775640024,1015625.0,2.1043236e-06,1.4792202e-07,0.8234158870150574,0.005681455196270605,/content/drive/MyDrive/N-MON/ALTRO/spectograms/FH-20/296.npy,FH-20
-0.0077983146,-0.057699986,0.8812297,0.8333961,0.88126415,-0.99519414,0.99690866,1.9921028167009354,0.023371525,1.2062001,-0.8466168967822228,-2382812.5,2.9212597e-06,1.5233252e-07,0.8329551493453408,0.004782581004163843,/content/drive/MyDrive/N-MON/ALTRO/spectograms/FH-20/297.npy,FH-20
-0.0073835556,-0.021861834,0.8698789,0.81546205,0.86991024,-0.9943761,0.9975617,1.9919378161430359,0.023900954,1.237181,-0.781578040034611,-2988281.25,4.2298043e-06,1.5319787e-07,0.8385095922086463,0.004248357298234153,/content/drive/MyDrive/N-MON/ALTRO/spectograms/FH-20/298.npy,FH-20
0.010555652,0.020617787,0.8756851,0.82472473,0.8757487,-0.99491274,0.99714595,1.9920586794614792,-0.019304791,1.2219231,-0.7959251295783735,3007812.5,2.2596398e-06,1.5214225e-07,0.8300776369902767,0.007531347638073258,/content/drive/MyDrive/N-MON/ALTRO/spectograms/FH-20/299.npy,FH-20
-0.008535502,-0.038054507,0.87376255,0.82213193,0.8738042,-0.9950675,0.9969506,1.9920180886983871,0.021303391,1.2276529,-0.8019330510755004,3007812.5,2.8228608e-06,1.504448e-07,0.8246255437349072,0.0050580169768590375,/content/drive/MyDrive/N-MON/ALTRO/spectograms/FH-20/300.npy,FH-20
-0.010355735,-0.02676797,0.8436486,0.7757525,0.8437121,-0.9955597,0.99648476,1.9920444190502167,0.023985479,1.3054222,-0.6056449162028229,1015625.0,1.5931934e-06,1.4351505e-07,0.821700558558392,0.006799694162273389,/content/drive/MyDrive/N-MON/ALTRO/spectograms/FH-20/301.npy,FH-20
0.014870447,0.051063556,0.8567085,0.79686666,0.8568376,-0.9955702,0.99644464,1.9920148253440857,-0.031558994,1.2697256,-0.6932365165886455,-2988281.25,3.6259214e-06,1.4745645e-07,0.8241305872937369,0.004684647464886486,/content/drive/MyDrive/N-MON/ALTRO/spectograms/FH-20/302.npy,FH-20
-0.008420172,-0.049765684,0.8695922,0.81564254,0.8696329,-0.9951078,0.9969834,1.9920912683010101,0.0277783,1.236304,-0.7804308315195164,-2988281.25,2.1100107e-06,1.4783285e-07,0.8307148670276643,0.004088340524777642,/content/drive/MyDrive/N-MON/ALTRO/spectograms/FH-20/303.npy,FH-20
0.0016860393,-0.0036077756,0.8634846,0.80819166,0.86348623,-0.99577564,0.99631584,1.992091491818428,-0.0025839407,1.2473857,-0.7036286156570039,1015625.0,4.0899954e-06,1.4781078e-07,0.8154118579079771,0.004676305034344626,/content/drive/MyDrive/N-MON/ALTRO/spectograms/FH-20/304.npy,FH-20
0.0011477509,-0.010826487,0.8741284,0.82423145,0.8741291,-0.99513686,0.9969373,1.9920741319656372,0.0038845828,1.2227277,-0.8031464670324998,3007812.5,3.7244797e-06,1.5206822e-07,0.8383122028320724,0.003511397280195671,/content/drive/MyDrive/N-MON/ALTRO/spectograms/FH-20/305.npy,FH-20
-0.00042909288,0.027602766,0.85824436,0.8043268,0.8582445,-0.99578255,0.9962729,1.992055520415306,0.0013444836,1.2538395,-0.6280985785463901,3007812.5,2.5903091e-06,1.4994984e-07,0.8245649252801972,0.011135663405866367,/content/drive/MyDrive/N-MON/ALTRO/spectograms/FH-20/306.npy,FH-20
0.0060758265,0.023440702,0.87365264,0.8207079,0.87367374,-0.9959787,0.9961102,1.992088943719864,-0.012792223,1.2290267,-0.8169424998864817,1015625.0,2.6016537e-06,1.5304946e-07,0.8224567640757496,0.007740725777940646,/content/drive/MyDrive/N-MON/ALTRO/spectograms/FH-20/307.npy,FH-20
0.0036802765,-0.0065931208,0.8611807,0.80264115,0.86118865,-0.9948045,0.9972792,1.9920837134122849,-0.0026394038,1.2597668,-0.7215519285167807,-2988281.25,3.6652236e-06,1.5201941e-07,0.8189965715438685,0.0051779145035518795,/content/drive/MyDrive/N-MON/ALTRO/spectograms/FH-20/308.npy,FH-20
0.011820043,0.028412074,0.8657006,0.81141883,0.86578125,-0.9949014,0.99717396,1.9920753836631775,-0.022226876,1.2470577,-0.7745471435432948,1015625.0,2.2423267e-06,1.4987066e-07,0.822938920541757,0.009432442860865604,/content/drive/MyDrive/N-MON/ALTRO/spectograms/FH-20/309.npy,FH-20
-0.00043796469,0.012155217,0.854132,0.7980056,0.85413206,-0.99564826,0.996438,1.9920863211154938,0.0026018894,1.2637129,-0.600909670198612,-2988281.25,4.1914386e-06,1.4675209e-07,0.8313837333959103,0.00977721943150479,/content/drive/MyDrive/N-MON/ALTRO/spectograms/FH-20/310.npy,FH-20
-0.0013857107,0.005086736,0.8709051,0.8200212,0.8709062,-0.9948052,0.9972735,1.9920786768198013,0.004035752,1.2268213,-0.7351037841364879,1035156.25,1.697385e-06,1.5328479e-07,0.8358485416569322,0.008315912464574148,/content/drive/MyDrive/N-MON/ALTRO/spectograms/FH-20/311.npy,FH-20
0.0129031865,0.040187515,0.86882925,0.81503224,0.8689251,-0.9949177,0.9970745,1.9919921904802322,-0.026107738,1.2374158,-0.7401812036670209,3007812.5,2.7894705e-06,1.5238716e-07,0.823529631670082,0.002930715942161774,/content/drive/MyDrive/N-MON/ALTRO/spectograms/FH-20/312.npy,FH-20
0.01299535,0.028370086,0.8761693,0.8282008,0.8762657,-0.99501747,0.99701965,1.9920371323823929,-0.0221947,1.2148954,-0.7929944627071902,1015625.0,2.0524503e-06,1.507087e-07,0.8251192004893424,0.005735095003812316,/content/drive/MyDrive/N-MON/ALTRO/spectograms/FH-20/313.npy,FH-20
0.0036701944,0.02016244,0.8699976,0.81906533,0.87000537,-0.99531585,0.9967112,1.9920270442962646,-0.009300261,1.22896,-0.7411036185764487,-2382812.5,3.2257772e-06,1.5281259e-07,0.830179378947366,0.005516084304133379,/content/drive/MyDrive/N-MON/ALTRO/spectograms/FH-20/314.npy,FH-20
-0.0037872395,-0.01883947,0.85951364,0.80225015,0.8595219,-0.99534446,0.9967724,1.9921168237924576,0.011129885,1.258019,-0.6788379725113628,-390625.0,2.496845e-06,1.5078403e-07,0.8296729372195841,0.003981560520123674,/content/drive/MyDrive/N-MON/ALTRO/spectograms/FH-20/315.npy,FH-20
-0.00048329722,0.02090371,0.8579491,0.8006635,0.85794926,-0.99462986,0.9974499,1.9920797497034073,-0.0024879246,1.2613261,-0.6715438726543886,3007812.5,2.3575558e-06,1.525346e-07,0.8250269687510612,0.0026987057278254137,/content/drive/MyDrive/N-MON/ALTRO/spectograms/FH-20/316.npy,FH-20
-0.009261587,-0.022520943,0.8474999,0.7828547,0.84755045,-0.99509513,0.9969389,1.9920340329408646,0.019111523,1.2923708,-0.59922423385658,410156.25,1.9736422e-06,1.4477313e-07,0.8271512154523091,0.005857644894398073,/content/drive/MyDrive/N-MON/ALTRO/spectograms/FH-20/317.npy,FH-20
0.013317867,0.020830872,0.85439193,0.7955801,0.85449576,-0.99455816,0.99742216,1.9919803142547607,-0.020762691,1.2684621,-0.630874080669929,-2988281.25,3.3367814e-06,1.5305187e-07,0.8237750305226375,0.004794188040982037,/content/drive/MyDrive/N-MON/ALTRO/spectograms/FH-20/318.npy,FH-20
-2.434206e-05,-0.019495457,0.8619835,0.80560094,0.8619835,-0.99601924,0.99608433,1.992103561758995,0.004599783,1.2508812,-0.6821391121335775,3007812.5,2.6727205e-06,1.5045791e-07,0.8304122731240728,0.007827593536780725,/content/drive/MyDrive/N-MON/ALTRO/spectograms/FH-20/319.npy,FH-20
0.0022222523,0.04716461,0.88087547,0.8324005,0.88087827,-0.99575,0.9963219,1.992071971297264,-0.009642344,1.2076089,-0.8299897261185737,-2988281.25,3.1020304e-06,1.5569623e-07,0.8284925754004189,0.009057101843545376,/content/drive/MyDrive/N-MON/ALTRO/spectograms/FH-20/320.npy,FH-20
0.008136999,-0.014776103,0.8558698,0.79930663,0.8559085,-0.99515355,0.99681854,1.991972103714943,-0.007807365,1.2621285,-0.6265270751501203,3007812.5,2.5548782e-06,1.4543744e-07,0.8264327212045741,0.008396151915412108,/content/drive/MyDrive/N-MON/ALTRO/spectograms/FH-20/321.npy,FH-20
-0.0064943265,-0.010480214,0.87910664,0.83013475,0.87913066,-0.99472547,0.9973546,1.9920801520347595,0.011858587,1.2141819,-0.8546264480819349,-2382812.5,2.2854592e-06,1.51515e-07,0.831728417723506,0.0030164518435068055,/content/drive/MyDrive/N-MON/ALTRO/spectograms/FH-20/322.npy,FH-20
-0.0009930861,-0.027172115,0.8688609,0.8147655,0.86886144,-0.9958538,0.99623835,1.992092102766037,0.005562939,1.2395582,-0.7724775367678715,-2988281.25,2.9015216e-06,1.497333e-07,0.8194046566195575,0.00455546894678062,/content/drive/MyDrive/N-MON/ALTRO/spectograms/FH-20/323.npy,FH-20
0.007819149,0.020282313,0.8861515,0.83940494,0.886186,-0.9953425,0.9967568,1.9920993000268936,-0.013388445,1.1985962,-0.9030086692960336,3007812.5,2.7545457e-06,1.5396182e-07,0.839111929690257,0.003592518965687778,/content/drive/MyDrive/N-MON/ALTRO/spectograms/FH-20/324.npy,FH-20
-0.00017857409,0.012166033,0.8747357,0.8231815,0.8747357,-0.9956038,0.9964663,1.9920700639486313,0.00012120141,1.2237873,-0.7991057213934304,-2988281.25,2.847805e-06,1.5000325e-07,0.8196997466184199,0.0025821146276862796,/content/drive/MyDrive/N-MON/ALTRO/spectograms/FH-20/325.npy,FH-20
-0.012596878,-0.07282753,0.86841255,0.8162002,0.8685039,-0.9946799,0.9973115,1.9919914305210114,0.03631901,1.2376212,-0.7526217101087181,-2988281.25,3.4279767e-06,1.4935907e-07,0.8278408699679777,0.00499151614186225,/content/drive/MyDrive/N-MON/ALTRO/spectograms/FH-20/326.npy,FH-20
0.005108562,0.0125706615,0.85195583,0.79290414,0.85197115,-0.9951502,0.996829,1.9919791668653488,-0.014380508,1.2732052,-0.6042967152032724,-2988281.25,3.700004e-06,1.510122e-07,0.8243366290936484,0.00621950509748273,/content/drive/MyDrive/N-MON/ALTRO/spectograms/FH-20/327.npy,FH-20
-4.917431e-05,0.021077521,0.85450006,0.79737854,0.85450006,-0.99450374,0.9976114,1.9921151101589203,-0.002107397,1.2673582,-0.6416130094614979,-2988281.25,3.3202643e-06,1.4765786e-07,0.832413982086248,0.005135111046112363,/content/drive/MyDrive/N-MON/ALTRO/spectograms/FH-20/328.npy,FH-20
-0.0023166484,-0.003565702,0.87856454,0.8299365,0.87856764,-0.9956998,0.9963555,1.992055281996727,0.003988523,1.2119632,-0.8127564317281549,-996093.75,2.3917494e-06,1.5202953e-07,0.8237142703454692,0.0036098759835106564,/content/drive/MyDrive/N-MON/ALTRO/spectograms/FH-20/329.npy,FH-20
-0.00177461,-0.022548491,0.87882006,0.82903236,0.8788219,-0.995198,0.9969324,1.9921304136514664,0.00407574,1.2138193,-0.8398947528603397,1015625.0,3.6771735e-06,1.5091592e-07,0.8146821927685186,0.0050014024415242775,/content/drive/MyDrive/N-MON/ALTRO/spectograms/FH-20/330.npy,FH-20
0.009975167,0.02412418,0.8647712,0.8109539,0.8648288,-0.99536914,0.9966914,1.9920605272054672,-0.014053883,1.2451637,-0.7168877130706736,-2382812.5,4.362181e-06,1.5162945e-07,0.8289590436504053,0.00863316888037814,/content/drive/MyDrive/N-MON/ALTRO/spectograms/FH-20/331.npy,FH-20
-0.012209319,-0.04136564,0.8673994,0.80951023,0.8674853,-0.9943876,0.9976015,1.991989180445671,0.03029368,1.2459434,-0.7478923507078133,1015625.0,2.1663661e-06,1.5376882e-07,0.8371482549250273,0.007184807732680566,/content/drive/MyDrive/N-MON/ALTRO/spectograms/FH-20/332.npy,FH-20
0.004448621,0.019831538,0.847574,0.7847414,0.8475857,-0.99572575,0.9963838,1.9921095371246338,-0.011233628,1.2911099,-0.6267634443779634,-2382812.5,4.078521e-06,1.4717011e-07,0.8271080831428628,0.006564696031330655,/content/drive/MyDrive/N-MON/ALTRO/spectograms/FH-20/333.npy,FH-20
0.0056599514,-0.010445621,0.84571594,0.7821046,0.8457349,-0.99475825,0.99730843,1.9920667260885239,0.0017319329,1.2936697,-0.5953070429450334,-390625.0,3.0416434e-06,1.4504538e-07,0.8326493387480066,0.0055436466452934525,/content/drive/MyDrive/N-MON/ALTRO/spectograms/FH-20/334.npy,FH-20
-0.002922744,-0.0034470938,0.87973523,0.83111346,0.8797401,-0.99557227,0.9965557,1.9921279549598694,0.008106152,1.2113513,-0.842399059112057,1015625.0,2.2502552e-06,1.5511166e-07,0.815876261488186,0.007087434244683209,/content/drive/MyDrive/N-MON/ALTRO/spectograms/FH-20/335.npy,FH-20
0.0018174634,0.0050161676,0.85907096,0.8023225,0.8590728,-0.9949151,0.99716705,1.9920822083950043,0.004282216,1.2603238,-0.7001126288583822,-996093.75,2.5513066e-06,1.4871952e-07,0.8345929338275694,0.00661342982313662,/content/drive/MyDrive/N-MON/ALTRO/spectograms/FH-20/336.npy,FH-20
0.004722742,0.020487472,0.8572749,0.79770404,0.85728794,-0.9950514,0.99699926,1.9920506030321121,-0.011162424,1.2673227,-0.686520596562021,2421875.0,2.3246253e-06,1.4844225e-07,0.8309615677691495,0.007004120237507777,/content/drive/MyDrive/N-MON/ALTRO/spectograms/FH-20/337.npy,FH-20
-0.0024276217,-0.0144514255,0.87759805,0.8293462,0.87760144,-0.9948708,0.9972477,1.9921185225248337,0.010359732,1.2117659,-0.7941880728794307,-2382812.5,2.4568994e-06,1.5355506e-07,0.8170189768500572,0.004717748156129887,/content/drive/MyDrive/N-MON/ALTRO/spectograms/FH-20/338.npy,FH-20
0.0113812145,0.004957709,0.8663829,0.8146997,0.86645764,-0.9950032,0.9970191,1.9920223504304886,-0.016044213,1.2381881,-0.7133279873442709,-2988281.25,3.6925694e-06,1.5155285e-07,0.8264808727783558,0.012053052333758127,/content/drive/MyDrive/N-MON/ALTRO/spectograms/FH-20/339.npy,FH-20
-0.005870509,-0.026795307,0.8738328,0.8217877,0.87385255,-0.99552417,0.99657327,1.9920974224805832,0.018007718,1.2259053,-0.7959287209807747,-2988281.25,4.194988e-06,1.5279409e-07,0.8304170363428078,0.00410654523140557,/content/drive/MyDrive/N-MON/ALTRO/spectograms/FH-20/340.npy,FH-20
-0.020617874,-0.033759825,0.8700121,0.8149576,0.8702564,-0.99448675,0.99756986,1.9920566082000732,0.03863222,1.2404476,-0.7938161850757705,1015625.0,2.1897363e-06,1.4841476e-07,0.8479803253364968,0.009645925959677113,/content/drive/MyDrive/N-MON/ALTRO/spectograms/FH-20/341.npy,FH-20
-0.0122132795,-0.05356174,0.8768475,0.82795566,0.8769325,-0.994973,0.99712145,1.992094486951828,0.029042955,1.213992,-0.7761484686626946,1015625.0,2.4109586e-06,1.5118675e-07,0.8232732828358714,0.004700638267072077,/content/drive/MyDrive/N-MON/ALTRO/spectograms/FH-20/342.npy,FH-20
0.003950819,-0.007636714,0.8683626,0.8133976,0.8683716,-0.99591094,0.99615616,1.9920670837163925,-0.010709623,1.2386633,-0.7551626485607895,-2988281.25,2.7311269e-06,1.4906475e-07,0.8262760443912367,0.005244532752560604,/content/drive/MyDrive/N-MON/ALTRO/spectograms/FH-20/343.npy,FH-20
-0.0018494392,-0.0024643634,0.875249,0.8277706,0.87525094,-0.99468064,0.99738824,1.9920689165592194,0.0017754922,1.2141407,-0.7713192486375312,-2988281.25,2.4246067e-06,1.5301518e-07,0.833036039339367,0.006432391101203295,/content/drive/MyDrive/N-MON/ALTRO/spectograms/FH-20/344.npy,FH-20
0.0075546447,0.02055579,0.84536135,0.7823676,0.8453951,-0.99495536,0.997074,1.992029383778572,-0.008610069,1.2940911,-0.579065324617056,-2988281.25,3.1358272e-06,1.474794e-07,0.8378285596588332,0.007298847439570881,/content/drive/MyDrive/N-MON/ALTRO/spectograms/FH-20/345.npy,FH-20
-0.0053067333,0.004309389,0.8509069,0.78956336,0.8509235,-0.9955788,0.99646217,1.992040991783142,0.014797679,1.2798562,-0.6187422128227081,-2988281.25,4.351855e-06,1.4704568e-07,0.8320333210573397,0.00428974538865831,/content/drive/MyDrive/N-MON/ALTRO/spectograms/FH-20/346.npy,FH-20
0.006059163,0.0048688934,0.86631763,0.81127554,0.86633885,-0.99503106,0.9970112,1.9920422732830048,-0.014162511,1.2422581,-0.7256488845011867,-1660156.25,1.5927831e-06,1.5200315e-07,0.8370150824868579,0.003672452663932301,/content/drive/MyDrive/N-MON/ALTRO/spectograms/FH-20/347.npy,FH-20
0.005065765,0.024526952,0.87338775,0.8235386,0.8734024,-0.99494714,0.99712956,1.9920767098665237,-0.011923754,1.2247294,-0.7953072007181304,-976562.5,2.7693136e-06,1.5280582e-07,0.8216686906682975,0.004761225979199134,/content/drive/MyDrive/N-MON/ALTRO/spectograms/FH-20/348.npy,FH-20
-1.06024745e-05,-0.01859013,0.85998166,0.8045759,0.85998166,-0.9951095,0.9970052,1.992114707827568,0.0025639604,1.2531519,-0.6541854615834622,-2382812.5,2.0625796e-06,1.4956879e-07,0.8166253606201841,0.015189260766892787,/content/drive/MyDrive/N-MON/ALTRO/spectograms/FH-20/349.npy,FH-20
-0.0062619434,-0.03466635,0.8776857,0.82763,0.877708,-0.9955418,0.99657005,1.99211186170578,0.014347538,1.2153183,-0.8079882290068375,-2382812.5,3.343584e-06,1.5063077e-07,0.8422155824131038,0.0030431558100721227,/content/drive/MyDrive/N-MON/ALTRO/spectograms/FH-20/350.npy,FH-20
0.0053009083,0.012057359,0.85260886,0.79081434,0.8526253,-0.9957545,0.9963294,1.9920839369297028,-0.017111327,1.2783285,-0.64207969444188,-2382812.5,4.0030495e-06,1.4738669e-07,0.8290679850818,0.005189950642675202,/content/drive/MyDrive/N-MON/ALTRO/spectograms/FH-20/351.npy,FH-20
-0.0041542454,0.012712628,0.8651564,0.8134226,0.86516637,-0.99507,0.99700177,1.9920717477798462,0.0062888972,1.2382729,-0.7102312024235601,-2382812.5,2.4886835e-06,1.5140151e-07,0.8278324528982316,0.006757270727158934,/content/drive/MyDrive/N-MON/ALTRO/spectograms/FH-20/352.npy,FH-20
-0.009334324,-0.011521923,0.8499112,0.7884481,0.84996253,-0.995865,0.9961342,1.991999164223671,0.017257355,1.2820786,-0.5949539900925976,-2382812.5,2.4011129e-06,1.4720987e-07,0.8244007522735315,0.006490836036245912,/content/drive/MyDrive/N-MON/ALTRO/spectograms/FH-20/353.npy,FH-20
-0.007936328,-0.03824003,0.8686788,0.8176672,0.86871505,-0.9952118,0.996897,1.992108777165413,0.026442682,1.2292846,-0.7100610524532521,3007812.5,2.8531383e-06,1.4912615e-07,0.8235841481088677,0.005046180929377742,/content/drive/MyDrive/N-MON/ALTRO/spectograms/FH-20/354.npy,FH-20
0.0024443574,-0.010399537,0.86085,0.80283815,0.86085343,-0.99475574,0.99734765,1.9921033680438995,-0.0002776386,1.2560278,-0.7029836084705271,-2988281.25,2.2994873e-06,1.4873359e-07,0.8255532768609429,0.007169845951875976,/content/drive/MyDrive/N-MON/ALTRO/spectograms/FH-20/355.npy,FH-20
0.011989883,0.024368856,0.8670205,0.81523806,0.8671034,-0.99508965,0.9969293,1.9920189082622528,-0.021515826,1.2363515,-0.7201376065314405,-2382812.5,1.978808e-06,1.5191839e-07,0.8330212768645813,0.0047411711239335064,/content/drive/MyDrive/N-MON/ALTRO/spectograms/FH-20/356.npy,FH-20
0.0016288842,0.004749677,0.8733128,0.8220018,0.8733143,-0.9952205,0.9968671,1.9920875877141953,-0.001453603,1.2268304,-0.8013648245743435,-2988281.25,1.8169055e-06,1.5138774e-07,0.8375336049685748,0.010742772023686306,/content/drive/MyDrive/N-MON/ALTRO/spectograms/FH-20/357.npy,FH-20
-0.0026829892,-0.0027882333,0.84827864,0.78582007,0.8482829,-0.9948986,0.997134,1.9920325726270676,0.010352683,1.2860155,-0.5959984053944148,1015625.0,2.4348112e-06,1.4692083e-07,0.8136928002991655,0.013251596545631178,/content/drive/MyDrive/N-MON/ALTRO/spectograms/FH-20/358.npy,FH-20
0.008246375,0.011974374,0.8469459,0.78308177,0.846986,-0.9958036,0.9962791,1.992082729935646,-0.02029116,1.292399,-0.6003014843120501,-2382812.5,2.2649006e-06,1.4394007e-07,0.8184917787262831,0.008971634789444006,/content/drive/MyDrive/N-MON/ALTRO/spectograms/FH-20/359.npy,FH-20
-0.006259236,-0.05362323,0.87980604,0.8322912,0.87982833,-0.9949577,0.99705607,1.9920137375593185,0.016256018,1.2076242,-0.8034736940126398,-2988281.25,2.8988372e-06,1.5223429e-07,0.8248471478577417,0.005094534780344182,/content/drive/MyDrive/N-MON/ALTRO/spectograms/FH-20/360.npy,FH-20
0.006094019,0.0016055724,0.8540191,0.79530185,0.85404086,-0.994441,0.9976383,1.9920792430639267,-0.01015795,1.2724981,-0.6723584730134596,3007812.5,2.5482047e-06,1.4645366e-07,0.8287056395996287,0.005350751567090775,/content/drive/MyDrive/N-MON/ALTRO/spectograms/FH-20/361.npy,FH-20
0.0004016819,0.015427909,0.8520117,0.7907811,0.8520118,-0.99617565,0.99586314,1.9920387864112854,-0.0031040066,1.2778131,-0.6362603085194004,3007812.5,1.937126e-06,1.5127608e-07,0.8284237597217237,0.004662299282568949,/content/drive/MyDrive/N-MON/ALTRO/spectograms/FH-20/362.npy,FH-20
0.014855259,0.082725674,0.8793053,0.83230823,0.87943083,-0.9953331,0.99674153,1.9920746237039566,-0.035060875,1.2082167,-0.7908528774679314,-2988281.25,3.2516407e-06,1.5336589e-07,0.8362351076189872,0.011718878944811637,/content/drive/MyDrive/N-MON/ALTRO/spectograms/FH-20/363.npy,FH-20
0.002827235,0.012253288,0.8580635,0.8013104,0.8580682,-0.99552023,0.99659455,1.9921147674322128,0.00083404174,1.2573119,-0.6498377740177671,410156.25,2.6998962e-06,1.4898912e-07,0.8302755665810464,0.008039330349427937,/content/drive/MyDrive/N-MON/ALTRO/spectograms/FH-20/364.npy,FH-20
-0.003979879,-0.0148285795,0.8603119,0.8039497,0.8603211,-0.99521303,0.99684614,1.992059201002121,0.009464643,1.2536706,-0.6796406299132097,1015625.0,1.9848735e-06,1.4871665e-07,0.8209806371092526,0.006818692288874469,/content/drive/MyDrive/N-MON/ALTRO/spectograms/FH-20/365.npy,FH-20
0.0014472249,0.012560609,0.871019,0.81599104,0.8710202,-0.995226,0.9969012,1.9921272695064545,0.0028709343,1.2345043,-0.7902049143076414,-2988281.25,1.921576e-06,1.5016064e-07,0.8403089752358204,0.005370502649608712,/content/drive/MyDrive/N-MON/ALTRO/spectograms/FH-20/366.npy,FH-20
0.009989829,0.05202146,0.85401237,0.79255956,0.8540708,-0.9948921,0.9970975,1.9919896125793457,-0.027254483,1.2750286,-0.6550868111757931,-2988281.25,3.4203674e-06,1.4570797e-07,0.8193900730532837,0.01313729100305034,/content/drive/MyDrive/N-MON/ALTRO/spectograms/FH-20/367.npy,FH-20
0.0018060617,0.017084531,0.8757419,0.82551026,0.87574375,-0.99461544,0.99750245,1.9921178817749023,-0.00040293657,1.220137,-0.8037504723252057,1015625.0,3.5792877e-06,1.5417373e-07,0.8220606364048899,0.003032337793829113,/content/drive/MyDrive/N-MON/ALTRO/spectograms/FH-20/368.npy,FH-20
-0.0013932857,0.0044763954,0.85419124,0.7956273,0.8541924,-0.99545914,0.99651486,1.9919740110635757,0.004535568,1.2679789,-0.631872924322349,-2988281.25,3.0954518e-06,1.4761623e-07,0.8385354926986892,0.006348971843277361,/content/drive/MyDrive/N-MON/ALTRO/spectograms/FH-20/369.npy,FH-20
-0.014643667,-0.041585684,0.8636786,0.8104309,0.86380273,-0.994757,0.99716955,1.9919265657663345,0.029954545,1.2410872,-0.6828566412896145,-2382812.5,3.8580492e-06,1.4819395e-07,0.8200318487751983,0.004222835002707548,/content/drive/MyDrive/N-MON/ALTRO/spectograms/FH-20/370.npy,FH-20
-0.0072471313,-0.026171755,0.8764302,0.8277941,0.8764602,-0.9948991,0.997128,1.9920271188020706,0.016227052,1.2164515,-0.8057144066517347,-2988281.25,3.6403076e-06,1.4973354e-07,0.8251609735640122,0.00414051950521087,/content/drive/MyDrive/N-MON/ALTRO/spectograms/FH-20/371.npy,FH-20
-0.009196006,-0.025987562,0.8669986,0.811744,0.86704737,-0.99475974,0.99734765,1.9921073913574219,0.02009914,1.2405976,-0.7167317631429856,1015625.0,2.3122634e-06,1.503848e-07,0.8355312490670439,0.003439509694091664,/content/drive/MyDrive/N-MON/ALTRO/spectograms/FH-20/372.npy,FH-20
0.0070213373,0.051717177,0.88309455,0.83519644,0.88312244,-0.99517226,0.996945,1.9921173304319382,-0.018055506,1.2034874,-0.8612177263256467,3007812.5,3.392696e-06,1.5259225e-07,0.8255655781177238,0.002988208872330392,/content/drive/MyDrive/N-MON/ALTRO/spectograms/FH-20/373.npy,FH-20
-0.013217493,-0.018932194,0.8748258,0.8245782,0.87492573,-0.9954464,0.9965794,1.9920257925987244,0.027553242,1.2230647,-0.8072128964143258,410156.25,2.5430688e-06,1.5186274e-07,0.8256745419653995,0.004651208264550716,/content/drive/MyDrive/N-MON/ALTRO/spectograms/FH-20/374.npy,FH-20
0.003513607,-0.01808028,0.8629182,0.8058931,0.86292535,-0.9945792,0.9975159,1.9920950829982758,0.0015157372,1.2539619,-0.7220773562129522,-2382812.5,2.8210243e-06,1.4806508e-07,0.8366357031881039,0.006569414416545846,/content/drive/MyDrive/N-MON/ALTRO/spectograms/FH-20/375.npy,FH-20
0.00035506533,0.008760868,0.8578185,0.8001879,0.85781854,-0.99515647,0.9969437,1.992100179195404,-0.002521356,1.2600226,-0.6678121694602545,-2382812.5,3.9035817e-06,1.5043128e-07,0.8228402173493038,0.0021897704847559816,/content/drive/MyDrive/N-MON/ALTRO/spectograms/FH-20/376.npy,FH-20
-0.0010347719,-0.01937063,0.8767242,0.82478046,0.8767248,-0.99574685,0.996295,1.9920418411493301,0.0032213172,1.2202904,-0.8321577557451622,-2382812.5,3.5609762e-06,1.519494e-07,0.8304434337505313,0.009034635967743098,/content/drive/MyDrive/N-MON/ALTRO/spectograms/FH-20/377.npy,FH-20
-0.00071185484,-0.04128117,0.8647635,0.81166905,0.86476374,-0.99434024,0.99775845,1.9920986741781235,0.006901832,1.2414347,-0.6987079502616284,-2382812.5,3.2677149e-06,1.4864357e-07,0.8241237901606062,0.006346451378566123,/content/drive/MyDrive/N-MON/ALTRO/spectograms/FH-20/378.npy,FH-20
0.009108558,0.032299034,0.88247293,0.83487254,0.88251996,-0.99500936,0.99706817,1.992077499628067,-0.01853196,1.206129,-0.8821585487859577,-2382812.5,2.528182e-06,1.5281887e-07,0.8284002630732146,0.006990241290302971,/content/drive/MyDrive/N-MON/ALTRO/spectograms/FH-20/379.npy,FH-20
-0.00028570127,0.024472605,0.8736034,0.8237963,0.87360346,-0.9950439,0.9970002,1.9920441508293152,-0.002495995,1.2232668,-0.776455875509889,3007812.5,3.4300062e-06,1.5086016e-07,0.8041209138266339,0.006352128115307524,/content/drive/MyDrive/N-MON/ALTRO/spectograms/FH-20/380.npy,FH-20
0.005287797,0.016374193,0.87705964,0.8274246,0.8770756,-0.99532837,0.9967929,1.9921212941408157,-0.009188552,1.2164965,-0.8094266327773952,-996093.75,1.8600795e-06,1.5691515e-07,0.8314747548459345,0.0042796930243703,/content/drive/MyDrive/N-MON/ALTRO/spectograms/FH-20/381.npy,FH-20
0.0005473804,0.0038204463,0.87731713,0.8276516,0.8773173,-0.9960856,0.99602365,1.99210923910141,-0.0014985028,1.2167674,-0.8055461634577342,-2988281.25,3.300856e-06,1.501557e-07,0.8326709746195005,0.0024655682943299714,/content/drive/MyDrive/N-MON/ALTRO/spectograms/FH-20/382.npy,FH-20
-0.005332561,-0.026802562,0.8667669,0.8129337,0.8667833,-0.99538577,0.9966546,1.9920403957366943,0.010720696,1.240438,-0.7312753379711588,1015625.0,2.6977157e-06,1.4986642e-07,0.8344415858217741,0.009811608996253765,/content/drive/MyDrive/N-MON/ALTRO/spectograms/FH-20/383.npy,FH-20
0.016409125,0.07593827,0.86999846,0.81921786,0.8701531,-0.9941995,0.99773556,1.9919350892305374,-0.029258123,1.2284656,-0.7228690041395122,3007812.5,2.6840728e-06,1.5185078e-07,0.8509606368409119,0.008477086013798851,/content/drive/MyDrive/N-MON/ALTRO/spectograms/FH-20/384.npy,FH-20
0.004152098,-0.0031783413,0.86238325,0.8077211,0.8623932,-0.9952378,0.9967674,1.9920052289962769,-0.00653797,1.2467061,-0.6690255866471261,-2988281.25,2.840165e-06,1.502447e-07,0.8292560809274256,0.0059803992940343845,/content/drive/MyDrive/N-MON/ALTRO/spectograms/FH-20/385.npy,FH-20
0.013187348,0.036452193,0.8584548,0.8003037,0.85855615,-0.9947072,0.99729717,1.99200439453125,-0.027968528,1.2647264,-0.6884042650732757,3007812.5,3.4916166e-06,1.4906846e-07,0.814721217107526,0.010935564034253558,/content/drive/MyDrive/N-MON/ALTRO/spectograms/FH-20/386.npy,FH-20
-0.00415644,-0.0033204562,0.8674342,0.81361675,0.86744416,-0.9954856,0.99664223,1.9921278655529022,0.00844859,1.2397674,-0.7504059949446554,3007812.5,2.4284568e-06,1.4904501e-07,0.8264837554885539,0.006050464466093171,/content/drive/MyDrive/N-MON/ALTRO/spectograms/FH-20/387.npy,FH-20
0.0028848064,0.02027035,0.86803013,0.81599015,0.8680349,-0.99536014,0.996655,1.9920151382684708,-0.005541197,1.2329029,-0.7168063078015471,-2988281.25,2.3430437e-06,1.503669e-07,0.8206657067034002,0.0051541308437247114,/content/drive/MyDrive/N-MON/ALTRO/spectograms/FH-20/388.npy,FH-20
0.00012973881,0.044347607,0.86926365,0.81738657,0.86926365,-0.994622,0.99744433,1.9920663088560104,-0.0031592892,1.2336855,-0.7386239579879669,-2382812.5,2.0785158e-06,1.508007e-07,0.838759026771677,0.004336635738298885,/content/drive/MyDrive/N-MON/ALTRO/spectograms/FH-20/389.npy,FH-20
0.0025900921,-0.011755422,0.86209494,0.8048689,0.8620988,-0.9960996,0.99596834,1.9920679479837418,-0.0054195886,1.2565347,-0.7271101878586032,-2988281.25,2.432118e-06,1.5101224e-07,0.8356476548929124,0.006700449536121601,/content/drive/MyDrive/N-MON/ALTRO/spectograms/FH-20/390.npy,FH-20
0.012374369,0.055757433,0.8764143,0.8267601,0.8765016,-0.99482816,0.9971489,1.9919770658016205,-0.026285874,1.2187804,-0.8106853386489227,3007812.5,1.7206673e-06,1.5301626e-07,0.8908326608507104,0.0038785669840856745,/content/drive/MyDrive/N-MON/ALTRO/spectograms/FH-20/391.npy,FH-20
0.013526758,0.04634409,0.8688308,0.81752247,0.8689361,-0.99662477,0.9954,1.9920247793197632,-0.034883566,1.2316319,-0.7155723698929873,-2382812.5,3.8966436e-06,1.5074858e-07,0.8338327309622693,0.006481559920490035,/content/drive/MyDrive/N-MON/ALTRO/spectograms/FH-20/392.npy,FH-20
-0.0045728087,-0.006638532,0.8759867,0.8265198,0.8759986,-0.99487406,0.99722886,1.9921029061079025,0.011443402,1.2161793,-0.7836158611739733,-390625.0,2.0461093e-06,1.4947078e-07,0.8313725212327453,0.0031967993109996884,/content/drive/MyDrive/N-MON/ALTRO/spectograms/FH-20/393.npy,FH-20
-0.0077729453,-0.018737357,0.87283915,0.82410324,0.8728738,-0.99525166,0.9968358,1.9920874685049057,0.019917583,1.2196965,-0.7541932125201686,-2988281.25,2.5518118e-06,1.5389278e-07,0.8191689519681025,0.007864885285730485,/content/drive/MyDrive/N-MON/ALTRO/spectograms/FH-20/394.npy,FH-20
-0.005716957,0.0048896563,0.8745969,0.8249656,0.8746155,-0.9950423,0.9969934,1.9920357465744019,0.0094544925,1.2226872,-0.8064998675357834,-2988281.25,3.0381307e-06,1.5068049e-07,0.8301863449357011,0.006726444961179903,/content/drive/MyDrive/N-MON/ALTRO/spectograms/FH-20/395.npy,FH-20
-0.02064409,-0.0421449,0.87277526,0.82021546,0.8730194,-0.9950797,0.9967682,1.991847887635231,0.035912186,1.2317164,-0.8127196332074346,-2382812.5,3.4576592e-06,1.513453e-07,0.8257450729507166,0.0033526484886590093,/content/drive/MyDrive/N-MON/ALTRO/spectograms/FH-20/396.npy,FH-20
0.0020910315,0.020576965,0.88126874,0.8315993,0.88127124,-0.99506426,0.9970539,1.9921181946992874,-0.0078788195,1.2131493,-0.8937688371833216,3007812.5,2.4585872e-06,1.5033662e-07,0.8302323244513392,0.013485542828839597,/content/drive/MyDrive/N-MON/ALTRO/spectograms/FH-20/397.npy,FH-20
-0.0026083714,0.0051138923,0.8599085,0.80078137,0.8599125,-0.99484044,0.9972315,1.992071881890297,0.0014263627,1.2621814,-0.7019457118881355,-2988281.25,2.0048396e-06,1.4955978e-07,0.8307179935785602,0.0065391270369470084,/content/drive/MyDrive/N-MON/ALTRO/spectograms/FH-20/398.npy,FH-20
0.003992039,0.015504196,0.8789724,0.82935596,0.87898153,-0.9960733,0.99597776,1.9920510351657867,-0.0051756394,1.2138255,-0.8336386014196872,1015625.0,1.8687822e-06,1.512667e-07,0.8384154489780868,0.003961670061877531,/content/drive/MyDrive/N-MON/ALTRO/spectograms/FH-20/399.npy,FH-20
-0.0019957114,-0.010626404,0.85137665,0.78965783,0.851379,-0.9949413,0.99714893,1.9920902103185654,0.0026385034,1.2806077,-0.631615739787896,-2988281.25,3.5521527e-06,1.4553514e-07,0.819731494955182,0.009959357171771318,/content/drive/MyDrive/N-MON/ALTRO/spectograms/FH-20/400.npy,FH-20
-0.0009000192,0.0045664134,0.8670834,0.81236,0.8670839,-0.9954172,0.9966848,1.9921019971370697,0.00052418903,1.2401152,-0.7231052124895899,3007812.5,3.1170948e-06,1.5375488e-07,0.822867441365688,0.00481344081582618,/content/drive/MyDrive/N-MON/ALTRO/spectograms/FH-20/401.npy,FH-20
0.007466005,0.036087,0.8505781,0.7912994,0.8506109,-0.9951104,0.99692696,1.9920373558998108,-0.020330371,1.2775728,-0.6095919367251438,1015625.0,1.9426193e-06,1.4603432e-07,0.8322491811959779,0.003966845631826911,/content/drive/MyDrive/N-MON/ALTRO/spectograms/FH-20/402.npy,FH-20
-0.0031652073,-0.009641029,0.84577596,0.78167,0.84578186,-0.99399674,0.9981155,1.9921122193336487,0.0141825965,1.2961683,-0.6053511533052244,3007812.5,2.8538761e-06,1.4788063e-07,0.8235910687663965,0.005870699538738284,/content/drive/MyDrive/N-MON/ALTRO/spectograms/FH-20/403.npy,FH-20
-0.005144118,-0.018662516,0.86828,0.8149822,0.8682952,-0.9952084,0.9969063,1.9921146929264069,0.015380149,1.2360523,-0.723559055011899,3007812.5,1.7373313e-06,1.494506e-07,0.8357218742256911,0.005999081548876219,/content/drive/MyDrive/N-MON/ALTRO/spectograms/FH-20/404.npy,FH-20
0.0054255985,0.020670783,0.8813978,0.8334767,0.8814145,-0.99499947,0.9971298,1.9921292960643768,-0.009532187,1.2060626,-0.8428598806962136,1015625.0,2.3399357e-06,1.5349048e-07,0.8205706603752942,0.0070028248033587185,/content/drive/MyDrive/N-MON/ALTRO/spectograms/FH-20/405.npy,FH-20
0.0020933184,0.020805996,0.8786296,0.8293427,0.8786322,-0.99473935,0.9973561,1.992095485329628,-0.00620667,1.2148335,-0.8295786561211075,3007812.5,1.6669408e-06,1.5313877e-07,0.8417349167071062,0.0059129854932268204,/content/drive/MyDrive/N-MON/ALTRO/spectograms/FH-20/406.npy,FH-20
-8.512736e-06,-0.026607614,0.8642086,0.81008345,0.8642086,-0.99525005,0.9968318,1.9920818358659744,0.007556096,1.2435424,-0.7106424689248688,-2382812.5,4.178813e-06,1.5021271e-07,0.8283832124231476,0.008609491644987683,/content/drive/MyDrive/N-MON/ALTRO/spectograms/FH-20/407.npy,FH-20
-0.008152331,-0.026647884,0.85563266,0.7976849,0.85567147,-0.99524385,0.9967447,1.991988554596901,0.019275617,1.2670232,-0.6461517731320524,-2382812.5,3.0200486e-06,1.5048971e-07,0.8240600719292985,0.0035032600786506015,/content/drive/MyDrive/N-MON/ALTRO/spectograms/FH-20/408.npy,FH-20
-0.014988115,-0.08098617,0.8815813,0.8337633,0.88170874,-0.99499255,0.9970876,1.9920801371335983,0.035552397,1.2097435,-0.8692805553463218,-2988281.25,2.7888277e-06,1.5074775e-07,0.827750707734697,0.010514171946810768,/content/drive/MyDrive/N-MON/ALTRO/spectograms/FH-20/409.npy,FH-20
-0.010824672,-0.014993427,0.86924535,0.816211,0.86931276,-0.99536884,0.9966567,1.9920255541801453,0.021240536,1.2331237,-0.7279698039897983,-2382812.5,2.711399e-06,1.4822523e-07,0.8372598784192433,0.003572862804188434,/content/drive/MyDrive/N-MON/ALTRO/spectograms/FH-20/410.npy,FH-20
0.0017271561,0.0037400336,0.8705931,0.81857616,0.87059474,-0.9961017,0.9959345,1.992036148905754,-0.0012553645,1.231387,-0.7747853076627483,410156.25,2.235426e-06,1.500942e-07,0.8278898565923989,0.0038827575541035583,/content/drive/MyDrive/N-MON/ALTRO/spectograms/FH-20/411.npy,FH-20
0.00488923,0.03617213,0.86630225,0.8138904,0.866316,-0.99506825,0.9970272,1.9920955002307892,-0.01315464,1.2397599,-0.7264188230991363,3007812.5,2.5320799e-06,1.507864e-07,0.8097616360701857,0.009979561314262711,/content/drive/MyDrive/N-MON/ALTRO/spectograms/FH-20/412.npy,FH-20
0.006735599,0.0051279333,0.87062395,0.81900716,0.87065005,-0.9947212,0.9973464,1.9920675307512283,-0.00788578,1.2286218,-0.7398329659019717,-2382812.5,3.2347689e-06,1.531022e-07,0.8380933961619824,0.012987459751920123,/content/drive/MyDrive/N-MON/ALTRO/spectograms/FH-20/413.npy,FH-20
0.011707827,0.04779935,0.87721586,0.8277688,0.877294,-0.99504644,0.99695146,1.9919979274272919,-0.021491945,1.2144864,-0.8016117832672639,-2382812.5,2.005978e-06,1.5332671e-07,0.8347259359434042,0.005694733851691953,/content/drive/MyDrive/N-MON/ALTRO/spectograms/FH-20/414.npy,FH-20
-0.0046386053,-0.017759643,0.8647051,0.8102191,0.8647176,-0.9942919,0.9978156,1.9921075403690338,0.009996612,1.2437621,-0.7054156685959977,3007812.5,2.9105802e-06,1.4998835e-07,0.8253439745975986,0.005348723067470292,/content/drive/MyDrive/N-MON/ALTRO/spectograms/FH-20/415.npy,FH-20
-0.0008575685,0.024271997,0.85631347,0.7978209,0.8563139,-0.99523056,0.9968145,1.992045059800148,0.0013947401,1.2684131,-0.677123255668609,-2988281.25,3.478042e-06,1.445768e-07,0.8267100412287974,0.006774874380156853,/content/drive/MyDrive/N-MON/ALTRO/spectograms/FH-20/416.npy,FH-20
0.0016898183,-0.0028543961,0.8659763,0.81062675,0.8659779,-0.9949559,0.99708384,1.992039754986763,0.0013942143,1.243829,-0.7333808573289656,3007812.5,1.99496e-06,1.5051364e-07,0.8137344793156875,0.010029216813344977,/content/drive/MyDrive/N-MON/ALTRO/spectograms/FH-20/417.npy,FH-20
-0.0032486601,-0.011815051,0.86044365,0.8053489,0.86044973,-0.996072,0.9959475,1.992019459605217,0.010842365,1.2532537,-0.6878975879035104,-2382812.5,2.422634e-06,1.4667309e-07,0.838104586857475,0.004815669328093396,/content/drive/MyDrive/N-MON/ALTRO/spectograms/FH-20/418.npy,FH-20
-0.014206745,-0.041776642,0.84638095,0.7873619,0.8465002,-0.99468106,0.9972497,1.99193075299263,0.028306685,1.283048,-0.5454075430363857,410156.25,2.8582765e-06,1.4682965e-07,0.8467567896379341,0.002713824575340236,/content/drive/MyDrive/N-MON/ALTRO/spectograms/FH-20/419.npy,FH-20
7.30232e-05,-0.018160578,0.87618935,0.82484245,0.87618935,-0.9947028,0.9973639,1.9920667707920074,0.0070650666,1.2219537,-0.8275292666988731,1015625.0,2.7944652e-06,1.5114858e-07,0.8416107883097925,0.005380540774976229,/content/drive/MyDrive/N-MON/ALTRO/spectograms/FH-20/420.npy,FH-20
0.0022300514,0.004396686,0.87018776,0.81773674,0.8701906,-0.9954317,0.9966022,1.9920338690280914,0.0006698673,1.2305416,-0.7508470429836224,3007812.5,3.0318986e-06,1.5452845e-07,0.8204498635492163,0.0049571349690663265,/content/drive/MyDrive/N-MON/ALTRO/spectograms/FH-20/421.npy,FH-20
-0.0031979585,0.0050391527,0.8610656,0.80705357,0.8610716,-0.9950204,0.99701715,1.9920375347137451,0.003796247,1.24931,-0.6695476167973277,-976562.5,1.6809005e-06,1.4876333e-07,0.8292479650962494,0.008375277378497864,/content/drive/MyDrive/N-MON/ALTRO/spectograms/FH-20/422.npy,FH-20
-0.0016046019,-0.02193356,0.875297,0.82526577,0.8752985,-0.994483,0.99757123,1.9920542389154434,0.010186374,1.219022,-0.7864476489421756,3007812.5,2.4653964e-06,1.5210026e-07,0.8243577452104475,0.0039031445401008454,/content/drive/MyDrive/N-MON/ALTRO/spectograms/FH-20/423.npy,FH-20
0.00065050554,-0.002659235,0.8765556,0.8281802,0.87655586,-0.9947566,0.9973304,1.9920870512723923,0.0009911171,1.2160324,-0.8187730017066396,-2382812.5,5.2083847e-06,1.4967551e-07,0.8218807510590409,0.0030330073357371394,/content/drive/MyDrive/N-MON/ALTRO/spectograms/FH-20/424.npy,FH-20
-0.001521351,-0.018630456,0.85639775,0.7993679,0.8563991,-0.9951776,0.99691236,1.9920900017023087,0.0055807764,1.2615672,-0.6166228361598388,-2988281.25,2.6616126e-06,1.4887704e-07,0.8359379546410701,0.00807782654007272,/content/drive/MyDrive/N-MON/ALTRO/spectograms/FH-20/425.npy,FH-20
-0.0032688403,-0.022429422,0.8618164,0.8055486,0.8618226,-0.99505806,0.9970244,1.9920824468135834,0.0126248235,1.2517939,-0.6998050403032742,-2382812.5,1.8784153e-06,1.4924215e-07,0.8143499500056562,0.006128787423692318,/content/drive/MyDrive/N-MON/ALTRO/spectograms/FH-20/426.npy,FH-20
0.0027324134,0.024153838,0.86067855,0.8031245,0.8606829,-0.99533856,0.996773,1.9921115636825562,-0.007880403,1.2571907,-0.7005866569047604,3007812.5,3.1863005e-06,1.5199305e-07,0.8278934793305599,0.008423547273729666,/content/drive/MyDrive/N-MON/ALTRO/spectograms/FH-20/427.npy,FH-20
-0.008400288,-0.02268213,0.8710182,0.8186023,0.8710587,-0.9953403,0.9966847,1.992025002837181,0.014647463,1.2325642,-0.7666101866036562,-2382812.5,1.7929476e-06,1.5159121e-07,0.835402854786528,0.007943130270455545,/content/drive/MyDrive/N-MON/ALTRO/spectograms/FH-20/428.npy,FH-20
-0.004903637,-0.017899336,0.8764035,0.8294137,0.87641716,-0.99438787,0.9977275,1.992115393280983,0.015160395,1.2109011,-0.7563807989730861,-2382812.5,4.445363e-06,1.5359942e-07,0.8319020712304674,0.010919977260639719,/content/drive/MyDrive/N-MON/ALTRO/spectograms/FH-20/429.npy,FH-20
0.010765017,0.020148274,0.8590802,0.7999486,0.8591476,-0.9953677,0.9966769,1.9920446276664734,-0.015077313,1.2624441,-0.7067977894316827,-2382812.5,2.7808721e-06,1.4992719e-07,0.8240696279232319,0.002708367085263946,/content/drive/MyDrive/N-MON/ALTRO/spectograms/FH-20/430.npy,FH-20
0.00029889165,-0.030200666,0.8703525,0.8193921,0.8703525,-0.99494493,0.9971553,1.99210025370121,0.0033434408,1.2272109,-0.7214897251913018,3007812.5,3.445549e-06,1.499663e-07,0.829972744746476,0.007042502100046689,/content/drive/MyDrive/N-MON/ALTRO/spectograms/FH-20/431.npy,FH-20
0.010550166,0.0476891,0.8662349,0.8107787,0.8662991,-0.9952013,0.9968386,1.9920399338006973,-0.026660765,1.2453808,-0.7435448495125289,-996093.75,1.9918891e-06,1.5257046e-07,0.8405938782762591,0.0050705812810844615,/content/drive/MyDrive/N-MON/ALTRO/spectograms/FH-20/432.npy,FH-20
-0.009524926,0.0039273975,0.8690669,0.81569713,0.86911905,-0.99595064,0.9961378,1.9920884370803833,0.014145671,1.2348621,-0.748330497340895,-2382812.5,2.1197293e-06,1.49548e-07,0.8353361366104048,0.005096472601390749,/content/drive/MyDrive/N-MON/ALTRO/spectograms/FH-20/433.npy,FH-20
0.008767792,0.04375003,0.87729347,0.8274323,0.8773372,-0.995165,0.996903,1.9920679777860641,-0.018841626,1.215288,-0.8137813744818302,1015625.0,2.2770018e-06,1.4879433e-07,0.8244469523880192,0.009627253564700384,/content/drive/MyDrive/N-MON/ALTRO/spectograms/FH-20/434.npy,FH-20
-0.008265972,-0.042096183,0.8550519,0.79616064,0.8550918,-0.9950918,0.9968913,1.9919830858707428,0.021480253,1.2695143,-0.6358167476995816,3007812.5,2.7907706e-06,1.4647047e-07,0.8292525843647154,0.00855696973526181,/content/drive/MyDrive/N-MON/ALTRO/spectograms/FH-20/435.npy,FH-20
0.0046087587,-0.0028560804,0.87265784,0.81974185,0.87267005,-0.9951099,0.9969579,1.9920677989721298,-0.0018617379,1.230947,-0.8017099940913309,-2988281.25,4.7858853e-06,1.4820431e-07,0.8268474435003774,0.0034837953951706298,/content/drive/MyDrive/N-MON/ALTRO/spectograms/FH-20/436.npy,FH-20
-0.0031565593,-0.010989597,0.85089856,0.7879499,0.8509044,-0.99533045,0.9967835,1.9921139776706696,0.009461327,1.2823128,-0.6370411368305026,-2988281.25,4.7382923e-06,1.4420989e-07,0.8311555360305474,0.007398576804881602,/content/drive/MyDrive/N-MON/ALTRO/spectograms/FH-20/437.npy,FH-20
-0.0025482632,-0.026256345,0.87418985,0.8220602,0.87419355,-0.9950217,0.9971013,1.9921230226755142,0.006505659,1.2263659,-0.8018980322164327,1015625.0,2.8974675e-06,1.5027857e-07,0.8211958188665645,0.007117389595527458,/content/drive/MyDrive/N-MON/ALTRO/spectograms/FH-20/438.npy,FH-20
-0.0067672683,0.0005835558,0.8648411,0.8102799,0.86486757,-0.9954475,0.99662215,1.9920696914196014,0.011827569,1.242487,-0.7050329478657328,-2382812.5,2.506504e-06,1.4670827e-07,0.8318688595503061,0.011037928227049527,/content/drive/MyDrive/N-MON/ALTRO/spectograms/FH-20/439.npy,FH-20
0.005563847,0.011705782,0.86524975,0.8122089,0.8652676,-0.99606097,0.99606407,1.9921250939369202,-0.0049666497,1.2400019,-0.6984096383004365,1015625.0,2.0910547e-06,1.4992847e-07,0.8289550354088109,0.004591289632153415,/content/drive/MyDrive/N-MON/ALTRO/spectograms/FH-20/440.npy,FH-20
-0.0017322436,-0.010811767,0.862962,0.8082871,0.86296386,-0.9950956,0.9969884,1.9920840859413147,0.0050076107,1.2479194,-0.6957971195007914,1015625.0,3.337161e-06,1.4702576e-07,0.8230832260851122,0.008663788127605635,/content/drive/MyDrive/N-MON/ALTRO/spectograms/FH-20/441.npy,FH-20
-0.009352029,-0.0146593675,0.8673114,0.81350064,0.86736184,-0.99508923,0.99704003,1.9921292960643768,0.02284953,1.2409577,-0.7674734885656332,-2988281.25,3.8412113e-06,1.5184976e-07,0.8226190926362426,0.007034178170398786,/content/drive/MyDrive/N-MON/ALTRO/spectograms/FH-20/442.npy,FH-20
-0.0025157721,-0.0116598075,0.85168254,0.79039574,0.85168624,-0.99604106,0.9960109,1.9920519441366196,0.006026353,1.2797374,-0.6372936236299901,-2382812.5,2.936968e-06,1.4868004e-07,0.8332093049996901,0.005114443816551295,/content/drive/MyDrive/N-MON/ALTRO/spectograms/FH-20/443.npy,FH-20
0.0054701515,0.0054381667,0.86854947,0.81338197,0.8685667,-0.9946138,0.9974436,1.992057427763939,-0.00855654,1.2388228,-0.746414415121838,-2988281.25,2.7578321e-06,1.5203686e-07,0.8255977616798591,0.00872965695774237,/content/drive/MyDrive/N-MON/ALTRO/spectograms/FH-20/444.npy,FH-20
0.007344156,0.0008184598,0.8660441,0.81073296,0.8660753,-0.9952711,0.9967611,1.9920321553945541,-0.01114169,1.2431715,-0.7205419823823506,-2382812.5,2.2904076e-06,1.5029418e-07,0.8321042340615321,0.0037373952089279397,/content/drive/MyDrive/N-MON/ALTRO/spectograms/FH-20/445.npy,FH-20
0.0180084,0.021162145,0.862268,0.8050203,0.862456,-0.9944744,0.9973648,1.9918392300605774,-0.031159513,1.2531089,-0.6857508300773772,-2988281.25,2.7087985e-06,1.4564897e-07,0.8204470539807431,0.00807215067691423,/content/drive/MyDrive/N-MON/ALTRO/spectograms/FH-20/446.npy,FH-20
0.0039153635,0.019868184,0.85930526,0.80207205,0.8593142,-0.9957174,0.9963016,1.9920189827680588,-0.008169592,1.2595397,-0.6941435489250553,-2382812.5,2.445943e-06,1.4784244e-07,0.8413767950228461,0.0020644674030223667,/content/drive/MyDrive/N-MON/ALTRO/spectograms/FH-20/447.npy,FH-20
-0.0014514398,-0.045678273,0.8705142,0.81852525,0.8705154,-0.9948211,0.9972907,1.9921117573976517,0.012812271,1.2327135,-0.7762407970113739,1015625.0,2.8474915e-06,1.516355e-07,0.8224481497591215,0.004783184049336469,/content/drive/MyDrive/N-MON/ALTRO/spectograms/FH-20/448.npy,FH-20
-0.025719246,-0.08956228,0.8593944,0.8039398,0.85977906,-0.99557114,0.9963005,1.991871640086174,0.05901248,1.2581818,-0.6769735511703702,-390625.0,2.11602e-06,1.4801256e-07,0.8303213873454334,0.0039344359245370815,/content/drive/MyDrive/N-MON/ALTRO/spectograms/FH-20/449.npy,FH-20
0.005999745,0.023995103,0.86527574,0.811603,0.8652965,-0.99550766,0.9965753,1.992082953453064,-0.01135567,1.2416949,-0.6934166516117984,2421875.0,2.9283385e-06,1.5049378e-07,0.8324348647235345,0.004982918065967737,/content/drive/MyDrive/N-MON/ALTRO/spectograms/FH-20/450.npy,FH-20
0.011026999,0.03588562,0.862042,0.80633193,0.8621125,-0.9953517,0.9966258,1.9919774234294891,-0.022010226,1.2528462,-0.7039983501729098,-2988281.25,2.2337238e-06,1.4873851e-07,0.8327153659338302,0.0049746434608859205,/content/drive/MyDrive/N-MON/ALTRO/spectograms/FH-20/451.npy,FH-20
-0.006405398,-0.08865932,0.87662643,0.82924634,0.87664986,-0.9948286,0.99722224,1.9920508116483688,0.019510904,1.2138379,-0.8027185352933205,-2382812.5,2.1019334e-06,1.5204418e-07,0.8358822047848797,0.006929229656534581,/content/drive/MyDrive/N-MON/ALTRO/spectograms/FH-20/452.npy,FH-20
-0.0031112432,-0.003159375,0.87018245,0.8180037,0.870188,-0.99527293,0.99679106,1.9920639991760254,0.011399751,1.231599,-0.7507818207575997,-2988281.25,2.2309919e-06,1.5132892e-07,0.8411938067658427,0.004915978140013311,/content/drive/MyDrive/N-MON/ALTRO/spectograms/FH-20/453.npy,FH-20
-0.0050912416,0.00486978,0.86458766,0.8093735,0.8646027,-0.9950913,0.99701494,1.9921062737703323,0.0068958825,1.2471883,-0.7207958405159972,1015625.0,2.8830248e-06,1.4726476e-07,0.835712583232376,0.002588020402090146,/content/drive/MyDrive/N-MON/ALTRO/spectograms/FH-20/454.npy,FH-20
-0.0016405878,-0.014355248,0.8758053,0.82553977,0.8758069,-0.9948208,0.99724245,1.9920632243156433,0.010743254,1.2210793,-0.807330244550455,3007812.5,3.095806e-06,1.5348846e-07,0.8304100109919068,0.0051256016646398965,/content/drive/MyDrive/N-MON/ALTRO/spectograms/FH-20/455.npy,FH-20
-0.0046457616,-0.022749696,0.8654938,0.81134194,0.8655063,-0.99535924,0.99673796,1.992097184062004,0.015319479,1.242504,-0.7131789620577519,-2988281.25,2.8181942e-06,1.515561e-07,0.8306343985741829,0.006281493965323023,/content/drive/MyDrive/N-MON/ALTRO/spectograms/FH-20/456.npy,FH-20
-0.002304371,-0.03059064,0.8710312,0.8210478,0.87103426,-0.99539125,0.99668306,1.9920743256807327,0.0072640097,1.2238374,-0.7355454062079093,2402343.75,3.4920733e-06,1.5101867e-07,0.8249610459603129,0.0028513313709327514,/content/drive/MyDrive/N-MON/ALTRO/spectograms/FH-20/457.npy,FH-20
2.1330118e-06,-0.0033275962,0.8528491,0.7882786,0.8528491,-0.9954572,0.99661416,1.9920713305473328,0.0028609813,1.284316,-0.6748662080499807,-2382812.5,3.017074e-06,1.4989425e-07,0.8280383652520622,0.0020396223151996156,/content/drive/MyDrive/N-MON/ALTRO/spectograms/FH-20/458.npy,FH-20
-0.00063107966,-0.018611144,0.8778518,0.8294966,0.877852,-0.99512464,0.9969681,1.9920927286148071,0.010277511,1.2127188,-0.8042184525988932,-2382812.5,4.366773e-06,1.5337034e-07,0.828877258251064,0.004553246024590065,/content/drive/MyDrive/N-MON/ALTRO/spectograms/FH-20/459.npy,FH-20
0.00030197573,0.008124535,0.87051165,0.81913304,0.87051165,-0.9957312,0.99633545,1.9920666217803955,-0.003001248,1.2294424,-0.7519078823144404,-2382812.5,2.3907867e-06,1.5069502e-07,0.8394414920408491,0.005732931565067996,/content/drive/MyDrive/N-MON/ALTRO/spectograms/FH-20/460.npy,FH-20
0.0021014137,0.012512761,0.87553024,0.8241383,0.87553287,-0.99524033,0.9967528,1.991993099451065,-0.002259847,1.22182,-0.7903798816249791,-2382812.5,2.0725386e-06,1.5394954e-07,0.8250461149030528,0.006966740200279353,/content/drive/MyDrive/N-MON/ALTRO/spectograms/FH-20/461.npy,FH-20
-0.0075991843,-0.030072415,0.868551,0.81787986,0.8685842,-0.9948569,0.99718255,1.9920394569635391,0.022208286,1.2316252,-0.7311025899998677,-2382812.5,2.5983234e-06,1.5018232e-07,0.8446345663472299,0.014458941127145042,/content/drive/MyDrive/N-MON/ALTRO/spectograms/FH-20/462.npy,FH-20
-0.00322295,-0.022844888,0.8687492,0.8164738,0.8687552,-0.9955052,0.9966071,1.992112323641777,0.010909674,1.2320992,-0.728443445815775,-996093.75,1.9674335e-06,1.5436802e-07,0.8363816907152821,0.005354089798351582,/content/drive/MyDrive/N-MON/ALTRO/spectograms/FH-20/463.npy,FH-20
0.0025974303,-0.0022233836,0.85901064,0.79797304,0.8590145,-0.9944098,0.9976723,1.9920820593833923,0.00044608326,1.2680963,-0.715398057079022,-2988281.25,3.4625566e-06,1.4751792e-07,0.8269323437460847,0.009612440421926372,/content/drive/MyDrive/N-MON/ALTRO/spectograms/FH-20/464.npy,FH-20
0.0038019496,0.020439545,0.8681399,0.81446373,0.86814827,-0.9951038,0.9969308,1.9920345395803452,-0.007355584,1.2375069,-0.7384587765136158,1015625.0,2.712877e-06,1.5166515e-07,0.8256200461834737,0.006173748131853164,/content/drive/MyDrive/N-MON/ALTRO/spectograms/FH-20/465.npy,FH-20
-0.009161888,0.0041915397,0.87116885,0.8204043,0.8712171,-0.9954755,0.9964329,1.9919083267450333,0.015200555,1.227756,-0.747619462905755,3007812.5,2.4537603e-06,1.5196967e-07,0.8359473601936527,0.007096217424492669,/content/drive/MyDrive/N-MON/ALTRO/spectograms/FH-20/466.npy,FH-20
0.0009064164,-0.022849703,0.8582664,0.804994,0.8582669,-0.9954464,0.9966244,1.9920707941055298,-0.00046291994,1.2516166,-0.6323896751729442,-390625.0,1.7203238e-06,1.4867399e-07,0.8375036143679004,0.006503753484357832,/content/drive/MyDrive/N-MON/ALTRO/spectograms/FH-20/467.npy,FH-20
-0.0034300212,-0.026955556,0.8607505,0.80467224,0.8607574,-0.9956548,0.9964466,1.9921014904975891,0.009687591,1.2551237,-0.6763283521104776,3007812.5,2.4530868e-06,1.5046534e-07,0.8334836556553525,0.005571345893130489,/content/drive/MyDrive/N-MON/ALTRO/spectograms/FH-20/468.npy,FH-20
0.0031681207,-0.026491892,0.86605966,0.81393766,0.86606544,-0.99518204,0.99689585,1.9920779168605804,-0.0029145004,1.2374369,-0.6974522862085434,-2382812.5,2.865427e-06,1.5025591e-07,0.8268650447344972,0.01038357753590432,/content/drive/MyDrive/N-MON/ALTRO/spectograms/FH-20/469.npy,FH-20
-0.0024865912,-0.04292883,0.881188,0.83443385,0.8811915,-0.99596673,0.996143,1.992109701037407,0.010665288,1.2043471,-0.8187135511306068,3007812.5,2.7583096e-06,1.5468484e-07,0.8253970090039087,0.009236900933125238,/content/drive/MyDrive/N-MON/ALTRO/spectograms/FH-20/470.npy,FH-20
0.012734184,0.028023832,0.86539733,0.81085265,0.86549103,-0.9952351,0.9967427,1.9919778406620026,-0.018740654,1.243577,-0.7288302123384921,1015625.0,3.5780376e-06,1.4818974e-07,0.8238104637464653,0.00510427073700869,/content/drive/MyDrive/N-MON/ALTRO/spectograms/FH-20/471.npy,FH-20
0.01478968,0.050981857,0.8615639,0.8065542,0.8616909,-0.99585813,0.99601287,1.9918710142374039,-0.031508926,1.2499901,-0.6776478793335291,-2382812.5,2.6039843e-06,1.4979355e-07,0.8225956910758564,0.007008935026953074,/content/drive/MyDrive/N-MON/ALTRO/spectograms/FH-20/472.npy,FH-20
-0.005256099,-0.04182518,0.863212,0.80919,0.86322796,-0.994865,0.99721104,1.9920760095119476,0.020285338,1.2475524,-0.7208105269747592,2421875.0,2.0390391e-06,1.4934649e-07,0.8263750578533219,0.008741536438720164,/content/drive/MyDrive/N-MON/ALTRO/spectograms/FH-20/473.npy,FH-20
-0.005074712,-0.018826809,0.85825783,0.7995962,0.8582728,-0.9952515,0.99677193,1.9920234382152557,0.00545288,1.2603352,-0.6637694770311421,-2988281.25,6.0906114e-06,1.4672864e-07,0.8276376079148131,0.005098801205806424,/content/drive/MyDrive/N-MON/ALTRO/spectograms/FH-20/474.npy,FH-20
0.0067307292,0.028437873,0.8677021,0.8141632,0.86772823,-0.995045,0.997015,1.9920600056648254,-0.019344307,1.2347751,-0.7410082402954058,3007812.5,2.3855562e-06,1.4825207e-07,0.8286434358599222,0.008679244923498705,/content/drive/MyDrive/N-MON/ALTRO/spectograms/FH-20/475.npy,FH-20
0.010005003,0.004736121,0.87223786,0.8233793,0.87229526,-0.9950439,0.9969809,1.9920248091220856,-0.015846638,1.2219441,-0.7406650129615092,-2988281.25,2.8018706e-06,1.5163002e-07,0.8289067433606458,0.006622912776592643,/content/drive/MyDrive/N-MON/ALTRO/spectograms/FH-20/476.npy,FH-20
-0.0046139625,-0.050050385,0.8715378,0.81925106,0.87154996,-0.9952317,0.9967929,1.9920246303081512,0.012713663,1.229832,-0.7696317109948191,3007812.5,2.887798e-06,1.4679286e-07,0.841156208494227,0.0037730354139294147,/content/drive/MyDrive/N-MON/ALTRO/spectograms/FH-20/477.npy,FH-20
-0.00394464,-0.015135801,0.8512288,0.79469407,0.8512379,-0.99554294,0.99648607,1.992028996348381,0.0040089022,1.2706393,-0.5908510976414291,3007812.5,2.3959274e-06,1.4847922e-07,0.8256453906904573,0.007312955090659794,/content/drive/MyDrive/N-MON/ALTRO/spectograms/FH-20/478.npy,FH-20
0.005684031,0.028856643,0.86224335,0.807767,0.862262,-0.9945377,0.99756676,1.9921044707298279,-0.012627469,1.2478477,-0.6768343882225701,-2988281.25,2.488418e-06,1.4854578e-07,0.8282199582753674,0.005812370881508133,/content/drive/MyDrive/N-MON/ALTRO/spectograms/FH-20/479.npy,FH-20
0.007387552,0.040098693,0.8715698,0.81847435,0.87160116,-0.9950783,0.9969663,1.992044597864151,-0.02377601,1.2320019,-0.78682477076815,-2988281.25,2.8037173e-06,1.5061829e-07,0.8372963532175188,0.0026051309654947404,/content/drive/MyDrive/N-MON/ALTRO/spectograms/FH-20/480.npy,FH-20
-0.009265026,-0.01880762,0.8706509,0.81911427,0.8707001,-0.99519837,0.9967737,1.9919721335172653,0.01860586,1.2297179,-0.761571313230995,-2382812.5,3.092703e-06,1.5124773e-07,0.8347272849114472,0.005001767555011978,/content/drive/MyDrive/N-MON/ALTRO/spectograms/FH-20/481.npy,FH-20
0.0077809617,0.028322037,0.86242807,0.8084921,0.8624632,-0.9951056,0.99696636,1.9920719861984253,-0.018012987,1.2473018,-0.681499951118946,410156.25,2.2198567e-06,1.4716275e-07,0.8370957057740409,0.006916008113757816,/content/drive/MyDrive/N-MON/ALTRO/spectograms/FH-20/482.npy,FH-20
-0.0054816026,0.004556164,0.86721563,0.8127879,0.8672329,-0.9954321,0.9966093,1.9920413494110107,0.007917713,1.2405052,-0.7437646046498855,-2382812.5,2.5877189e-06,1.4939474e-07,0.8397877889346128,0.006441382864870105,/content/drive/MyDrive/N-MON/ALTRO/spectograms/FH-20/483.npy,FH-20
-0.014756532,-0.0340866,0.86367357,0.8101613,0.86379963,-0.9949781,0.9969921,1.991970181465149,0.03410939,1.2451428,-0.6915611400886476,410156.25,2.4464728e-06,1.5122008e-07,0.8333892680981342,0.004989127834869687,/content/drive/MyDrive/N-MON/ALTRO/spectograms/FH-20/484.npy,FH-20
-0.01434202,-0.04976195,0.8672554,0.8147783,0.86737394,-0.9949595,0.99712443,1.992083877325058,0.033932067,1.2392672,-0.742370317403867,3007812.5,2.6394973e-06,1.4946426e-07,0.828925912626364,0.005978566178507848,/content/drive/MyDrive/N-MON/ALTRO/spectograms/FH-20/485.npy,FH-20
0.0047013247,0.031836797,0.85762775,0.8004212,0.8576406,-0.9954538,0.9966366,1.992090418934822,-0.008011465,1.260608,-0.657771799926489,-390625.0,2.340888e-06,1.4779415e-07,0.835775427961949,0.0027953938142894754,/content/drive/MyDrive/N-MON/ALTRO/spectograms/FH-20/486.npy,FH-20
0.0005794916,-0.018784285,0.874672,0.8272055,0.8746722,-0.99526894,0.9967309,1.9919998794794083,-0.0019410588,1.2146554,-0.7495408940963398,1015625.0,3.2493413e-06,1.5257484e-07,0.8202956691685841,0.011787616916706328,/content/drive/MyDrive/N-MON/ALTRO/spectograms/FH-20/487.npy,FH-20
0.010621805,0.012742843,0.86801916,0.8146636,0.86808413,-0.99509364,0.9969964,1.9920900613069534,-0.013869667,1.2394465,-0.765248023941899,1015625.0,2.9181408e-06,1.4911407e-07,0.823530311712113,0.0049773233271435445,/content/drive/MyDrive/N-MON/ALTRO/spectograms/FH-20/488.npy,FH-20
-0.0025843063,0.016579531,0.877792,0.8305705,0.8777958,-0.9951467,0.99693507,1.9920817464590073,0.006377692,1.2097992,-0.7823821562937151,3007812.5,2.5955123e-06,1.5185557e-07,0.8207463583532922,0.004231027979012079,/content/drive/MyDrive/N-MON/ALTRO/spectograms/FH-20/489.npy,FH-20
-0.0069999904,-0.003244154,0.8807031,0.83177626,0.88073087,-0.9954534,0.9965962,1.9920496344566345,0.0070977174,1.2107695,-0.8526233400485134,3007812.5,3.5785026e-06,1.5120624e-07,0.8258067247016811,0.002526976992268181,/content/drive/MyDrive/N-MON/ALTRO/spectograms/FH-20/490.npy,FH-20
-0.01857408,-0.07348694,0.86871576,0.816793,0.8689143,-0.9953608,0.99664736,1.992008164525032,0.042128794,1.2353358,-0.749380792167628,-2988281.25,3.1984648e-06,1.5100429e-07,0.823107939589931,0.008838399003904028,/content/drive/MyDrive/N-MON/ALTRO/spectograms/FH-20/491.npy,FH-20
0.0014326295,-0.018003777,0.86237687,0.8052305,0.86237806,-0.9945667,0.9975312,1.9920978397130966,-0.0011524664,1.2534525,-0.7036576129345821,-996093.75,2.469663e-06,1.4806118e-07,0.8301629280673494,0.007711305690055787,/content/drive/MyDrive/N-MON/ALTRO/spectograms/FH-20/492.npy,FH-20
0.0028586073,0.0011712115,0.869733,0.8176639,0.8697377,-0.9949032,0.9971835,1.992086723446846,-0.004427292,1.2304754,-0.7241302272803686,-2988281.25,3.7785517e-06,1.5076881e-07,0.8200628019204275,0.010461981301680315,/content/drive/MyDrive/N-MON/ALTRO/spectograms/FH-20/493.npy,FH-20
-0.0099190865,-0.011478046,0.8798109,0.8312156,0.87986684,-0.99585074,0.9962314,1.9920821338891983,0.024782421,1.2094595,-0.8213586864322507,-2988281.25,1.863245e-06,1.5290152e-07,0.8287311937829374,0.008404559198591245,/content/drive/MyDrive/N-MON/ALTRO/spectograms/FH-20/494.npy,FH-20
0.0041416264,0.0043850495,0.8768997,0.82734394,0.87690943,-0.99561197,0.9964943,1.9921062141656876,-0.008446635,1.2171234,-0.8197162885823942,-2382812.5,2.4233066e-06,1.511093e-07,0.8169668657768325,0.012629816193009149,/content/drive/MyDrive/N-MON/ALTRO/spectograms/FH-20/495.npy,FH-20
0.00054540014,0.012475027,0.8640369,0.8092269,0.8640371,-0.995263,0.99681675,1.992079734802246,-0.0021902078,1.2453396,-0.7002833396091478,3007812.5,2.4626459e-06,1.4954065e-07,0.8320587734118853,0.006494984778311751,/content/drive/MyDrive/N-MON/ALTRO/spectograms/FH-20/496.npy,FH-20
0.011995887,0.05250953,0.88200474,0.83626604,0.88208634,-0.9942565,0.99784166,1.992098182439804,-0.020021088,1.2020018,-0.8331227131233058,1015625.0,3.9409183e-06,1.5563185e-07,0.8181919190461706,0.006581022234049823,/content/drive/MyDrive/N-MON/ALTRO/spectograms/FH-20/497.npy,FH-20
0.0034698767,0.01594963,0.8621996,0.8052621,0.86220664,-0.9957516,0.99634665,1.9920982271432877,-0.0077567906,1.254905,-0.7117886139471646,312500.0,2.0247278e-06,1.5000093e-07,0.8339465151866654,0.0036444309519790452,/content/drive/MyDrive/N-MON/ALTRO/spectograms/FH-20/498.npy,FH-20
0.006421944,0.025118638,0.86599314,0.8128259,0.8660169,-0.99432325,0.99772274,1.9920459985733032,-0.011329568,1.2407827,-0.7312014907016408,-2988281.25,2.2874294e-06,1.5103515e-07,0.8346537588140303,0.0046730177300645485,/content/drive/MyDrive/N-MON/ALTRO/spectograms/FH-20/499.npy,FH-20
0.0008832421,-0.018346986,0.8671621,0.8133794,0.8671626,-0.9947436,0.9972846,1.992028146982193,0.0035196794,1.2395577,-0.7398650869220652,-2382812.5,2.1428011e-06,1.5099621e-07,0.8271673604291914,0.005436408929350305,/content/drive/MyDrive/N-MON/ALTRO/spectograms/FH-20/500.npy,FH-20
0.02111882,0.07222705,0.8497899,0.7920689,0.8500523,-0.9941859,0.9976426,1.9918284863233566,-0.044542797,1.276984,-0.5995907657181495,1015625.0,2.9101047e-06,1.4542181e-07,0.8315219540984722,0.004198223545877277,/content/drive/MyDrive/N-MON/ALTRO/spectograms/FH-20/501.npy,FH-20
-0.010843761,-0.03792634,0.86413795,0.80873203,0.864206,-0.99492943,0.99714506,1.9920744895935059,0.026538014,1.2486923,-0.7329140857363062,-2988281.25,2.8099269e-06,1.4815424e-07,0.8210637074042999,0.011680287585924178,/content/drive/MyDrive/N-MON/ALTRO/spectograms/FH-20/502.npy,FH-20
0.0047393176,0.0041587176,0.8555706,0.7968054,0.85558367,-0.99586153,0.996224,1.9920855462551117,-0.0038294485,1.2674879,-0.6522191712605229,-1582031.25,1.9454822e-06,1.5004947e-07,0.837501673173249,0.0029356007390025697,/content/drive/MyDrive/N-MON/ALTRO/spectograms/FH-20/503.npy,FH-20
-0.018865041,-0.08090975,0.8728727,0.8223539,0.87307656,-0.99491787,0.99715513,1.9920730292797089,0.04039573,1.2244198,-0.7635820344405301,-2988281.25,2.8196996e-06,1.5371475e-07,0.8330158689265921,0.0066529978603401966,/content/drive/MyDrive/N-MON/ALTRO/spectograms/FH-20/504.npy,FH-20
0.004296906,0.020227658,0.8684724,0.8163941,0.86848307,-0.99530804,0.9967649,1.9920729249715805,-0.007255162,1.2330965,-0.7348076494886994,-976562.5,2.2485647e-06,1.5266227e-07,0.8246349789046845,0.008687534684451634,/content/drive/MyDrive/N-MON/ALTRO/spectograms/FH-20/505.npy,FH-20
0.015402623,0.032705396,0.8667309,0.81355953,0.8668678,-0.99460894,0.99727315,1.991882085800171,-0.02693368,1.2403071,-0.7288910450598679,-2988281.25,2.1949354e-06,1.4853613e-07,0.837833201854051,0.004086089780731148,/content/drive/MyDrive/N-MON/ALTRO/spectograms/FH-20/506.npy,FH-20
-0.015533036,-0.042370617,0.8645105,0.8101988,0.86465,-0.9953732,0.99663264,1.992005854845047,0.03162532,1.2458622,-0.7003513553618018,-2382812.5,3.8850867e-06,1.4700518e-07,0.8220849279937699,0.00588986472606322,/content/drive/MyDrive/N-MON/ALTRO/spectograms/FH-20/507.npy,FH-20
-0.014318798,-0.022299409,0.8723825,0.82222736,0.8725,-0.99492496,0.9971311,1.9920560866594315,0.02700173,1.2235694,-0.7441638881714258,-2988281.25,3.2672083e-06,1.4890765e-07,0.8279872109317044,0.00272414500362327,/content/drive/MyDrive/N-MON/ALTRO/spectograms/FH-20/508.npy,FH-20
-0.0076084984,-0.022411034,0.8568259,0.8005327,0.8568597,-0.99499273,0.9970536,1.9920463860034943,0.024004027,1.2600279,-0.634880857957124,-2382812.5,4.6930245e-06,1.5019312e-07,0.8067233985862883,0.012126917601308003,/content/drive/MyDrive/N-MON/ALTRO/spectograms/FH-20/509.npy,FH-20
0.00013486552,0.0053138826,0.8658805,0.8140687,0.8658805,-0.994685,0.99743766,1.9921226501464844,0.0042080143,1.2364454,-0.6890624472505121,3007812.5,1.8785402e-06,1.5418415e-07,0.8266108748595173,0.004645124607281217,/content/drive/MyDrive/N-MON/ALTRO/spectograms/FH-20/510.npy,FH-20
-0.007287365,-0.026459213,0.86351687,0.80768055,0.8635476,-0.99520296,0.9968853,1.9920882880687714,0.016978286,1.2495296,-0.7044181711586709,-2382812.5,2.1263795e-06,1.5157221e-07,0.8284460319196617,0.005097115934415293,/content/drive/MyDrive/N-MON/ALTRO/spectograms/FH-20/511.npy,FH-20
0.01009132,0.01615508,0.86440116,0.8096909,0.86446005,-0.9954421,0.99662536,1.9920674562454224,-0.016718438,1.2438895,-0.7000406664544984,3007812.5,4.0178356e-06,1.4913246e-07,0.8124093588913848,0.014036600878374998,/content/drive/MyDrive/N-MON/ALTRO/spectograms/FH-20/512.npy,FH-20
-0.0024052304,0.019524924,0.8644086,0.80732286,0.86441195,-0.9960562,0.9960002,1.992056354880333,0.0033439386,1.2508123,-0.7499520331002724,-2382812.5,2.4267572e-06,1.4689246e-07,0.8397658317463441,0.005814743905726629,/content/drive/MyDrive/N-MON/ALTRO/spectograms/FH-20/513.npy,FH-20
-0.013647822,-0.041969616,0.8791515,0.8318844,0.87925744,-0.9951212,0.99695134,1.9920725226402283,0.02979004,1.2078265,-0.7989102936693097,3007812.5,4.2700744e-06,1.539369e-07,0.8331148902241887,0.006337327523105996,/content/drive/MyDrive/N-MON/ALTRO/spectograms/FH-20/514.npy,FH-20
0.008212286,0.031309944,0.86534667,0.8113942,0.86538565,-0.99596953,0.9961226,1.9920921325683594,-0.020622415,1.2442384,-0.7320357350502383,-2382812.5,2.727074e-06,1.4961196e-07,0.8362281636975404,0.006938390384582817,/content/drive/MyDrive/N-MON/ALTRO/spectograms/FH-20/515.npy,FH-20
0.007563348,0.012132124,0.86987764,0.8184892,0.86991054,-0.9954699,0.9965668,1.992036685347557,-0.010204901,1.2307199,-0.7443700278723676,-2988281.25,3.6112215e-06,1.5174848e-07,0.8331479422122591,0.005126600103184249,/content/drive/MyDrive/N-MON/ALTRO/spectograms/FH-20/516.npy,FH-20
0.006070026,0.0055300836,0.86097294,0.80343044,0.86099434,-0.9944711,0.9976139,1.9920849651098251,-0.0043152114,1.2537845,-0.6790887021177322,-996093.75,2.6444218e-06,1.4895096e-07,0.8374624357138303,0.00330997462403495,/content/drive/MyDrive/N-MON/ALTRO/spectograms/FH-20/517.npy,FH-20
-0.00070397806,-0.0036215545,0.85450095,0.7950956,0.85450125,-0.9957969,0.99622583,1.992022767663002,0.001854481,1.2683487,-0.631505366474249,3007812.5,1.9475572e-06,1.4862438e-07,0.8230171473427775,0.010154551330583983,/content/drive/MyDrive/N-MON/ALTRO/spectograms/FH-20/518.npy,FH-20
0.0057608155,-0.010882358,0.86927545,0.81673354,0.8692945,-0.9952415,0.996896,1.9921375960111618,-0.0034404325,1.233516,-0.739770545907498,1015625.0,4.4182e-06,1.5092306e-07,0.8277383088047189,0.004649375803237434,/content/drive/MyDrive/N-MON/ALTRO/spectograms/FH-20/519.npy,FH-20
-0.008100038,-0.015096147,0.87215024,0.8211404,0.87218785,-0.9954673,0.99650645,1.9919737726449966,0.014440925,1.2280974,-0.7696669512164284,1015625.0,3.7258453e-06,1.4845514e-07,0.8346041423033104,0.005605443873440972,/content/drive/MyDrive/N-MON/ALTRO/spectograms/FH-20/520.npy,FH-20
-0.0057076216,-0.011706279,0.8549523,0.7990781,0.8549713,-0.99603176,0.99606323,1.9920949637889862,0.012139441,1.2631505,-0.6138143756805362,-2988281.25,3.2340615e-06,1.457711e-07,0.8244060884853851,0.011904272632252919,/content/drive/MyDrive/N-MON/ALTRO/spectograms/FH-20/521.npy,FH-20
-0.00059725763,-0.010410039,0.85641414,0.7996431,0.8564144,-0.994781,0.99726754,1.992048591375351,0.0035129494,1.2596042,-0.6272385818036225,-2988281.25,2.0665955e-06,1.4759868e-07,0.8464085262583043,0.0023305161146381145,/content/drive/MyDrive/N-MON/ALTRO/spectograms/FH-20/522.npy,FH-20
-0.012452282,-0.0416982,0.85970485,0.80311686,0.85979503,-0.9946967,0.9973285,1.9920251667499542,0.024021726,1.2575887,-0.6769629416019997,-2988281.25,3.1140678e-06,1.5118046e-07,0.8193392640476369,0.009474005527892636,/content/drive/MyDrive/N-MON/ALTRO/spectograms/FH-20/523.npy,FH-20
0.014957603,0.05931268,0.8667367,0.8128404,0.86686575,-0.99535125,0.99659944,1.991950660943985,-0.037031647,1.2389575,-0.6987142892765378,-2382812.5,2.1316785e-06,1.5192904e-07,0.8334775498339995,0.003913686897287495,/content/drive/MyDrive/N-MON/ALTRO/spectograms/FH-20/524.npy,FH-20
-0.003749513,0.020840863,0.87824476,0.8304891,0.87825274,-0.99474704,0.99732274,1.9920697957277298,0.000991285,1.2100333,-0.8045978412620985,1015625.0,2.3013108e-06,1.5459567e-07,0.8128997803580258,0.015898281501830005,/content/drive/MyDrive/N-MON/ALTRO/spectograms/FH-20/525.npy,FH-20
0.015172825,0.02018144,0.8507957,0.7906594,0.85093105,-0.99536145,0.9967416,1.9921030700206757,-0.026789494,1.2800462,-0.6178038455145539,3007812.5,3.1263007e-06,1.4864901e-07,0.8469119760564662,0.006627445701474802,/content/drive/MyDrive/N-MON/ALTRO/spectograms/FH-20/526.npy,FH-20
0.002124138,0.009790674,0.8696798,0.81706953,0.8696824,-0.9940935,0.9979338,1.9920273125171661,-0.00228599,1.2336891,-0.7535641787767063,1015625.0,1.8876577e-06,1.5064285e-07,0.8396399963617831,0.0043283619155769235,/content/drive/MyDrive/N-MON/ALTRO/spectograms/FH-20/527.npy,FH-20
-0.0108343335,-0.010273259,0.85067004,0.79122376,0.85073906,-0.9945375,0.99752843,1.9920659214258194,0.011152515,1.2788895,-0.6271209622835424,3007812.5,1.9702707e-06,1.4490669e-07,0.8426393765256243,0.005304463994164034,/content/drive/MyDrive/N-MON/ALTRO/spectograms/FH-20/528.npy,FH-20
0.00149975,-0.0064928327,0.8551928,0.79894537,0.8551941,-0.99474233,0.9973545,1.9920968115329742,-0.0007591933,1.2612077,-0.6297955489153956,-2988281.25,1.9467532e-06,1.4781901e-07,0.828322916212854,0.0038698626031223094,/content/drive/MyDrive/N-MON/ALTRO/spectograms/FH-20/529.npy,FH-20
-0.0032527675,-0.025894243,0.8653532,0.81263113,0.86535937,-0.9945512,0.99747735,1.9920285046100616,0.007800408,1.2381115,-0.6983583128334799,-2988281.25,1.9677357e-06,1.5014848e-07,0.8294715254227143,0.00610796375184606,/content/drive/MyDrive/N-MON/ALTRO/spectograms/FH-20/530.npy,FH-20
-0.007248772,0.008810825,0.8669423,0.81405103,0.86697257,-0.99507797,0.99703085,1.9921088218688965,0.012072451,1.2392472,-0.7386764813838474,1015625.0,3.1264522e-06,1.4894304e-07,0.8243479975166759,0.005840127649344909,/content/drive/MyDrive/N-MON/ALTRO/spectograms/FH-20/531.npy,FH-20
0.008354126,0.0045330673,0.857253,0.7999213,0.8572937,-0.9953835,0.99667823,1.9920617491006851,-0.016782872,1.263402,-0.6539636273690298,3007812.5,3.360666e-06,1.5100946e-07,0.8189461444785511,0.004112108197683896,/content/drive/MyDrive/N-MON/ALTRO/spectograms/FH-20/532.npy,FH-20
-0.00052494346,0.00864022,0.8471969,0.7820276,0.847197,-0.99522316,0.99688053,1.9921036958694458,-0.0049494533,1.2951603,-0.6221124160715014,-2382812.5,2.7982812e-06,1.4532435e-07,0.8343245227165444,0.006269361820462488,/content/drive/MyDrive/N-MON/ALTRO/spectograms/FH-20/533.npy,FH-20
-0.009416028,-0.03415411,0.8633159,0.8088579,0.86336726,-0.99506825,0.9970068,1.99207504093647,0.017104698,1.2468947,-0.7033588895874284,1015625.0,2.888536e-06,1.4895211e-07,0.8356661942286214,0.005831746492619687,/content/drive/MyDrive/N-MON/ALTRO/spectograms/FH-20/534.npy,FH-20
-0.007368339,-0.01553804,0.8645929,0.8131255,0.8646243,-0.99596775,0.9960735,1.9920412749052048,0.01575879,1.2406467,-0.6917072864198303,-2382812.5,2.885307e-06,1.5086937e-07,0.8198737028551986,0.007757311241710796,/content/drive/MyDrive/N-MON/ALTRO/spectograms/FH-20/535.npy,FH-20
-0.010153505,-0.04215908,0.8565549,0.7970077,0.8566151,-0.9951454,0.99694276,1.9920881539583206,0.031826973,1.2702117,-0.681796326274693,-996093.75,2.1822982e-06,1.5063819e-07,0.8262106678201403,0.009205948133666672,/content/drive/MyDrive/N-MON/ALTRO/spectograms/FH-20/536.npy,FH-20
0.0005124917,0.0049164714,0.8632478,0.80793923,0.86324793,-0.99511313,0.9969766,1.9920897632837296,0.0022649907,1.2489729,-0.7032712401375828,-2988281.25,1.994146e-06,1.5184499e-07,0.8429526442768644,0.007670371815334235,/content/drive/MyDrive/N-MON/ALTRO/spectograms/FH-20/537.npy,FH-20
-0.0054249642,-0.033954427,0.8467175,0.7841201,0.8467349,-0.994896,0.9971287,1.9920247048139572,0.02069527,1.288703,-0.5772745085678866,3007812.5,3.4719505e-06,1.4171802e-07,0.8289021514988655,0.0065918704122922105,/content/drive/MyDrive/N-MON/ALTRO/spectograms/FH-20/538.npy,FH-20
-0.016645472,-0.034561284,0.86237943,0.80452615,0.86254007,-0.9954233,0.9964063,1.9918296486139297,0.03256337,1.257552,-0.7385396923125543,1015625.0,2.6905534e-06,1.476272e-07,0.836751076793116,0.010069123381645567,/content/drive/MyDrive/N-MON/ALTRO/spectograms/FH-20/539.npy,FH-20
0.0002903614,0.032359798,0.87528914,0.8238897,0.87528914,-0.99496216,0.99710894,1.9920711070299149,-0.00867104,1.223441,-0.8157724738611992,410156.25,3.5864514e-06,1.49714e-07,0.8323453230191498,0.008147335069377743,/content/drive/MyDrive/N-MON/ALTRO/spectograms/FH-20/540.npy,FH-20
0.0038861341,-0.015374297,0.85268295,0.79090893,0.8526918,-0.99582016,0.9962678,1.9920879751443863,-0.010527824,1.2780102,-0.6442423037682828,3007812.5,1.9996276e-06,1.4684896e-07,0.8350534280059452,0.005404412956638189,/content/drive/MyDrive/N-MON/ALTRO/spectograms/FH-20/541.npy,FH-20
-0.0035089992,-0.026199538,0.880831,0.83424085,0.88083804,-0.9948691,0.9972037,1.9920727908611298,0.01033491,1.2048452,-0.8242525387594278,-2382812.5,2.153784e-06,1.5370163e-07,0.8215117377371128,0.006783443972276496,/content/drive/MyDrive/N-MON/ALTRO/spectograms/FH-20/542.npy,FH-20
-0.0065804548,-0.057764843,0.87120426,0.81882983,0.8712291,-0.9952393,0.99687314,1.9921124130487442,0.017865647,1.2311091,-0.7618076202084306,-2988281.25,2.1961075e-06,1.5312825e-07,0.8429307779425655,0.001660384801116042,/content/drive/MyDrive/N-MON/ALTRO/spectograms/FH-20/543.npy,FH-20
-0.0026303544,-0.022476709,0.87248087,0.8232286,0.8724848,-0.9950928,0.9969766,1.9920694082975388,0.008681312,1.2214843,-0.7518947657259042,-2382812.5,3.580106e-06,1.5137532e-07,0.8216962383014734,0.005002546886760309,/content/drive/MyDrive/N-MON/ALTRO/spectograms/FH-20/544.npy,FH-20
-0.0030905972,0.028706754,0.8597855,0.8027506,0.85979104,-0.99463505,0.99743485,1.9920699149370193,0.0025007853,1.2569033,-0.6635954720901635,-2988281.25,3.2939165e-06,1.4788367e-07,0.8385195889225905,0.009737601842799324,/content/drive/MyDrive/N-MON/ALTRO/spectograms/FH-20/545.npy,FH-20
-0.009051058,-0.057136968,0.87058395,0.8193131,0.870631,-0.9946942,0.9973312,1.9920253902673721,0.024933256,1.2302353,-0.7624334149779185,3007812.5,2.6968366e-06,1.4983807e-07,0.8330941054453631,0.00761232620785683,/content/drive/MyDrive/N-MON/ALTRO/spectograms/FH-20/546.npy,FH-20
-0.009615829,-0.03054882,0.8720917,0.8200727,0.8721447,-0.9952433,0.99676,1.992003321647644,0.025637321,1.2269979,-0.7438879944528926,-2988281.25,4.7213935e-06,1.5023194e-07,0.8247202459513769,0.009900925751696597,/content/drive/MyDrive/N-MON/ALTRO/spectograms/FH-20/547.npy,FH-20
0.006144479,0.020090261,0.87238115,0.82312626,0.8724028,-0.9955166,0.99658996,1.992106556892395,-0.014329658,1.2216184,-0.7362469918601741,-996093.75,2.183408e-06,1.5274269e-07,0.8246122053084126,0.007532254188582866,/content/drive/MyDrive/N-MON/ALTRO/spectograms/FH-20/548.npy,FH-20
-0.006168136,-0.05811053,0.8598986,0.8036453,0.8599207,-0.9955178,0.9965932,1.9921109527349472,0.019910563,1.2563872,-0.6804566803080682,-2988281.25,3.4359089e-06,1.5014948e-07,0.8326231169500031,0.006793507517841062,/content/drive/MyDrive/N-MON/ALTRO/spectograms/FH-20/549.npy,FH-20
-0.00903283,-0.022437587,0.8773215,0.8306688,0.87736803,-0.99505264,0.99705374,1.992106407880783,0.01896807,1.2100043,-0.77317301295472,410156.25,2.3015377e-06,1.4898598e-07,0.8433261716799539,0.005911060455812886,/content/drive/MyDrive/N-MON/ALTRO/spectograms/FH-20/550.npy,FH-20
0.0067703216,0.036011033,0.85396755,0.79297656,0.85399437,-0.99515957,0.9969387,1.9920983016490936,-0.0076242434,1.2767453,-0.6695802576082049,-2382812.5,2.602812e-06,1.5032757e-07,0.8300899755264086,0.004410302883491602,/content/drive/MyDrive/N-MON/ALTRO/spectograms/FH-20/551.npy,FH-20
-0.008769893,-0.025787964,0.8638918,0.81013674,0.86393625,-0.9944998,0.99758613,1.9920859634876251,0.018363865,1.2442274,-0.6819272932646588,3007812.5,2.6072423e-06,1.4751045e-07,0.8372881975468108,0.0038940710953708517,/content/drive/MyDrive/N-MON/ALTRO/spectograms/FH-20/552.npy,FH-20
0.0027689799,0.0007192949,0.87240094,0.81937903,0.8724053,-0.9953399,0.9967343,1.9920742064714432,-0.002189631,1.2297288,-0.7929837690014231,410156.25,1.9212844e-06,1.5356191e-07,0.8422758428554681,0.0031306871970130656,/content/drive/MyDrive/N-MON/ALTRO/spectograms/FH-20/553.npy,FH-20
-0.0062583215,-0.010946027,0.86653674,0.81348634,0.8665593,-0.9952248,0.9968765,1.99210125207901,0.019252969,1.2412562,-0.7556784221054215,3007812.5,2.3755133e-06,1.5245644e-07,0.8285519765649538,0.0055529000714166915,/content/drive/MyDrive/N-MON/ALTRO/spectograms/FH-20/554.npy,FH-20
-0.003095584,0.012668406,0.863119,0.8078054,0.86312455,-0.99514395,0.9968674,1.99201138317585,0.00097522815,1.2469124,-0.6943288685632699,-2988281.25,2.2322558e-06,1.4341228e-07,0.8361326533609833,0.0027637085579421392,/content/drive/MyDrive/N-MON/ALTRO/spectograms/FH-20/555.npy,FH-20
-0.0061810277,0.008629539,0.86227775,0.8081694,0.86229986,-0.9951625,0.9969206,1.9920830428600311,0.008881043,1.2484934,-0.6921042999865713,3007812.5,3.848525e-06,1.4752936e-07,0.8111358442811698,0.01623468327477309,/content/drive/MyDrive/N-MON/ALTRO/spectograms/FH-20/556.npy,FH-20
-0.006325923,-0.02332965,0.8728362,0.8204991,0.8728591,-0.9959015,0.9961365,1.9920380264520645,0.013922121,1.2269359,-0.7861318349617116,-2988281.25,4.1363496e-06,1.5438496e-07,0.8372427924945673,0.00704579593605946,/content/drive/MyDrive/N-MON/ALTRO/spectograms/FH-20/557.npy,FH-20
0.004954847,0.036201827,0.86620396,0.81348366,0.8662182,-0.9950302,0.9970299,1.9920601695775986,-0.013047806,1.2369366,-0.6906970795586141,3007812.5,2.8042443e-06,1.5078467e-07,0.8355555032559339,0.004401567630790438,/content/drive/MyDrive/N-MON/ALTRO/spectograms/FH-20/558.npy,FH-20
0.006753701,0.01228985,0.8636708,0.80762726,0.86369723,-0.9953402,0.99664783,1.9919880777597427,-0.013271656,1.2486507,-0.7072158272460883,-2382812.5,2.0860161e-06,1.5030136e-07,0.835853123191854,0.003938188132254613,/content/drive/MyDrive/N-MON/ALTRO/spectograms/FH-20/559.npy,FH-20
-0.009619163,0.004290813,0.8680525,0.81602526,0.8681058,-0.9956952,0.99636245,1.9920576363801956,0.020255757,1.2347724,-0.7342080055063552,-2988281.25,3.391879e-06,1.5264233e-07,0.8317454653546712,0.010341963315806448,/content/drive/MyDrive/N-MON/ALTRO/spectograms/FH-20/560.npy,FH-20
-0.0026869052,0.024239406,0.8676397,0.81476206,0.8676439,-0.9952703,0.99681085,1.9920811355113983,0.0030264559,1.238581,-0.7552565012504796,-2988281.25,3.1813474e-06,1.4997195e-07,0.8284856912049734,0.007403625608316293,/content/drive/MyDrive/N-MON/ALTRO/spectograms/FH-20/561.npy,FH-20
-0.003464994,0.0076722847,0.8680422,0.8104623,0.8680491,-0.9961729,0.99595654,1.9921294003725052,0.006074851,1.246754,-0.7951061098644995,3007812.5,4.1404064e-06,1.476761e-07,0.82192151627797,0.004527818630600747,/content/drive/MyDrive/N-MON/ALTRO/spectograms/FH-20/562.npy,FH-20
0.0010310991,0.004775112,0.85745823,0.7999492,0.85745883,-0.9951985,0.9969053,1.9921038448810577,-0.0011461006,1.2656794,-0.7007938536240187,-2988281.25,4.750247e-06,1.4937541e-07,0.8241021931010483,0.0046413792249962406,/content/drive/MyDrive/N-MON/ALTRO/spectograms/FH-20/563.npy,FH-20
-0.0056780404,-0.011413941,0.86505926,0.81058496,0.8650779,-0.99570704,0.99634784,1.9920548796653748,0.016878214,1.2423996,-0.6975087646532058,3007812.5,2.4871167e-06,1.4918712e-07,0.8332166119227644,0.0022571887215727528,/content/drive/MyDrive/N-MON/ALTRO/spectograms/FH-20/564.npy,FH-20
-0.00078196527,-0.0034639263,0.86354566,0.80731565,0.86354595,-0.9955494,0.99654126,1.99209064245224,0.007439873,1.2467251,-0.6808674377747846,-2382812.5,2.618162e-06,1.5111979e-07,0.8289262231510925,0.006910577894186547,/content/drive/MyDrive/N-MON/ALTRO/spectograms/FH-20/565.npy,FH-20
-0.01556539,-0.05815266,0.86079794,0.8054796,0.8609387,-0.99556977,0.99651897,1.9920887500047684,0.035232957,1.2523022,-0.6748231620451169,-2382812.5,3.0430242e-06,1.48797e-07,0.8285575442505277,0.008418759618375954,/content/drive/MyDrive/N-MON/ALTRO/spectograms/FH-20/566.npy,FH-20
-0.016275369,-0.010585814,0.8572916,0.7985375,0.8574461,-0.9948484,0.99722433,1.9920727163553238,0.030343637,1.2691637,-0.7064414434873189,-2988281.25,3.143628e-06,1.475266e-07,0.8187420539902264,0.0033452635065678565,/content/drive/MyDrive/N-MON/ALTRO/spectograms/FH-20/567.npy,FH-20
-0.0040397486,-0.0032990738,0.88396776,0.8357901,0.88397706,-0.99547756,0.99659234,1.9920699000358582,0.01767381,1.2034386,-0.8930561701093583,3007812.5,3.2875319e-06,1.4903964e-07,0.8221195329021737,0.008118663728327872,/content/drive/MyDrive/N-MON/ALTRO/spectograms/FH-20/568.npy,FH-20
-0.007947362,-0.03801898,0.8775237,0.8280951,0.8775597,-0.99500024,0.9970702,1.9920704513788223,0.015134732,1.2169642,-0.8193109795051595,3007812.5,3.2978824e-06,1.5136166e-07,0.8230692613033128,0.00592422574494291,/content/drive/MyDrive/N-MON/ALTRO/spectograms/FH-20/569.npy,FH-20
-0.0049109887,-0.011237267,0.8544503,0.79468554,0.8544645,-0.99543476,0.99651206,1.9919467717409134,0.0068335957,1.2711855,-0.6436553001479349,-1660156.25,2.0566322e-06,1.4660236e-07,0.8319374638236172,0.005492664484157658,/content/drive/MyDrive/N-MON/ALTRO/spectograms/FH-20/570.npy,FH-20
0.014721083,0.032191906,0.8675795,0.81474376,0.86770445,-0.99509,0.99687433,1.9919642955064774,-0.032507703,1.2384843,-0.7256193123808289,-2382812.5,3.3040703e-06,1.5130367e-07,0.8340030790608466,0.0032896181524808355,/content/drive/MyDrive/N-MON/ALTRO/spectograms/FH-20/571.npy,FH-20
-0.002318931,0.009212851,0.87416935,0.82447964,0.87417245,-0.99466413,0.9973587,1.992022842168808,0.0031128384,1.2202369,-0.7677936785811507,3007812.5,1.9089762e-06,1.5185833e-07,0.8435355976042189,0.005291433708143122,/content/drive/MyDrive/N-MON/ALTRO/spectograms/FH-20/572.npy,FH-20
-0.0064609777,-0.0072358213,0.86994284,0.81922096,0.8699668,-0.99544144,0.99655753,1.991999015212059,0.0113183325,1.2281343,-0.7292635840873719,-2988281.25,3.7820112e-06,1.4873866e-07,0.8195148927011957,0.005614778642505652,/content/drive/MyDrive/N-MON/ALTRO/spectograms/FH-20/573.npy,FH-20
0.00816786,0.044052757,0.8563495,0.7981121,0.8563884,-0.995017,0.99696803,1.9919849783182144,-0.01884738,1.2657163,-0.645857682149151,3007812.5,3.173396e-06,1.4805781e-07,0.83168956151246,0.006511185875913787,/content/drive/MyDrive/N-MON/ALTRO/spectograms/FH-20/574.npy,FH-20
-0.008988323,-0.010647375,0.8701093,0.817095,0.8701557,-0.9949993,0.99705625,1.9920555353164673,0.019930718,1.2335453,-0.732918413715301,-2382812.5,3.5359897e-06,1.5352677e-07,0.8146193688413488,0.014437119117188422,/content/drive/MyDrive/N-MON/ALTRO/spectograms/FH-20/575.npy,FH-20
-0.004137689,-0.026903626,0.8650391,0.8113657,0.86504894,-0.99560255,0.99649894,1.9921015053987503,0.010344317,1.2408856,-0.7156123460346163,-2988281.25,2.7435578e-06,1.497504e-07,0.8272385017705672,0.0048417345005248935,/content/drive/MyDrive/N-MON/ALTRO/spectograms/FH-20/576.npy,FH-20
-0.0069126217,-0.0030962205,0.87965286,0.830343,0.8796801,-0.99524117,0.9968405,1.9920816123485565,0.016825737,1.2121593,-0.8318209824550956,-2988281.25,3.836135e-06,1.541676e-07,0.8205957918862508,0.0036824835421031066,/content/drive/MyDrive/N-MON/ALTRO/spectograms/FH-20/577.npy,FH-20
0.005454504,0.027581118,0.8605035,0.79970413,0.86052084,-0.9956723,0.9963221,1.9919943809509277,-0.013656901,1.2629682,-0.721379682897216,3007812.5,2.0150335e-06,1.473425e-07,0.8411692646225152,0.009196034954474823,/content/drive/MyDrive/N-MON/ALTRO/spectograms/FH-20/578.npy,FH-20
-0.000915596,0.03611559,0.8689262,0.8154539,0.86892676,-0.9950388,0.9970482,1.9920870065689087,-0.004032428,1.236123,-0.7619782493432387,3007812.5,2.6906287e-06,1.4756759e-07,0.8244245460817565,0.015092991006386312,/content/drive/MyDrive/N-MON/ALTRO/spectograms/FH-20/579.npy,FH-20
-0.0011012754,0.012395641,0.8599339,0.8024718,0.8599346,-0.99531615,0.9967611,1.9920772165060043,0.00018706828,1.2581143,-0.6911715474039958,-2382812.5,2.5395013e-06,1.5115187e-07,0.8304911435367485,0.00842723095582783,/content/drive/MyDrive/N-MON/ALTRO/spectograms/FH-20/580.npy,FH-20
0.009610644,0.02855448,0.8605284,0.80389994,0.8605821,-0.9949011,0.99721354,1.9921146631240845,-0.022626983,1.2570693,-0.6859117079897247,3007812.5,2.8961324e-06,1.4712718e-07,0.8333885315496022,0.008605391180190667,/content/drive/MyDrive/N-MON/ALTRO/spectograms/FH-20/581.npy,FH-20
0.0010659058,-0.003227155,0.8550129,0.7960952,0.8550136,-0.99538124,0.9967118,1.992093026638031,-0.003157926,1.269396,-0.6606434443370769,-2988281.25,2.7563651e-06,1.4625755e-07,0.8289530874164358,0.006165803863840884,/content/drive/MyDrive/N-MON/ALTRO/spectograms/FH-20/582.npy,FH-20
-0.0063156225,0.0013460214,0.8765133,0.82541406,0.8765361,-0.9946945,0.9974095,1.9921039938926697,0.007356841,1.2212869,-0.8256767407391062,1015625.0,1.511853e-06,1.4881108e-07,0.8406987959519974,0.005219032007201275,/content/drive/MyDrive/N-MON/ALTRO/spectograms/FH-20/583.npy,FH-20
-0.009095352,-0.022392582,0.8534378,0.7949612,0.8534863,-0.9950144,0.9970787,1.9920931309461594,0.025936304,1.2691416,-0.6177841054560896,-390625.0,2.0237335e-06,1.4763242e-07,0.8377357331664147,0.007123431049402219,/content/drive/MyDrive/N-MON/ALTRO/spectograms/FH-20/584.npy,FH-20
-0.0012259665,0.0048383027,0.8689857,0.8174252,0.8689865,-0.995092,0.9969958,1.992087796330452,0.0019203863,1.233068,-0.7480535994804872,1015625.0,2.2343804e-06,1.5239011e-07,0.8281880276248971,0.007177359223428161,/content/drive/MyDrive/N-MON/ALTRO/spectograms/FH-20/585.npy,FH-20
-0.0018847346,-0.022714723,0.8489542,0.7883995,0.8489563,-0.9952989,0.996774,1.9920729100704193,0.00062192045,1.2797111,-0.6068360694234977,-2988281.25,4.0900977e-06,1.4604356e-07,0.8264841656256785,0.003274967305038252,/content/drive/MyDrive/N-MON/ALTRO/spectograms/FH-20/586.npy,FH-20
-0.0064279335,-0.04172313,0.8589198,0.804006,0.8589439,-0.99482673,0.9972527,1.992079421877861,0.018466068,1.2555392,-0.6763623477734556,-2382812.5,3.309595e-06,1.4889108e-07,0.8183828210302418,0.003954992577228497,/content/drive/MyDrive/N-MON/ALTRO/spectograms/FH-20/587.npy,FH-20
0.0010264493,-0.010921929,0.8670208,0.8145715,0.86702144,-0.99530023,0.9967529,1.9920531660318375,0.007625593,1.2357448,-0.7168615945604585,-2988281.25,3.013886e-06,1.4728806e-07,0.8331730969236641,0.0030955707935723937,/content/drive/MyDrive/N-MON/ALTRO/spectograms/FH-20/588.npy,FH-20
-0.0029432573,0.012122707,0.8563895,0.79718155,0.8563945,-0.9955563,0.99650013,1.9920564442873,0.0027747676,1.2643445,-0.6412545699326736,1015625.0,3.2912658e-06,1.464933e-07,0.8309789510603051,0.004258837999227319,/content/drive/MyDrive/N-MON/ALTRO/spectograms/FH-20/589.npy,FH-20
-0.0026032592,-0.02286183,0.8750429,0.8263448,0.8750468,-0.9954608,0.99664116,1.9921019673347473,0.0045369985,1.2193382,-0.8062671481726112,-2988281.25,2.1436479e-06,1.5229145e-07,0.8315267728911593,0.0029756313728992716,/content/drive/MyDrive/N-MON/ALTRO/spectograms/FH-20/590.npy,FH-20
-0.0050682696,0.0015967013,0.8687386,0.8162271,0.8687534,-0.9944342,0.9976853,1.99211947619915,0.0059682867,1.2354096,-0.7501496954506798,410156.25,2.6616285e-06,1.5342727e-07,0.8321285809974452,0.003442843545622155,/content/drive/MyDrive/N-MON/ALTRO/spectograms/FH-20/591.npy,FH-20
-0.012357376,-0.058114618,0.8674357,0.8125559,0.86752367,-0.9955194,0.9965392,1.9920586049556732,0.034316856,1.2429605,-0.7516591969673129,3007812.5,3.271644e-06,1.5110989e-07,0.8430447303544197,0.007541346473561939,/content/drive/MyDrive/N-MON/ALTRO/spectograms/FH-20/592.npy,FH-20
-0.0002123369,-0.02682953,0.8619826,0.8055878,0.86198264,-0.99561405,0.99648005,1.9920941442251205,0.005495155,1.2559178,-0.7239481269091189,-2382812.5,2.8049942e-06,1.4911494e-07,0.8409269245466704,0.004627347174498618,/content/drive/MyDrive/N-MON/ALTRO/spectograms/FH-20/593.npy,FH-20
0.014039068,0.06279025,0.8693915,0.81812644,0.86950487,-0.9956175,0.9964202,1.9920377433300018,-0.03316168,1.2305025,-0.7352093250093558,-2988281.25,3.6064498e-06,1.5218751e-07,0.8163892656581597,0.0034990178994298332,/content/drive/MyDrive/N-MON/ALTRO/spectograms/FH-20/594.npy,FH-20
-0.012287125,-0.049552873,0.8564548,0.7975799,0.856543,-0.9948413,0.99714035,1.991981640458107,0.028017709,1.2655259,-0.6544411874980353,-2382812.5,1.952952e-06,1.4858733e-07,0.8302034115200005,0.0037516335476814756,/content/drive/MyDrive/N-MON/ALTRO/spectograms/FH-20/595.npy,FH-20
-0.003980986,-0.029609472,0.8632408,0.80839515,0.86324996,-0.9944181,0.9976857,1.9921037405729294,0.018490806,1.246977,-0.6772250173030817,-2988281.25,3.105356e-06,1.4868044e-07,0.829104871619762,0.007835828121109155,/content/drive/MyDrive/N-MON/ALTRO/spectograms/FH-20/596.npy,FH-20
-0.008959022,-0.018523496,0.8572781,0.8006303,0.8573249,-0.9950577,0.9970051,1.9920628517866135,0.025530858,1.2599671,-0.6471501196162378,-2382812.5,2.5088307e-06,1.4907842e-07,0.8290670327568277,0.008829806166871623,/content/drive/MyDrive/N-MON/ALTRO/spectograms/FH-20/597.npy,FH-20
-0.0011293682,-0.038326897,0.883224,0.83564353,0.88322467,-0.995322,0.9968061,1.9921280443668365,0.009012336,1.2048106,-0.8734440078560627,-996093.75,2.3220632e-06,1.5321211e-07,0.8291500982819282,0.010820218581091485,/content/drive/MyDrive/N-MON/ALTRO/spectograms/FH-20/598.npy,FH-20
0.0010551078,0.008659222,0.8612655,0.80563515,0.8612661,-0.99515986,0.9968937,1.9920535683631897,-0.00501855,1.253098,-0.7011798889893247,-2988281.25,3.514705e-06,1.483348e-07,0.8189191290106936,0.009358360834360379,/content/drive/MyDrive/N-MON/ALTRO/spectograms/FH-20/599.npy,FH-20
0.010420923,0.047685497,0.8757313,0.8273469,0.8757933,-0.99527574,0.996755,1.992030754685402,-0.021693528,1.2167163,-0.8001075602878568,1015625.0,2.111123e-06,1.5239526e-07,0.8391650547826706,0.0036596484351686088,/content/drive/MyDrive/N-MON/ALTRO/spectograms/FH-20/600.npy,FH-20
0.0010735586,0.012981135,0.8468989,0.78427804,0.8468996,-0.9947636,0.99733233,1.9920959919691086,0.0002837238,1.2892696,-0.5919044782913857,2421875.0,1.977561e-06,1.5086391e-07,0.8261867531289184,0.0069430443865486444,/content/drive/MyDrive/N-MON/ALTRO/spectograms/FH-20/601.npy,FH-20
-0.0011852963,-0.018470254,0.86695194,0.81583625,0.8669527,-0.99499196,0.9971136,1.9921055436134338,0.006823121,1.2360106,-0.7216687078905731,3007812.5,2.6625294e-06,1.557634e-07,0.8181223200439589,0.004928103710478659,/content/drive/MyDrive/N-MON/ALTRO/spectograms/FH-20/602.npy,FH-20
-0.008530386,-0.019286998,0.85584664,0.79862404,0.85588914,-0.9957245,0.99637264,1.992097169160843,0.021865716,1.2626811,-0.6430451212583225,-2988281.25,2.3982557e-06,1.489897e-07,0.823721453141584,0.008091122236363029,/content/drive/MyDrive/N-MON/ALTRO/spectograms/FH-20/603.npy,FH-20
0.01080498,0.03600292,0.867413,0.8114508,0.8674803,-0.99512476,0.9969369,1.9920616447925568,-0.022660978,1.2443497,-0.7569134492341815,3007812.5,2.3374212e-06,1.5123153e-07,0.8349896285500877,0.00311460213048288,/content/drive/MyDrive/N-MON/ALTRO/spectograms/FH-20/604.npy,FH-20
0.006734468,0.00867167,0.84885186,0.7868755,0.84887856,-0.9952408,0.9968463,1.9920871406793594,-0.010188714,1.2810881,-0.5678730544767944,-2988281.25,2.5623274e-06,1.4521225e-07,0.8139160803782625,0.004568589530039256,/content/drive/MyDrive/N-MON/ALTRO/spectograms/FH-20/605.npy,FH-20
0.0036214418,0.024004253,0.87028676,0.8194642,0.8702943,-0.9954857,0.99661577,1.9921015202999115,-0.012314146,1.2288984,-0.7587021610192953,3007812.5,2.5675586e-06,1.4918021e-07,0.8358783640755649,0.010971283554859042,/content/drive/MyDrive/N-MON/ALTRO/spectograms/FH-20/606.npy,FH-20
-0.002354809,-0.029572077,0.87671477,0.8261079,0.8767179,-0.9944032,0.99770147,1.9921046495437622,0.012432085,1.2175536,-0.8202329982450084,-2382812.5,1.8784478e-06,1.5224231e-07,0.8377159916623891,0.007719656145109827,/content/drive/MyDrive/N-MON/ALTRO/spectograms/FH-20/607.npy,FH-20
0.00063510705,-0.0024260727,0.86027133,0.8034183,0.8602716,-0.99457836,0.9975013,1.9920796602964401,0.0015079445,1.2569301,-0.6922866888790901,-2988281.25,2.3573007e-06,1.4692208e-07,0.838019281201179,0.004055090984954654,/content/drive/MyDrive/N-MON/ALTRO/spectograms/FH-20/608.npy,FH-20
0.003226002,0.008766579,0.8786906,0.8283442,0.87869656,-0.995028,0.99705946,1.9920874685049057,-0.0053536864,1.2160233,-0.8331013527143903,2402343.75,2.1443723e-06,1.4990287e-07,0.8329406466622633,0.005425953255503314,/content/drive/MyDrive/N-MON/ALTRO/spectograms/FH-20/609.npy,FH-20
0.017695323,0.012574589,0.87508196,0.8240719,0.87526083,-0.9951324,0.99683356,1.9919659942388535,-0.028371817,1.2229327,-0.7981388305117322,2421875.0,2.3513817e-06,1.5310263e-07,0.8280357486992953,0.005450586531362902,/content/drive/MyDrive/N-MON/ALTRO/spectograms/FH-20/610.npy,FH-20
0.004155776,0.019946745,0.86473143,0.8097113,0.86474144,-0.99564123,0.9964533,1.9920945465564728,-0.006762471,1.2463136,-0.7205077521242808,-2988281.25,2.702662e-06,1.4985366e-07,0.8273776001546392,0.009187533107103686,/content/drive/MyDrive/N-MON/ALTRO/spectograms/FH-20/611.npy,FH-20
0.005859265,0.035908446,0.8714791,0.8190184,0.8714988,-0.9952049,0.99690115,1.992106094956398,-0.014704077,1.229409,-0.7666063321146163,-2988281.25,2.3576574e-06,1.5304173e-07,0.8348873469401523,0.006945137676440231,/content/drive/MyDrive/N-MON/ALTRO/spectograms/FH-20/612.npy,FH-20
0.009761742,0.02024462,0.87092423,0.8195555,0.87097895,-0.9954243,0.996482,1.991906315088272,-0.015574772,1.229671,-0.7704913009261772,-2382812.5,2.2764975e-06,1.5376602e-07,0.817247246224877,0.005051747112133701,/content/drive/MyDrive/N-MON/ALTRO/spectograms/FH-20/613.npy,FH-20
0.00022916507,0.013155742,0.8646167,0.81124413,0.8646167,-0.9946284,0.99748975,1.9921181797981262,-0.0011196962,1.2429942,-0.7067523023444658,3007812.5,2.5263323e-06,1.4804354e-07,0.8421731124061731,0.006292097458624179,/content/drive/MyDrive/N-MON/ALTRO/spectograms/FH-20/614.npy,FH-20
0.0004947643,-0.0068183104,0.86166775,0.80673593,0.86166793,-0.9950645,0.9969915,1.992055982351303,-0.0021983283,1.2513614,-0.694194085860338,-2988281.25,3.1559653e-06,1.4806594e-07,0.8160517308670099,0.007803681576823612,/content/drive/MyDrive/N-MON/ALTRO/spectograms/FH-20/615.npy,FH-20
0.0016698148,-0.034325726,0.87618226,0.82598895,0.8761838,-0.9952518,0.9968555,1.9921072125434875,0.0001562757,1.2180709,-0.8005255543852138,1015625.0,2.433751e-06,1.5191804e-07,0.8425640158579262,0.005315912358604569,/content/drive/MyDrive/N-MON/ALTRO/spectograms/FH-20/616.npy,FH-20
0.001892684,0.020206675,0.86340475,0.81036645,0.86340684,-0.99530125,0.99676526,1.992066502571106,-0.0026807156,1.241875,-0.6672158660828799,2421875.0,2.4621e-06,1.5399718e-07,0.8207959695746878,0.005952064524875014,/content/drive/MyDrive/N-MON/ALTRO/spectograms/FH-20/617.npy,FH-20
-0.0017091898,-0.018333297,0.8396769,0.7718023,0.83967865,-0.9948388,0.99717236,1.9920111298561096,0.008709477,1.3120581,-0.5670740297169551,3007812.5,3.114338e-06,1.4050562e-07,0.819524939551207,0.0037438425134485864,/content/drive/MyDrive/N-MON/ALTRO/spectograms/FH-20/618.npy,FH-20
-0.0013387051,0.011909738,0.85081095,0.7913244,0.85081196,-0.995848,0.99627256,1.9921206086874008,0.007017425,1.2771925,-0.5964195216867917,1015625.0,2.348667e-06,1.4902923e-07,0.8298022026531389,0.005286732991677308,/content/drive/MyDrive/N-MON/ALTRO/spectograms/FH-20/619.npy,FH-20
-0.010732001,-0.0066249976,0.84455866,0.78228116,0.84462684,-0.9948408,0.9971231,1.9919639080762863,0.02209952,1.2941052,-0.566757612392622,-976562.5,1.9237705e-06,1.4262616e-07,0.836684576911209,0.002493001203809582,/content/drive/MyDrive/N-MON/ALTRO/spectograms/FH-20/620.npy,FH-20
0.0169927,0.051768254,0.8548181,0.7970597,0.854987,-0.99500084,0.99705523,1.9920560866594315,-0.03422257,1.2685297,-0.641736440251056,3007812.5,2.5747202e-06,1.4881019e-07,0.8268067261174172,0.005069323106069439,/content/drive/MyDrive/N-MON/ALTRO/spectograms/FH-20/621.npy,FH-20
0.010051876,0.01331752,0.8716079,0.81875145,0.87166595,-0.9944987,0.9975567,1.992055431008339,-0.021960234,1.2330743,-0.8182407905711272,-2988281.25,2.420385e-06,1.480514e-07,0.8212917400726152,0.007153546869069309,/content/drive/MyDrive/N-MON/ALTRO/spectograms/FH-20/622.npy,FH-20
-0.009638524,-0.050046295,0.86725247,0.81364584,0.86730605,-0.9953002,0.9967445,1.9920446574687958,0.024295777,1.2384732,-0.7319032752046316,2421875.0,2.0663153e-06,1.5159281e-07,0.8370902290645635,0.0024064773230253285,/content/drive/MyDrive/N-MON/ALTRO/spectograms/FH-20/623.npy,FH-20
0.010098032,0.027958117,0.8727919,0.82384324,0.87285036,-0.995466,0.9965501,1.992016077041626,-0.026879042,1.2197442,-0.742679744871329,-2382812.5,2.868363e-06,1.5308619e-07,0.8297727655574122,0.005156740608796107,/content/drive/MyDrive/N-MON/ALTRO/spectograms/FH-20/624.npy,FH-20
0.0020163772,-0.0109517835,0.8573316,0.80087197,0.85733396,-0.9952704,0.9968132,1.9920835047960281,2.4916422e-05,1.262738,-0.6855209803257064,1015625.0,2.8593183e-06,1.4734441e-07,0.8230597108075188,0.008945398574432566,/content/drive/MyDrive/N-MON/ALTRO/spectograms/FH-20/625.npy,FH-20
-0.0027208172,0.012327183,0.8513448,0.7892728,0.8513492,-0.99532294,0.99672115,1.9920441210269928,0.0066961995,1.2825903,-0.6314562987613838,3007812.5,1.8375483e-06,1.4812639e-07,0.8455877965565077,0.009595945667850568,/content/drive/MyDrive/N-MON/ALTRO/spectograms/FH-20/626.npy,FH-20
-0.0019364271,0.00060888263,0.8563625,0.8006047,0.8563647,-0.99540615,0.99665093,1.9920570850372314,0.009663323,1.2613366,-0.6555432862165277,-2988281.25,4.5689676e-06,1.4580894e-07,0.8099313810667813,0.012593358256791426,/content/drive/MyDrive/N-MON/ALTRO/spectograms/FH-20/627.npy,FH-20
-0.012132391,-0.034407794,0.8664975,0.81381214,0.86658245,-0.9952547,0.99678355,1.99203822016716,0.024432184,1.239592,-0.7100968086642673,410156.25,3.8441594e-06,1.5199184e-07,0.8272180457347917,0.00555434748124468,/content/drive/MyDrive/N-MON/ALTRO/spectograms/FH-20/628.npy,FH-20
-0.0029827098,0.00549999,0.85634136,0.79783314,0.8563466,-0.994426,0.99762046,1.9920465052127838,0.008542633,1.2666744,-0.6622505765436576,-2988281.25,4.6370737e-06,1.4977351e-07,0.8235214746523675,0.006476929824068398,/content/drive/MyDrive/N-MON/ALTRO/spectograms/FH-20/629.npy,FH-20
-0.0013594232,-0.014798999,0.8715727,0.8194141,0.87157375,-0.99525523,0.9968663,1.9921215325593948,0.00029622606,1.2284273,-0.7564823830637738,-2988281.25,3.7633272e-06,1.5140132e-07,0.8270067495706658,0.010588386707827089,/content/drive/MyDrive/N-MON/ALTRO/spectograms/FH-20/630.npy,FH-20
-0.011204085,-0.04588597,0.8679979,0.8169203,0.8680702,-0.9950299,0.9970731,1.9921030551195145,0.02391946,1.2324752,-0.7090332518888324,1015625.0,3.8889766e-06,1.5287847e-07,0.8274109709826306,0.006836670332724139,/content/drive/MyDrive/N-MON/ALTRO/spectograms/FH-20/631.npy,FH-20
-0.0015361867,-0.0068773096,0.8696671,0.8183656,0.8696685,-0.9951833,0.9969137,1.9920969754457474,-0.0015648368,1.2305604,-0.7409480112742736,-2382812.5,6.0232755e-06,1.5089785e-07,0.8287012895649225,0.004201018209280718,/content/drive/MyDrive/N-MON/ALTRO/spectograms/FH-20/632.npy,FH-20
-0.0064469264,-0.0028308656,0.86886346,0.8169453,0.8688874,-0.9949264,0.9971019,1.9920283257961273,0.009686828,1.2333769,-0.7424045782782241,-2988281.25,4.1857734e-06,1.5031077e-07,0.8418523165161544,0.008880636634767774,/content/drive/MyDrive/N-MON/ALTRO/spectograms/FH-20/633.npy,FH-20
0.005998826,-0.021702217,0.86689335,0.81343263,0.8669141,-0.9942877,0.9978255,1.9921132773160934,-0.0057535665,1.2398996,-0.7324472895574133,1015625.0,3.6420106e-06,1.4896119e-07,0.8267891636255298,0.006380007385177463,/content/drive/MyDrive/N-MON/ALTRO/spectograms/FH-20/634.npy,FH-20
-0.008181869,-0.058166392,0.8756162,0.82712305,0.8756544,-0.99570656,0.9963839,1.9920904636383057,0.02232534,1.2142454,-0.7490645278907923,3007812.5,2.0885202e-06,1.5240991e-07,0.8385431761906436,0.006520593784932705,/content/drive/MyDrive/N-MON/ALTRO/spectograms/FH-20/635.npy,FH-20
0.005672925,0.024033291,0.8543794,0.7963479,0.85439825,-0.9954602,0.9965904,1.9920506030321121,-0.012074116,1.2667019,-0.6271615383548524,-390625.0,1.9723566e-06,1.4943805e-07,0.8221011799758715,0.004904496224684304,/content/drive/MyDrive/N-MON/ALTRO/spectograms/FH-20/636.npy,FH-20
-0.012278011,-0.042199627,0.8740694,0.8234082,0.87415564,-0.9953483,0.9967218,1.9920700937509537,0.025305588,1.2216663,-0.7679096106108522,-2382812.5,2.3865932e-06,1.54186e-07,0.8321599240262705,0.004475314475601513,/content/drive/MyDrive/N-MON/ALTRO/spectograms/FH-20/637.npy,FH-20
-0.0081202015,-0.018793635,0.8678598,0.8152102,0.86789775,-0.99534637,0.9967258,1.992072194814682,0.017760828,1.2370932,-0.7459111881903705,-2988281.25,3.8782428e-06,1.4906152e-07,0.829946139733091,0.004523654749233559,/content/drive/MyDrive/N-MON/ALTRO/spectograms/FH-20/638.npy,FH-20
0.0057790736,0.027907562,0.8598542,0.8057632,0.85987365,-0.9954895,0.9965771,1.9920665472745895,-0.011903419,1.2510945,-0.6477295419102057,1015625.0,1.861273e-06,1.4960278e-07,0.8422589144429593,0.0056182036966805245,/content/drive/MyDrive/N-MON/ALTRO/spectograms/FH-20/639.npy,FH-20
-0.0044526546,-0.04274959,0.8791568,0.8317949,0.8791681,-0.9957982,0.9962605,1.9920586794614792,0.008251556,1.209901,-0.8248445892170012,2421875.0,2.5724082e-06,1.5480893e-07,0.8219574562405039,0.010902761996939264,/content/drive/MyDrive/N-MON/ALTRO/spectograms/FH-20/640.npy,FH-20
-0.00023454809,0.012878077,0.8754203,0.8245449,0.8754203,-0.99502575,0.9969648,1.9919905811548233,-0.000725405,1.2220517,-0.8023557329595451,-2382812.5,3.965943e-06,1.5276973e-07,0.8214477787393104,0.007090503580127737,/content/drive/MyDrive/N-MON/ALTRO/spectograms/FH-20/641.npy,FH-20
-0.011124281,-0.0143826995,0.8637747,0.8079332,0.8638463,-0.9948122,0.9972659,1.99207803606987,0.017919263,1.2473919,-0.692560732069965,-2988281.25,2.7529443e-06,1.507231e-07,0.8200754360967755,0.007685683527847293,/content/drive/MyDrive/N-MON/ALTRO/spectograms/FH-20/642.npy,FH-20
0.001599588,-0.018781815,0.8686489,0.81580114,0.8686504,-0.99528617,0.9967588,1.992044985294342,-0.0036268593,1.2361704,-0.759267798449253,312500.0,2.6753037e-06,1.5066377e-07,0.8299106314919222,0.007430365330602318,/content/drive/MyDrive/N-MON/ALTRO/spectograms/FH-20/643.npy,FH-20
-0.0016236849,-0.0033491636,0.8467784,0.7831537,0.84677994,-0.9954888,0.9966144,1.9921032339334488,0.0008009503,1.2918009,-0.5984212041289859,2421875.0,1.713295e-06,1.4680631e-07,0.8360774088765696,0.005696123729857903,/content/drive/MyDrive/N-MON/ALTRO/spectograms/FH-20/644.npy,FH-20
0.011410426,0.031566326,0.8389649,0.77156097,0.8390425,-0.99573016,0.9962767,1.9920068234205246,-0.021621604,1.3132463,-0.555243003703657,-2382812.5,2.1888957e-06,1.46165e-07,0.8356545837744567,0.007024392233747106,/content/drive/MyDrive/N-MON/ALTRO/spectograms/FH-20/645.npy,FH-20
-0.0036185994,-0.026456608,0.8613167,0.80591244,0.8613243,-0.9951591,0.9969344,1.9920935183763504,0.0064693363,1.2550203,-0.7238986311920358,1015625.0,2.327019e-06,1.4865432e-07,0.8230276513411622,0.00673775310532543,/content/drive/MyDrive/N-MON/ALTRO/spectograms/FH-20/646.npy,FH-20
0.010735183,0.020338498,0.8695476,0.8133342,0.8696139,-0.9951904,0.9968897,1.9920801371335983,-0.02266472,1.2392493,-0.7823637317289008,-2382812.5,2.1111346e-06,1.4747874e-07,0.831603210397653,0.0059107727610552534,/content/drive/MyDrive/N-MON/ALTRO/spectograms/FH-20/647.npy,FH-20
-0.008151695,-0.053705696,0.87913704,0.83189195,0.8791748,-0.9951148,0.99689305,1.992007851600647,0.019463692,1.2086265,-0.8018123932779685,-2382812.5,3.1978234e-06,1.5364483e-07,0.823045301898095,0.015492191262480685,/content/drive/MyDrive/N-MON/ALTRO/spectograms/FH-20/648.npy,FH-20
0.009027786,0.020587914,0.87334836,0.8217651,0.873395,-0.99504536,0.9970311,1.9920764118432999,-0.016992358,1.2270309,-0.7881964466354071,3007812.5,3.0329957e-06,1.5309666e-07,0.8034917826958243,0.006992100794296738,/content/drive/MyDrive/N-MON/ALTRO/spectograms/FH-20/649.npy,FH-20
-0.002754551,0.0012017046,0.87353456,0.8243945,0.873539,-0.9948151,0.9972934,1.9921085089445114,0.006924627,1.2204015,-0.7656487888727891,1015625.0,3.2181706e-06,1.500249e-07,0.8343739253427229,0.006230317884391608,/content/drive/MyDrive/N-MON/ALTRO/spectograms/FH-20/650.npy,FH-20
0.009240438,0.036336534,0.85936284,0.80391294,0.85941255,-0.99479127,0.99723047,1.992021769285202,-0.015167666,1.2540492,-0.6518788808538841,-976562.5,2.1006967e-06,1.4674627e-07,0.8362202559731211,0.0038183615148697273,/content/drive/MyDrive/N-MON/ALTRO/spectograms/FH-20/651.npy,FH-20
0.004074667,0.025122223,0.8706011,0.82052577,0.8706107,-0.99435145,0.997716,1.9920674264431,-0.010954543,1.2269156,-0.7447006447018013,-2988281.25,5.1417164e-06,1.524621e-07,0.829823751641988,0.005073436666696206,/content/drive/MyDrive/N-MON/ALTRO/spectograms/FH-20/652.npy,FH-20
-0.0026821515,-0.0028173763,0.85462207,0.7914381,0.8546263,-0.99492526,0.9971749,1.9921002089977264,0.008841924,1.2766099,-0.6759943038411783,-996093.75,2.145643e-06,1.4398951e-07,0.8323283842451725,0.010249232329820505,/content/drive/MyDrive/N-MON/ALTRO/spectograms/FH-20/653.npy,FH-20
0.0047141598,0.05126965,0.87707096,0.82730985,0.87708354,-0.99546754,0.99663067,1.9920981973409653,-0.010207184,1.2185143,-0.828516726076365,2421875.0,3.0698945e-06,1.5076844e-07,0.8164533668412266,0.004222973785889774,/content/drive/MyDrive/N-MON/ALTRO/spectograms/FH-20/654.npy,FH-20
-0.0023126835,-0.026289845,0.85148084,0.79037744,0.85148394,-0.9949753,0.99704164,1.9920169413089752,0.010577286,1.2810042,-0.6608515259648585,3007812.5,2.3167215e-06,1.5176374e-07,0.8258687938596713,0.003364646303623948,/content/drive/MyDrive/N-MON/ALTRO/spectograms/FH-20/655.npy,FH-20
0.0014668326,0.005443513,0.8472054,0.78007907,0.8472066,-0.99444664,0.9976023,1.9920488893985748,-0.003912765,1.298555,-0.6519033736886853,-2988281.25,3.8350145e-06,1.4190354e-07,0.820997955551823,0.005746634105304729,/content/drive/MyDrive/N-MON/ALTRO/spectograms/FH-20/656.npy,FH-20
-0.0070371996,-0.025775965,0.8523489,0.79375744,0.85237795,-0.9944774,0.99748266,1.9919600784778595,0.018365623,1.2732496,-0.612012789376431,2421875.0,2.1084288e-06,1.5011398e-07,0.8337556212982447,0.008280978765955557,/content/drive/MyDrive/N-MON/ALTRO/spectograms/FH-20/657.npy,FH-20
-0.0010173869,0.0039909733,0.88167226,0.832043,0.88167286,-0.9958985,0.9961792,1.9920776784420013,0.0011157355,1.2096919,-0.8639554533285488,-1582031.25,2.0753994e-06,1.5446622e-07,0.8263508035555498,0.003833638330233373,/content/drive/MyDrive/N-MON/ALTRO/spectograms/FH-20/658.npy,FH-20
0.006114573,0.03163027,0.861622,0.80650747,0.8616437,-0.9956747,0.99638057,1.9920552968978882,-0.018378425,1.2506725,-0.6945884975026867,2421875.0,2.3327116e-06,1.4975865e-07,0.8236224563726043,0.007361667047805681,/content/drive/MyDrive/N-MON/ALTRO/spectograms/FH-20/659.npy,FH-20
-0.008169291,-0.014638095,0.8670717,0.81091213,0.8671102,-0.99499047,0.99692523,1.9919157028198242,0.017154185,1.2449117,-0.7542833044327218,-2988281.25,3.915746e-06,1.4788023e-07,0.8180853806667951,0.0024277288566829044,/content/drive/MyDrive/N-MON/ALTRO/spectograms/FH-20/660.npy,FH-20
0.014296364,0.020253927,0.8686033,0.81528157,0.86872095,-0.9952943,0.9966794,1.9919737428426743,-0.022275366,1.2370881,-0.7539704669256962,-996093.75,2.3449531e-06,1.5302462e-07,0.8281703442554446,0.0035884097171735106,/content/drive/MyDrive/N-MON/ALTRO/spectograms/FH-20/661.npy,FH-20
-0.005095574,-0.03359074,0.86787593,0.81523484,0.8678909,-0.99454725,0.9975447,1.9920919090509415,0.012924999,1.2381688,-0.7520288803709382,3007812.5,2.2836934e-06,1.5011602e-07,0.831227970280938,0.004277349988062064,/content/drive/MyDrive/N-MON/ALTRO/spectograms/FH-20/662.npy,FH-20
0.0077705784,0.020095833,0.87354654,0.82147956,0.87358105,-0.9954702,0.9966046,1.9920748323202133,-0.014051919,1.2268362,-0.7740423185015165,-2382812.5,2.1306034e-06,1.4760883e-07,0.8385330666900603,0.005190976383349941,/content/drive/MyDrive/N-MON/ALTRO/spectograms/FH-20/663.npy,FH-20
0.0091915345,0.012447409,0.8745354,0.8256038,0.87458366,-0.99532765,0.9967002,1.9920278787612915,-0.016105464,1.2192928,-0.7698795934750083,-2382812.5,3.2044386e-06,1.4950089e-07,0.8374641888929408,0.005459922253096914,/content/drive/MyDrive/N-MON/ALTRO/spectograms/FH-20/664.npy,FH-20
-0.0061465385,-0.03805065,0.8587981,0.80179554,0.8588201,-0.99504924,0.9970361,1.9920852929353714,0.015497145,1.2609421,-0.6883048153946395,3007812.5,2.711911e-06,1.4825687e-07,0.8267696282664616,0.0053143091708536,/content/drive/MyDrive/N-MON/ALTRO/spectograms/FH-20/665.npy,FH-20
-0.0060480377,-0.014794394,0.86905074,0.81761086,0.8690718,-0.9951987,0.996905,1.9921037703752518,0.018711172,1.2312083,-0.7197890653456139,3007812.5,2.5532142e-06,1.4965737e-07,0.8301353225187282,0.005931685277203505,/content/drive/MyDrive/N-MON/ALTRO/spectograms/FH-20/666.npy,FH-20
0.00957759,0.016805734,0.8558304,0.79624635,0.85588396,-0.9947844,0.9972203,1.9920046925544739,-0.014039636,1.266604,-0.6424692630476391,410156.25,1.7492475e-06,1.492603e-07,0.8318374874672289,0.007746651597857388,/content/drive/MyDrive/N-MON/ALTRO/spectograms/FH-20/667.npy,FH-20
0.0029144078,0.0116788,0.8710867,0.81919914,0.8710916,-0.99597615,0.9960563,1.9920324832201004,-0.0029391667,1.2303419,-0.7632960357933279,-2988281.25,4.0507653e-06,1.516254e-07,0.8308185422743193,0.003314447530957193,/content/drive/MyDrive/N-MON/ALTRO/spectograms/FH-20/668.npy,FH-20
-0.009824224,-0.01806549,0.85412836,0.7950603,0.85418487,-0.99456805,0.9974432,1.9920112639665604,0.025762035,1.2716272,-0.6422583507105869,-2988281.25,2.6642265e-06,1.476985e-07,0.8374878728982993,0.016386028393884578,/content/drive/MyDrive/N-MON/ALTRO/spectograms/FH-20/669.npy,FH-20
-0.0036950598,0.013234433,0.8759342,0.8284607,0.87594205,-0.9945683,0.99752414,1.9920924454927444,0.0074787396,1.2134737,-0.7839707368194687,-2988281.25,4.07066e-06,1.5416695e-07,0.8323543133888589,0.0066760919469382295,/content/drive/MyDrive/N-MON/ALTRO/spectograms/FH-20/670.npy,FH-20
-0.0054418184,0.0005881465,0.8534954,0.7930711,0.8535128,-0.995441,0.996625,1.9920660555362701,0.006171763,1.2774235,-0.6652354377876356,-2382812.5,3.0574759e-06,1.5090154e-07,0.8276750731692077,0.002875268781720472,/content/drive/MyDrive/N-MON/ALTRO/spectograms/FH-20/671.npy,FH-20
0.008055262,0.016669938,0.8557855,0.7975838,0.8558234,-0.99503,0.9970665,1.9920965135097504,-0.01382733,1.2673622,-0.6597551033869157,-2988281.25,3.450392e-06,1.4671932e-07,0.8332778319633118,0.008726925098825812,/content/drive/MyDrive/N-MON/ALTRO/spectograms/FH-20/672.npy,FH-20
0.011622656,0.00833888,0.85430986,0.79400784,0.85438895,-0.995458,0.99658626,1.992044284939766,-0.019104429,1.2694077,-0.6191926942840081,1015625.0,1.8509515e-06,1.4471746e-07,0.8277116727839958,0.005910911625939021,/content/drive/MyDrive/N-MON/ALTRO/spectograms/FH-20/673.npy,FH-20
0.0043646647,0.020227652,0.85907483,0.80254436,0.8590859,-0.9953655,0.9966807,1.99204620718956,-0.0054082503,1.2582273,-0.681051959985883,410156.25,2.6378445e-06,1.5031031e-07,0.8248092127844893,0.006307104098522097,/content/drive/MyDrive/N-MON/ALTRO/spectograms/FH-20/674.npy,FH-20
-0.0017417746,-0.002198918,0.85336626,0.79088795,0.853368,-0.9943215,0.9977355,1.9920570701360703,0.006531184,1.2769122,-0.6643096151617512,-2988281.25,2.400826e-06,1.4575451e-07,0.817623309670182,0.006045807803905462,/content/drive/MyDrive/N-MON/ALTRO/spectograms/FH-20/675.npy,FH-20
0.0077369125,0.004957691,0.8569722,0.7997794,0.85700715,-0.99502194,0.99700034,1.9920222461223602,-0.011786442,1.2601058,-0.6430102878950034,-2988281.25,4.535273e-06,1.4758342e-07,0.8252181632511193,0.009872452500021386,/content/drive/MyDrive/N-MON/ALTRO/spectograms/FH-20/676.npy,FH-20
0.007924153,0.055990152,0.86587316,0.8123911,0.8659094,-0.9947806,0.99728864,1.9920692443847656,-0.020012619,1.24185,-0.7129867809383815,410156.25,2.9289665e-06,1.5088455e-07,0.832911737675382,0.007391988408843652,/content/drive/MyDrive/N-MON/ALTRO/spectograms/FH-20/677.npy,FH-20
-0.0017683347,-0.004181315,0.8600609,0.80493724,0.86006266,-0.9963163,0.995773,1.9920893609523773,0.006954752,1.2533702,-0.6743739183617371,-2988281.25,4.0963114e-06,1.4583335e-07,0.8390404119954407,0.007831368201006102,/content/drive/MyDrive/N-MON/ALTRO/spectograms/FH-20/678.npy,FH-20
-0.0006381593,0.012896384,0.82832295,0.7570464,0.8283232,-0.9949052,0.9971463,1.9920514822006226,-0.00024212159,1.3409408,-0.4774086065674431,3007812.5,2.3283515e-06,1.4257361e-07,0.8423172707818318,0.0026565420551780835,/content/drive/MyDrive/N-MON/ALTRO/spectograms/FH-20/679.npy,FH-20
0.011810537,0.059456147,0.8830117,0.8353557,0.8830907,-0.9951945,0.9969065,1.992101013660431,-0.022972466,1.2064936,-0.8830974776457855,-2988281.25,3.124794e-06,1.5355435e-07,0.8370826764963338,0.007845558264323621,/content/drive/MyDrive/N-MON/ALTRO/spectograms/FH-20/680.npy,FH-20
0.0010389927,-0.01087734,0.846527,0.7876925,0.84652764,-0.99521726,0.9968511,1.9920683354139328,0.0021674058,1.2842435,-0.5626916093667945,1015625.0,2.8766879e-06,1.4586502e-07,0.8278073326698022,0.012955060323162484,/content/drive/MyDrive/N-MON/ALTRO/spectograms/FH-20/681.npy,FH-20
-0.0015318432,-0.010400921,0.84757984,0.7834808,0.84758127,-0.99465716,0.9974102,1.9920673370361328,0.011792643,1.2913407,-0.5923038476326791,-390625.0,2.4649787e-06,1.4975906e-07,0.8263472398299598,0.006457458858932992,/content/drive/MyDrive/N-MON/ALTRO/spectograms/FH-20/682.npy,FH-20
0.010605608,0.043632515,0.87606704,0.8284763,0.87613124,-0.99545515,0.99663806,1.9920932054519653,-0.016135663,1.2134261,-0.7891846916263249,1015625.0,2.4888081e-06,1.5124515e-07,0.8200713359364671,0.0047066247903645025,/content/drive/MyDrive/N-MON/ALTRO/spectograms/FH-20/683.npy,FH-20
-0.0016267868,-0.0027025717,0.85295206,0.7944386,0.8529536,-0.99489135,0.99720657,1.9920979589223862,0.011217843,1.2704132,-0.6146841738351406,-996093.75,1.7254405e-06,1.5139943e-07,0.8395761974151441,0.004988434843752033,/content/drive/MyDrive/N-MON/ALTRO/spectograms/FH-20/684.npy,FH-20
0.0033862258,0.025120154,0.8655094,0.81248564,0.865516,-0.9943696,0.9977331,1.9921026974916458,0.0017817025,1.2416648,-0.7347639689332236,-2988281.25,2.13005e-06,1.4916273e-07,0.8288253195252613,0.012186826060511238,/content/drive/MyDrive/N-MON/ALTRO/spectograms/FH-20/685.npy,FH-20
-0.0007946606,-0.010262944,0.86346304,0.809761,0.86346346,-0.9946006,0.99749255,1.9920931607484818,0.00058059295,1.2452385,-0.6879362595939505,-2988281.25,1.988354e-06,1.4723761e-07,0.8279802496734849,0.006428326647927435,/content/drive/MyDrive/N-MON/ALTRO/spectograms/FH-20/686.npy,FH-20
-0.005937145,-0.0265821,0.8526732,0.791625,0.8526938,-0.9952311,0.9968525,1.9920836389064789,0.021356031,1.277118,-0.6429490792946498,-2988281.25,2.9181406e-06,1.4628571e-07,0.8216643874813123,0.006221318317438789,/content/drive/MyDrive/N-MON/ALTRO/spectograms/FH-20/687.npy,FH-20
-0.007883116,-0.0422808,0.8710838,0.81772655,0.8711195,-0.9953954,0.9966963,1.9920917004346848,0.020616332,1.2318125,-0.7545948219243758,-2988281.25,2.3430646e-06,1.4956927e-07,0.8179768093817937,0.010600871835522501,/content/drive/MyDrive/N-MON/ALTRO/spectograms/FH-20/688.npy,FH-20
-0.008082036,-0.010687634,0.86550415,0.81255126,0.8655419,-0.99504644,0.9970205,1.9920669049024582,0.012771051,1.2392021,-0.6968073807177416,-390625.0,3.4187544e-06,1.4713498e-07,0.8196567941907278,0.007359679264453353,/content/drive/MyDrive/N-MON/ALTRO/spectograms/FH-20/689.npy,FH-20
0.011796372,-0.0027981163,0.86118907,0.8049733,0.86126983,-0.994976,0.997038,1.9920140355825424,-0.017136663,1.2537564,-0.6925144656658225,-2988281.25,2.2331621e-06,1.4761248e-07,0.8334734384382589,0.003982163421536351,/content/drive/MyDrive/N-MON/ALTRO/spectograms/FH-20/690.npy,FH-20
0.008897208,0.012712846,0.87762594,0.8271983,0.87767106,-0.9948589,0.9971314,1.991990327835083,-0.013911699,1.218266,-0.8300832434319184,-2382812.5,1.7958218e-06,1.5228582e-07,0.8331202540907549,0.0064567079919402295,/content/drive/MyDrive/N-MON/ALTRO/spectograms/FH-20/691.npy,FH-20
-0.0014420068,0.004341781,0.8732879,0.82221216,0.87328917,-0.99563235,0.9964728,1.9921051561832428,-0.002972445,1.2237514,-0.784057896215857,-390625.0,2.0297487e-06,1.5242176e-07,0.830700429129652,0.007241272007197675,/content/drive/MyDrive/N-MON/ALTRO/spectograms/FH-20/692.npy,FH-20
0.009115709,0.021307766,0.86300033,0.80620307,0.8630485,-0.9942864,0.9977332,1.9920195639133453,-0.018278986,1.2510611,-0.6923758982692362,1015625.0,2.921543e-06,1.4770993e-07,0.8319481902693389,0.0025573701837303393,/content/drive/MyDrive/N-MON/ALTRO/spectograms/FH-20/693.npy,FH-20
-0.0031376868,-0.026700232,0.8494441,0.79046637,0.84944993,-0.9953873,0.99670607,1.9920933544635773,0.014319915,1.2781221,-0.590231421550704,-2988281.25,5.0421554e-06,1.4783208e-07,0.8121647627823578,0.011842310289718634,/content/drive/MyDrive/N-MON/ALTRO/spectograms/FH-20/694.npy,FH-20
-0.007321834,-0.01088704,0.8704121,0.81737816,0.8704429,-0.9951672,0.99682754,1.9919947683811188,0.013783971,1.232958,-0.7584934205266461,-2382812.5,3.8527387e-06,1.4926485e-07,0.8226224459061401,0.008463325634444041,/content/drive/MyDrive/N-MON/ALTRO/spectograms/FH-20/695.npy,FH-20
-0.0022818155,-0.0067428816,0.85209376,0.79283726,0.8520968,-0.9949332,0.997161,1.9920941889286041,0.009573902,1.2771338,-0.6509877318512257,1015625.0,2.40142e-06,1.442047e-07,0.8120278932534625,0.007934753999077724,/content/drive/MyDrive/N-MON/ALTRO/spectograms/FH-20/696.npy,FH-20
-0.001951508,0.012142004,0.8763771,0.82651293,0.8763793,-0.9955747,0.99649876,1.9920734614133835,0.00062205334,1.217749,-0.8048568971521864,-2382812.5,3.7578154e-06,1.526109e-07,0.8120542407040647,0.002654816972041161,/content/drive/MyDrive/N-MON/ALTRO/spectograms/FH-20/697.npy,FH-20
0.008343971,-0.0028118724,0.8704368,0.81648743,0.8704767,-0.99485546,0.9971804,1.9920358657836914,-0.0121339755,1.2332357,-0.7599826270617457,-2382812.5,3.0192286e-06,1.4958027e-07,0.8390022918908511,0.00361427333080052,/content/drive/MyDrive/N-MON/ALTRO/spectograms/FH-20/698.npy,FH-20
0.003222104,-0.010523198,0.8751162,0.82368577,0.8751222,-0.9948866,0.9972414,1.9921279549598694,0.001193436,1.2246807,-0.8217585938936579,3007812.5,2.026957e-06,1.53563e-07,0.8265862605243837,0.005487013580511157,/content/drive/MyDrive/N-MON/ALTRO/spectograms/FH-20/699.npy,FH-20
0.001268244,0.03645307,0.86600935,0.8128494,0.8660103,-0.99468017,0.9974272,1.9921074360609055,-0.011450344,1.2381943,-0.7007562984201964,2421875.0,2.539013e-06,1.4885033e-07,0.8217622938546382,0.00646026690232542,/content/drive/MyDrive/N-MON/ALTRO/spectograms/FH-20/700.npy,FH-20
-0.0013681202,0.004502139,0.8703865,0.81931263,0.8703875,-0.995539,0.99655455,1.9920935928821564,-0.0014635215,1.2292265,-0.7505112564027164,2421875.0,2.3193195e-06,1.5278873e-07,0.8153107069404071,0.0064290061574038705,/content/drive/MyDrive/N-MON/ALTRO/spectograms/FH-20/701.npy,FH-20
0.0033548467,0.0131082395,0.8708176,0.8202368,0.8708241,-0.99460995,0.99745053,1.9920604825019836,-0.0038437548,1.2270619,-0.7440403777282364,-976562.5,2.222718e-06,1.5309519e-07,0.8334253327209131,0.005657809218205716,/content/drive/MyDrive/N-MON/ALTRO/spectograms/FH-20/702.npy,FH-20
-0.0065014744,0.005777809,0.8589672,0.800428,0.8589918,-0.99414235,0.99782836,1.9919707030057907,0.01442133,1.2640738,-0.7100723667603878,-2988281.25,1.8863875e-06,1.5289717e-07,0.8307665517170977,0.0028483561980240124,/content/drive/MyDrive/N-MON/ALTRO/spectograms/FH-20/703.npy,FH-20
0.0021635466,-0.023105681,0.8644859,0.8100439,0.8644886,-0.9957454,0.99634504,1.992090493440628,-0.00016544161,1.2465404,-0.7277807346678414,-2988281.25,3.8290514e-06,1.4747296e-07,0.8222123979395688,0.017354884314233064,/content/drive/MyDrive/N-MON/ALTRO/spectograms/FH-20/704.npy,FH-20
-0.0027940236,-0.01840141,0.8424919,0.78274244,0.8424965,-0.9949263,0.99706733,1.9919936060905457,0.0051065893,1.2902967,-0.5106588365421222,-390625.0,2.1568874e-06,1.4951966e-07,0.8323225375184875,0.0053418267006634865,/content/drive/MyDrive/N-MON/ALTRO/spectograms/FH-20/705.npy,FH-20
-0.00047064925,-0.03007271,0.85801613,0.7996711,0.85801625,-0.9948874,0.9971749,1.9920623451471329,0.007155856,1.2608969,-0.6500367735697409,-2988281.25,3.2241337e-06,1.4652976e-07,0.8326513969839711,0.005413336582428308,/content/drive/MyDrive/N-MON/ALTRO/spectograms/FH-20/706.npy,FH-20
0.0038362015,-0.003199007,0.86494535,0.80695564,0.8649539,-0.9953593,0.996752,1.9921112954616547,-0.0022833648,1.2489021,-0.7233016086236034,-2988281.25,5.0871295e-06,1.4748929e-07,0.8193000726820584,0.010273052181131588,/content/drive/MyDrive/N-MON/ALTRO/spectograms/FH-20/707.npy,FH-20
-0.0036171977,-0.011070268,0.8694736,0.8174124,0.86948115,-0.99542594,0.99667466,1.992100566625595,0.0049714213,1.230667,-0.7370433907774335,1015625.0,2.4445164e-06,1.5049679e-07,0.8306137096166883,0.007308068880249981,/content/drive/MyDrive/N-MON/ALTRO/spectograms/FH-20/708.npy,FH-20
-0.0004764304,0.02003481,0.8546264,0.79865086,0.85462654,-0.9954187,0.9965898,1.9920085221529007,0.002524589,1.2612684,-0.6140344306567745,-2988281.25,1.9379454e-06,1.4663664e-07,0.83294528506678,0.004359342585919072,/content/drive/MyDrive/N-MON/ALTRO/spectograms/FH-20/709.npy,FH-20
-0.0002144661,-0.018468782,0.85353094,0.79202855,0.85353094,-0.99497104,0.9971491,1.9921201318502426,0.008809089,1.2759557,-0.6440234525939293,-2382812.5,2.1016392e-06,1.490547e-07,0.8283440344714557,0.008010196097029458,/content/drive/MyDrive/N-MON/ALTRO/spectograms/FH-20/710.npy,FH-20
-0.0028508538,-0.01023635,0.8565332,0.7961266,0.85653794,-0.9945307,0.9975339,1.9920645654201508,0.009990134,1.2684368,-0.6662991344741364,3007812.5,2.6576124e-06,1.4531116e-07,0.8194298151246471,0.0039048475630095486,/content/drive/MyDrive/N-MON/ALTRO/spectograms/FH-20/711.npy,FH-20
0.0011495709,0.004634195,0.86621827,0.811957,0.86621904,-0.9952197,0.99681646,1.992036148905754,0.001879147,1.2429312,-0.7478470773564255,3007812.5,2.1317987e-06,1.5115663e-07,0.8181194690703149,0.006502635605397356,/content/drive/MyDrive/N-MON/ALTRO/spectograms/FH-20/712.npy,FH-20
-0.0061759627,-0.01807262,0.8665673,0.811979,0.8665893,-0.99460423,0.9974134,1.9920176416635513,0.012571519,1.24193,-0.743741047474746,-2988281.25,2.5350155e-06,1.4957317e-07,0.8287220173351897,0.0048376748644188335,/content/drive/MyDrive/N-MON/ALTRO/spectograms/FH-20/713.npy,FH-20
0.00046388007,-0.04608547,0.87668055,0.8285433,0.8766807,-0.9952659,0.9968516,1.9921175092458725,-0.00042235435,1.2134193,-0.7884159210700227,-2988281.25,2.6629825e-06,1.517298e-07,0.8206923764476182,0.0057672688386526845,/content/drive/MyDrive/N-MON/ALTRO/spectograms/FH-20/714.npy,FH-20
-0.0023617987,0.027984321,0.87401175,0.8233302,0.87401503,-0.9953747,0.9966965,1.9920711666345596,0.0030918624,1.2233688,-0.7846235989443305,-2382812.5,2.1584103e-06,1.5048089e-07,0.8347046145846662,0.0026487096470887194,/content/drive/MyDrive/N-MON/ALTRO/spectograms/FH-20/715.npy,FH-20
0.0017782011,0.013059279,0.86890125,0.81634384,0.86890304,-0.9947775,0.9972573,1.9920348078012466,-0.00057580735,1.2351935,-0.7469741136771805,-2988281.25,1.9049063e-06,1.4900375e-07,0.8588397182217474,0.003422675439732186,/content/drive/MyDrive/N-MON/ALTRO/spectograms/FH-20/716.npy,FH-20
-0.0020511502,-0.0098182,0.85640466,0.795387,0.85640717,-0.99416226,0.9979409,1.9921031892299652,0.009636221,1.2722042,-0.7074967596944505,-2988281.25,4.14294e-06,1.493537e-07,0.8340619056705856,0.004473522988942502,/content/drive/MyDrive/N-MON/ALTRO/spectograms/FH-20/717.npy,FH-20
0.0015338378,-0.011077164,0.863201,0.8075833,0.8632024,-0.9954233,0.9966381,1.9920614212751389,0.0036077402,1.2488862,-0.6974008659306873,-390625.0,2.0882992e-06,1.5046052e-07,0.8339497168207165,0.0072698115120685665,/content/drive/MyDrive/N-MON/ALTRO/spectograms/FH-20/718.npy,FH-20
-0.0069561186,-0.041652292,0.8670102,0.81188,0.8670381,-0.9946968,0.99736464,1.9920614212751389,0.011789949,1.2438565,-0.7511807439978783,3007812.5,2.8168706e-06,1.5298798e-07,0.8254609077603657,0.006085273247331244,/content/drive/MyDrive/N-MON/ALTRO/spectograms/FH-20/719.npy,FH-20
0.010907044,-0.002002241,0.86663306,0.81313306,0.8667017,-0.9941507,0.9979621,1.9921128451824188,-0.015738482,1.2396023,-0.7256316056242494,1015625.0,1.8730121e-06,1.5114384e-07,0.8325072963107125,0.0054032062143238605,/content/drive/MyDrive/N-MON/ALTRO/spectograms/FH-20/720.npy,FH-20
-0.006497997,-0.007519749,0.868527,0.81776965,0.86855125,-0.99575937,0.99632955,1.9920889139175415,0.016336663,1.229924,-0.7145167437650973,-2382812.5,2.1094959e-06,1.5009846e-07,0.8414381501844861,0.003914792109431315,/content/drive/MyDrive/N-MON/ALTRO/spectograms/FH-20/721.npy,FH-20
0.008249607,-0.014923722,0.8665044,0.8128012,0.86654365,-0.99531424,0.99678266,1.9920969009399414,-0.00555324,1.2407377,-0.7404383009191299,3007812.5,2.7767826e-06,1.494169e-07,0.829280889020262,0.00551002757387704,/content/drive/MyDrive/N-MON/ALTRO/spectograms/FH-20/722.npy,FH-20
-0.001394877,-0.038101643,0.873899,0.82483715,0.8739001,-0.99510646,0.9969666,1.992073118686676,0.0061906856,1.2194122,-0.7791273530543218,-2382812.5,3.1147513e-06,1.5198864e-07,0.8359918992485096,0.006653092205812668,/content/drive/MyDrive/N-MON/ALTRO/spectograms/FH-20/723.npy,FH-20
0.0061059175,-0.006924322,0.8597548,0.80588484,0.85977644,-0.9950551,0.9969177,1.9919728189706802,-0.007924538,1.2494887,-0.6417908209198765,-2382812.5,3.3249955e-06,1.5024682e-07,0.8274931968032724,0.007342264981204414,/content/drive/MyDrive/N-MON/ALTRO/spectograms/FH-20/724.npy,FH-20
-0.0066193505,-0.010628938,0.8691423,0.8174271,0.8691675,-0.9949816,0.9971129,1.9920944273471832,0.01609358,1.2328488,-0.7374424437687327,-2988281.25,4.2678653e-06,1.5015894e-07,0.8379920881136768,0.004244313276126398,/content/drive/MyDrive/N-MON/ALTRO/spectograms/FH-20/725.npy,FH-20
0.010581982,0.013101596,0.848502,0.78907734,0.8485679,-0.9946455,0.99740255,1.9920480251312256,-0.009544608,1.2816325,-0.5899858420702114,-2382812.5,3.3329995e-06,1.4912555e-07,0.8271429105797186,0.007692872896555436,/content/drive/MyDrive/N-MON/ALTRO/spectograms/FH-20/726.npy,FH-20
0.013267635,0.059690587,0.8713093,0.8213457,0.8714103,-0.9950284,0.9970529,1.9920813143253326,-0.031984206,1.2252753,-0.74694257408009,-2382812.5,4.795739e-06,1.5314167e-07,0.8231058914998284,0.004839118586455661,/content/drive/MyDrive/N-MON/ALTRO/spectograms/FH-20/727.npy,FH-20
0.0014217539,0.035913877,0.86492026,0.8123238,0.86492145,-0.99529433,0.9967845,1.9920788705348969,-0.0060209036,1.2393633,-0.682803877973882,-2988281.25,3.7475284e-06,1.4858696e-07,0.8158434923259462,0.008396294479073089,/content/drive/MyDrive/N-MON/ALTRO/spectograms/FH-20/728.npy,FH-20
-0.0031707417,0.005158432,0.86363024,0.8078146,0.8636361,-0.99478054,0.9973036,1.992084190249443,0.00024851327,1.2497418,-0.7208144818279899,1015625.0,2.8222075e-06,1.4463033e-07,0.8258965059351188,0.0031310258918974096,/content/drive/MyDrive/N-MON/ALTRO/spectograms/FH-20/729.npy,FH-20
-0.005462365,-0.003620381,0.8543745,0.79715675,0.854392,-0.9958906,0.9961397,1.992030307650566,0.008076617,1.2658908,-0.6377968014740204,3007812.5,3.7972081e-06,1.4880442e-07,0.7971954038948934,0.012535358015275692,/content/drive/MyDrive/N-MON/ALTRO/spectograms/FH-20/730.npy,FH-20
0.008824869,0.028928552,0.87617517,0.82622206,0.87621963,-0.99437624,0.997627,1.9920033067464828,-0.015326109,1.2202301,-0.8304453365845915,-1015625.0,1.3558293e-06,1.5147786e-07,0.8338952104777025,0.005641313927091486,/content/drive/MyDrive/N-MON/ALTRO/spectograms/FH-20/731.npy,FH-20
-0.009103569,-0.058161438,0.86876005,0.8162638,0.8688078,-0.99564743,0.9964293,1.9920767694711685,0.019139485,1.2349635,-0.7315995349439836,1015625.0,2.8190238e-06,1.4910628e-07,0.812996876178477,0.012405515379247903,/content/drive/MyDrive/N-MON/ALTRO/spectograms/FH-20/732.npy,FH-20
0.0015667987,-0.03408316,0.8687138,0.8156672,0.86871517,-0.99499357,0.9970879,1.9920814484357834,0.0010649111,1.2348922,-0.7354114419734304,1015625.0,3.5680202e-06,1.5084478e-07,0.8349330810426403,0.005390688537651979,/content/drive/MyDrive/N-MON/ALTRO/spectograms/FH-20/733.npy,FH-20
0.0075969654,-0.01903388,0.8738029,0.8238728,0.8738359,-0.9956008,0.9965241,1.9921248853206635,-0.015233269,1.2209694,-0.7703567244923609,-2988281.25,2.4567012e-06,1.5342772e-07,0.8235552221126773,0.005338117256405312,/content/drive/MyDrive/N-MON/ALTRO/spectograms/FH-20/734.npy,FH-20
0.0015860148,-0.022179317,0.878823,0.8295618,0.8788244,-0.994773,0.9973194,1.9920923858880997,0.0028560925,1.213439,-0.8305530442027714,3007812.5,2.268224e-06,1.5180821e-07,0.8365209790797952,0.012405003364023543,/content/drive/MyDrive/N-MON/ALTRO/spectograms/FH-20/735.npy,FH-20
0.003173356,0.004689472,0.871371,0.82014,0.87137675,-0.9952234,0.9968252,1.9920486360788345,-0.0045063132,1.2265234,-0.7436753673940669,-2988281.25,2.6452346e-06,1.5085138e-07,0.8212482465327424,0.008285067652599239,/content/drive/MyDrive/N-MON/ALTRO/spectograms/FH-20/736.npy,FH-20
0.010272045,0.008169357,0.86542255,0.81044054,0.86548346,-0.99564856,0.99643284,1.9920814037322998,-0.017860271,1.2452414,-0.7303426459888797,3007812.5,3.5617006e-06,1.4868783e-07,0.8204481768781817,0.008969833929065644,/content/drive/MyDrive/N-MON/ALTRO/spectograms/FH-20/737.npy,FH-20
0.0008513007,-0.0015603856,0.863051,0.8071197,0.8630514,-0.9937463,0.99824685,1.9919931292533875,0.0037362957,1.2485858,-0.7060767897138095,-2988281.25,3.0589981e-06,1.4752614e-07,0.8322413988796004,0.005452137271180148,/content/drive/MyDrive/N-MON/ALTRO/spectograms/FH-20/738.npy,FH-20
0.00073326397,0.024271343,0.8707717,0.8199418,0.87077206,-0.9952514,0.9968257,1.9920771420001984,-0.0023074555,1.2284204,-0.7456948796479727,3007812.5,1.9349086e-06,1.4881833e-07,0.8358985289868813,0.005209840170011301,/content/drive/MyDrive/N-MON/ALTRO/spectograms/FH-20/739.npy,FH-20
0.0035520818,-0.026213935,0.8640492,0.80887705,0.8640565,-0.9948388,0.99723125,1.9920699745416641,-0.0006065049,1.2492716,-0.7321103504476351,3007812.5,2.1454277e-06,1.4844098e-07,0.8372869931504258,0.004130691656182077,/content/drive/MyDrive/N-MON/ALTRO/spectograms/FH-20/740.npy,FH-20
0.011647834,0.03492541,0.86759645,0.81508654,0.8676746,-0.99611604,0.99587864,1.9919946938753128,-0.020480322,1.2349821,-0.7189918923714781,3007812.5,2.5644906e-06,1.5242796e-07,0.8222934887569667,0.012146097092437759,/content/drive/MyDrive/N-MON/ALTRO/spectograms/FH-20/741.npy,FH-20
0.005401403,0.030842448,0.8664184,0.81219655,0.8664353,-0.9965017,0.995528,1.9920296669006348,-0.018741306,1.2427233,-0.7258189237767995,-2988281.25,3.4090292e-06,1.5291616e-07,0.8170394190705157,0.007470797015383203,/content/drive/MyDrive/N-MON/ALTRO/spectograms/FH-20/742.npy,FH-20
0.006624562,0.012093296,0.85699093,0.79929966,0.85701656,-0.9957073,0.99636215,1.9920694231987,-0.016200045,1.2665201,-0.6835962879947736,1015625.0,1.5021686e-06,1.4836701e-07,0.840740231289855,0.005562982268756282,/content/drive/MyDrive/N-MON/ALTRO/spectograms/FH-20/743.npy,FH-20
-0.0027819565,0.004890202,0.8623973,0.8068899,0.86240184,-0.99506414,0.99703705,1.9921011626720428,0.0049975626,1.2495623,-0.6857154834354465,-2988281.25,1.6217987e-06,1.4927866e-07,0.8275099793823927,0.006196037834542249,/content/drive/MyDrive/N-MON/ALTRO/spectograms/FH-20/744.npy,FH-20
0.005832602,0.024015699,0.87576175,0.8274124,0.8757812,-0.99541885,0.9966727,1.9920915514230728,-0.016229575,1.2155155,-0.7791283621705133,-2382812.5,2.7797848e-06,1.5341989e-07,0.8194166893731443,0.008392888601696376,/content/drive/MyDrive/N-MON/ALTRO/spectograms/FH-20/745.npy,FH-20
0.009110487,0.047653116,0.8820748,0.8373893,0.88212186,-0.9952152,0.99680865,1.9920238107442856,-0.015611089,1.1985916,-0.8200020988894973,-2382812.5,3.4279776e-06,1.5480052e-07,0.8234184612882813,0.005615469899924583,/content/drive/MyDrive/N-MON/ALTRO/spectograms/FH-20/746.npy,FH-20
0.0018310633,0.016634114,0.8572212,0.7999722,0.85722315,-0.99490947,0.9969869,1.9918964058160782,-0.0033921537,1.2617208,-0.6507702876136864,-2382812.5,1.7499519e-06,1.452885e-07,0.8262276644281303,0.004280515474473492,/content/drive/MyDrive/N-MON/ALTRO/spectograms/FH-20/747.npy,FH-20
-0.008058795,-0.026818383,0.8672937,0.8135857,0.86733115,-0.9953877,0.99665415,1.9920418113470078,0.021024168,1.2393608,-0.7415516312930689,-2988281.25,2.5412314e-06,1.4920204e-07,0.8252843636304377,0.011596992487756126,/content/drive/MyDrive/N-MON/ALTRO/spectograms/FH-20/748.npy,FH-20
0.0038507252,0.005010876,0.8719573,0.8216309,0.8719658,-0.9948275,0.99719334,1.9920208156108856,-0.0060881223,1.2273813,-0.7721907919934231,3007812.5,1.8962156e-06,1.5170832e-07,0.8377974131796878,0.006199708290370349,/content/drive/MyDrive/N-MON/ALTRO/spectograms/FH-20/749.npy,FH-20
-0.011823479,-0.015197361,0.8771573,0.82731616,0.87723696,-0.99558866,0.99638486,1.9919735044240952,0.018425094,1.2162808,-0.8024254098317131,2421875.0,2.1101987e-06,1.5318273e-07,0.8256108728041089,0.004481535107355333,/content/drive/MyDrive/N-MON/ALTRO/spectograms/FH-20/750.npy,FH-20
-0.0013551316,-0.002967112,0.84999996,0.78602433,0.850001,-0.9951,0.9970207,1.9921206831932068,0.0036224022,1.2869325,-0.63242984866449,-2988281.25,2.36389e-06,1.4957529e-07,0.8325017364623046,0.00429496708256229,/content/drive/MyDrive/N-MON/ALTRO/spectograms/FH-20/751.npy,FH-20
-0.002210937,-0.026643371,0.8695665,0.81775695,0.8695693,-0.9953145,0.9967388,1.992053285241127,0.01060139,1.2314487,-0.7257303109458696,-996093.75,2.028826e-06,1.512015e-07,0.832674963009887,0.004050070816805448,/content/drive/MyDrive/N-MON/ALTRO/spectograms/FH-20/752.npy,FH-20
-0.00032561875,-0.01861133,0.85894674,0.8016287,0.8589468,-0.9950515,0.99697226,1.992023766040802,0.00416485,1.260009,-0.6876043802121138,3007812.5,2.7141036e-06,1.482316e-07,0.824513998671218,0.007989348050967238,/content/drive/MyDrive/N-MON/ALTRO/spectograms/FH-20/753.npy,FH-20
0.0023959847,0.012120187,0.8617574,0.80607176,0.86176074,-0.99562716,0.9964001,1.992027297616005,-0.009336652,1.2517376,-0.6798734337562148,-2382812.5,1.938161e-06,1.503649e-07,0.835263625969884,0.00231682702654113,/content/drive/MyDrive/N-MON/ALTRO/spectograms/FH-20/754.npy,FH-20
-0.007596173,-0.027129626,0.86520463,0.812699,0.865238,-0.9957714,0.9962254,1.9919968247413635,0.012358929,1.2378119,-0.6846366087034942,1015625.0,1.5652458e-06,1.4700754e-07,0.8326768678055446,0.006765678466703096,/content/drive/MyDrive/N-MON/ALTRO/spectograms/FH-20/755.npy,FH-20
-0.009078306,-0.045723625,0.8853593,0.8399986,0.88540584,-0.99486876,0.9972537,1.9921225011348724,0.02238565,1.1976436,-0.880722031297542,3007812.5,2.417712e-06,1.540789e-07,0.8264519260365308,0.005246713615177877,/content/drive/MyDrive/N-MON/ALTRO/spectograms/FH-20/756.npy,FH-20
0.003442804,0.040539302,0.8701488,0.81879824,0.87015563,-0.99453783,0.9975658,1.9921036660671234,-0.0030485825,1.23265,-0.7701784726296569,-2382812.5,3.9965234e-06,1.4493833e-07,0.8173982791043205,0.0076169872755293844,/content/drive/MyDrive/N-MON/ALTRO/spectograms/FH-20/757.npy,FH-20
-0.00826538,-0.010716534,0.86804545,0.815397,0.86808485,-0.9950921,0.99691236,1.9920044839382172,0.01849005,1.2363342,-0.7317499267102586,-2988281.25,3.5490434e-06,1.4991605e-07,0.8259884753544273,0.004775647198202611,/content/drive/MyDrive/N-MON/ALTRO/spectograms/FH-20/758.npy,FH-20
-0.0035904476,-0.026900193,0.8687512,0.8167379,0.8687587,-0.9956262,0.9964705,1.9920967668294907,0.011697425,1.2330053,-0.7351305840114214,-2988281.25,3.1229042e-06,1.5110669e-07,0.8223155336629722,0.004894163004485911,/content/drive/MyDrive/N-MON/ALTRO/spectograms/FH-20/759.npy,FH-20
0.0012206454,-0.0030945244,0.866994,0.8133989,0.86699486,-0.9952406,0.996863,1.9921036511659622,-0.006520256,1.2386881,-0.729196088813331,-2382812.5,2.865484e-06,1.4999112e-07,0.8397496928903467,0.003938011864865192,/content/drive/MyDrive/N-MON/ALTRO/spectograms/FH-20/760.npy,FH-20
0.0054209433,0.03678795,0.8591538,0.804146,0.8591709,-0.9943788,0.99770266,1.992081493139267,-0.013037552,1.2542115,-0.6748046608074559,-996093.75,2.4276756e-06,1.4998479e-07,0.8347158474638541,0.00800977545795712,/content/drive/MyDrive/N-MON/ALTRO/spectograms/FH-20/761.npy,FH-20
0.0064181727,0.020276908,0.86854607,0.81604064,0.86856973,-0.99531657,0.9967989,1.992115393280983,-0.006044815,1.2348181,-0.7319607772864362,3007812.5,3.3605725e-06,1.5027678e-07,0.8119943750244363,0.010335289408480561,/content/drive/MyDrive/N-MON/ALTRO/spectograms/FH-20/762.npy,FH-20
0.0043288823,0.0280394,0.8639857,0.80794823,0.86399657,-0.99537504,0.9967397,1.9921147525310516,-0.012293909,1.2475687,-0.692632151173287,-2382812.5,2.4766323e-06,1.5058478e-07,0.8299070676379025,0.006917788157586609,/content/drive/MyDrive/N-MON/ALTRO/spectograms/FH-20/763.npy,FH-20
-0.003913801,-0.011417478,0.8759356,0.8269745,0.8759444,-0.99570394,0.99637604,1.9920800030231476,0.006717375,1.2179282,-0.8061185020895493,-2988281.25,3.0831807e-06,1.5463223e-07,0.8395970281476763,0.007425625420800612,/content/drive/MyDrive/N-MON/ALTRO/spectograms/FH-20/764.npy,FH-20
0.009849508,0.035648145,0.8709282,0.8190459,0.8709839,-0.9954602,0.99663776,1.9920979589223862,-0.022569645,1.2302387,-0.7524451414240004,3007812.5,2.4294545e-06,1.5168833e-07,0.8298913930352193,0.008312444859650544,/content/drive/MyDrive/N-MON/ALTRO/spectograms/FH-20/765.npy,FH-20
0.014276328,0.017236225,0.8388578,0.77540404,0.83897924,-0.99439,0.9975711,1.9919611662626266,-0.021958448,1.3069203,-0.536252419289717,-2988281.25,2.9502046e-06,1.42517e-07,0.8282241027766221,0.007338218945239132,/content/drive/MyDrive/N-MON/ALTRO/spectograms/FH-20/766.npy,FH-20
0.001272537,0.012331851,0.8652179,0.80942535,0.8652188,-0.99533284,0.99670815,1.9920410066843033,0.00043426375,1.2476566,-0.7257363828138051,3007812.5,2.0465907e-06,1.4983175e-07,0.8287945685840538,0.007885062397053891,/content/drive/MyDrive/N-MON/ALTRO/spectograms/FH-20/767.npy,FH-20
-0.007820162,-0.011271854,0.8674554,0.813751,0.8674907,-0.9955474,0.99654114,1.9920886009931564,0.012672565,1.2377747,-0.7213499474599746,1015625.0,2.0861712e-06,1.5093829e-07,0.8372281997874028,0.0054514404575006755,/content/drive/MyDrive/N-MON/ALTRO/spectograms/FH-20/768.npy,FH-20
-0.0040409025,-0.029781554,0.8602155,0.80344975,0.86022496,-0.99458873,0.997491,1.992079719901085,0.014927854,1.2576625,-0.7060030212852421,3007812.5,2.0058237e-06,1.4865768e-07,0.826881022208465,0.0023446799562649285,/content/drive/MyDrive/N-MON/ALTRO/spectograms/FH-20/769.npy,FH-20
0.0032609191,-0.0038615344,0.8626774,0.80785775,0.86268353,-0.9959811,0.9961379,1.9921190440654755,-0.006317429,1.2506169,-0.7241701935937722,-2382812.5,2.6040157e-06,1.4852569e-07,0.8314415076849848,0.006659357726765715,/content/drive/MyDrive/N-MON/ALTRO/spectograms/FH-20/770.npy,FH-20
0.00077406445,0.008986015,0.8656941,0.8108296,0.86569446,-0.9948908,0.9972165,1.9921073466539383,-0.005998622,1.2441312,-0.738753620432891,-2988281.25,2.7570663e-06,1.4865333e-07,0.8312913028904771,0.006958267764088821,/content/drive/MyDrive/N-MON/ALTRO/spectograms/FH-20/771.npy,FH-20
-0.018430473,-0.051282957,0.8632842,0.8078157,0.8634809,-0.9964235,0.99551654,1.991940051317215,0.035586577,1.2463495,-0.6795725977969981,-2988281.25,2.6759071e-06,1.4709642e-07,0.8281775451288577,0.004318388295277875,/content/drive/MyDrive/N-MON/ALTRO/spectograms/FH-20/772.npy,FH-20
-0.0036416384,-0.03465064,0.85446995,0.7955751,0.85447776,-0.9955129,0.99657875,1.9920916706323624,0.013170119,1.2709403,-0.6407234968134327,3007812.5,3.1388197e-06,1.4623222e-07,0.8181285091483974,0.012583857083027903,/content/drive/MyDrive/N-MON/ALTRO/spectograms/FH-20/773.npy,FH-20
-0.01605089,-0.03496177,0.8524609,0.7925806,0.85261196,-0.9957607,0.9962,1.9919606745243073,0.0365277,1.2768533,-0.6277450949130153,-2988281.25,3.4126863e-06,1.462056e-07,0.8203318491932168,0.006603665024331703,/content/drive/MyDrive/N-MON/ALTRO/spectograms/FH-20/774.npy,FH-20
0.005080558,0.028994609,0.8585476,0.80026805,0.85856265,-0.9944221,0.9976367,1.9920587688684464,-0.01208839,1.2621752,-0.6836469073829915,-2382812.5,2.6431169e-06,1.4822348e-07,0.8342868400146608,0.004129515578113748,/content/drive/MyDrive/N-MON/ALTRO/spectograms/FH-20/775.npy,FH-20
-0.003922166,-0.01501635,0.86934066,0.81382203,0.8693495,-0.995401,0.99669325,1.9920943081378937,0.011160847,1.2385821,-0.7600265173518156,-2988281.25,2.223503e-06,1.495292e-07,0.8216565857652285,0.008480712326959619,/content/drive/MyDrive/N-MON/ALTRO/spectograms/FH-20/776.npy,FH-20
5.933857e-05,-0.010976541,0.8721262,0.8192302,0.8721262,-0.99519706,0.9968811,1.9920782297849655,0.0062730177,1.2297211,-0.7838156599978553,-2988281.25,2.5495565e-06,1.51944e-07,0.8251399887088195,0.00467605603681346,/content/drive/MyDrive/N-MON/ALTRO/spectograms/FH-20/777.npy,FH-20
-0.0062759477,-0.0421936,0.87386423,0.8223338,0.8738868,-0.9952574,0.9968506,1.9921079874038696,0.014462908,1.2235999,-0.780982057027286,-2988281.25,2.730904e-06,1.5021337e-07,0.8266769815768258,0.008654819787265719,/content/drive/MyDrive/N-MON/ALTRO/spectograms/FH-20/778.npy,FH-20
-0.0075651463,-0.0034774856,0.84971535,0.7885658,0.8497491,-0.9955765,0.99652845,1.9921049177646637,0.0090822745,1.2831575,-0.6109617011615881,-2988281.25,2.0319976e-06,1.4260112e-07,0.843854772137459,0.004902741695203882,/content/drive/MyDrive/N-MON/ALTRO/spectograms/FH-20/779.npy,FH-20
0.0006534698,-0.0060988767,0.8689012,0.8154641,0.86890143,-0.9944454,0.99767196,1.992117315530777,0.0058085877,1.2380264,-0.7778843347189978,-2382812.5,3.665367e-06,1.5060697e-07,0.8181842039672209,0.014117923503339607,/content/drive/MyDrive/N-MON/ALTRO/spectograms/FH-20/780.npy,FH-20
-0.004109779,0.00445774,0.8566101,0.7968437,0.85661995,-0.9955195,0.99657464,1.9920941442251205,0.013604583,1.2663991,-0.660735865110187,3007812.5,3.0745878e-06,1.5148356e-07,0.8410138647289322,0.00684553105806711,/content/drive/MyDrive/N-MON/ALTRO/spectograms/FH-20/781.npy,FH-20
-0.0031501523,-0.033933308,0.86913335,0.81822705,0.8691391,-0.99483144,0.99728024,1.992111712694168,0.009629546,1.2313182,-0.7490810828784707,3007812.5,3.0800068e-06,1.521191e-07,0.8184950593825393,0.004803893860270899,/content/drive/MyDrive/N-MON/ALTRO/spectograms/FH-20/782.npy,FH-20
-0.013945922,-0.028956942,0.8674516,0.81559646,0.8675637,-0.9937286,0.9983535,1.9920820742845535,0.033205986,1.2341202,-0.703240440320415,1015625.0,5.730481e-06,1.5281594e-07,0.8334758297947553,0.0027172364718679024,/content/drive/MyDrive/N-MON/ALTRO/spectograms/FH-20/783.npy,FH-20
0.016261749,0.063280396,0.86707515,0.8149603,0.8672276,-0.9953315,0.9965987,1.9919302761554718,-0.03358168,1.238655,-0.7361625224381633,2421875.0,2.1196292e-06,1.5057203e-07,0.822911409689635,0.005157660275772429,/content/drive/MyDrive/N-MON/ALTRO/spectograms/FH-20/784.npy,FH-20
-0.0022625609,-0.0030919088,0.86337566,0.8082356,0.86337864,-0.99520856,0.99683815,1.9920467287302017,0.008106019,1.2456534,-0.6843670645614052,-2988281.25,1.9587953e-06,1.4356932e-07,0.8372144449426817,0.0037627033602851807,/content/drive/MyDrive/N-MON/ALTRO/spectograms/FH-20/785.npy,FH-20
0.0031073422,0.028543591,0.8741376,0.8240324,0.87414306,-0.99491495,0.99712956,1.9920445382595062,-0.005192642,1.2213105,-0.7865392098652927,-2988281.25,4.0552704e-06,1.4823742e-07,0.8247254302086029,0.0033926738276087074,/content/drive/MyDrive/N-MON/ALTRO/spectograms/FH-20/786.npy,FH-20
-0.0013433192,-0.002426994,0.85195327,0.791283,0.8519543,-0.9945975,0.9975051,1.9921026080846786,0.0035491372,1.2770525,-0.6391482529654732,-2988281.25,4.1874555e-06,1.4236085e-07,0.8267003364256953,0.008402426672545723,/content/drive/MyDrive/N-MON/ALTRO/spectograms/FH-20/787.npy,FH-20
-0.007266613,-0.00281045,0.8681588,0.81409925,0.8681893,-0.9950069,0.9970706,1.9920775443315506,0.015214842,1.2380066,-0.7328880617689731,1015625.0,5.17823e-06,1.5237322e-07,0.8360354916663055,0.007742423159849513,/content/drive/MyDrive/N-MON/ALTRO/spectograms/FH-20/788.npy,FH-20
-0.000978426,-0.010462337,0.85900545,0.80016124,0.85900605,-0.9946838,0.99732226,1.992006078362465,0.010179242,1.2631328,-0.6882420657692762,-2988281.25,2.571499e-06,1.475351e-07,0.8366960150574156,0.008929520572050556,/content/drive/MyDrive/N-MON/ALTRO/spectograms/FH-20/789.npy,FH-20
-0.0045045572,-0.02217646,0.8605454,0.8040943,0.86055726,-0.99479276,0.99733627,1.9921290129423141,0.007542417,1.2541378,-0.6718757016143161,-2382812.5,3.6426413e-06,1.4867511e-07,0.8227644527147673,0.005702709148477293,/content/drive/MyDrive/N-MON/ALTRO/spectograms/FH-20/790.npy,FH-20
-0.00395025,0.0008963542,0.8606362,0.8040189,0.86064523,-0.99511963,0.9969896,1.9921092092990875,0.009238247,1.2546636,-0.6693457000696165,-2382812.5,2.4658852e-06,1.4537552e-07,0.836125669660622,0.0033537616577167177,/content/drive/MyDrive/N-MON/ALTRO/spectograms/FH-20/791.npy,FH-20
0.007935635,0.020215139,0.86465627,0.8130558,0.8646927,-0.99528784,0.99681336,1.9921011924743652,-0.010349086,1.2370875,-0.6536986585067944,-2382812.5,1.8471231e-06,1.5088565e-07,0.8216039009189066,0.003883414815060229,/content/drive/MyDrive/N-MON/ALTRO/spectograms/FH-20/792.npy,FH-20
0.0050379112,0.0054294122,0.84809965,0.7858219,0.84811467,-0.99456614,0.99749017,1.9920563250780106,-0.004801171,1.2865598,-0.5886654983366758,-2988281.25,2.8378795e-06,1.487415e-07,0.8264033917422494,0.004618763563483242,/content/drive/MyDrive/N-MON/ALTRO/spectograms/FH-20/793.npy,FH-20
0.002384314,-0.02614656,0.87164414,0.82134396,0.8716474,-0.99487007,0.9972283,1.9920983612537384,-0.0011530735,1.2258689,-0.7447042059377403,-2988281.25,2.940075e-06,1.520024e-07,0.8190249827390131,0.007368342241876307,/content/drive/MyDrive/N-MON/ALTRO/spectograms/FH-20/794.npy,FH-20
0.00043286872,0.028806822,0.852501,0.79214793,0.8525011,-0.9945297,0.99750715,1.992036908864975,-0.005023811,1.2773262,-0.6493622759294705,-2988281.25,3.1112556e-06,1.450411e-07,0.8202447558681347,0.004741661931954703,/content/drive/MyDrive/N-MON/ALTRO/spectograms/FH-20/795.npy,FH-20
0.011523349,0.024835128,0.85261947,0.79251164,0.8526974,-0.9946215,0.99744046,1.9920619428157806,-0.016006935,1.2775388,-0.6427347765128993,-2382812.5,3.374202e-06,1.4932138e-07,0.8267123532078147,0.010866305915537127,/content/drive/MyDrive/N-MON/ALTRO/spectograms/FH-20/796.npy,FH-20
-0.0011441417,0.013004312,0.85806745,0.8016086,0.8580682,-0.99473506,0.99728376,1.9920188039541245,0.0006565769,1.2575455,-0.639111322343756,-2988281.25,2.7437652e-06,1.4626272e-07,0.8382363154336063,0.006744369168552353,/content/drive/MyDrive/N-MON/ALTRO/spectograms/FH-20/797.npy,FH-20
-0.005765369,-0.018055867,0.8619032,0.80641115,0.86192244,-0.9945482,0.99754107,1.992089256644249,0.015583351,1.252326,-0.7235766223914207,-2382812.5,3.285204e-06,1.484639e-07,0.8332813734081806,0.005388011723626943,/content/drive/MyDrive/N-MON/ALTRO/spectograms/FH-20/798.npy,FH-20
0.0019198909,-0.010868089,0.871587,0.8219738,0.87158906,-0.9951472,0.99692804,1.992075264453888,-0.00090726116,1.2245706,-0.7611181274466415,-2382812.5,2.2699971e-06,1.5167899e-07,0.8245941041832776,0.008851250746266406,/content/drive/MyDrive/N-MON/ALTRO/spectograms/FH-20/799.npy,FH-20
0.01447448,0.019646745,0.8619984,0.80636597,0.86211985,-0.9958614,0.9962367,1.9920981228351593,-0.028323153,1.2515494,-0.7092139368136855,-2382812.5,2.1807239e-06,1.4918227e-07,0.8244256598143287,0.0059759059917136375,/content/drive/MyDrive/N-MON/ALTRO/spectograms/FH-20/800.npy,FH-20
0.003708156,0.000827071,0.8512135,0.79147667,0.85122156,-0.9952152,0.99689716,1.9921123385429382,-0.0025112159,1.2751659,-0.5897981222329963,1015625.0,2.8052575e-06,1.5207425e-07,0.8234831132355231,0.012676176931388568,/content/drive/MyDrive/N-MON/ALTRO/spectograms/FH-20/801.npy,FH-20
-0.023413055,-0.049948767,0.86079735,0.8048136,0.8611157,-0.9952574,0.9966943,1.9919517189264297,0.050829314,1.2577064,-0.6860205472774307,410156.25,2.2056502e-06,1.4957894e-07,0.8167328840081822,0.010293763620029135,/content/drive/MyDrive/N-MON/ALTRO/spectograms/FH-20/802.npy,FH-20
-0.0045898845,-0.017807655,0.8746029,0.8232321,0.874615,-0.9943584,0.9977055,1.9920639395713806,0.011363235,1.2200539,-0.7670966699673604,-976562.5,2.3367254e-06,1.5293423e-07,0.8236730807500752,0.005408692162057326,/content/drive/MyDrive/N-MON/ALTRO/spectograms/FH-20/803.npy,FH-20
0.004262765,-0.003410956,0.869184,0.81855834,0.86919445,-0.9955199,0.9965851,1.9921049624681473,-0.01112309,1.2290739,-0.716927453218606,-2988281.25,2.983113e-06,1.4887924e-07,0.8306380580432717,0.0029348399689892407,/content/drive/MyDrive/N-MON/ALTRO/spectograms/FH-20/804.npy,FH-20
-0.0024457807,0.0005439308,0.8605664,0.8041056,0.86056983,-0.9955066,0.99662006,1.9921266436576843,0.012048308,1.2567633,-0.6973137289026347,-2382812.5,4.0815694e-06,1.5195181e-07,0.8209780090159062,0.006450982519109025,/content/drive/MyDrive/N-MON/ALTRO/spectograms/FH-20/805.npy,FH-20
-0.0058217947,-0.010359807,0.869199,0.8153988,0.86921847,-0.9946685,0.9974383,1.9921068102121353,0.009255896,1.2369026,-0.7653553541087385,410156.25,2.8848083e-06,1.4805977e-07,0.816991888551424,0.006796632259985663,/content/drive/MyDrive/N-MON/ALTRO/spectograms/FH-20/806.npy,FH-20
0.009300207,-0.005659562,0.8591624,0.8026913,0.85921276,-0.9938397,0.9982336,1.9920733124017715,-0.010842561,1.2579223,-0.6650396915623872,-2988281.25,2.2639595e-06,1.4659383e-07,0.834268374853092,0.004167962887577335,/content/drive/MyDrive/N-MON/ALTRO/spectograms/FH-20/807.npy,FH-20
0.0060487464,0.03534569,0.8729181,0.8211089,0.87293905,-0.9958542,0.9962397,1.9920939356088638,-0.011097325,1.2271703,-0.7591626944306419,-2382812.5,2.3466112e-06,1.5334697e-07,0.8334328888115516,0.007136820863082167,/content/drive/MyDrive/N-MON/ALTRO/spectograms/FH-20/808.npy,FH-20
-0.0038572687,0.004806224,0.86045295,0.8029973,0.8604616,-0.9950927,0.9969188,1.9920114576816559,0.008249444,1.2578932,-0.6904575691481619,-2988281.25,3.0911524e-06,1.4967173e-07,0.8261083329700999,0.0036566065181337136,/content/drive/MyDrive/N-MON/ALTRO/spectograms/FH-20/809.npy,FH-20
-0.005235633,-0.011362849,0.8530082,0.79467493,0.85302436,-0.9957255,0.99634,1.9920654445886612,0.011201298,1.2728784,-0.6257437658164912,-976562.5,3.0013302e-06,1.4946198e-07,0.8215166040540094,0.005302704107280616,/content/drive/MyDrive/N-MON/ALTRO/spectograms/FH-20/810.npy,FH-20
-0.004512442,-0.026347216,0.86242145,0.8080592,0.8624332,-0.99500906,0.9970159,1.9920249730348587,0.012918595,1.2461292,-0.6627646627272218,-2988281.25,2.0142945e-06,1.4951539e-07,0.8335305215428922,0.005725175335211312,/content/drive/MyDrive/N-MON/ALTRO/spectograms/FH-20/811.npy,FH-20
-0.004341419,-0.0343095,0.87310725,0.8225869,0.873118,-0.9952318,0.9968293,1.9920610636472702,0.012651094,1.2239008,-0.7960594270927343,1015625.0,2.7037092e-06,1.5051629e-07,0.8260034670576624,0.005814781209447568,/content/drive/MyDrive/N-MON/ALTRO/spectograms/FH-20/812.npy,FH-20
0.002365823,0.019892398,0.86255366,0.80716765,0.86255693,-0.99562204,0.996462,1.99208402633667,-0.006545913,1.2493373,-0.7128825557713051,3007812.5,2.630509e-06,1.4789117e-07,0.8338404932837461,0.005010638018504631,/content/drive/MyDrive/N-MON/ALTRO/spectograms/FH-20/813.npy,FH-20
0.0040173237,-0.022044968,0.86949915,0.81718445,0.8695084,-0.9946734,0.99742717,1.9921005815267563,-0.00033306048,1.2335584,-0.7544076713168898,-2988281.25,3.0952356e-06,1.5356326e-07,0.8273618815509532,0.0025274226641097833,/content/drive/MyDrive/N-MON/ALTRO/spectograms/FH-20/814.npy,FH-20
-0.004776307,-0.0029368706,0.8428064,0.77735806,0.8428199,-0.9949556,0.9970276,1.9919831454753876,0.008434864,1.3008258,-0.566656368075349,-996093.75,2.3126915e-06,1.4266351e-07,0.8253697428984671,0.006791975903813796,/content/drive/MyDrive/N-MON/ALTRO/spectograms/FH-20/815.npy,FH-20
0.00403069,-0.022604253,0.86043835,0.8047294,0.86044776,-0.99522656,0.99681973,1.992046296596527,0.0005282374,1.2559768,-0.6925479687333987,1015625.0,3.990403e-06,1.4723076e-07,0.8088134605256289,0.009016549370602768,/content/drive/MyDrive/N-MON/ALTRO/spectograms/FH-20/816.npy,FH-20
-0.008530959,-0.03426741,0.8561944,0.7993525,0.8562369,-0.9951574,0.99694574,1.9921031445264816,0.020197337,1.264502,-0.6489778919701231,2421875.0,1.8528874e-06,1.4619211e-07,0.8440458010820773,0.0021947964020930318,/content/drive/MyDrive/N-MON/ALTRO/spectograms/FH-20/817.npy,FH-20
0.006610706,0.020874588,0.86534417,0.8120778,0.86536944,-0.99469817,0.9974241,1.9921223372220993,-0.011664106,1.2408574,-0.714114039444704,1015625.0,2.6407727e-06,1.4833186e-07,0.8130404327075871,0.006947357721652724,/content/drive/MyDrive/N-MON/ALTRO/spectograms/FH-20/818.npy,FH-20
-0.004952281,0.0037734192,0.86115766,0.80388296,0.86117184,-0.9961337,0.99594474,1.9920784831047058,0.011215213,1.2539427,-0.6902413116809508,3007812.5,4.2052648e-06,1.495569e-07,0.8222774319559498,0.009961885683485586,/content/drive/MyDrive/N-MON/ALTRO/spectograms/FH-20/819.npy,FH-20
0.0077163246,0.012483748,0.8533113,0.79232126,0.85334617,-0.99528223,0.996747,1.9920292794704437,-0.013658631,1.2754492,-0.6388575119210921,3007812.5,3.2918542e-06,1.4722457e-07,0.8162869637153068,0.010283069897262456,/content/drive/MyDrive/N-MON/ALTRO/spectograms/FH-20/820.npy,FH-20
0.016520884,0.0514193,0.87260944,0.8228429,0.87276584,-0.9955062,0.99654996,1.9920562207698822,-0.032835178,1.2237612,-0.7479841963353763,1015625.0,2.404325e-06,1.4895775e-07,0.8075277712818465,0.012242648292671764,/content/drive/MyDrive/N-MON/ALTRO/spectograms/FH-20/821.npy,FH-20
-0.0017727838,0.012310128,0.8675705,0.8134452,0.86757237,-0.9954956,0.99660957,1.992105171084404,0.004499743,1.2392253,-0.7514244831462921,-2988281.25,3.2207167e-06,1.515431e-07,0.8209500591512638,0.008964895949162485,/content/drive/MyDrive/N-MON/ALTRO/spectograms/FH-20/822.npy,FH-20
-0.00095923105,-0.006788048,0.8711937,0.8206578,0.87119424,-0.99500966,0.9970434,1.9920530319213867,0.0021168496,1.2252179,-0.7293652596155838,-976562.5,2.874626e-06,1.523345e-07,0.8068746024063154,0.01268431588679185,/content/drive/MyDrive/N-MON/ALTRO/spectograms/FH-20/823.npy,FH-20
-0.0077078193,-0.011273138,0.8701494,0.8201943,0.8701835,-0.99559814,0.9964289,1.9920270442962646,0.015436651,1.2245319,-0.7182659117257889,-2382812.5,2.611954e-06,1.5394943e-07,0.8323240862169212,0.0030976588344046817,/content/drive/MyDrive/N-MON/ALTRO/spectograms/FH-20/824.npy,FH-20
-0.0051773954,-0.025866477,0.88006914,0.83209765,0.8800844,-0.9945278,0.9975722,1.9920999705791473,0.011738488,1.2104585,-0.8430334662832789,1015625.0,2.7736685e-06,1.5327137e-07,0.8169147447342657,0.019694501467664844,/content/drive/MyDrive/N-MON/ALTRO/spectograms/FH-20/825.npy,FH-20
0.005367403,0.020686047,0.8567849,0.79842776,0.8568017,-0.9948601,0.9971767,1.9920368492603302,-0.0062258765,1.2650187,-0.6590241174409323,-2988281.25,2.5396625e-06,1.4893527e-07,0.8198101745369246,0.0051674228619055206,/content/drive/MyDrive/N-MON/ALTRO/spectograms/FH-20/826.npy,FH-20
0.0011032057,0.004135661,0.8683343,0.8154044,0.86833495,-0.99567777,0.9962939,1.991971716284752,-0.002312392,1.2357074,-0.7505439559590245,-2382812.5,2.3569894e-06,1.5146514e-07,0.8366227842860883,0.005071045647599638,/content/drive/MyDrive/N-MON/ALTRO/spectograms/FH-20/827.npy,FH-20
-0.007370698,-0.04195989,0.8771802,0.8297811,0.8772112,-0.99505395,0.9970063,1.9920602589845657,0.017438827,1.2118928,-0.7943035927801693,-2382812.5,2.8710451e-06,1.5516373e-07,0.8242360845848007,0.009606169364068391,/content/drive/MyDrive/N-MON/ALTRO/spectograms/FH-20/828.npy,FH-20
0.0033186493,0.0044605425,0.87635106,0.8269771,0.8763574,-0.9955456,0.99642897,1.9919746369123459,-0.005226435,1.2189645,-0.803777897216687,-2382812.5,3.5747369e-06,1.5264987e-07,0.8241446520002247,0.012657346037399113,/content/drive/MyDrive/N-MON/ALTRO/spectograms/FH-20/829.npy,FH-20
-0.008170954,-0.018650876,0.85090476,0.7898041,0.85094404,-0.9951895,0.9969222,1.992111712694168,0.020813175,1.2800351,-0.603242199803054,-2382812.5,2.2776096e-06,1.4811283e-07,0.827097012318017,0.009146223601517652,/content/drive/MyDrive/N-MON/ALTRO/spectograms/FH-20/830.npy,FH-20
0.0027002,0.0011408529,0.85676783,0.79567665,0.8567721,-0.99488366,0.9971623,1.9920459538698196,-0.0042977026,1.268711,-0.6699934123258241,-2382812.5,3.4357358e-06,1.4616592e-07,0.8176747148725327,0.0068932142445975175,/content/drive/MyDrive/N-MON/ALTRO/spectograms/FH-20/831.npy,FH-20
-0.012422782,-0.04555072,0.8532712,0.7946245,0.85336167,-0.9947716,0.9971639,1.9919354766607285,0.025269961,1.2736002,-0.6403913991593903,-2988281.25,2.4967314e-06,1.4676043e-07,0.835328405206998,0.0035411431757801717,/content/drive/MyDrive/N-MON/ALTRO/spectograms/FH-20/832.npy,FH-20
-0.0039903307,0.00125662,0.8646366,0.81099206,0.8646458,-0.9947855,0.9973133,1.9920988082885742,0.0043401006,1.2417307,-0.7059575779499286,1015625.0,3.1631787e-06,1.5134138e-07,0.8294146465985258,0.005458045273233815,/content/drive/MyDrive/N-MON/ALTRO/spectograms/FH-20/833.npy,FH-20
0.002660639,0.031612318,0.8954215,0.85392076,0.8954254,-0.9957294,0.9963771,1.9921064674854279,-0.011798712,1.1760656,-0.9627264783316721,-996093.75,2.2280337e-06,1.5570484e-07,0.838956255144922,0.010445129291996948,/content/drive/MyDrive/N-MON/ALTRO/spectograms/FH-20/834.npy,FH-20
0.003598169,0.016497724,0.855793,0.7977217,0.85580057,-0.99518675,0.9969331,1.9921198338270187,-0.011245001,1.2664256,-0.6543922142367659,3007812.5,2.7604174e-06,1.4853867e-07,0.8287105364684685,0.009209673872115577,/content/drive/MyDrive/N-MON/ALTRO/spectograms/FH-20/835.npy,FH-20
0.009351761,0.013359379,0.8599236,0.8021842,0.85997444,-0.99436766,0.9976945,1.9920621514320374,-0.0085245855,1.25834,-0.685547823688685,-2988281.25,2.618882e-06,1.466685e-07,0.8256335723823733,0.003615354873249951,/content/drive/MyDrive/N-MON/ALTRO/spectograms/FH-20/836.npy,FH-20
-0.0010646664,0.020763557,0.8725949,0.82010025,0.87259555,-0.9947568,0.99732363,1.9920804351568222,-0.0010667044,1.2277237,-0.7762293535864836,1015625.0,2.4909543e-06,1.5117627e-07,0.8308023023331349,0.007594697587510065,/content/drive/MyDrive/N-MON/ALTRO/spectograms/FH-20/837.npy,FH-20
-0.007020981,-0.0032158068,0.8708251,0.81943357,0.8708534,-0.99533755,0.9967157,1.9920532554388046,0.012689072,1.2297527,-0.7574106834693543,-2382812.5,1.8871642e-06,1.4924399e-07,0.8379385328484832,0.006230066831751594,/content/drive/MyDrive/N-MON/ALTRO/spectograms/FH-20/838.npy,FH-20
-0.009323242,-0.01885594,0.86232215,0.80897045,0.8623725,-0.9953464,0.9967408,1.992087185382843,0.015348965,1.2442955,-0.6585521123492618,1015625.0,2.5686375e-06,1.4788179e-07,0.8276657105570207,0.0063367631336488164,/content/drive/MyDrive/N-MON/ALTRO/spectograms/FH-20/839.npy,FH-20
0.002830746,0.024743775,0.87102586,0.8180675,0.87103045,-0.9946437,0.9974332,1.9920768737792969,-0.0023142337,1.2322785,-0.7688348528363954,-2382812.5,3.3323695e-06,1.4904312e-07,0.8253396287288338,0.010180172648617236,/content/drive/MyDrive/N-MON/ALTRO/spectograms/FH-20/840.npy,FH-20
-0.0060299817,-0.006619024,0.8734718,0.82104623,0.87349266,-0.99485993,0.9972453,1.9921052902936935,0.010546722,1.2276355,-0.8021169924421115,-2988281.25,2.9934406e-06,1.527579e-07,0.8211067651261038,0.0032084160300303644,/content/drive/MyDrive/N-MON/ALTRO/spectograms/FH-20/841.npy,FH-20
-0.01747404,-0.03443124,0.8437905,0.7815753,0.8439714,-0.9953981,0.99645764,1.9918557703495026,0.029136496,1.294862,-0.583241198048211,410156.25,3.3743647e-06,1.4300808e-07,0.8360686252565055,0.010827974687336785,/content/drive/MyDrive/N-MON/ALTRO/spectograms/FH-20/842.npy,FH-20
0.009918346,0.03504262,0.8765078,0.8288799,0.87656397,-0.9961082,0.99597824,1.9920864254236221,-0.01653014,1.2131708,-0.7757775517054971,-2382812.5,3.3464676e-06,1.535451e-07,0.8143745663817288,0.004349577811129206,/content/drive/MyDrive/N-MON/ALTRO/spectograms/FH-20/843.npy,FH-20
0.0001974945,0.0047527673,0.8529948,0.7919037,0.8529948,-0.9950974,0.9969621,1.9920594841241837,0.0036765402,1.2778779,-0.6513405010006422,-2382812.5,3.3390822e-06,1.4236412e-07,0.8326346677859193,0.00672926665701364,/content/drive/MyDrive/N-MON/ALTRO/spectograms/FH-20/844.npy,FH-20
0.0018343169,-0.003493136,0.85720277,0.8003126,0.85720474,-0.99560684,0.9964893,1.992096096277237,-0.005523305,1.2591113,-0.6395693634511331,3007812.5,2.8981096e-06,1.482985e-07,0.8202421937343423,0.005770550285864276,/content/drive/MyDrive/N-MON/ALTRO/spectograms/FH-20/845.npy,FH-20
-0.0012554894,-0.007479123,0.86985004,0.8179086,0.86985093,-0.9957044,0.99634874,1.992053136229515,0.0012161093,1.2330747,-0.7698599311679076,-2382812.5,2.058165e-06,1.5193604e-07,0.8377212469631106,0.008883036413127423,/content/drive/MyDrive/N-MON/ALTRO/spectograms/FH-20/846.npy,FH-20
0.011958877,0.035541836,0.8728147,0.8215247,0.8728967,-0.99564224,0.9964136,1.99205581843853,-0.025129661,1.2269093,-0.7711042749293641,3007812.5,3.537702e-06,1.5267835e-07,0.8334316203481047,0.00559264222083823,/content/drive/MyDrive/N-MON/ALTRO/spectograms/FH-20/847.npy,FH-20
-0.0009889539,0.0015170639,0.88163376,0.83382404,0.8816343,-0.99457324,0.99754095,1.9921141415834427,0.009193873,1.2060968,-0.8516631606354653,-2988281.25,2.5038569e-06,1.5343932e-07,0.8254184784826939,0.004066963101942833,/content/drive/MyDrive/N-MON/ALTRO/spectograms/FH-20/848.npy,FH-20
0.004192472,0.037204914,0.873675,0.82670665,0.87368506,-0.99399483,0.99810594,1.9921007603406906,-0.009122066,1.2149001,-0.7457357887014818,1015625.0,2.5608472e-06,1.5223144e-07,0.833541646803788,0.005077316298900001,/content/drive/MyDrive/N-MON/ALTRO/spectograms/FH-20/849.npy,FH-20
0.0068509397,0.012641226,0.84813505,0.78610325,0.84816283,-0.99508446,0.9970147,1.9920991659164429,-0.00799853,1.2868828,-0.6035586605466073,-2382812.5,2.7115184e-06,1.4869173e-07,0.8267886356000196,0.010269624796594915,/content/drive/MyDrive/N-MON/ALTRO/spectograms/FH-20/850.npy,FH-20
-0.009554155,-0.05077835,0.8644953,0.81042594,0.864548,-0.9960558,0.9959754,1.9920311868190765,0.026991198,1.2444376,-0.7017286236250212,3007812.5,3.6027875e-06,1.4974896e-07,0.8051065621788025,0.01084771865491161,/content/drive/MyDrive/N-MON/ALTRO/spectograms/FH-20/851.npy,FH-20
0.010976501,0.11693671,0.9700399,0.95708144,0.97010195,-1.0002161,0.99194175,1.992157906293869,-0.02827022,1.043698,-1.9292179820411886,1015625.0,2.950352e-06,1.877735e-07,0.8576261400566418,0.008786773112200521,/content/drive/MyDrive/N-MON/ALTRO/spectograms/FH-20/852.npy,FH-20
-0.011089755,-0.06259794,0.9683343,0.9554872,0.9683978,-1.0001221,0.9920424,1.992164522409439,0.01311707,1.0455116,-1.9050250587652402,3007812.5,4.4728613e-06,1.888115e-07,0.8479117496300836,0.006283473029386102,/content/drive/MyDrive/N-MON/ALTRO/spectograms/FH-20/853.npy,FH-20
-0.008104381,-0.058496796,0.9678946,0.9539113,0.9679286,-0.9998439,0.9923216,1.9921655505895615,0.0060436986,1.04748,-1.9113195183271794,3007812.5,3.945114e-06,1.8747784e-07,0.8484129000653193,0.0027763249871182727,/content/drive/MyDrive/N-MON/ALTRO/spectograms/FH-20/854.npy,FH-20
0.005548934,0.13742897,0.96144,0.9430687,0.9614561,-0.9992943,0.99286795,1.9921622425317764,-0.02042892,1.0613562,-1.8362495280315916,2402343.75,1.6787858e-06,1.8365928e-07,0.8551392360489667,0.00874836791674509,/content/drive/MyDrive/N-MON/ALTRO/spectograms/FH-20/855.npy,FH-20
-0.0008685656,0.065613896,0.96629274,0.9519532,0.96629316,-1.0006253,0.9914888,1.9921140521764755,-0.0063827587,1.0496799,-1.8791912306261962,-2382812.5,2.1378323e-06,1.8573019e-07,0.8533742900524575,0.005381546710018902,/content/drive/MyDrive/N-MON/ALTRO/spectograms/FH-20/856.npy,FH-20
0.005392162,0.09805311,0.97050476,0.9576443,0.9705198,-0.99959517,0.9925669,1.992162048816681,-0.018587425,1.0433636,-1.9574033622600313,3007812.5,3.822566e-06,1.8905556e-07,0.8447761962224765,0.00572268030124346,/content/drive/MyDrive/N-MON/ALTRO/spectograms/FH-20/857.npy,FH-20
0.000788661,0.1838425,0.9724721,0.96182984,0.9724724,-0.9997201,0.99244744,1.9921675622463226,-0.0116982665,1.0381505,-1.95753699578692,-2988281.25,5.488037e-06,1.8861897e-07,0.8278627353603879,0.010466317341861974,/content/drive/MyDrive/N-MON/ALTRO/spectograms/FH-20/858.npy,FH-20
0.011636981,0.23747224,0.97224426,0.96098125,0.97231394,-1.0009181,0.99124175,1.9921599477529526,-0.03226483,1.0394771,-1.9608384705958806,3007812.5,3.051953e-06,1.8916143e-07,0.8340671760916498,0.0038763216954879353,/content/drive/MyDrive/N-MON/ALTRO/spectograms/FH-20/859.npy,FH-20
-0.0104134455,-0.039587364,0.9723755,0.96133006,0.97243124,-1.0005369,0.9916218,1.99215866625309,0.010534961,1.0381564,-1.9559966490572542,2421875.0,2.3813245e-06,1.8896799e-07,0.8596293253956757,0.006532394199675434,/content/drive/MyDrive/N-MON/ALTRO/spectograms/FH-20/860.npy,FH-20
0.005272968,0.07505146,0.96942896,0.9564032,0.96944326,-0.9990823,0.993086,1.9921683073043823,-0.015773648,1.0443144,-1.9301344093745876,1621093.75,2.79636e-06,1.8804144e-07,0.8440762037483096,0.007003663009595882,/content/drive/MyDrive/N-MON/ALTRO/spectograms/FH-20/861.npy,FH-20
-0.020561317,-0.2185461,0.96523356,0.95038146,0.9654525,-1.0000125,0.9921357,1.9921482354402542,0.03488627,1.051768,-1.8608369945212424,-2988281.25,3.7504128e-06,1.8658284e-07,0.8466894685235096,0.003913614857114727,/content/drive/MyDrive/N-MON/ALTRO/spectograms/FH-20/862.npy,FH-20
-0.0016289256,-0.04949224,0.976806,0.96823657,0.9768073,-0.99871844,0.99344844,1.9921668618917465,-0.0019625775,1.0308542,-2.0496414175411575,2421875.0,2.4002902e-06,1.914951e-07,0.8461250675429788,0.0034045557793248157,/content/drive/MyDrive/N-MON/ALTRO/spectograms/FH-20/863.npy,FH-20
0.0016295109,0.133878,0.96986485,0.95753425,0.96986616,-0.99893034,0.9932368,1.9921671599149704,-0.01143663,1.0432312,-1.937817719763313,-2382812.5,2.8614202e-06,1.8781672e-07,0.84554890317242,0.004474694058324056,/content/drive/MyDrive/N-MON/ALTRO/spectograms/FH-20/864.npy,FH-20
-0.0045392094,0.0072021345,0.96808267,0.95441204,0.96809334,-1.0006218,0.99154246,1.9921642988920212,-0.002807354,1.0463384,-1.9005953521932366,3007812.5,4.088731e-06,1.8868353e-07,0.8516044013157092,0.004410592273420169,/content/drive/MyDrive/N-MON/ALTRO/spectograms/FH-20/865.npy,FH-20
0.013850984,0.26054195,0.9693619,0.9564204,0.9694609,-1.0011505,0.99100983,1.9921603202819824,-0.039808236,1.0457375,-1.9231748651380178,1015625.0,3.3881372e-06,1.8842456e-07,0.8449486723135968,0.012345835194595535,/content/drive/MyDrive/N-MON/ALTRO/spectograms/FH-20/866.npy,FH-20
0.006044959,0.14090459,0.9704224,0.9585193,0.9704412,-0.99967605,0.99248874,1.9921647757291794,-0.019484956,1.0421907,-1.9387736802757891,-2988281.25,2.9029563e-06,1.881227e-07,0.8428002447923492,0.008289801708563376,/content/drive/MyDrive/N-MON/ALTRO/spectograms/FH-20/867.npy,FH-20
0.007219372,0.19118443,0.970872,0.958925,0.9708988,-1.0002441,0.99192375,1.992167815566063,-0.023150915,1.0420672,-1.9592259098353761,-996093.75,2.172209e-06,1.8726077e-07,0.8434300917524508,0.008105054585788852,/content/drive/MyDrive/N-MON/ALTRO/spectograms/FH-20/868.npy,FH-20
-0.011217974,-0.08974697,0.97026616,0.95714253,0.97033095,-0.99989414,0.99226683,1.9921609908342361,0.013823347,1.0434748,-1.9441507779314453,-957031.25,2.5198005e-06,1.8949066e-07,0.85488519225178,0.004310249883684441,/content/drive/MyDrive/N-MON/ALTRO/spectograms/FH-20/869.npy,FH-20
0.015496966,0.2227846,0.9690034,0.9552837,0.9691273,-0.9997885,0.9923581,1.9921465814113617,-0.038606457,1.0474775,-1.9377566934415908,-2382812.5,2.7427482e-06,1.8821758e-07,0.8553634839233111,0.00507569269780988,/content/drive/MyDrive/N-MON/ALTRO/spectograms/FH-20/870.npy,FH-20
0.0036206378,0.11285593,0.9724963,0.96102536,0.97250307,-1.0003749,0.9917808,1.992155745625496,-0.016054042,1.0392427,-1.9758819246731536,3007812.5,1.985243e-06,1.8902169e-07,0.8381360705440827,0.005889086224144127,/content/drive/MyDrive/N-MON/ALTRO/spectograms/FH-20/871.npy,FH-20
-0.0004296527,-0.031597815,0.971531,0.96060437,0.9715311,-1.0003581,0.9918066,1.9921647757291794,-0.005333535,1.039432,-1.9530942159588653,1015625.0,3.870286e-06,1.8805235e-07,0.8437069942398818,0.006057272235772595,/content/drive/MyDrive/N-MON/ALTRO/spectograms/FH-20/872.npy,FH-20
0.0024676872,0.039372467,0.9585747,0.9360549,0.9585779,-0.99981785,0.9923401,1.9921579211950302,-0.014633191,1.0692226,-1.8475952067090085,1718750.0,2.1691665e-06,1.820463e-07,0.842366498267008,0.013172415399911186,/content/drive/MyDrive/N-MON/ALTRO/spectograms/FH-20/873.npy,FH-20
0.0025891566,0.124940336,0.96835923,0.9540338,0.96836275,-1.0000565,0.9921123,1.9921687692403793,-0.016196596,1.0478812,-1.9243305940164588,-2988281.25,3.9187703e-06,1.889666e-07,0.8339560121657693,0.006778608684027411,/content/drive/MyDrive/N-MON/ALTRO/spectograms/FH-20/874.npy,FH-20
-0.005045271,0.08517213,0.97617805,0.9668169,0.97619104,-1.0007418,0.99142605,1.9921679347753525,0.00039067844,1.0320618,-2.023612336553019,-2382812.5,3.1788838e-06,1.888974e-07,0.8548242507182146,0.006780576510779724,/content/drive/MyDrive/N-MON/ALTRO/spectograms/FH-20/875.npy,FH-20
0.0027000208,0.106096774,0.972437,0.960578,0.9724408,-0.9993559,0.9928113,1.9921672642230988,-0.013372284,1.0395525,-1.9742692776317299,410156.25,2.5240263e-06,1.8850301e-07,0.8372707390300775,0.004792557807441091,/content/drive/MyDrive/N-MON/ALTRO/spectograms/FH-20/876.npy,FH-20
-0.0076228944,-0.05001115,0.96853834,0.9552516,0.9685684,-0.99925965,0.99290746,1.9921671450138092,0.009185698,1.045309,-1.9078166932648337,-2382812.5,3.5695423e-06,1.8755466e-07,0.837730671319389,0.004277505176257549,/content/drive/MyDrive/N-MON/ALTRO/spectograms/FH-20/877.npy,FH-20
0.0009081936,0.046339158,0.9543542,0.9305504,0.95435464,-1.0004969,0.9916667,1.9921635836362839,-0.01321158,1.0757911,-1.7655357501009938,-2382812.5,3.7101322e-06,1.8835738e-07,0.8473808631608953,0.010733557073032456,/content/drive/MyDrive/N-MON/ALTRO/spectograms/FH-20/878.npy,FH-20
-0.005653721,0.022500869,0.96766275,0.95494044,0.9676793,-1.0008885,0.9912577,1.992146223783493,0.001869291,1.0452821,-1.8726162974900389,-2988281.25,3.5343996e-06,1.8754716e-07,0.8440671269565888,0.006645261347035237,/content/drive/MyDrive/N-MON/ALTRO/spectograms/FH-20/879.npy,FH-20
0.007142577,0.12466245,0.9711593,0.9587202,0.97118556,-1.0003736,0.99179155,1.9921651780605316,-0.021578679,1.0414413,-1.9490737739965154,-2382812.5,2.7595213e-06,1.8848004e-07,0.8474768555079792,0.005446563110446635,/content/drive/MyDrive/N-MON/ALTRO/spectograms/FH-20/880.npy,FH-20
-0.0075923405,0.013050512,0.9665678,0.9514259,0.9665977,-0.998764,0.9933908,1.9921547621488571,0.008804557,1.0504887,-1.8994352882475625,1015625.0,2.7066953e-06,1.8754773e-07,0.8513872816810304,0.0033142464861334905,/content/drive/MyDrive/N-MON/ALTRO/spectograms/FH-20/881.npy,FH-20
-0.0056995153,-0.03414414,0.9726636,0.96067506,0.9726803,-0.9989034,0.99325216,1.992155596613884,0.004910398,1.0397131,-1.98208469268885,-1582031.25,3.7956277e-06,1.894178e-07,0.8415056084497958,0.005638703717386234,/content/drive/MyDrive/N-MON/ALTRO/spectograms/FH-20/882.npy,FH-20
-0.004454091,0.046425425,0.9647668,0.9492112,0.96477705,-1.0003328,0.99177873,1.9921116083860397,-0.005112162,1.052451,-1.859627169017963,-2988281.25,3.4236432e-06,1.8703643e-07,0.8505908955750445,0.003139798828198607,/content/drive/MyDrive/N-MON/ALTRO/spectograms/FH-20/883.npy,FH-20
0.007657507,0.124477655,0.9691143,0.9557466,0.9691446,-1.0004251,0.9917249,1.9921500086784363,-0.022208303,1.0460849,-1.928962070440558,-2382812.5,2.2865395e-06,1.878293e-07,0.851674455732707,0.003909198529402251,/content/drive/MyDrive/N-MON/ALTRO/spectograms/FH-20/884.npy,FH-20
-0.013032532,-0.13666818,0.9717763,0.9607241,0.97186375,-0.9998618,0.99228245,1.992144227027893,0.018640108,1.0393285,-1.9492222213065589,-2988281.25,1.8681302e-06,1.891894e-07,0.8570227502655228,0.0054680575394585405,/content/drive/MyDrive/N-MON/ALTRO/spectograms/FH-20/885.npy,FH-20
-0.007838347,0.012217077,0.968508,0.95566636,0.9685397,-0.9995384,0.99261725,1.99215567111969,0.0066455025,1.0455525,-1.91425767370958,1015625.0,3.3909369e-06,1.8790465e-07,0.8491404467745747,0.0025464688354453983,/content/drive/MyDrive/N-MON/ALTRO/spectograms/FH-20/886.npy,FH-20
-0.007792819,-0.02266952,0.97134227,0.9595543,0.9713735,-0.99922466,0.9929445,1.992169126868248,0.00676767,1.0410596,-1.9699525493635444,3007812.5,2.5232828e-06,1.8907978e-07,0.8525521737290309,0.0009559007514479596,/content/drive/MyDrive/N-MON/ALTRO/spectograms/FH-20/887.npy,FH-20
0.00718018,0.04506825,0.97254163,0.96071386,0.9725682,-0.99793017,0.9942256,1.9921557754278183,-0.016335452,1.0391182,-1.9838189783377909,-2382812.5,2.1752146e-06,1.8894747e-07,0.856248030812194,0.003995976965362807,/content/drive/MyDrive/N-MON/ALTRO/spectograms/FH-20/888.npy,FH-20
0.006957919,0.10242997,0.9712904,0.95921665,0.9713153,-0.9991318,0.99301016,1.9921419620513916,-0.018173076,1.0410616,-1.933414973685925,3007812.5,2.4537273e-06,1.8916965e-07,0.8491422828885354,0.00799184175489023,/content/drive/MyDrive/N-MON/ALTRO/spectograms/FH-20/889.npy,FH-20
0.009589125,0.20647746,0.97089595,0.9595662,0.97094333,-1.0005265,0.9916309,1.9921575039625168,-0.027824262,1.0410268,-1.9282426546885845,-2988281.25,3.3845672e-06,1.8751159e-07,0.8496142606592083,0.00497725260607376,/content/drive/MyDrive/N-MON/ALTRO/spectograms/FH-20/890.npy,FH-20
-0.0066667288,0.00014754907,0.9709039,0.95962805,0.97092676,-0.99983835,0.99231887,1.9921572357416153,0.004518557,1.0398179,-1.9272835616154638,-2988281.25,3.5352443e-06,1.8906914e-07,0.837344244751499,0.010282088499619887,/content/drive/MyDrive/N-MON/ALTRO/spectograms/FH-20/891.npy,FH-20
-0.007913214,-0.035808463,0.9717474,0.96000355,0.9717796,-1.0005552,0.99157643,1.9921316355466843,0.005186648,1.0398847,-1.9555212490509757,-2382812.5,2.6746497e-06,1.876808e-07,0.8525881948694267,0.005696578793161282,/content/drive/MyDrive/N-MON/ALTRO/spectograms/FH-20/892.npy,FH-20
0.0037798865,-0.004287391,0.9680183,0.95401937,0.9680257,-1.0003886,0.99176717,1.992155835032463,-0.0135341175,1.0473574,-1.9168241889087423,-2988281.25,2.3308676e-06,1.8893971e-07,0.86509159094122,0.004592393738550991,/content/drive/MyDrive/N-MON/ALTRO/spectograms/FH-20/893.npy,FH-20
0.0013877844,-0.042444814,0.97166985,0.9597412,0.97167087,-0.9995139,0.9926511,1.9921650737524033,-0.0060862643,1.040428,-1.9647015823423015,-996093.75,2.398755e-06,1.8875849e-07,0.8416982170869596,0.007428627732933054,/content/drive/MyDrive/N-MON/ALTRO/spectograms/FH-20/894.npy,FH-20
0.006934081,0.14450034,0.97187126,0.9606038,0.971896,-1.0000875,0.99207795,1.9921654760837555,-0.021655446,1.039698,-1.9677595554388259,-2382812.5,4.366734e-06,1.8798522e-07,0.8528656547482032,0.005204959079087997,/content/drive/MyDrive/N-MON/ALTRO/spectograms/FH-20/895.npy,FH-20
0.00923285,0.21823289,0.9748184,0.9651261,0.97486216,-1.0005178,0.9916518,1.9921696782112122,-0.024681715,1.0338548,-1.9937049126868038,1015625.0,2.6162295e-06,1.8970272e-07,0.8514089698069436,0.005265522255099251,/content/drive/MyDrive/N-MON/ALTRO/spectograms/FH-20/896.npy,FH-20
-0.0004834771,0.06600023,0.96981287,0.957023,0.969813,-1.0004151,0.99174386,1.9921589940786362,-0.007735316,1.0431801,-1.9252525423711655,-2382812.5,3.7594216e-06,1.894891e-07,0.8483138352656082,0.006060074926016275,/content/drive/MyDrive/N-MON/ALTRO/spectograms/FH-20/897.npy,FH-20
0.002688622,0.00815788,0.9701753,0.957296,0.9701791,-0.9996057,0.9925635,1.9921692311763763,-0.010447317,1.0433472,-1.9306759011626353,-2988281.25,3.9557135e-06,1.8805198e-07,0.8554970143069569,0.004866312977207804,/content/drive/MyDrive/N-MON/ALTRO/spectograms/FH-20/898.npy,FH-20
-0.0010299453,0.078038886,0.96916723,0.9558507,0.9691678,-1.0001351,0.9920264,1.9921614527702332,-0.0080723865,1.0449442,-1.920179647001999,-2382812.5,3.504589e-06,1.8801575e-07,0.8491398281048113,0.0056275675505344834,/content/drive/MyDrive/N-MON/ALTRO/spectograms/FH-20/899.npy,FH-20
0.008455612,0.17122522,0.9717101,0.9603253,0.97174686,-1.0005088,0.9916586,1.9921673685312271,-0.024686439,1.0404469,-1.9611276182304185,-2382812.5,2.8524037e-06,1.880962e-07,0.8470665848062326,0.003605004883851577,/content/drive/MyDrive/N-MON/ALTRO/spectograms/FH-20/900.npy,FH-20
0.015992679,0.266688,0.9676932,0.95504683,0.96782535,-0.99886143,0.9932976,1.9921590238809586,-0.03863883,1.046957,-1.9020123866146383,2421875.0,2.8944364e-06,1.8781887e-07,0.8375157144837655,0.004061164478069394,/content/drive/MyDrive/N-MON/ALTRO/spectograms/FH-20/901.npy,FH-20
0.00049861195,0.09383081,0.97104794,0.957928,0.97104806,-0.99991655,0.99224544,1.9921620339155197,-0.011380954,1.0425892,-1.9750029404174934,1015625.0,2.2317302e-06,1.8788845e-07,0.8444261508132115,0.003291443266746687,/content/drive/MyDrive/N-MON/ALTRO/spectograms/FH-20/902.npy,FH-20
-0.0057721953,-0.042291902,0.96163714,0.9446559,0.96165454,-0.999321,0.99283916,1.992160126566887,0.0055146315,1.0588411,-1.8296504591889422,-2382812.5,2.5428815e-06,1.8756896e-07,0.851431709231169,0.012280015069150448,/content/drive/MyDrive/N-MON/ALTRO/spectograms/FH-20/903.npy,FH-20
-0.00061476615,0.054906454,0.9689495,0.9556803,0.96894974,-0.99978715,0.9923722,1.9921593815088272,-0.006839003,1.0452721,-1.9248316526068792,3007812.5,2.7083572e-06,1.8734335e-07,0.8565970766785309,0.00579821676779122,/content/drive/MyDrive/N-MON/ALTRO/spectograms/FH-20/904.npy,FH-20
0.015794607,0.19051637,0.9676561,0.9530414,0.967785,-1.0008088,0.9913506,1.992159441113472,-0.041607097,1.0498906,-1.9188349332003398,-957031.25,2.392031e-06,1.876039e-07,0.8452497953415489,0.00517630843415225,/content/drive/MyDrive/N-MON/ALTRO/spectograms/FH-20/905.npy,FH-20
-2.045536e-05,0.06311258,0.9701965,0.9564295,0.9701965,-0.9994111,0.9927546,1.992165669798851,-0.009586152,1.0440658,-1.9435283716341332,-2988281.25,3.329178e-06,1.8799027e-07,0.8505001994568201,0.005691154587619303,/content/drive/MyDrive/N-MON/ALTRO/spectograms/FH-20/906.npy,FH-20
0.009678402,0.20293027,0.9642666,0.9492975,0.96431524,-1.00018,0.9919866,1.9921666234731674,-0.029300783,1.0535415,-1.8501040762505554,3007812.5,2.5581153e-06,1.8705563e-07,0.8484750313574245,0.009316868173694526,/content/drive/MyDrive/N-MON/ALTRO/spectograms/FH-20/907.npy,FH-20
-0.0044562793,-0.023862459,0.97156364,0.95963895,0.97157395,-1.000444,0.9916856,1.992129698395729,0.0018402279,1.0407764,-1.9606520502356466,3007812.5,2.9185135e-06,1.8766875e-07,0.851325617044248,0.003936749652007073,/content/drive/MyDrive/N-MON/ALTRO/spectograms/FH-20/908.npy,FH-20
-0.0018972997,0.09200953,0.9729057,0.96194184,0.9729076,-1.0017053,0.99046427,1.9921695739030838,-0.008246143,1.0378637,-1.969730288611639,-2382812.5,3.6474269e-06,1.8954631e-07,0.8381363522448773,0.010380777938263398,/content/drive/MyDrive/N-MON/ALTRO/spectograms/FH-20/909.npy,FH-20
-0.0006179266,0.05382494,0.9724624,0.9611345,0.97246265,-1.0007979,0.99136865,1.9921665787696838,-0.009250514,1.0388081,-1.964355394529406,-2988281.25,2.8142338e-06,1.8698604e-07,0.8489741261060586,0.009124528717270266,/content/drive/MyDrive/N-MON/ALTRO/spectograms/FH-20/910.npy,FH-20
0.00021255303,0.046374887,0.9731165,0.9617956,0.9731165,-1.0005001,0.99167234,1.9921724498271942,-0.008695115,1.037568,-1.9832821961311142,1015625.0,4.437446e-06,1.8929181e-07,0.8510618005520166,0.00549862199491259,/content/drive/MyDrive/N-MON/ALTRO/spectograms/FH-20/911.npy,FH-20
-0.012305534,-0.043571483,0.9642435,0.94889295,0.96432203,-1.0005318,0.9916271,1.9921589344739914,0.01262277,1.0535048,-1.8601036865936325,-2382812.5,3.1507516e-06,1.864765e-07,0.8522271992117119,0.011492907564393352,/content/drive/MyDrive/N-MON/ALTRO/spectograms/FH-20/912.npy,FH-20
0.0053172903,0.24222875,0.9733172,0.96233827,0.97333175,-1.0000309,0.99212664,1.9921575635671616,-0.023353616,1.0380597,-2.000817036510049,-2382812.5,3.1853217e-06,1.8839623e-07,0.852757598490312,0.0026324636180947206,/content/drive/MyDrive/N-MON/ALTRO/spectograms/FH-20/913.npy,FH-20
-0.0027924653,0.05522582,0.9673767,0.9534454,0.9673807,-0.9995144,0.99264777,1.9921621829271317,-0.0022651814,1.0480323,-1.89714967825425,-996093.75,1.8264119e-06,1.8775808e-07,0.8435553939473588,0.005583907004429782,/content/drive/MyDrive/N-MON/ALTRO/spectograms/FH-20/914.npy,FH-20
0.0034845062,0.19392,0.9737276,0.96330506,0.9737339,-1.0013529,0.9908061,1.9921589493751526,-0.018794345,1.0364296,-1.995480996492461,-2382812.5,4.6258415e-06,1.8878222e-07,0.8418610594176582,0.00349070165764554,/content/drive/MyDrive/N-MON/ALTRO/spectograms/FH-20/915.npy,FH-20
-0.003092669,-0.02744783,0.9709584,0.9591217,0.9709633,-1.0000856,0.99208695,1.9921725541353226,-0.0011833195,1.041103,-1.9430771428133025,1015625.0,2.5117706e-06,1.8728119e-07,0.8429704512137446,0.005059768757392042,/content/drive/MyDrive/N-MON/ALTRO/spectograms/FH-20/916.npy,FH-20
0.004653678,0.1056086,0.9729932,0.9619864,0.97300434,-0.99979854,0.9923682,1.9921667575836182,-0.016729612,1.0379322,-1.9742210237281388,-2988281.25,3.5652197e-06,1.8901363e-07,0.8503908736583252,0.002675862992941256,/content/drive/MyDrive/N-MON/ALTRO/spectograms/FH-20/917.npy,FH-20
-0.0050203595,-0.09280052,0.9699924,0.9574137,0.9700054,-0.9989582,0.99320495,1.9921631067991257,0.004744451,1.0426595,-1.9278911705385717,-2988281.25,2.4180824e-06,1.86635e-07,0.8470304829836828,0.006399509654329647,/content/drive/MyDrive/N-MON/ALTRO/spectograms/FH-20/918.npy,FH-20
-0.0073570493,-0.044325773,0.9694178,0.9574351,0.96944577,-1.0014042,0.9907471,1.9921512305736542,0.005129405,1.0421296,-1.8897015634929046,1015625.0,3.4466927e-06,1.8707054e-07,0.8527276380001994,0.003832924230678932,/content/drive/MyDrive/N-MON/ALTRO/spectograms/FH-20/919.npy,FH-20
0.020328864,0.27807665,0.9707207,0.9576239,0.97093356,-0.99922466,0.9929287,1.9921533167362213,-0.04666088,1.0450416,-1.977623370805014,-390625.0,2.379941e-06,1.8766742e-07,0.85639104991767,0.004383056948176035,/content/drive/MyDrive/N-MON/ALTRO/spectograms/FH-20/920.npy,FH-20
-0.004212159,-0.0045547592,0.9533609,0.92797595,0.95337015,-1.000584,0.991572,1.992156058549881,0.0003524553,1.0784283,-1.7603596818843956,3007812.5,4.4290177e-06,1.8134833e-07,0.848845345574879,0.007733836561632299,/content/drive/MyDrive/N-MON/ALTRO/spectograms/FH-20/921.npy,FH-20
0.0055920887,0.083155826,0.96866024,0.95499384,0.9686763,-0.99865305,0.99347615,1.9921292066574097,-0.015981313,1.0450122,-1.8867214870425146,1015625.0,3.3004596e-06,1.881516e-07,0.8521080037535539,0.00445170944205483,/content/drive/MyDrive/N-MON/ALTRO/spectograms/FH-20/922.npy,FH-20
-0.0045087184,-0.015961362,0.97457385,0.9650737,0.9745843,-1.0004023,0.99176764,1.9921700209379196,0.0010268933,1.0342697,-1.9877791620501821,1015625.0,2.597376e-06,1.892457e-07,0.8538670577184547,0.0030390111620895496,/content/drive/MyDrive/N-MON/ALTRO/spectograms/FH-20/923.npy,FH-20
0.0001012907,0.109110266,0.9708888,0.95884156,0.9708888,-1.0002723,0.9918864,1.9921587109565735,-0.012858551,1.0412291,-1.9383800808631577,2421875.0,2.9426078e-06,1.8778289e-07,0.8463329755549329,0.001949427091401863,/content/drive/MyDrive/N-MON/ALTRO/spectograms/FH-20/924.npy,FH-20
-0.0012543707,-0.008451435,0.97430426,0.9641905,0.9743051,-1.0005163,0.9916462,1.992162510752678,-0.0043006316,1.0351928,-1.9856184189168637,410156.25,4.6636046e-06,1.8941088e-07,0.8413019396608035,0.006783239106582185,/content/drive/MyDrive/N-MON/ALTRO/spectograms/FH-20/925.npy,FH-20
5.7248115e-05,0.10563755,0.96672595,0.9524024,0.9667259,-0.9998616,0.9922866,1.9921482354402542,-0.010774996,1.0492883,-1.8840277280673174,410156.25,3.0061724e-06,1.8731853e-07,0.8401799312978784,0.006595864597965962,/content/drive/MyDrive/N-MON/ALTRO/spectograms/FH-20/926.npy,FH-20
-0.004051194,-0.1007853,0.97054714,0.95797044,0.97055566,-0.9992688,0.9928918,1.9921606183052063,0.00564669,1.0431035,-1.9504246895010582,-2382812.5,3.7433797e-06,1.8899613e-07,0.8351360411915617,0.004447679424706116,/content/drive/MyDrive/N-MON/ALTRO/spectograms/FH-20/927.npy,FH-20
-0.0077242274,-0.13282102,0.9714868,0.9602626,0.9715175,-1.0000863,0.9920794,1.9921657294034958,0.01185498,1.0395154,-1.9448382735276806,1015625.0,3.9600927e-06,1.890983e-07,0.8383332650505314,0.003963950551598187,/content/drive/MyDrive/N-MON/ALTRO/spectograms/FH-20/928.npy,FH-20
0.009134997,0.19588071,0.9709103,0.9584434,0.9709533,-0.9995205,0.99264103,1.9921615272760391,-0.02709075,1.0425692,-1.9513999076714807,-2988281.25,4.0362065e-06,1.8780793e-07,0.8535283131674577,0.005904118260807937,/content/drive/MyDrive/N-MON/ALTRO/spectograms/FH-20/929.npy,FH-20
0.018376052,0.32024485,0.9683185,0.9548724,0.96849287,-1.0000417,0.99211633,1.9921580851078033,-0.050493028,1.0481753,-1.9097884369279685,-2382812.5,3.0265874e-06,1.8718708e-07,0.8531898541359728,0.0035107877536611786,/content/drive/MyDrive/N-MON/ALTRO/spectograms/FH-20/930.npy,FH-20
-0.0004945412,0.011971129,0.97078085,0.95878565,0.97078097,-0.9997742,0.99239117,1.9921654164791107,-0.0054152044,1.0411247,-1.9375648502055338,-2988281.25,2.892203e-06,1.8837078e-07,0.8374317939847904,0.003287330716396982,/content/drive/MyDrive/N-MON/ALTRO/spectograms/FH-20/931.npy,FH-20
-0.005535841,-0.023960106,0.97763145,0.967979,0.9776471,-1.0005475,0.9916242,1.9921717196702957,0.0019473061,1.0309685,-2.0634143607062887,-2382812.5,3.2666549e-06,1.9094989e-07,0.8487022745923257,0.003506596941868793,/content/drive/MyDrive/N-MON/ALTRO/spectograms/FH-20/932.npy,FH-20
0.011793735,0.2037254,0.9682424,0.95455,0.96831423,-0.999442,0.992712,1.9921539425849915,-0.03185186,1.0471115,-1.912103755938887,2421875.0,2.1548883e-06,1.8775359e-07,0.8518386912497484,0.0021348894950691953,/content/drive/MyDrive/N-MON/ALTRO/spectograms/FH-20/933.npy,FH-20
-0.0032853752,0.078731775,0.9665007,0.95346814,0.9665063,-0.99931407,0.99284357,1.99215766787529,-0.001855828,1.0474108,-1.85264116831595,1015625.0,2.2752934e-06,1.8732462e-07,0.8522856314219689,0.004718047553098546,/content/drive/MyDrive/N-MON/ALTRO/spectograms/FH-20/934.npy,FH-20
0.019447343,0.3128266,0.97005653,0.95645,0.97025144,-0.9996027,0.99252415,1.9921268224716187,-0.047566865,1.0458183,-1.9527380777864558,-2382812.5,2.4009985e-06,1.8774722e-07,0.845124674289973,0.008032591032966935,/content/drive/MyDrive/N-MON/ALTRO/spectograms/FH-20/935.npy,FH-20
-0.008022173,0.027631937,0.96993715,0.9567708,0.96997035,-0.99961585,0.9925412,1.9921570271253586,0.00916954,1.0438243,-1.929544758236328,-2382812.5,4.291021e-06,1.9001982e-07,0.8605670527042741,0.005382678480266122,/content/drive/MyDrive/N-MON/ALTRO/spectograms/FH-20/936.npy,FH-20
-0.016606625,-0.20210497,0.97149867,0.9589707,0.97164065,-0.99881524,0.9933479,1.9921631217002869,0.031008055,1.0418924,-1.9720032560412195,1015625.0,3.5210824e-06,1.8838782e-07,0.8436488736772865,0.006685323021424327,/content/drive/MyDrive/N-MON/ALTRO/spectograms/FH-20/937.npy,FH-20
0.0034674283,0.0434656,0.97146505,0.95957845,0.97147125,-0.9994094,0.992756,1.992165356874466,-0.01408762,1.0406203,-1.9607285469924174,-2382812.5,2.5661775e-06,1.8912152e-07,0.8444568968697705,0.006489773522033937,/content/drive/MyDrive/N-MON/ALTRO/spectograms/FH-20/938.npy,FH-20
0.014729353,0.07807392,0.958666,0.93651426,0.95877916,-1.000098,0.9920207,1.9921187460422516,-0.03852721,1.0689245,-1.8269758007235988,-2988281.25,2.9797152e-06,1.8333269e-07,0.8515859140175264,0.004285394544236389,/content/drive/MyDrive/N-MON/ALTRO/spectograms/FH-20/939.npy,FH-20
-0.007504984,-0.050994188,0.9708205,0.9573609,0.97084945,-1.0002217,0.9919447,1.9921664595603943,0.007721865,1.0434921,-1.952554749435093,-2988281.25,3.1439847e-06,1.9001462e-07,0.8487448974802106,0.007022517867222998,/content/drive/MyDrive/N-MON/ALTRO/spectograms/FH-20/940.npy,FH-20
-0.014119158,-0.1024805,0.9695782,0.9572848,0.9696811,-1.0008317,0.991279,1.9921107590198517,0.01979273,1.043037,-1.9052736234260756,-2988281.25,4.400561e-06,1.8628674e-07,0.8405771784642047,0.0078437924410921,/content/drive/MyDrive/N-MON/ALTRO/spectograms/FH-20/941.npy,FH-20
0.00065421296,0.030264996,0.9712803,0.9591464,0.9712805,-1.0011191,0.9910288,1.9921479374170303,-0.012919041,1.0409751,-1.9577553051443968,3007812.5,2.8594184e-06,1.8859234e-07,0.8488034483229536,0.00470480072305709,/content/drive/MyDrive/N-MON/ALTRO/spectograms/FH-20/942.npy,FH-20
-0.005620866,-0.006997713,0.97214675,0.96044946,0.972163,-0.9992125,0.9929434,1.9921558946371078,0.0060789143,1.0394608,-1.9676122453821752,-2382812.5,3.160429e-06,1.8851806e-07,0.8411450432672392,0.00969689839964403,/content/drive/MyDrive/N-MON/ALTRO/spectograms/FH-20/943.npy,FH-20
-0.0037347195,-0.030873992,0.97068864,0.95883113,0.97069585,-0.9996163,0.9925406,1.9921569526195526,0.0006594972,1.0408044,-1.9236483070968033,2421875.0,3.1115292e-06,1.893223e-07,0.8508741543339609,0.0035703406384531566,/content/drive/MyDrive/N-MON/ALTRO/spectograms/FH-20/944.npy,FH-20
-6.9524285e-05,0.041578144,0.9702891,0.95656496,0.9702891,-1.0013236,0.99084055,1.9921641200780869,-0.010019087,1.0441241,-1.9446536092102022,-2382812.5,4.206741e-06,1.895391e-07,0.845549248491873,0.006578111136650261,/content/drive/MyDrive/N-MON/ALTRO/spectograms/FH-20/945.npy,FH-20
-0.0003035264,0.08151057,0.96925884,0.95581806,0.9692589,-1.000518,0.9916438,1.992161750793457,-0.008716468,1.0450932,-1.9247811481501975,3007812.5,2.3240368e-06,1.8784695e-07,0.8504106217973848,0.006652898678237035,/content/drive/MyDrive/N-MON/ALTRO/spectograms/FH-20/946.npy,FH-20
-0.020400357,-0.21505396,0.97396743,0.96396613,0.974181,-1.0000317,0.99207884,1.9921105951070786,0.029770747,1.0356044,-1.9745022533533698,-2382812.5,3.190339e-06,1.8902598e-07,0.8338269566087853,0.004045167022096121,/content/drive/MyDrive/N-MON/ALTRO/spectograms/FH-20/947.npy,FH-20
0.012423462,0.24385293,0.9733469,0.96261317,0.9734261,-0.9983264,0.9938097,1.9921361058950424,-0.031418055,1.0370573,-1.9623900932234843,-2382812.5,2.6552918e-06,1.8850866e-07,0.860392216524314,0.0035419535849152955,/content/drive/MyDrive/N-MON/ALTRO/spectograms/FH-20/948.npy,FH-20
-0.0025876656,0.028265098,0.96997255,0.95845985,0.96997607,-0.99894035,0.99320257,1.9921429008245468,-0.00040326375,1.0419278,-1.9245682618712865,1015625.0,3.5322203e-06,1.8872021e-07,0.843672209199943,0.008579813061727936,/content/drive/MyDrive/N-MON/ALTRO/spectograms/FH-20/949.npy,FH-20
-0.014615196,-0.16317502,0.9741231,0.96374357,0.9742328,-0.999121,0.99304396,1.992164984345436,0.022163058,1.0360643,-1.9985112109088032,-1035156.25,2.3519503e-06,1.8879118e-07,0.8354649556706357,0.01256496609823999,/content/drive/MyDrive/N-MON/ALTRO/spectograms/FH-20/950.npy,FH-20
-0.002695727,0.04588972,0.9749051,0.9648596,0.97490877,-1.000968,0.9911935,1.9921614080667496,-0.005328166,1.0342854,-2.0018381661102005,-996093.75,2.855761e-06,1.8813925e-07,0.8448458192058615,0.003828743756464608,/content/drive/MyDrive/N-MON/ALTRO/spectograms/FH-20/951.npy,FH-20
-0.005757798,-0.0077325976,0.9666773,0.9523356,0.9666945,-0.9999025,0.99224764,1.992150142788887,0.0032353296,1.0496974,-1.892992732206903,-2988281.25,3.6389408e-06,1.8914331e-07,0.8482515286131728,0.003604203426039818,/content/drive/MyDrive/N-MON/ALTRO/spectograms/FH-20/952.npy,FH-20
-0.017726257,-0.1557472,0.97093976,0.95841265,0.9711016,-0.9996264,0.99253774,1.9921641200780869,0.030341623,1.042004,-1.9390787985524762,-2988281.25,1.8274148e-06,1.8863794e-07,0.8437569293094977,0.006382412166149949,/content/drive/MyDrive/N-MON/ALTRO/spectograms/FH-20/953.npy,FH-20
0.0017765656,0.12718882,0.97261775,0.9615444,0.97261935,-1.001798,0.9903632,1.9921612590551376,-0.016539745,1.0379888,-1.9712421298670784,410156.25,2.8600905e-06,1.8809492e-07,0.8432486171862923,0.014832967376587826,/content/drive/MyDrive/N-MON/ALTRO/spectograms/FH-20/954.npy,FH-20
0.005975321,0.12916896,0.96663064,0.95207214,0.96664906,-0.99960536,0.9925462,1.9921515583992004,-0.019132487,1.0500662,-1.8980309412885854,3007812.5,2.7028702e-06,1.8722909e-07,0.8562864809694712,0.004411100031026288,/content/drive/MyDrive/N-MON/ALTRO/spectograms/FH-20/955.npy,FH-20
0.0040711993,0.055762634,0.96613413,0.9516157,0.96614265,-0.99894154,0.9932242,1.9921657741069794,-0.015755938,1.0503403,-1.873063673468906,-2382812.5,2.1842789e-06,1.878046e-07,0.8520931320451646,0.00340045729671565,/content/drive/MyDrive/N-MON/ALTRO/spectograms/FH-20/956.npy,FH-20
-0.00062856864,-0.06308265,0.9514106,0.9269519,0.9514108,-1.000487,0.99165046,1.9921374171972275,-0.0046312907,1.0809342,-1.7249161330260911,3007812.5,3.2034886e-06,1.8178716e-07,0.85971850153009,0.0026317030743333997,/content/drive/MyDrive/N-MON/ALTRO/spectograms/FH-20/957.npy,FH-20
0.006254189,0.17874,0.9741599,0.9636029,0.97418,-1.0009255,0.99122506,1.992150604724884,-0.021556977,1.0359106,-1.9868196272574103,-390625.0,2.5639574e-06,1.8895156e-07,0.8618307921595643,0.003383100969809817,/content/drive/MyDrive/N-MON/ALTRO/spectograms/FH-20/958.npy,FH-20
-0.0025031662,0.065541945,0.96764076,0.9537471,0.967644,-1.0008159,0.99134994,1.992165818810463,-0.0062770857,1.0476024,-1.9173281167273848,410156.25,2.7413303e-06,1.8816385e-07,0.8470409500010396,0.005063909516981955,/content/drive/MyDrive/N-MON/ALTRO/spectograms/FH-20/959.npy,FH-20
-0.005118328,-0.030952904,0.96538424,0.9505987,0.9653979,-0.9996294,0.9925293,1.992158681154251,0.0043793623,1.0501451,-1.8493837795013468,410156.25,2.3170262e-06,1.8887583e-07,0.8496800097018256,0.005676529369257557,/content/drive/MyDrive/N-MON/ALTRO/spectograms/FH-20/960.npy,FH-20
-0.0057506985,-0.10946937,0.96704924,0.95261085,0.9670663,-1.000056,0.99210936,1.992165431380272,0.006723542,1.0496092,-1.9080387585877896,1015625.0,3.975634e-06,1.8740744e-07,0.8473330648831795,0.004780149021397779,/content/drive/MyDrive/N-MON/ALTRO/spectograms/FH-20/961.npy,FH-20
0.0019513207,0.039534766,0.95246935,0.92816734,0.9524713,-0.99965185,0.9924488,1.9921006560325623,-0.011239716,1.0789516,-1.7433756542334458,1015625.0,4.243029e-06,1.802834e-07,0.8581534500757465,0.008003161824244976,/content/drive/MyDrive/N-MON/ALTRO/spectograms/FH-20/962.npy,FH-20
-0.020559385,-0.2799322,0.9717201,0.95944196,0.97193754,-0.998675,0.9934821,1.9921571612358093,0.039652523,1.0422553,-1.983725065087959,-2988281.25,4.557852e-06,1.8829145e-07,0.8427022502457528,0.002506752801064268,/content/drive/MyDrive/N-MON/ALTRO/spectograms/FH-20/963.npy,FH-20
0.0033179922,0.13202009,0.9704576,0.9577083,0.97046334,-1.0007633,0.9914022,1.9921655505895615,-0.016144704,1.0433428,-1.9613259088769175,-976562.5,2.6954037e-06,1.8890324e-07,0.837072302191707,0.010573809501992087,/content/drive/MyDrive/N-MON/ALTRO/spectograms/FH-20/964.npy,FH-20
0.007735159,0.11624025,0.96810627,0.9543047,0.96813715,-1.0009949,0.99117047,1.9921654015779495,-0.024786638,1.0469278,-1.9078332299608054,-2988281.25,4.2416536e-06,1.8865197e-07,0.8523986895782678,0.004050912698807404,/content/drive/MyDrive/N-MON/ALTRO/spectograms/FH-20/965.npy,FH-20
-0.0067934315,-0.044179767,0.9708284,0.9591123,0.9708522,-1.0011244,0.99103284,1.9921572357416153,0.0024699282,1.0407121,-1.932794042403564,-2988281.25,3.5181595e-06,1.8838034e-07,0.8539878879489742,0.007149836339585681,/content/drive/MyDrive/N-MON/ALTRO/spectograms/FH-20/966.npy,FH-20
0.017117565,0.29659617,0.96881944,0.95618737,0.9689706,-1.0001997,0.99194515,1.992144837975502,-0.042465065,1.0453826,-1.8906517844658952,-996093.75,2.8783513e-06,1.8745067e-07,0.8400337150863876,0.011714688796146963,/content/drive/MyDrive/N-MON/ALTRO/spectograms/FH-20/967.npy,FH-20
-0.013818785,-0.2264146,0.9717478,0.9603871,0.9718461,-0.9997542,0.9924111,1.9921652674674988,0.02136539,1.0400009,-1.9610620103404408,-2382812.5,5.609413e-06,1.8776691e-07,0.8318661257706109,0.01347917111964323,/content/drive/MyDrive/N-MON/ALTRO/spectograms/FH-20/968.npy,FH-20
0.005788951,0.054141596,0.96770054,0.9539465,0.9677178,-1.000513,0.99164486,1.9921577870845795,-0.019282587,1.0472056,-1.892032107265891,-2382812.5,4.053336e-06,1.8767369e-07,0.8487588303445772,0.004575563971695053,/content/drive/MyDrive/N-MON/ALTRO/spectograms/FH-20/969.npy,FH-20
-0.004559802,-0.046178054,0.9753337,0.96441257,0.97534436,-0.9992926,0.99287266,1.99216528236866,0.002925908,1.0353376,-2.03505985391579,1015625.0,4.102797e-06,1.896556e-07,0.8439055141844886,0.005489613901134966,/content/drive/MyDrive/N-MON/ALTRO/spectograms/FH-20/970.npy,FH-20
-0.010811254,-0.0931986,0.96980596,0.9576235,0.96986616,-0.9993557,0.99280304,1.9921587407588959,0.015461043,1.0427877,-1.9343637842738783,1015625.0,4.606843e-06,1.8796202e-07,0.8573629683000863,0.0039029840331966524,/content/drive/MyDrive/N-MON/ALTRO/spectograms/FH-20/971.npy,FH-20
-0.023258235,-0.37479982,0.9707419,0.9590857,0.97102046,-0.9997932,0.9923712,1.9921643733978271,0.041068256,1.0421557,-1.9328207222362235,-1015625.0,2.7505941e-06,1.8802058e-07,0.8626067573685301,0.005519950593794541,/content/drive/MyDrive/N-MON/ALTRO/spectograms/FH-20/972.npy,FH-20
0.005185756,0.11286,0.96871966,0.95479435,0.96873355,-1.0004479,0.9917175,1.9921653866767883,-0.017646635,1.0467095,-1.9336212510201582,2421875.0,2.7618223e-06,1.8794228e-07,0.8623175223950011,0.005395021559338922,/content/drive/MyDrive/N-MON/ALTRO/spectograms/FH-20/973.npy,FH-20
-0.013828226,-0.16376315,0.9666217,0.9522352,0.96672064,-0.9997372,0.9924166,1.992153823375702,0.022767259,1.0497051,-1.896267581303625,-2988281.25,2.8144973e-06,1.8600583e-07,0.8559956061185595,0.010710118903389246,/content/drive/MyDrive/N-MON/ALTRO/spectograms/FH-20/974.npy,FH-20
-0.013422934,-0.16375135,0.9703467,0.9587048,0.97043955,-0.9996582,0.9924936,1.9921518713235855,0.021815514,1.0411146,-1.9071872826351115,3007812.5,4.030356e-06,1.8788606e-07,0.8515988315385933,0.006086847374328236,/content/drive/MyDrive/N-MON/ALTRO/spectograms/FH-20/975.npy,FH-20
0.0049750684,0.23599476,0.9783173,0.9710947,0.97833,-0.99838465,0.9937719,1.9921565502882004,-0.015037274,1.0273579,-2.0500809441605785,-2382812.5,3.1490572e-06,1.9026051e-07,0.8538046249039294,0.003246637005154503,/content/drive/MyDrive/N-MON/ALTRO/spectograms/FH-20/976.npy,FH-20
0.00020562459,0.13239497,0.9705586,0.9589005,0.97055864,-1.0004184,0.99174607,1.9921645522117615,-0.0107212,1.0412158,-1.9353944378213284,3007812.5,3.0149797e-06,1.8839492e-07,0.8453406137985076,0.006298134197564729,/content/drive/MyDrive/N-MON/ALTRO/spectograms/FH-20/977.npy,FH-20
0.006334877,0.18840915,0.97142977,0.96054775,0.97145045,-0.9990523,0.99310625,1.9921585619449615,-0.018398399,1.0396017,-1.9386182420306126,-2988281.25,3.6970573e-06,1.8851418e-07,0.8510680150010165,0.0033428819422337444,/content/drive/MyDrive/N-MON/ALTRO/spectograms/FH-20/978.npy,FH-20
-0.00059946155,0.011117753,0.9688085,0.9558513,0.96880865,-1.0005609,0.9916006,1.9921614676713943,-0.006325505,1.0447673,-1.9075403682639005,-2382812.5,4.0929344e-06,1.8832307e-07,0.8340891031011155,0.003643471310903572,/content/drive/MyDrive/N-MON/ALTRO/spectograms/FH-20/979.npy,FH-20
-0.00402375,0.023034666,0.9666072,0.95224524,0.96661556,-1.0003864,0.9917813,1.992167666554451,0.00022952653,1.0498394,-1.9052414477670558,1015625.0,3.8932303e-06,1.873833e-07,0.8446772857445818,0.009445256132277627,/content/drive/MyDrive/N-MON/ALTRO/spectograms/FH-20/980.npy,FH-20
0.0064973896,0.15306997,0.966148,0.95104194,0.96616983,-0.9992067,0.9929591,1.992165818810463,-0.021749364,1.0514975,-1.8847919876451027,-2382812.5,3.370127e-06,1.8620173e-07,0.8557044317775389,0.0028790960945412982,/content/drive/MyDrive/N-MON/ALTRO/spectograms/FH-20/981.npy,FH-20
0.0025379567,0.1563707,0.97136486,0.96059287,0.97136813,-0.9997464,0.9924201,1.9921664744615555,-0.014075331,1.0392462,-1.9342611131043628,-2988281.25,3.3783842e-06,1.88466e-07,0.8479364543394314,0.005538417977054207,/content/drive/MyDrive/N-MON/ALTRO/spectograms/FH-20/982.npy,FH-20
-0.0036963485,0.027870897,0.97249776,0.9604449,0.97250473,-0.9994641,0.992706,1.9921700805425644,0.000870601,1.0402603,-1.9892178488368304,2402343.75,3.631394e-06,1.9015965e-07,0.8403751792651368,0.0038113606286827536,/content/drive/MyDrive/N-MON/ALTRO/spectograms/FH-20/983.npy,FH-20
0.010004087,0.22654292,0.96915364,0.9567281,0.96920526,-0.9999369,0.99221224,1.9921491295099258,-0.030827465,1.0443062,-1.909938903263772,-976562.5,1.7906799e-06,1.868673e-07,0.8542417021219586,0.01109165981692588,/content/drive/MyDrive/N-MON/ALTRO/spectograms/FH-20/984.npy,FH-20
-0.00058177375,0.11703141,0.97438407,0.9642534,0.9743842,-1.0000535,0.99211013,1.992163673043251,-0.008217718,1.0349971,-1.9949459929882647,-2382812.5,4.036583e-06,1.8971386e-07,0.8473149302834833,0.0027061368257369003,/content/drive/MyDrive/N-MON/ALTRO/spectograms/FH-20/985.npy,FH-20
-0.0025940996,-0.07107274,0.9701929,0.9573311,0.97019637,-1.0007149,0.991452,1.9921669214963913,-0.0012993495,1.0440167,-1.9643299386774136,3007812.5,4.001772e-06,1.8896631e-07,0.8450715711123785,0.008830997266990335,/content/drive/MyDrive/N-MON/ALTRO/spectograms/FH-20/986.npy,FH-20
0.011942778,0.17888683,0.96836984,0.9549801,0.9684436,-1.0008236,0.99134463,1.9921682924032211,-0.033362858,1.0468501,-1.902101306286377,-2988281.25,3.1692928e-06,1.8887513e-07,0.8517294579095894,0.005794065629683958,/content/drive/MyDrive/N-MON/ALTRO/spectograms/FH-20/987.npy,FH-20
-0.004984928,0.011845089,0.9732128,0.9621553,0.9732255,-0.9997963,0.9923723,1.9921685308218002,0.0021720969,1.0379534,-1.9869075974074424,-2382812.5,1.8543986e-06,1.8938762e-07,0.8581703117447039,0.005332666643918734,/content/drive/MyDrive/N-MON/ALTRO/spectograms/FH-20/988.npy,FH-20
-0.007452244,-0.066285565,0.9690931,0.9559854,0.96912175,-0.9999682,0.99219006,1.992158219218254,0.0078278035,1.0444335,-1.9153230302957776,-2382812.5,3.3461338e-06,1.8702114e-07,0.8411047679421066,0.004662266511305506,/content/drive/MyDrive/N-MON/ALTRO/spectograms/FH-20/989.npy,FH-20
-0.006502698,-0.027971286,0.9706161,0.95842844,0.97063786,-1.0006547,0.99149686,1.9921515136957169,0.004799762,1.041477,-1.917463792650125,1015625.0,2.8699603e-06,1.8860314e-07,0.8552583863371792,0.007879074406430299,/content/drive/MyDrive/N-MON/ALTRO/spectograms/FH-20/990.npy,FH-20
-0.015286023,-0.11807034,0.97114223,0.95821303,0.9712626,-1.0010433,0.991121,1.9921643286943436,0.021997498,1.0419898,-1.9426338260700302,1015625.0,3.2846776e-06,1.8969723e-07,0.8433255010936515,0.005206372712102526,/content/drive/MyDrive/N-MON/ALTRO/spectograms/FH-20/991.npy,FH-20
-0.0023813967,0.020317774,0.97674274,0.9675574,0.9767456,-0.9991008,0.9930616,1.992162436246872,-0.0013337117,1.0309936,-2.0220359383152378,-2382812.5,2.0656146e-06,1.881821e-07,0.8551523458075061,0.0035489774069563836,/content/drive/MyDrive/N-MON/ALTRO/spectograms/FH-20/992.npy,FH-20
-0.01025682,-0.0383985,0.9705405,0.9574352,0.9705948,-0.9992911,0.9928761,1.9921672642230988,0.014850814,1.0430307,-1.9463177170244814,-2382812.5,2.8484574e-06,1.8862906e-07,0.8454553185586181,0.005119150935474382,/content/drive/MyDrive/N-MON/ALTRO/spectograms/FH-20/993.npy,FH-20
-0.017182237,-0.10544805,0.97027546,0.9578733,0.9704275,-0.9999701,0.9921826,1.9921527206897736,0.024276685,1.0427907,-1.9309665013021855,-2988281.25,3.014336e-06,1.8858877e-07,0.8495873202275304,0.009888094866443,/content/drive/MyDrive/N-MON/ALTRO/spectograms/FH-20/994.npy,FH-20
-0.004795242,-0.08252415,0.96400934,0.94763607,0.96402127,-1.000477,0.9916894,1.992166355252266,0.0053012543,1.0551113,-1.8550599691426684,1015625.0,3.289749e-06,1.8656314e-07,0.842515151341236,0.006616991439900081,/content/drive/MyDrive/N-MON/ALTRO/spectograms/FH-20/995.npy,FH-20
-0.0071482705,-0.026776843,0.9673045,0.9517524,0.96733093,-0.99943054,0.99273795,1.9921685010194778,0.0048225606,1.050122,-1.9288695913882912,-2988281.25,3.2590317e-06,1.8728318e-07,0.8485876300868949,0.0063089249433029935,/content/drive/MyDrive/N-MON/ALTRO/spectograms/FH-20/996.npy,FH-20
0.007849129,0.20763212,0.97386384,0.9639021,0.9738955,-0.9993798,0.99278593,1.992165744304657,-0.025317011,1.0358775,-1.9866644370190676,-2988281.25,2.817901e-06,1.9005059e-07,0.8435275906066602,0.0026556751528887066,/content/drive/MyDrive/N-MON/ALTRO/spectograms/FH-20/997.npy,FH-20
-0.00682125,-0.038957812,0.9696492,0.9567022,0.9696732,-0.9998276,0.99233675,1.9921643733978271,0.0048966673,1.0439512,-1.9339045323108996,-2988281.25,2.38547e-06,1.8699973e-07,0.8399144581928158,0.010602028620725016,/content/drive/MyDrive/N-MON/ALTRO/spectograms/FH-20/998.npy,FH-20
0.0019934264,0.043394037,0.9691568,0.95527977,0.9691589,-0.99952304,0.99263555,1.992158591747284,-0.008264839,1.0459592,-1.9400291287150904,-390625.0,2.5492966e-06,1.8806105e-07,0.8442810233631104,0.011485626415862121,/content/drive/MyDrive/N-MON/ALTRO/spectograms/FH-20/999.npy,FH-20
-0.0046148426,-0.108876064,0.97116154,0.9584326,0.9711725,-0.99945915,0.99270225,1.9921614229679108,0.0042087496,1.04189,-1.949929231492771,-2988281.25,3.106514e-06,1.887673e-07,0.8456401370028607,0.004864859581645172,/content/drive/MyDrive/N-MON/ALTRO/spectograms/FH-20/1000.npy,FH-20
-0.004035478,-0.031406146,0.9669691,0.95235866,0.9669775,-1.0001397,0.9920249,1.9921646267175674,-0.0009360261,1.0487298,-1.8936010671331573,3007812.5,2.612307e-06,1.8746462e-07,0.8563926366588916,0.003894173111367155,/content/drive/MyDrive/N-MON/ALTRO/spectograms/FH-20/1001.npy,FH-20
0.02016378,0.3479638,0.97484714,0.9642469,0.97505563,-0.9997319,0.9923824,1.9921143054962158,-0.048463937,1.0369041,-2.023037115737562,3007812.5,2.5853915e-06,1.8792555e-07,0.8504643550701576,0.006873354127884027,/content/drive/MyDrive/N-MON/ALTRO/spectograms/FH-20/1002.npy,FH-20
-0.0002585087,0.17929186,0.95872515,0.94001234,0.9587252,-1.0003446,0.9918041,1.9921487867832184,-0.015872022,1.0653895,-1.8055470086400611,3007812.5,3.030214e-06,1.8216545e-07,0.8586851650416152,0.005752789104134038,/content/drive/MyDrive/N-MON/ALTRO/spectograms/FH-20/1003.npy,FH-20
-0.00561863,-0.055025447,0.96946067,0.9567266,0.969477,-1.0002742,0.9918933,1.9921675026416779,0.0051671714,1.0438637,-1.9222285014554343,3007812.5,3.1214738e-06,1.8754287e-07,0.8447590787174493,0.005227682636732384,/content/drive/MyDrive/N-MON/ALTRO/spectograms/FH-20/1004.npy,FH-20
0.004363988,0.121850416,0.9698338,0.9574786,0.9698436,-0.99923474,0.99292415,1.9921589195728302,-0.015393928,1.0426513,-1.9099082031227586,1015625.0,3.1403774e-06,1.8831261e-07,0.8590047525964759,0.009442257507541697,/content/drive/MyDrive/N-MON/ALTRO/spectograms/FH-20/1005.npy,FH-20
-0.0024907826,-0.027182091,0.9685175,0.95506006,0.96852064,-0.99979645,0.9923667,1.9921631217002869,-0.00025078095,1.046358,-1.9193739974284096,-2988281.25,4.2245883e-06,1.8574879e-07,0.85419644170675,0.007368546110941073,/content/drive/MyDrive/N-MON/ALTRO/spectograms/FH-20/1006.npy,FH-20
0.028598549,0.55909574,0.97514397,0.965507,0.9755632,-0.99954337,0.9926096,1.992152988910675,-0.069527715,1.0369295,-2.0052868282149,-2988281.25,2.1493154e-06,1.8910711e-07,0.8586073085242563,0.003835133596040623,/content/drive/MyDrive/N-MON/ALTRO/spectograms/FH-20/1007.npy,FH-20
0.0004361024,0.0628403,0.9698728,0.95676345,0.9698729,-0.99966514,0.9924973,1.9921624660491943,-0.010521538,1.0442082,-1.942075105452781,-2988281.25,2.8848244e-06,1.8665021e-07,0.8457362768683576,0.005333973889751872,/content/drive/MyDrive/N-MON/ALTRO/spectograms/FH-20/1008.npy,FH-20
0.0043168487,0.11840132,0.97085285,0.95939195,0.9708625,-0.99895346,0.99318475,1.9921381920576096,-0.014054326,1.0408491,-1.9396431183153073,1015625.0,3.7230498e-06,1.8803325e-07,0.8303248567027701,0.009175368189490298,/content/drive/MyDrive/N-MON/ALTRO/spectograms/FH-20/1009.npy,FH-20
-0.00875081,-0.05040341,0.97402596,0.9630787,0.97406524,-0.9995818,0.99258417,1.992165967822075,0.010151171,1.0364026,-1.9901044932108267,3007812.5,3.5943217e-06,1.8776912e-07,0.8437972288058408,0.00489313378906486,/content/drive/MyDrive/N-MON/ALTRO/spectograms/FH-20/1010.npy,FH-20
-0.0028433164,0.03565495,0.9655848,0.9502908,0.965589,-0.99950874,0.9926613,1.9921700358390808,-0.0017807451,1.0522041,-1.886920776121632,410156.25,2.0927698e-06,1.8701513e-07,0.8475443801764367,0.005274617754150399,/content/drive/MyDrive/N-MON/ALTRO/spectograms/FH-20/1011.npy,FH-20
0.0035993848,0.015086009,0.958165,0.9361468,0.9581717,-1.0005729,0.99158514,1.9921581000089645,-0.0139030125,1.0689887,-1.8295469360648806,-2382812.5,2.3899165e-06,1.8600383e-07,0.8454405480818514,0.0028770692519276843,/content/drive/MyDrive/N-MON/ALTRO/spectograms/FH-20/1012.npy,FH-20
-0.0016125311,0.11652325,0.9761598,0.9663616,0.9761611,-1.0007061,0.9914587,1.9921648055315018,-0.0074293017,1.0324115,-2.0196029721669975,3007812.5,2.8615432e-06,1.9060005e-07,0.8522831631935601,0.005845798668357142,/content/drive/MyDrive/N-MON/ALTRO/spectograms/FH-20/1013.npy,FH-20
0.0109626325,0.28036186,0.9738713,0.963511,0.973933,-1.0009785,0.9911793,1.9921578019857407,-0.033044476,1.036389,-1.9771379548288677,1015625.0,2.8678357e-06,1.897795e-07,0.8574072725860281,0.0028003336242651213,/content/drive/MyDrive/N-MON/ALTRO/spectograms/FH-20/1014.npy,FH-20
0.00852948,0.20349361,0.97393733,0.9633004,0.9739747,-0.9996176,0.9925467,1.9921643137931824,-0.024994917,1.0366505,-1.993310028436991,-390625.0,3.585497e-06,1.902838e-07,0.8458135863855721,0.006059600138697101,/content/drive/MyDrive/N-MON/ALTRO/spectograms/FH-20/1015.npy,FH-20
-0.010059733,-0.052466586,0.9717963,0.9603005,0.97184837,-1.0016474,0.99052083,1.9921681880950928,0.007743708,1.0398074,-1.9624670695453468,2421875.0,3.3678277e-06,1.8854809e-07,0.8590718584364745,0.0027335409816475055,/content/drive/MyDrive/N-MON/ALTRO/spectograms/FH-20/1016.npy,FH-20
0.0044312757,0.13014367,0.9677733,0.9543191,0.96778345,-0.99872065,0.9934355,1.9921561479568481,-0.014690404,1.0472585,-1.9067533688402707,3007812.5,2.3137313e-06,1.8659057e-07,0.8481276329587684,0.0056824636068790995,/content/drive/MyDrive/N-MON/ALTRO/spectograms/FH-20/1017.npy,FH-20
-0.013754696,-0.116945595,0.9690641,0.95612586,0.96916175,-0.9997946,0.99235815,1.992152750492096,0.022042565,1.0451802,-1.925762868880715,-2382812.5,3.927258e-06,1.893502e-07,0.8606596206221734,0.004323501394813632,/content/drive/MyDrive/N-MON/ALTRO/spectograms/FH-20/1018.npy,FH-20
-0.012958443,-0.13373476,0.9695572,0.9559293,0.96964383,-1.000922,0.99123615,1.9921581745147705,0.017930012,1.0451362,-1.9391841144739985,3007812.5,2.516457e-06,1.8933747e-07,0.8453496008049111,0.0050679517765111455,/content/drive/MyDrive/N-MON/ALTRO/spectograms/FH-20/1019.npy,FH-20
-0.0033143905,-0.104409814,0.9668815,0.95358616,0.9668871,-0.99898416,0.99317074,1.992154911160469,0.0050125252,1.048028,-1.8863069288064944,-2382812.5,3.1901295e-06,1.8856316e-07,0.8503672992057604,0.005035779346572814,/content/drive/MyDrive/N-MON/ALTRO/spectograms/FH-20/1020.npy,FH-20
-0.008303348,0.04167875,0.9572418,0.9355677,0.95727783,-1.0011365,0.9910165,1.9921531081199646,0.0014691252,1.0698495,-1.8089967452636515,-2988281.25,2.2615072e-06,1.8273931e-07,0.8488400373313205,0.0026209640510635474,/content/drive/MyDrive/N-MON/ALTRO/spectograms/FH-20/1021.npy,FH-20
0.001986043,0.070099995,0.96817267,0.95492274,0.96817476,-1.0001324,0.99202764,1.9921601116657257,-0.012611957,1.045748,-1.8938719339167955,-2382812.5,2.7019873e-06,1.8859402e-07,0.8520206463564308,0.004130361633088507,/content/drive/MyDrive/N-MON/ALTRO/spectograms/FH-20/1022.npy,FH-20
0.0153360255,0.27763665,0.9726225,0.961822,0.9727434,-0.99986154,0.9923031,1.9921646416187286,-0.036632285,1.0382979,-1.9545098694804885,-2988281.25,4.17991e-06,1.8733624e-07,0.8431083440314102,0.005569849203291197,/content/drive/MyDrive/N-MON/ALTRO/spectograms/FH-20/1023.npy,FH-20
-0.0028140503,-0.034976125,0.97376686,0.9626513,0.9737709,-0.9997813,0.99238497,1.9921662956476212,-0.00047346228,1.0364817,-1.9900312988094806,-2988281.25,3.7263505e-06,1.8965196e-07,0.8507468821168147,0.0039050923986002264,/content/drive/MyDrive/N-MON/ALTRO/spectograms/FH-20/1024.npy,FH-20
-0.00985141,-0.05480816,0.97271514,0.9615145,0.97276497,-1.0002114,0.9919399,1.9921512305736542,0.01080061,1.0381111,-1.9662314495454079,-2382812.5,3.0291956e-06,1.8819154e-07,0.8515799271429649,0.0039414780083893,/content/drive/MyDrive/N-MON/ALTRO/spectograms/FH-20/1025.npy,FH-20
0.00934656,0.20244986,0.9710919,0.95828986,0.9711369,-1.0006504,0.9914954,1.9921457171440125,-0.030180957,1.0432829,-1.9646158782936747,-2382812.5,2.898653e-06,1.8905354e-07,0.8515702158730354,0.002523476546880494,/content/drive/MyDrive/N-MON/ALTRO/spectograms/FH-20/1026.npy,FH-20
-0.0027586117,0.062129073,0.97542804,0.96585506,0.9754319,-1.0002927,0.99184215,1.9921347945928574,-0.004841812,1.0330168,-2.0048738737997764,-2382812.5,4.9980968e-06,1.9068241e-07,0.8273869353858017,0.014840780268887254,/content/drive/MyDrive/N-MON/ALTRO/spectograms/FH-20/1027.npy,FH-20
-0.00074039365,0.0039279433,0.97150224,0.9593592,0.97150254,-1.0000196,0.99215126,1.9921708405017853,-0.0060503236,1.0404568,-1.9428856910161347,1015625.0,3.4633465e-06,1.8953403e-07,0.8466579478800099,0.003917813641522199,/content/drive/MyDrive/N-MON/ALTRO/spectograms/FH-20/1028.npy,FH-20
0.017851403,0.2734939,0.96871907,0.955322,0.9688836,-0.99990535,0.9922521,1.9921574890613556,-0.044607185,1.0468984,-1.9151522311713765,3007812.5,3.3094425e-06,1.8764055e-07,0.8452422668269786,0.004957028421313623,/content/drive/MyDrive/N-MON/ALTRO/spectograms/FH-20/1029.npy,FH-20
0.0042744516,0.13275406,0.971698,0.9603008,0.9717074,-1.0001069,0.9920542,1.9921611696481705,-0.016754538,1.0401508,-1.9598886183834339,-2988281.25,2.9922442e-06,1.8910009e-07,0.8436440704451967,0.009045928305042906,/content/drive/MyDrive/N-MON/ALTRO/spectograms/FH-20/1030.npy,FH-20
-0.013965092,-0.10915676,0.9688353,0.95474213,0.96893597,-0.9996571,0.99243,1.9920870810747147,0.02264328,1.0459847,-1.9273378842303004,-2988281.25,3.1555335e-06,1.8749984e-07,0.8416818754255632,0.004411435400118056,/content/drive/MyDrive/N-MON/ALTRO/spectograms/FH-20/1031.npy,FH-20
0.0012558153,0.12032589,0.96988297,0.9573408,0.96988374,-1.0007133,0.9914543,1.992167666554451,-0.012790509,1.0438148,-1.947002013769237,1015625.0,2.7484446e-06,1.8910086e-07,0.857197598957723,0.008811132631280263,/content/drive/MyDrive/N-MON/ALTRO/spectograms/FH-20/1032.npy,FH-20
-0.0059016133,-0.0731059,0.969757,0.9564971,0.96977496,-0.9988657,0.9932983,1.9921640753746033,0.0069443844,1.0448844,-1.9433441122077701,1015625.0,3.137152e-06,1.8779724e-07,0.8611594322212718,0.0036819867379788832,/content/drive/MyDrive/N-MON/ALTRO/spectograms/FH-20/1033.npy,FH-20
-0.0022423414,0.054741144,0.9689587,0.9559744,0.96896124,-0.99993503,0.9922304,1.9921654611825943,-0.0031259116,1.045285,-1.9263816859733558,-2988281.25,3.743072e-06,1.8827916e-07,0.8477136618540548,0.008531995115632008,/content/drive/MyDrive/N-MON/ALTRO/spectograms/FH-20/1034.npy,FH-20
-0.0004729905,0.065616,0.9668141,0.95244616,0.9668142,-1.0008262,0.9913384,1.9921646565198898,-0.011120981,1.049782,-1.9080807512787008,3007812.5,3.3843532e-06,1.8733314e-07,0.8459158262892517,0.007073656555198026,/content/drive/MyDrive/N-MON/ALTRO/spectograms/FH-20/1035.npy,FH-20
-0.0011005299,-0.027607534,0.96820533,0.95479125,0.968206,-1.0002952,0.99186665,1.992161825299263,-0.007273577,1.0461062,-1.902182846382485,1015625.0,2.8571997e-06,1.8748688e-07,0.8537705247504022,0.0040769058899669626,/content/drive/MyDrive/N-MON/ALTRO/spectograms/FH-20/1036.npy,FH-20
-0.007945121,-0.1054689,0.96906763,0.95546365,0.9691002,-1.0000507,0.9921032,1.9921538531780243,0.009744453,1.0454891,-1.9201080583752381,1015625.0,2.7695417e-06,1.8716263e-07,0.8506710680968275,0.007970694834850165,/content/drive/MyDrive/N-MON/ALTRO/spectograms/FH-20/1037.npy,FH-20
0.004086853,0.09750895,0.97084206,0.95989954,0.97085065,-1.0001774,0.9919897,1.9921669960021973,-0.015158824,1.0402559,-1.9352402256526366,3007812.5,2.482073e-06,1.8790325e-07,0.8549746329675731,0.0025918963400627494,/content/drive/MyDrive/N-MON/ALTRO/spectograms/FH-20/1038.npy,FH-20
-0.007897341,0.046187922,0.9578722,0.9355449,0.95790476,-1.0006249,0.9915362,1.9921611547470093,0.006080146,1.0700018,-1.8310473754448247,3007812.5,2.5594213e-06,1.8247198e-07,0.8458125396659923,0.004630328913788599,/content/drive/MyDrive/N-MON/ALTRO/spectograms/FH-20/1039.npy,FH-20
-0.004004022,0.05818157,0.9735444,0.96325964,0.97355264,-1.0004356,0.9917308,1.9921664148569107,-0.001329929,1.0361499,-1.973465284980865,3007812.5,3.0846243e-06,1.8751047e-07,0.8554212211732587,0.0036482747457163346,/content/drive/MyDrive/N-MON/ALTRO/spectograms/FH-20/1040.npy,FH-20
0.006563267,0.09013384,0.97377133,0.96288764,0.9737934,-0.9997429,0.9924257,1.9921686202287674,-0.018969161,1.0370378,-1.9899480397337055,410156.25,2.6190198e-06,1.8822604e-07,0.8470963267262943,0.00236068782237421,/content/drive/MyDrive/N-MON/ALTRO/spectograms/FH-20/1041.npy,FH-20
-0.0067209024,-0.12007265,0.97178704,0.9605783,0.9718103,-0.9989728,0.99319315,1.9921659082174301,0.011000162,1.039353,-1.9525404938100792,-1582031.25,2.8457146e-06,1.8834274e-07,0.8541790288841309,0.006943645526936251,/content/drive/MyDrive/N-MON/ALTRO/spectograms/FH-20/1042.npy,FH-20
-0.0034694981,-0.011182586,0.9698679,0.957366,0.9698741,-0.9994517,0.99271744,1.9921691566705704,0.0011089472,1.0426576,-1.9252114569837862,-390625.0,3.3126346e-06,1.8857874e-07,0.8536783476667664,0.008328618715230902,/content/drive/MyDrive/N-MON/ALTRO/spectograms/FH-20/1043.npy,FH-20
0.0035170044,0.14815155,0.97148806,0.9593726,0.97149444,-1.0001862,0.99197483,1.9921610057353973,-0.018223856,1.0409522,-1.9567595681205214,1015625.0,2.3045666e-06,1.8763292e-07,0.8629586115732791,0.004477166825677237,/content/drive/MyDrive/N-MON/ALTRO/spectograms/FH-20/1044.npy,FH-20
0.023866737,0.37474763,0.9696535,0.95695466,0.96994716,-1.0003238,0.99181455,1.9921382814645767,-0.05522788,1.0460343,-1.940771834730698,1015625.0,2.7816393e-06,1.8909016e-07,0.8535103761144738,0.006086173773866401,/content/drive/MyDrive/N-MON/ALTRO/spectograms/FH-20/1045.npy,FH-20
0.0016591928,0.10974391,0.97322136,0.9619111,0.97322273,-0.9995675,0.9925972,1.9921647012233734,-0.012168764,1.0380572,-1.9840505830395172,-2988281.25,2.3028997e-06,1.8925488e-07,0.8466260792239738,0.008465054694289396,/content/drive/MyDrive/N-MON/ALTRO/spectograms/FH-20/1046.npy,FH-20
-0.01807518,-0.22598323,0.96824527,0.9546917,0.96841395,-0.99941605,0.99275225,1.9921683222055435,0.034067165,1.0470027,-1.898880991659387,-2988281.25,4.1178805e-06,1.8808282e-07,0.847232908084127,0.003745912566830629,/content/drive/MyDrive/N-MON/ALTRO/spectograms/FH-20/1047.npy,FH-20
0.014075485,0.21523243,0.9684491,0.9556925,0.9685514,-0.9995135,0.99263084,1.9921443462371826,-0.034611266,1.0453433,-1.8845947074333502,-2988281.25,3.7082482e-06,1.862391e-07,0.8507054624041995,0.004396163265690088,/content/drive/MyDrive/N-MON/ALTRO/spectograms/FH-20/1048.npy,FH-20
-0.0008371005,0.13691524,0.97480583,0.9645006,0.97480625,-0.99966913,0.9924937,1.9921628087759018,-0.006983889,1.0351546,-2.0068301612480584,-2988281.25,4.054638e-06,1.8883793e-07,0.8445188605032611,0.0025946469413034895,/content/drive/MyDrive/N-MON/ALTRO/spectograms/FH-20/1049.npy,FH-20
-0.0027403089,0.016054992,0.96525,0.9499813,0.96525395,-0.99960107,0.99256325,1.9921643137931824,0.00135842,1.0520513,-1.8780381235718295,2421875.0,2.0785433e-06,1.8659463e-07,0.8487948556561893,0.0016033999069530321,/content/drive/MyDrive/N-MON/ALTRO/spectograms/FH-20/1050.npy,FH-20
-0.0014001932,0.053830467,0.9720163,0.9606376,0.9720172,-1.0008286,0.9913392,1.9921678751707077,-0.0075405966,1.039107,-1.9655618659671898,-2382812.5,2.2752047e-06,1.8901184e-07,0.8464216403699856,0.004817243574597522,/content/drive/MyDrive/N-MON/ALTRO/spectograms/FH-20/1051.npy,FH-20
-0.0067671235,-0.09434521,0.9703532,0.9591025,0.9703768,-1.000422,0.99173623,1.9921581745147705,0.008084598,1.0404438,-1.9069088940103314,-2988281.25,2.3773569e-06,1.8744608e-07,0.852881860371254,0.005179915458384219,/content/drive/MyDrive/N-MON/ALTRO/spectograms/FH-20/1052.npy,FH-20
0.012141257,0.28890878,0.9694104,0.9572037,0.9694864,-1.0001458,0.9920031,1.9921488165855408,-0.035440058,1.0437162,-1.9145325225334118,-2988281.25,4.6526807e-06,1.8560212e-07,0.8263059230475189,0.009889667439210728,/content/drive/MyDrive/N-MON/ALTRO/spectograms/FH-20/1053.npy,FH-20
0.0053769005,0.07866445,0.97215974,0.9602895,0.97217464,-0.99938303,0.99278426,1.99216727912426,-0.017513921,1.0395919,-1.96554731300048,-2382812.5,4.0093037e-06,1.8836337e-07,0.8428619610070216,0.007722889988145739,/content/drive/MyDrive/N-MON/ALTRO/spectograms/FH-20/1054.npy,FH-20
-0.004323744,0.06638376,0.97042346,0.9580864,0.97043306,-0.9999371,0.9922265,1.9921636134386063,0.0005089387,1.0433891,-1.963309945658103,-390625.0,3.1957995e-06,1.8521223e-07,0.8394636819872852,0.003892629862143558,/content/drive/MyDrive/N-MON/ALTRO/spectograms/FH-20/1055.npy,FH-20
-0.00818686,-0.076834604,0.96818745,0.9541267,0.968222,-0.99875104,0.9934079,1.9921589344739914,0.012730964,1.0474484,-1.925683727913592,-2382812.5,2.3673676e-06,1.8827981e-07,0.8558726149270839,0.004969902537973402,/content/drive/MyDrive/N-MON/ALTRO/spectograms/FH-20/1056.npy,FH-20
-0.006885812,-0.015144574,0.9692923,0.95586693,0.9693168,-0.999434,0.9927118,1.9921457171440125,0.0061363005,1.0449731,-1.9185210636979015,1015625.0,3.2671185e-06,1.8895221e-07,0.8443564213232859,0.0037174952348730628,/content/drive/MyDrive/N-MON/ALTRO/spectograms/FH-20/1057.npy,FH-20
0.01112095,0.15738262,0.96876657,0.9566698,0.9688304,-0.99875677,0.9933671,1.9921238124370575,-0.025803462,1.0444552,-1.902588374099006,-2382812.5,2.8436693e-06,1.8889281e-07,0.8540173994794138,0.003805776455500646,/content/drive/MyDrive/N-MON/ALTRO/spectograms/FH-20/1058.npy,FH-20
0.001156063,0.020082392,0.97197175,0.9594316,0.9719724,-0.99946684,0.9927039,1.9921707510948181,-0.007416447,1.040772,-1.9628089991061268,1015625.0,3.580295e-06,1.8741841e-07,0.8372069793944219,0.005147461598239865,/content/drive/MyDrive/N-MON/ALTRO/spectograms/FH-20/1059.npy,FH-20
-0.000961138,0.07758351,0.97170633,0.9608563,0.97170675,-1.0005662,0.9915995,1.9921657890081406,-0.009366765,1.0390387,-1.9484456640852656,2402343.75,3.106587e-06,1.8824562e-07,0.8418968707738278,0.003649177836165952,/content/drive/MyDrive/N-MON/ALTRO/spectograms/FH-20/1060.npy,FH-20
0.0079689855,0.14030239,0.9714661,0.95878065,0.9714988,-1.0003757,0.99178183,1.9921575486660004,-0.023526916,1.0421667,-1.9667201525084856,1015625.0,3.08472e-06,1.8862849e-07,0.8473702783045872,0.006297457160816989,/content/drive/MyDrive/N-MON/ALTRO/spectograms/FH-20/1061.npy,FH-20
0.0025991793,0.05887703,0.9752195,0.9648572,0.975223,-0.9997308,0.9924393,1.9921701550483704,-0.012088574,1.0341619,-2.0078366834767234,-2988281.25,3.7077975e-06,1.8929018e-07,0.8545389392233085,0.0023708029722324473,/content/drive/MyDrive/N-MON/ALTRO/spectograms/FH-20/1062.npy,FH-20
-0.016272191,-0.26436305,0.9711171,0.9598694,0.97125334,-0.9987596,0.9933972,1.9921568185091019,0.028527915,1.0406848,-1.9378791810442284,3007812.5,3.157109e-06,1.8895327e-07,0.8546590986142066,0.007176934490104756,/content/drive/MyDrive/N-MON/ALTRO/spectograms/FH-20/1063.npy,FH-20
-0.0021509551,0.08192845,0.9697817,0.9569022,0.96978414,-1.0000918,0.9920708,1.9921625256538391,-0.0063386266,1.0439022,-1.9448991683553152,351562.5,2.299507e-06,1.8733738e-07,0.8550877191475932,0.007409172251995173,/content/drive/MyDrive/N-MON/ALTRO/spectograms/FH-20/1064.npy,FH-20
-0.009818346,-0.03170162,0.967035,0.9533161,0.9670848,-1.000298,0.9918594,1.9921574294567108,0.009894678,1.0474904,-1.872441820313661,-2382812.5,3.3029742e-06,1.8791746e-07,0.8406870387447667,0.011652900867512387,/content/drive/MyDrive/N-MON/ALTRO/spectograms/FH-20/1065.npy,FH-20
-0.009934792,-0.1328918,0.971721,0.9598944,0.9717718,-1.0000913,0.99207735,1.9921686500310898,0.012460847,1.0399674,-1.9408450321030364,1015625.0,2.6730647e-06,1.8872345e-07,0.8377232673607702,0.0056921244488009875,/content/drive/MyDrive/N-MON/ALTRO/spectograms/FH-20/1066.npy,FH-20
0.012187907,0.26834726,0.9745732,0.9643242,0.97464937,-1.001121,0.9910242,1.9921452850103378,-0.033834435,1.0356692,-1.9989067730157795,-2382812.5,2.6625962e-06,1.8968265e-07,0.8429513837290626,0.004946182462552677,/content/drive/MyDrive/N-MON/ALTRO/spectograms/FH-20/1067.npy,FH-20
0.010585465,0.19583738,0.97236776,0.960877,0.97242534,-0.9995832,0.9925865,1.992169663310051,-0.027489902,1.0398481,-1.9761687348961667,-2382812.5,2.4810781e-06,1.8781628e-07,0.8575029408156769,0.006638803956762115,/content/drive/MyDrive/N-MON/ALTRO/spectograms/FH-20/1068.npy,FH-20
-0.00936494,-0.14834592,0.9729473,0.9619096,0.97299236,-0.99993014,0.99221724,1.992147371172905,0.013499728,1.0381545,-1.978215718631079,-2382812.5,3.3395477e-06,1.8854544e-07,0.8525901842884489,0.0038527371556805936,/content/drive/MyDrive/N-MON/ALTRO/spectograms/FH-20/1069.npy,FH-20
0.00021333981,-0.026158823,0.96821374,0.9532431,0.9682138,-0.9987866,0.99338037,1.9921670109033585,-0.0042448374,1.048301,-1.938161730064188,2421875.0,2.6556606e-06,1.8745382e-07,0.8555541649300272,0.004118177358603561,/content/drive/MyDrive/N-MON/ALTRO/spectograms/FH-20/1070.npy,FH-20
0.0015732145,0.00377455,0.9720214,0.9603465,0.9720226,-1.0001681,0.99199164,1.9921597093343735,-0.010591946,1.0405201,-1.9902815648316772,3007812.5,2.7109315e-06,1.8954222e-07,0.8418308101998326,0.0024062907026638856,/content/drive/MyDrive/N-MON/ALTRO/spectograms/FH-20/1071.npy,FH-20
-0.012581656,-0.16679986,0.9720003,0.961047,0.9720817,-0.99872434,0.99342847,1.992152824997902,0.02019091,1.0393451,-1.9770042876243814,-390625.0,2.4165831e-06,1.8593124e-07,0.8604649118123556,0.0024688284078034153,/content/drive/MyDrive/N-MON/ALTRO/spectograms/FH-20/1072.npy,FH-20
-0.01438536,-0.20673898,0.96876216,0.9564682,0.968869,-0.99987364,0.9922762,1.9921498447656631,0.022711566,1.04414,-1.8978249283961317,-2988281.25,3.7876407e-06,1.88632e-07,0.8341297856279127,0.006485956598181802,/content/drive/MyDrive/N-MON/ALTRO/spectograms/FH-20/1073.npy,FH-20
0.005082267,0.1320247,0.9713286,0.9589499,0.9713419,-1.0007575,0.9913888,1.9921462684869766,-0.01951448,1.0417713,-1.9594761704743668,2421875.0,2.4565918e-06,1.8830684e-07,0.8512062391995557,0.0033302979376749306,/content/drive/MyDrive/N-MON/ALTRO/spectograms/FH-20/1074.npy,FH-20
-0.016442696,-0.14105701,0.9700828,0.9568072,0.9702222,-1.000402,0.9917627,1.992164745926857,0.027037086,1.0436034,-1.9355672265915358,-2382812.5,3.2126413e-06,1.8861488e-07,0.8552624216979943,0.010423923224428176,/content/drive/MyDrive/N-MON/ALTRO/spectograms/FH-20/1075.npy,FH-20
0.0060623693,0.12459907,0.9727743,0.96173114,0.9727932,-1.0003284,0.9918151,1.992143526673317,-0.020282723,1.0381889,-1.9638901618457345,-2988281.25,3.4459715e-06,1.8978017e-07,0.8514738781182171,0.008265255657065703,/content/drive/MyDrive/N-MON/ALTRO/spectograms/FH-20/1076.npy,FH-20
0.0019760006,0.12435497,0.97316307,0.962267,0.9731651,-1.0006309,0.9915383,1.9921691864728928,-0.01249965,1.0372875,-1.9728809857960947,1015625.0,2.6744378e-06,1.8929711e-07,0.8453715045552161,0.0022158979816738335,/content/drive/MyDrive/N-MON/ALTRO/spectograms/FH-20/1077.npy,FH-20
-0.00365246,-0.020371405,0.9666444,0.951355,0.96665126,-1.0008351,0.99132305,1.992158129811287,-0.0015715915,1.0498456,-1.8922274424636882,-2988281.25,3.5110004e-06,1.8809357e-07,0.847512514736071,0.0065388491484883755,/content/drive/MyDrive/N-MON/ALTRO/spectograms/FH-20/1078.npy,FH-20
-0.0116203725,-0.07774301,0.9631975,0.9475022,0.9632676,-0.999634,0.9925264,1.9921604543924332,0.015989574,1.0544236,-1.8208136401497692,2421875.0,2.149094e-06,1.8596617e-07,0.8515478878890012,0.009380008012571397,/content/drive/MyDrive/N-MON/ALTRO/spectograms/FH-20/1079.npy,FH-20
0.018958671,0.3556903,0.97319573,0.9617777,0.9733804,-0.9998125,0.9923345,1.9921469539403915,-0.047020823,1.0392394,-1.9841771297114292,-2988281.25,3.1604968e-06,1.8840835e-07,0.8457388831700192,0.0028758553849722716,/content/drive/MyDrive/N-MON/ALTRO/spectograms/FH-20/1080.npy,FH-20
-0.0042861155,0.00014269864,0.9631491,0.947343,0.96315855,-0.99989355,0.99226874,1.99216228723526,-0.0016578581,1.0560514,-1.856577358250884,3007812.5,3.5366666e-06,1.8555086e-07,0.862326108962215,0.003169605601496556,/content/drive/MyDrive/N-MON/ALTRO/spectograms/FH-20/1081.npy,FH-20
0.007901917,0.14471644,0.9757891,0.96571,0.97582114,-0.9998552,0.99231243,1.9921676963567734,-0.022509772,1.0338315,-2.0187926334570907,-390625.0,2.555069e-06,1.886644e-07,0.8488583192074893,0.00478859190376173,/content/drive/MyDrive/N-MON/ALTRO/spectograms/FH-20/1082.npy,FH-20
-0.000108797074,0.14025214,0.9552214,0.9344182,0.9552215,-1.0003307,0.99179727,1.9921279698610306,-0.014932443,1.0724776,-1.7733887608799297,3007812.5,3.4393472e-06,1.8131091e-07,0.8475647895648616,0.005038167466823429,/content/drive/MyDrive/N-MON/ALTRO/spectograms/FH-20/1083.npy,FH-20
0.0015950451,0.07841061,0.97351766,0.9620266,0.97351897,-0.9997342,0.9924362,1.9921703785657883,-0.011222629,1.0376333,-1.9769799712155118,-2988281.25,2.477134e-06,1.8954842e-07,0.8476410379722319,0.0074247043787005595,/content/drive/MyDrive/N-MON/ALTRO/spectograms/FH-20/1084.npy,FH-20
-0.00636118,-0.08289057,0.96969295,0.95753795,0.9697138,-1.0008979,0.9912654,1.9921633899211884,0.004717859,1.0429953,-1.9217775425754786,-2382812.5,4.898585e-06,1.8852953e-07,0.849110376544692,0.00795562014024365,/content/drive/MyDrive/N-MON/ALTRO/spectograms/FH-20/1085.npy,FH-20
-0.00029543042,0.0038568473,0.9722776,0.9600303,0.9722776,-1.0000639,0.9920985,1.9921624511480331,-0.004236267,1.0403605,-1.9777069234999891,-2988281.25,3.8741828e-06,1.8726443e-07,0.8454243768691928,0.005651726400428744,/content/drive/MyDrive/N-MON/ALTRO/spectograms/FH-20/1086.npy,FH-20
0.0013813601,0.02306518,0.97435814,0.9633219,0.9743591,-1.0004435,0.99172795,1.9921713918447495,-0.011840512,1.0365522,-2.010641805798204,-2988281.25,3.0737676e-06,1.8880539e-07,0.8539054176016605,0.00447078192643004,/content/drive/MyDrive/N-MON/ALTRO/spectograms/FH-20/1087.npy,FH-20
-0.016431168,-0.12128733,0.9725909,0.96130264,0.97272974,-1.0001807,0.9919873,1.9921680241823196,0.021707451,1.03901,-1.9739981580145642,-2988281.25,2.802575e-06,1.8700666e-07,0.8435898756255129,0.0073491740249566895,/content/drive/MyDrive/N-MON/ALTRO/spectograms/FH-20/1088.npy,FH-20
0.008173418,0.25381273,0.9735412,0.96345115,0.9735755,-1.000049,0.9921124,1.9921614080667496,-0.025436472,1.0366145,-1.9763391427581258,-996093.75,2.8765226e-06,1.8920355e-07,0.8391402216793561,0.005495199668774032,/content/drive/MyDrive/N-MON/ALTRO/spectograms/FH-20/1089.npy,FH-20
-0.0090041915,-0.15567961,0.9724581,0.96112984,0.9724998,-0.9994616,0.99270606,1.9921676814556122,0.015880276,1.038593,-1.959217896959098,3007812.5,3.3537297e-06,1.872389e-07,0.8496452249542134,0.010248848279417659,/content/drive/MyDrive/N-MON/ALTRO/spectograms/FH-20/1090.npy,FH-20
-0.015029461,-0.14496759,0.9667698,0.9526505,0.96688664,-1.0003324,0.9918339,1.99216628074646,0.023610251,1.0489938,-1.8769104323221921,-2988281.25,2.7328326e-06,1.8751598e-07,0.8532368538479567,0.0073389604048070805,/content/drive/MyDrive/N-MON/ALTRO/spectograms/FH-20/1091.npy,FH-20
-0.0065980484,-0.01629928,0.9707219,0.9579905,0.9707444,-1.0006804,0.9914718,1.9921522587537766,0.005459775,1.0429599,-1.9583109578165045,-2382812.5,3.5180751e-06,1.8887457e-07,0.8489443868101749,0.004096437451008361,/content/drive/MyDrive/N-MON/ALTRO/spectograms/FH-20/1092.npy,FH-20
0.010706512,0.14438698,0.96700037,0.95264965,0.96705955,-1.0002054,0.9919581,1.9921634793281555,-0.02995259,1.0493301,-1.8911429276235971,3007812.5,3.0103658e-06,1.8789336e-07,0.8466325210474386,0.004621363349131412,/content/drive/MyDrive/N-MON/ALTRO/spectograms/FH-20/1093.npy,FH-20
-0.0040852716,-0.043212786,0.9676149,0.9533666,0.9676235,-1.0002251,0.99194014,1.9921652525663376,0.0023359405,1.0473769,-1.8961093555375694,1015625.0,2.1385597e-06,1.8810144e-07,0.8602209669192217,0.003865363459910971,/content/drive/MyDrive/N-MON/ALTRO/spectograms/FH-20/1094.npy,FH-20
-0.003966247,-0.04295942,0.96814126,0.954065,0.9681494,-0.999953,0.9922145,1.9921674728393555,0.00085451745,1.0474937,-1.9258124004760255,-390625.0,3.1569646e-06,1.8823184e-07,0.8481034235680416,0.004159393653337521,/content/drive/MyDrive/N-MON/ALTRO/spectograms/FH-20/1095.npy,FH-20
-0.0095036505,-0.046411704,0.9662775,0.9522008,0.9663242,-0.9994484,0.9927139,1.9921623319387436,0.011858238,1.0493773,-1.8862356326829401,1015625.0,2.4146336e-06,1.8703986e-07,0.8586144414542627,0.0036799664148009126,/content/drive/MyDrive/N-MON/ALTRO/spectograms/FH-20/1096.npy,FH-20
-0.0060956622,-0.027062105,0.9716415,0.9592739,0.9716606,-0.99967533,0.9924914,1.9921667724847794,0.002599967,1.0408316,-1.9640581609853973,-2382812.5,2.599849e-06,1.8865714e-07,0.8442174475063832,0.00805844959101614,/content/drive/MyDrive/N-MON/ALTRO/spectograms/FH-20/1097.npy,FH-20
-0.003534299,0.023339078,0.97171026,0.9599355,0.9717167,-1.0000534,0.9921144,1.9921678304672241,-0.0008825142,1.0398505,-1.9607385879326176,-2988281.25,3.9587017e-06,1.899558e-07,0.8540669141236381,0.004356901677418063,/content/drive/MyDrive/N-MON/ALTRO/spectograms/FH-20/1098.npy,FH-20
-0.004591193,0.020477325,0.9743361,0.96416014,0.97434694,-0.9990926,0.993075,1.9921675771474838,0.0013196226,1.0350025,-1.9870648897981662,-2988281.25,3.1091313e-06,1.8889851e-07,0.8487799361861822,0.004789192194541956,/content/drive/MyDrive/N-MON/ALTRO/spectograms/FH-20/1099.npy,FH-20
-0.0087507265,-0.0747378,0.9703584,0.9573489,0.97039783,-1.0005046,0.9916614,1.9921660721302032,0.010518987,1.0433747,-1.9532062214120025,-2382812.5,2.4249089e-06,1.890835e-07,0.8477192455483253,0.0021723646581204375,/content/drive/MyDrive/N-MON/ALTRO/spectograms/FH-20/1100.npy,FH-20
0.007157013,0.09838851,0.95373297,0.93131965,0.95375985,-0.99936193,0.99278736,1.9921493083238602,-0.023168668,1.0760587,-1.7526677475582713,-2988281.25,2.5738984e-06,1.8223618e-07,0.8491228168347746,0.0052474907167292814,/content/drive/MyDrive/N-MON/ALTRO/spectograms/FH-20/1101.npy,FH-20
-0.0011622733,0.023909252,0.9737281,0.96287733,0.97372884,-0.9994675,0.99269927,1.992166742682457,-0.003987861,1.0365602,-1.9828626935349833,-2382812.5,2.6751848e-06,1.8882872e-07,0.8483839562931961,0.008901603513288114,/content/drive/MyDrive/N-MON/ALTRO/spectograms/FH-20/1102.npy,FH-20
0.0020629838,0.080951914,0.9521013,0.9298402,0.9521035,-1.0011703,0.990991,1.99216128885746,-0.017548144,1.0772125,-1.6993648393763137,3007812.5,3.2161822e-06,1.8457351e-07,0.8540060590993888,0.006438632956976849,/content/drive/MyDrive/N-MON/ALTRO/spectograms/FH-20/1103.npy,FH-20
-0.0038623495,0.011821454,0.96873164,0.9559763,0.96873933,-0.99990064,0.9922415,1.9921421259641647,-0.001669282,1.0448983,-1.9102440225049044,3007812.5,3.167523e-06,1.8699771e-07,0.8459670470075954,0.0064173475249769095,/content/drive/MyDrive/N-MON/ALTRO/spectograms/FH-20/1104.npy,FH-20
-0.013023451,-0.09774035,0.97014326,0.95784414,0.97023064,-1.0000817,0.99208206,1.992163747549057,0.016736494,1.0427539,-1.9351340892024977,-2382812.5,3.460858e-06,1.883896e-07,0.8477539207961313,0.008012381337307618,/content/drive/MyDrive/N-MON/ALTRO/spectograms/FH-20/1105.npy,FH-20
-0.007220036,0.015223216,0.9682919,0.9547665,0.96831876,-1.0004413,0.99171686,1.9921581894159317,0.003204886,1.0467179,-1.917356587739728,2421875.0,2.5948905e-06,1.8811346e-07,0.8420865911523642,0.005354133829187277,/content/drive/MyDrive/N-MON/ALTRO/spectograms/FH-20/1106.npy,FH-20
-0.023993371,-0.31304976,0.97150195,0.9601989,0.9717982,-1.00039,0.9916909,1.9920809119939804,0.042374592,1.0412297,-1.9480065905707245,-2382812.5,4.557011e-06,1.8822561e-07,0.8427225018737979,0.0028918275178972884,/content/drive/MyDrive/N-MON/ALTRO/spectograms/FH-20/1107.npy,FH-20
-0.0013531751,0.031108396,0.9697667,0.9577554,0.96976763,-1.0000925,0.9920715,1.9921640306711197,-0.0044365446,1.042225,-1.901385435261821,-2382812.5,2.3562752e-06,1.8864142e-07,0.8451794322133516,0.005443912280778829,/content/drive/MyDrive/N-MON/ALTRO/spectograms/FH-20/1108.npy,FH-20
-0.008193487,-0.062452003,0.97463924,0.9633085,0.97467375,-0.9999853,0.99218076,1.9921660721302032,0.008197348,1.0363684,-2.0244440634853733,3007812.5,4.577707e-06,1.878783e-07,0.8513916850998227,0.009176228444860133,/content/drive/MyDrive/N-MON/ALTRO/spectograms/FH-20/1109.npy,FH-20
-0.0033731174,-0.015923338,0.97335976,0.9629371,0.9733656,-1.0002636,0.99186945,1.9921330362558365,-0.002094173,1.0366604,-1.9679318537771924,1015625.0,2.58947e-06,1.8773599e-07,0.8475129902329572,0.006684017816634008,/content/drive/MyDrive/N-MON/ALTRO/spectograms/FH-20/1110.npy,FH-20
0.008285774,0.18679895,0.9672227,0.953186,0.96725816,-1.0006895,0.9914181,1.992107629776001,-0.027976047,1.0490034,-1.8909219172253169,-2988281.25,2.48509e-06,1.880909e-07,0.8496787954726864,0.004483232503631904,/content/drive/MyDrive/N-MON/ALTRO/spectograms/FH-20/1111.npy,FH-20
-0.008706479,-0.06983847,0.9602046,0.94283205,0.9602441,-0.9995363,0.99261665,1.9921529740095139,0.0130104,1.0594796,-1.780686323199076,-2988281.25,1.8139526e-06,1.8656354e-07,0.8496977644406916,0.005037239575058508,/content/drive/MyDrive/N-MON/ALTRO/spectograms/FH-20/1112.npy,FH-20
-0.0056789587,0.015583493,0.9735517,0.9625455,0.97356826,-1.0000479,0.99212176,1.9921696782112122,0.002169796,1.0375575,-2.0067373549779735,-976562.5,3.2044613e-06,1.8878407e-07,0.8436595222398224,0.0023008693363668975,/content/drive/MyDrive/N-MON/ALTRO/spectograms/FH-20/1113.npy,FH-20
0.0056809797,0.10901391,0.966369,0.952695,0.96638566,-1.0003551,0.9917983,1.9921533912420273,-0.020241195,1.0483855,-1.8680803903998922,1015625.0,3.5593096e-06,1.8740667e-07,0.8447901539469993,0.00801576871032492,/content/drive/MyDrive/N-MON/ALTRO/spectograms/FH-20/1114.npy,FH-20
0.0041311984,0.088927135,0.96928144,0.9566227,0.96929026,-1.0008867,0.99128044,1.992167204618454,-0.015411182,1.0439246,-1.9178231992226238,-2988281.25,1.9519957e-06,1.8916515e-07,0.8536146182633244,0.0022379687609784043,/content/drive/MyDrive/N-MON/ALTRO/spectograms/FH-20/1115.npy,FH-20
-0.0024872513,0.1792768,0.95670325,0.93796396,0.95670646,-1.0004274,0.9917087,1.9921361058950424,-0.0111126285,1.06883,-1.789909303241256,-2988281.25,3.3677682e-06,1.8621529e-07,0.8522833678566377,0.00302041367643458,/content/drive/MyDrive/N-MON/ALTRO/spectograms/FH-20/1116.npy,FH-20
-0.0070699244,-0.07455656,0.9687463,0.9553593,0.9687721,-1.0003167,0.9918428,1.9921595752239227,0.0072481106,1.0449083,-1.9021624577353446,1718750.0,2.2801057e-06,1.8671177e-07,0.8507700877780517,0.004452360926509618,/content/drive/MyDrive/N-MON/ALTRO/spectograms/FH-20/1117.npy,FH-20
-0.0093706995,-0.09035201,0.97551006,0.96519446,0.9755551,-1.0004609,0.9917028,1.9921636432409286,0.009343795,1.0337167,-2.0296303901197037,1015625.0,3.2835617e-06,1.887411e-07,0.8380248406520272,0.0070700476462665285,/content/drive/MyDrive/N-MON/ALTRO/spectograms/FH-20/1118.npy,FH-20
0.0076817973,0.17132089,0.9737424,0.9628655,0.9737727,-1.000638,0.99153185,1.99216990172863,-0.02516718,1.0371265,-1.9993393375114004,3007812.5,2.7805684e-06,1.8847484e-07,0.8498409265828983,0.006516754840408717,/content/drive/MyDrive/N-MON/ALTRO/spectograms/FH-20/1119.npy,FH-20
-0.006832647,-0.01994541,0.97013956,0.95689917,0.9701636,-1.0004778,0.99167675,1.9921545833349228,0.0036334514,1.0437607,-1.9454065868087247,3007812.5,4.7925955e-06,1.8789488e-07,0.8455914280145437,0.010973767924207713,/content/drive/MyDrive/N-MON/ALTRO/spectograms/FH-20/1120.npy,FH-20
-0.0025345115,-0.026329383,0.96621126,0.9518986,0.9662146,-0.99900794,0.9931516,1.992159590125084,-0.0020786365,1.0496529,-1.876010675846737,-390625.0,2.3829018e-06,1.8722645e-07,0.8523030219972592,0.003761177722434676,/content/drive/MyDrive/N-MON/ALTRO/spectograms/FH-20/1121.npy,FH-20
-0.007030174,-0.10539338,0.974903,0.96443963,0.9749283,-0.99985635,0.9923067,1.9921631217002869,0.008606184,1.0354456,-2.030587908363885,1015625.0,2.6886057e-06,1.8995665e-07,0.8469726281166596,0.004323479702265521,/content/drive/MyDrive/N-MON/ALTRO/spectograms/FH-20/1122.npy,FH-20
-0.00391647,0.054504562,0.9660301,0.9512486,0.96603805,-1.0002098,0.99195266,1.9921624064445496,-0.0038907374,1.0503123,-1.8857682833358844,-2988281.25,3.3244307e-06,1.8436818e-07,0.8505139843366827,0.0034978854735708874,/content/drive/MyDrive/N-MON/ALTRO/spectograms/FH-20/1123.npy,FH-20
0.0017533005,0.06315471,0.9687645,0.95541596,0.96876603,-0.999352,0.9928126,1.9921645522117615,-0.007142181,1.0455815,-1.9260908806768369,-1582031.25,2.6453467e-06,1.8816513e-07,0.8439360264950639,0.004545319973061697,/content/drive/MyDrive/N-MON/ALTRO/spectograms/FH-20/1124.npy,FH-20
-0.019815452,-0.18837011,0.9704929,0.95820266,0.97069514,-1.0007654,0.9913236,1.9920890480279922,0.029817414,1.0434344,-1.9511873524685657,3007812.5,2.0853627e-06,1.8793634e-07,0.8517687303078818,0.004139252114883885,/content/drive/MyDrive/N-MON/ALTRO/spectograms/FH-20/1125.npy,FH-20
-0.0053629,-0.06526129,0.9649668,0.94973046,0.9649817,-0.9988586,0.99330723,1.9921658486127853,0.009684412,1.0522636,-1.864919609808574,2421875.0,2.680768e-06,1.8691225e-07,0.8340649224853833,0.005851252263188428,/content/drive/MyDrive/N-MON/ALTRO/spectograms/FH-20/1126.npy,FH-20
-0.01782714,-0.12600717,0.96729404,0.95284814,0.9674583,-1.0010011,0.99103427,1.9920353442430496,0.02543545,1.0485542,-1.89841892165767,1015625.0,3.41257e-06,1.8638019e-07,0.8486814614234115,0.0065635226858727184,/content/drive/MyDrive/N-MON/ALTRO/spectograms/FH-20/1127.npy,FH-20
0.020454338,0.2546982,0.9673191,0.9535875,0.96753526,-0.99922204,0.9929039,1.9921259135007858,-0.046574175,1.0496504,-1.8977089145014132,-2988281.25,1.9898123e-06,1.8766254e-07,0.8472821023617357,0.004810136168498894,/content/drive/MyDrive/N-MON/ALTRO/spectograms/FH-20/1128.npy,FH-20
0.0019602021,0.14745845,0.9742725,0.96379775,0.9742745,-1.0009217,0.9912459,1.9921677261590958,-0.013365026,1.0361474,-2.0146161533510014,-2988281.25,3.1992756e-06,1.895933e-07,0.8529797632062974,0.003918211570513715,/content/drive/MyDrive/N-MON/ALTRO/spectograms/FH-20/1129.npy,FH-20
-0.0046218215,0.049627524,0.9682896,0.95439523,0.9683007,-1.0011579,0.9910113,1.992169201374054,-0.00089460955,1.0468187,-1.9044861576489398,1015625.0,2.951773e-06,1.8577023e-07,0.8629355595889,0.004083352930263006,/content/drive/MyDrive/N-MON/ALTRO/spectograms/FH-20/1130.npy,FH-20
0.0013010349,0.09825393,0.97458404,0.96536803,0.974585,-0.99934,0.9928237,1.992163747549057,-0.0084716575,1.0337338,-1.9895371329111315,-2382812.5,2.7450067e-06,1.894289e-07,0.8522694108415421,0.005133924924759052,/content/drive/MyDrive/N-MON/ALTRO/spectograms/FH-20/1131.npy,FH-20
-0.0009210377,0.030469418,0.9577537,0.9393435,0.9577542,-1.0007933,0.9913726,1.9921659529209137,-0.0076550073,1.0654193,-1.7862901707629375,-2382812.5,3.4871155e-06,1.8312545e-07,0.8528011094227882,0.005464627955705684,/content/drive/MyDrive/N-MON/ALTRO/spectograms/FH-20/1132.npy,FH-20
-0.0046859886,0.024165573,0.97342235,0.9625465,0.9734337,-0.9992424,0.99287885,1.9921212941408157,0.0010653143,1.0367537,-1.982860614169547,-2988281.25,2.2641677e-06,1.8898814e-07,0.8591348653669706,0.003368150844282047,/content/drive/MyDrive/N-MON/ALTRO/spectograms/FH-20/1133.npy,FH-20
-0.0035812946,-0.026575387,0.96837276,0.9537562,0.9683793,-0.9992121,0.9929529,1.992164969444275,0.0017020992,1.0476197,-1.9340032339303896,-2382812.5,3.307313e-06,1.881151e-07,0.8400746202786908,0.004914274358529815,/content/drive/MyDrive/N-MON/ALTRO/spectograms/FH-20/1134.npy,FH-20
-0.01840364,-0.27697748,0.9708022,0.9590343,0.97097665,-0.9996523,0.99250436,1.9921566843986511,0.030291611,1.0425054,-1.9560375153353642,3007812.5,3.3384547e-06,1.8907478e-07,0.854948602702557,0.00640361704966994,/content/drive/MyDrive/N-MON/ALTRO/spectograms/FH-20/1135.npy,FH-20
0.011348454,0.34741914,0.9738293,0.96434194,0.9738954,-1.0002054,0.9919616,1.9921670109033585,-0.03374205,1.0352129,-1.956468598660763,-2382812.5,3.5683681e-06,1.8882356e-07,0.8538299448481429,0.006070959869257421,/content/drive/MyDrive/N-MON/ALTRO/spectograms/FH-20/1136.npy,FH-20
-0.0026901322,0.043939836,0.97111654,0.9585298,0.9711203,-0.9991105,0.9930302,1.9921406954526901,-0.0011188454,1.0422806,-1.9698839148702592,-2382812.5,2.3998953e-06,1.8845803e-07,0.8389448423185386,0.005064140825409594,/content/drive/MyDrive/N-MON/ALTRO/spectograms/FH-20/1137.npy,FH-20
-0.00044737078,0.04681807,0.97097564,0.9579498,0.9709757,-1.0001714,0.9919921,1.9921635836362839,-0.008930766,1.0427096,-1.9671316689693665,-2988281.25,3.339451e-06,1.8701604e-07,0.8488554790609875,0.005301204981054258,/content/drive/MyDrive/N-MON/ALTRO/spectograms/FH-20/1138.npy,FH-20
0.011621111,0.21857366,0.9637287,0.9476104,0.9637988,-1.0001733,0.99199164,1.9921650290489197,-0.035317495,1.055968,-1.8542893724547167,1015625.0,3.1678605e-06,1.8753803e-07,0.8397829671596759,0.005255873675434753,/content/drive/MyDrive/N-MON/ALTRO/spectograms/FH-20/1139.npy,FH-20
-0.006501343,0.016127618,0.9716569,0.95953053,0.9716787,-0.99939954,0.9927545,1.9921540915966034,0.0053356555,1.0403785,-1.9734008416249502,3007812.5,2.6543737e-06,1.8866983e-07,0.8472939440738196,0.004184509887271918,/content/drive/MyDrive/N-MON/ALTRO/spectograms/FH-20/1140.npy,FH-20
-0.0050142356,-0.015691066,0.9750509,0.9642553,0.97506386,-1.000028,0.9921434,1.9921713769435883,0.001963698,1.0350726,-2.0163091683665897,-2382812.5,3.5618732e-06,1.8903182e-07,0.8393715525944643,0.009025657735970943,/content/drive/MyDrive/N-MON/ALTRO/spectograms/FH-20/1141.npy,FH-20
0.018866694,0.379442,0.9734724,0.96182007,0.9736552,-0.9991627,0.99295235,1.9921149909496307,-0.04520749,1.040074,-2.0203482449166597,2421875.0,2.3779708e-06,1.8920696e-07,0.8528581367239619,0.01274940603433182,/content/drive/MyDrive/N-MON/ALTRO/spectograms/FH-20/1142.npy,FH-20
0.0011651657,0.061270863,0.9684883,0.95430017,0.96848893,-1.0011785,0.9909887,1.992167204618454,-0.013093941,1.0472142,-1.9187648443597747,-2988281.25,2.5901613e-06,1.8751504e-07,0.8561957994902195,0.0033447917928349784,/content/drive/MyDrive/N-MON/ALTRO/spectograms/FH-20/1143.npy,FH-20
-0.009415128,-0.047369253,0.9740736,0.9624429,0.9741191,-1.0005386,0.99162734,1.9921659529209137,0.008722712,1.0375279,-2.02743014232579,3007812.5,2.1320911e-06,1.8932309e-07,0.8360402843515288,0.007775287537397511,/content/drive/MyDrive/N-MON/ALTRO/spectograms/FH-20/1144.npy,FH-20
-0.010879322,-0.054263137,0.97045195,0.9593988,0.9705129,-0.9995902,0.9925772,1.9921673983335495,0.013516628,1.0409827,-1.9397112365936,410156.25,3.2360463e-06,1.8793352e-07,0.8427914115510704,0.005520798367942642,/content/drive/MyDrive/N-MON/ALTRO/spectograms/FH-20/1145.npy,FH-20
0.0066788425,0.1784487,0.9730154,0.96164966,0.9730384,-1.00125,0.9909066,1.9921566545963287,-0.022514105,1.0388474,-1.991510488966272,-2988281.25,4.868258e-06,1.8760407e-07,0.851487204537376,0.006580891292929132,/content/drive/MyDrive/N-MON/ALTRO/spectograms/FH-20/1146.npy,FH-20
0.0019375453,-0.012295641,0.96931845,0.9564403,0.9693204,-1.0006219,0.9915451,1.9921669512987137,-0.01076518,1.0445421,-1.9267966091701887,-976562.5,2.562161e-06,1.8684472e-07,0.8638848691066346,0.007813981538475259,/content/drive/MyDrive/N-MON/ALTRO/spectograms/FH-20/1147.npy,FH-20
0.009172534,0.16885999,0.9759141,0.9661985,0.9759572,-0.9991895,0.99297917,1.9921686053276062,-0.023202,1.0328168,-2.022922226396772,1015625.0,4.060926e-06,1.8981702e-07,0.843994462800655,0.005120825051245653,/content/drive/MyDrive/N-MON/ALTRO/spectograms/FH-20/1148.npy,FH-20
0.005986923,0.10908457,0.972522,0.9608749,0.9725405,-1.0002633,0.99190253,1.9921659082174301,-0.020763375,1.0391759,-1.96851096463843,-2382812.5,3.850551e-06,1.8933298e-07,0.8374331331555367,0.003723529641232943,/content/drive/MyDrive/N-MON/ALTRO/spectograms/FH-20/1149.npy,FH-20
0.01624801,0.2382465,0.9720594,0.95967054,0.97219515,-1.0000138,0.9920964,1.9921102970838547,-0.04088812,1.0414869,-1.9708136588978455,-2382812.5,3.0392498e-06,1.8725055e-07,0.849031273019274,0.006121194139118463,/content/drive/MyDrive/N-MON/ALTRO/spectograms/FH-20/1150.npy,FH-20
0.0067654084,0.27316743,0.9751855,0.9653878,0.975209,-1.0002806,0.99188125,1.9921618402004242,-0.027389912,1.0341903,-1.998026015064837,-390625.0,2.6132498e-06,1.8984696e-07,0.8545497599045099,0.005711055412412929,/content/drive/MyDrive/N-MON/ALTRO/spectograms/FH-20/1151.npy,FH-20
0.0021088065,0.1756615,0.973474,0.9625849,0.97347635,-1.0000945,0.9920726,1.992167130112648,-0.016516084,1.0371103,-1.980005571346599,1015625.0,3.2032729e-06,1.8913023e-07,0.8589554988624302,0.004073176020196786,/content/drive/MyDrive/N-MON/ALTRO/spectograms/FH-20/1152.npy,FH-20
-0.0070271203,0.015222296,0.97165376,0.9595249,0.97167915,-1.0002935,0.99186593,1.992159366607666,0.0033603697,1.0409977,-1.972161455451425,1640625.0,2.1689864e-06,1.8789018e-07,0.8505285109414031,0.003742331400668625,/content/drive/MyDrive/N-MON/ALTRO/spectograms/FH-20/1153.npy,FH-20
-0.006769089,-0.023635373,0.9674986,0.95348024,0.9675223,-1.0002244,0.9919382,1.992162600159645,0.0021438512,1.0471779,-1.8955006991844503,-2988281.25,2.3910477e-06,1.8716702e-07,0.8530236339736764,0.002831392741548028,/content/drive/MyDrive/N-MON/ALTRO/spectograms/FH-20/1154.npy,FH-20
0.0067005786,0.22191764,0.97332567,0.96315134,0.97334874,-1.0007619,0.99140435,1.9921662509441376,-0.02356505,1.0368062,-1.9664752491119029,1015625.0,3.2489513e-06,1.8766266e-07,0.8570219420914177,0.00741207571397931,/content/drive/MyDrive/N-MON/ALTRO/spectograms/FH-20/1155.npy,FH-20
-0.011329859,-0.18001366,0.9711333,0.9598661,0.97119933,-1.0003283,0.99183244,1.9921607673168182,0.015647886,1.0406377,-1.9450551350093843,-2382812.5,2.4334804e-06,1.8649432e-07,0.8526580672520099,0.004696550009398789,/content/drive/MyDrive/N-MON/ALTRO/spectograms/FH-20/1156.npy,FH-20
-0.006498306,-0.086661026,0.96842927,0.9554074,0.96845096,-1.0007684,0.9913758,1.992144137620926,0.0053308425,1.0456355,-1.9118113507597114,-2382812.5,3.022908e-06,1.8840757e-07,0.8499870077715438,0.006148268308209675,/content/drive/MyDrive/N-MON/ALTRO/spectograms/FH-20/1157.npy,FH-20
0.0023217327,0.081338815,0.9681692,0.95479035,0.968172,-1.000654,0.9915128,1.9921666979789734,-0.014177414,1.0463161,-1.9078766991361527,1015625.0,3.354051e-06,1.8808508e-07,0.8613546190899957,0.003067038280514503,/content/drive/MyDrive/N-MON/ALTRO/spectograms/FH-20/1158.npy,FH-20
0.004478248,0.11002469,0.97309166,0.9624679,0.973102,-0.999345,0.9928126,1.9921575784683228,-0.013972969,1.0371683,-1.9736046600796737,3007812.5,3.1883653e-06,1.8794627e-07,0.8502002008576304,0.006733963488819197,/content/drive/MyDrive/N-MON/ALTRO/spectograms/FH-20/1159.npy,FH-20
0.01144207,0.2110672,0.97202826,0.9599876,0.9720956,-0.99988556,0.9922749,1.9921604245901108,-0.0303214,1.0405936,-1.9763995422999623,410156.25,3.4569068e-06,1.8921048e-07,0.8496762805441693,0.002939355316684419,/content/drive/MyDrive/N-MON/ALTRO/spectograms/FH-20/1160.npy,FH-20
-0.00484723,0.0005226692,0.9696321,0.9558877,0.96964425,-0.9995427,0.992621,1.9921637177467346,0.00026152833,1.0450952,-1.9430163955653639,2421875.0,2.6212304e-06,1.8778621e-07,0.8583882835119216,0.0025186264669792816,/content/drive/MyDrive/N-MON/ALTRO/spectograms/FH-20/1161.npy,FH-20
0.0066714934,0.24992602,0.97323054,0.96232176,0.97325337,-1.0000544,0.9921168,1.9921711683273315,-0.0259823,1.0379542,-1.9963372702176507,1015625.0,2.58031e-06,1.8824e-07,0.8371981022924596,0.013327243655170514,/content/drive/MyDrive/N-MON/ALTRO/spectograms/FH-20/1162.npy,FH-20
0.021691974,0.31541824,0.9668277,0.9526784,0.967071,-1.0009913,0.99117124,1.9921625852584839,-0.056097332,1.0512698,-1.886539502558865,-2382812.5,4.191363e-06,1.8681395e-07,0.8428346356959633,0.012760573797182753,/content/drive/MyDrive/N-MON/ALTRO/spectograms/FH-20/1163.npy,FH-20
0.009663673,0.14801851,0.970023,0.95698595,0.9700711,-1.0002735,0.99188554,1.992159053683281,-0.029054092,1.0436351,-1.9252120786081026,1015625.0,2.974062e-06,1.8828588e-07,0.8561200669184411,0.009054780969177986,/content/drive/MyDrive/N-MON/ALTRO/spectograms/FH-20/1164.npy,FH-20
0.009103132,0.20655999,0.9693959,0.9562203,0.9694386,-1.0004405,0.99172217,1.992162674665451,-0.02871131,1.0454375,-1.926452580778266,-2382812.5,3.5600804e-06,1.8582158e-07,0.8403184702805961,0.008250968467305577,/content/drive/MyDrive/N-MON/ALTRO/spectograms/FH-20/1165.npy,FH-20
0.0014899829,0.09666313,0.96617585,0.95130676,0.9661769,-1.0010259,0.9911362,1.992162138223648,-0.013585306,1.0512198,-1.8869461304291957,3007812.5,3.5259575e-06,1.8903398e-07,0.8551503836122931,0.0039879450958317285,/content/drive/MyDrive/N-MON/ALTRO/spectograms/FH-20/1166.npy,FH-20
0.005277258,0.14427353,0.9727467,0.9622775,0.972761,-1.0002123,0.9919479,1.9921602010726929,-0.019342203,1.0376778,-1.9686288160617071,-2988281.25,5.7121247e-06,1.8884485e-07,0.8484544801486502,0.005714666437151067,/content/drive/MyDrive/N-MON/ALTRO/spectograms/FH-20/1167.npy,FH-20
0.0023035365,0.094287604,0.96753675,0.9540496,0.9675394,-0.9993595,0.9927986,1.992158129811287,-0.011913873,1.0475584,-1.902258652095551,-2382812.5,4.0535556e-06,1.8716804e-07,0.8566602010705573,0.009507166865187988,/content/drive/MyDrive/N-MON/ALTRO/spectograms/FH-20/1168.npy,FH-20
-0.003682461,-0.046851598,0.9735855,0.96304286,0.97359246,-0.9999707,0.9921915,1.992162138223648,0.00019833133,1.0361955,-1.9743120281324364,3007812.5,2.7104122e-06,1.8935651e-07,0.8497347816017098,0.0099819128835224,/content/drive/MyDrive/N-MON/ALTRO/spectograms/FH-20/1169.npy,FH-20
0.0016976777,0.04308731,0.9632757,0.94678396,0.9632771,-0.9999401,0.9922136,1.9921537190675735,-0.009049708,1.0557095,-1.840589355889983,2421875.0,2.47471e-06,1.882268e-07,0.8479309334272376,0.0038636651201181087,/content/drive/MyDrive/N-MON/ALTRO/spectograms/FH-20/1170.npy,FH-20
-0.007716157,-0.026838902,0.9732529,0.9620254,0.97328347,-0.9995331,0.99262995,1.992163062095642,0.0064376113,1.0378603,-1.9922273883659953,3007812.5,3.1159634e-06,1.8817633e-07,0.8509941517556138,0.00808886890724462,/content/drive/MyDrive/N-MON/ALTRO/spectograms/FH-20/1171.npy,FH-20
0.0040699835,0.14263543,0.97354466,0.9627739,0.9735532,-1.0018616,0.99030143,1.9921630173921585,-0.018923702,1.0371203,-1.97007437986355,-2988281.25,2.6902114e-06,1.8858279e-07,0.8540231627158104,0.004187475628205951,/content/drive/MyDrive/N-MON/ALTRO/spectograms/FH-20/1172.npy,FH-20
0.013308398,0.16029543,0.966145,0.95178103,0.96623665,-0.99976176,0.99238986,1.9921516180038452,-0.03479992,1.0505962,-1.8786228961373859,3007812.5,3.5359633e-06,1.8789932e-07,0.849361967440829,0.007152194466484354,/content/drive/MyDrive/N-MON/ALTRO/spectograms/FH-20/1173.npy,FH-20
0.003556364,0.12961102,0.9647211,0.9494454,0.9647277,-0.99927545,0.9928701,1.9921455085277557,-0.016786402,1.0526028,-1.8500730489500852,-976562.5,2.8988707e-06,1.8593536e-07,0.8394817136225287,0.011371589924912275,/content/drive/MyDrive/N-MON/ALTRO/spectograms/FH-20/1174.npy,FH-20
-0.0027316355,0.034874268,0.97266096,0.9604633,0.9726648,-1.0002143,0.9919193,1.9921336024999619,-0.0047261026,1.0392706,-1.9765540420710421,-2988281.25,3.496809e-06,1.875122e-07,0.8476931609430483,0.00638892196917613,/content/drive/MyDrive/N-MON/ALTRO/spectograms/FH-20/1175.npy,FH-20
0.004706619,0.14780933,0.9689979,0.9571628,0.96900934,-1.0006406,0.99150467,1.9921453297138214,-0.017676743,1.0439423,-1.9022903644057376,-2324218.75,2.2112336e-06,1.8785242e-07,0.8623160121528188,0.0053351285772407255,/content/drive/MyDrive/N-MON/ALTRO/spectograms/FH-20/1176.npy,FH-20
-0.0118463095,-0.07396914,0.9692154,0.95628446,0.9692877,-0.99974597,0.9924135,1.9921595007181168,0.013624863,1.0453408,-1.9485563784843338,2402343.75,2.3810067e-06,1.879367e-07,0.8501875398139598,0.00310709881941203,/content/drive/MyDrive/N-MON/ALTRO/spectograms/FH-20/1177.npy,FH-20
-0.012638894,-0.12613268,0.9732414,0.9617067,0.9733234,-1.0011189,0.99104017,1.9921590834856033,0.01581599,1.0385753,-2.000506256577154,3007812.5,3.085412e-06,1.8872822e-07,0.8517161398017536,0.0057500434879867186,/content/drive/MyDrive/N-MON/ALTRO/spectograms/FH-20/1178.npy,FH-20
0.013172458,0.22241926,0.9693893,0.9561001,0.9694788,-1.0002508,0.99191296,1.9921637922525406,-0.03622953,1.0458664,-1.9334598156983527,3007812.5,3.0754088e-06,1.8832658e-07,0.8485221644328418,0.0049247086086248604,/content/drive/MyDrive/N-MON/ALTRO/spectograms/FH-20/1179.npy,FH-20
0.009486452,0.22654276,0.96872383,0.95550096,0.96877027,-0.99992895,0.9922358,1.9921647012233734,-0.029399222,1.0459559,-1.9127091616033385,1015625.0,2.4440512e-06,1.8720253e-07,0.8513120364075861,0.003177844420695307,/content/drive/MyDrive/N-MON/ALTRO/spectograms/FH-20/1180.npy,FH-20
-0.0059949807,0.042688392,0.9666551,0.9526162,0.9666737,-1.0002391,0.99190384,1.992142915725708,0.001839095,1.0491364,-1.8998057828415578,-2382812.5,3.0880412e-06,1.8619002e-07,0.8446913190202016,0.0031655088925573323,/content/drive/MyDrive/N-MON/ALTRO/spectograms/FH-20/1181.npy,FH-20
0.000590199,0.0045878156,0.9732896,0.9622725,0.9732898,-0.9992715,0.99289685,1.9921683967113495,-0.007841971,1.0374483,-1.9866087166694995,-996093.75,2.335972e-06,1.8887866e-07,0.8362925231705403,0.0031917265681405092,/content/drive/MyDrive/N-MON/ALTRO/spectograms/FH-20/1182.npy,FH-20
-0.004287388,-0.008944907,0.9668537,0.95145625,0.9668632,-1.001164,0.9910023,1.9921663254499435,-0.0023481655,1.0503212,-1.8964905194369923,-2988281.25,2.8107231e-06,1.8773169e-07,0.8402390664529951,0.003939305019033225,/content/drive/MyDrive/N-MON/ALTRO/spectograms/FH-20/1183.npy,FH-20
-0.0061208056,0.011894191,0.9658754,0.9508651,0.9658948,-0.9999049,0.99225646,1.99216128885746,0.0032235633,1.0510882,-1.8749474713072731,3007812.5,2.4461372e-06,1.8595938e-07,0.8469336695998209,0.0039023277084841794,/content/drive/MyDrive/N-MON/ALTRO/spectograms/FH-20/1184.npy,FH-20
-0.0035344528,0.08550514,0.9700177,0.95723706,0.9700241,-1.000357,0.9918046,1.9921616166830063,-0.004033963,1.0435241,-1.9435749746197832,2382812.5,2.2892775e-06,1.8872632e-07,0.846897116079124,0.009214128660510778,/content/drive/MyDrive/N-MON/ALTRO/spectograms/FH-20/1185.npy,FH-20
0.004283658,0.046883177,0.9677962,0.95449287,0.9678057,-0.99999243,0.992173,1.9921654611825943,-0.015282812,1.046219,-1.884242764028204,-2382812.5,3.4815394e-06,1.875708e-07,0.8524471670487411,0.005672406134158093,/content/drive/MyDrive/N-MON/ALTRO/spectograms/FH-20/1186.npy,FH-20
7.686663e-05,0.019167718,0.9738306,0.9638777,0.97383064,-1.000343,0.99179924,1.992142230272293,-0.009296217,1.035126,-1.976735980863083,-957031.25,2.9199898e-06,1.8949906e-07,0.8469158576129798,0.005021253952749281,/content/drive/MyDrive/N-MON/ALTRO/spectograms/FH-20/1187.npy,FH-20
0.013477658,0.31192455,0.9623554,0.9466753,0.9624498,-1.0005435,0.99155706,1.9921005368232727,-0.044788186,1.0588207,-1.856935880186897,-2988281.25,2.2981076e-06,1.8400378e-07,0.8529697605918538,0.0042062353389018476,/content/drive/MyDrive/N-MON/ALTRO/spectograms/FH-20/1188.npy,FH-20
-0.01397502,-0.15659304,0.97481,0.96517366,0.97491014,-1.0003213,0.99184525,1.9921665638685226,0.017593734,1.0343692,-1.9987319869575721,-2988281.25,2.29618e-06,1.8907664e-07,0.8579025286657511,0.005627470222611689,/content/drive/MyDrive/N-MON/ALTRO/spectograms/FH-20/1189.npy,FH-20
-0.0045858556,0.018828413,0.969643,0.9567408,0.96965384,-1.0007434,0.991405,1.992148369550705,0.0001296207,1.0441179,-1.9405323075293561,3007812.5,2.8443108e-06,1.8695532e-07,0.8601453903122163,0.005240595244703106,/content/drive/MyDrive/N-MON/ALTRO/spectograms/FH-20/1190.npy,FH-20
-0.010956085,-0.0048235017,0.9636378,0.9476549,0.9637002,-1.0008321,0.9913111,1.9921431094408035,0.010744626,1.0551834,-1.8593664224876003,3007812.5,3.7292587e-06,1.8527597e-07,0.8415026978100668,0.0072314924805805605,/content/drive/MyDrive/N-MON/ALTRO/spectograms/FH-20/1191.npy,FH-20
-0.009137901,-0.06267377,0.96692467,0.9532406,0.96696776,-1.0000798,0.9920863,1.9921660423278809,0.013401378,1.048316,-1.8830687601795832,-2382812.5,2.2895658e-06,1.8686342e-07,0.851637369397225,0.006373529010370648,/content/drive/MyDrive/N-MON/ALTRO/spectograms/FH-20/1192.npy,FH-20
0.0066865925,0.22930011,0.9682813,0.95531654,0.96830446,-1.0010691,0.9910879,1.9921569526195526,-0.027368916,1.0462531,-1.9213064684236303,-996093.75,2.4574722e-06,1.8777689e-07,0.8321116495818224,0.003279713477679359,/content/drive/MyDrive/N-MON/ALTRO/spectograms/FH-20/1193.npy,FH-20
0.0042468556,0.07767637,0.97183245,0.96042836,0.97184175,-1.0005347,0.9916306,1.99216528236866,-0.015268682,1.0398109,-1.9669661557346283,-976562.5,3.1643494e-06,1.883017e-07,0.8549654944114079,0.0099919554148013,/content/drive/MyDrive/N-MON/ALTRO/spectograms/FH-20/1194.npy,FH-20
-0.005487836,-0.026622422,0.9666082,0.95181483,0.9666238,-0.99918216,0.9929451,1.9921272546052933,0.0059874183,1.0497602,-1.8850623582759953,1015625.0,2.5965944e-06,1.8773686e-07,0.8528387163919025,0.00567251578671096,/content/drive/MyDrive/N-MON/ALTRO/spectograms/FH-20/1195.npy,FH-20
-0.008472269,-0.08583754,0.9706031,0.9583654,0.97064006,-0.9999018,0.99224925,1.992150992155075,0.010991328,1.0424539,-1.9503150063520203,1015625.0,2.1730864e-06,1.8857529e-07,0.8473038001557548,0.00925245609017317,/content/drive/MyDrive/N-MON/ALTRO/spectograms/FH-20/1196.npy,FH-20
-0.005231117,-0.042221695,0.97055966,0.95823115,0.9705738,-0.9992579,0.9929085,1.992166444659233,0.006579545,1.0422581,-1.9445972115030135,-2988281.25,5.4116613e-06,1.8802743e-07,0.8471606867464445,0.002777098067051119,/content/drive/MyDrive/N-MON/ALTRO/spectograms/FH-20/1197.npy,FH-20
-0.007168309,0.0314947,0.96327657,0.94357806,0.96330327,-0.9997176,0.992441,1.9921586364507675,0.0042660255,1.0605962,-1.9179122588552355,-996093.75,1.751944e-06,1.8328831e-07,0.8454059597366458,0.00644020367247208,/content/drive/MyDrive/N-MON/ALTRO/spectograms/FH-20/1198.npy,FH-20
-0.004859381,-0.015597723,0.97108865,0.9595725,0.9711008,-0.999993,0.9921725,1.9921654909849167,0.0016215325,1.0404783,-1.9525744960927691,-2988281.25,5.182257e-06,1.8789461e-07,0.8355401862538647,0.009100001722980979,/content/drive/MyDrive/N-MON/ALTRO/spectograms/FH-20/1199.npy,FH-20
0.0033651781,0.20612735,0.973249,0.9630888,0.97325486,-1.0009525,0.9912031,1.9921556264162064,-0.018250141,1.0370526,-1.9746066644481755,-976562.5,2.4472106e-06,1.902529e-07,0.8470795958366143,0.004617024632821495,/content/drive/MyDrive/N-MON/ALTRO/spectograms/FH-20/1200.npy,FH-20
-0.008788941,0.014620228,0.97046447,0.95765024,0.9705043,-1.0008699,0.99128133,1.992151215672493,0.005256263,1.0430534,-1.951578814925344,3007812.5,2.6939001e-06,1.8842977e-07,0.8533667067264461,0.004800515818841763,/content/drive/MyDrive/N-MON/ALTRO/spectograms/FH-20/1201.npy,FH-20
0.0014339638,0.0739985,0.9696613,0.9573078,0.9696623,-1.0001258,0.992036,1.9921617060899734,-0.012448265,1.0430975,-1.912270559951175,410156.25,3.1982283e-06,1.8842849e-07,0.8484304482601841,0.004616156869890072,/content/drive/MyDrive/N-MON/ALTRO/spectograms/FH-20/1202.npy,FH-20
-0.00048177718,0.04738169,0.96596104,0.95276743,0.96596116,-0.99938494,0.9927583,1.9921431988477707,-0.0053718174,1.0479125,-1.8502150433424245,-2382812.5,2.6569612e-06,1.8710797e-07,0.8589026123766859,0.005373606996902853,/content/drive/MyDrive/N-MON/ALTRO/spectograms/FH-20/1203.npy,FH-20
-0.014303477,-0.124593854,0.9686098,0.95485747,0.9687154,-0.999634,0.9925235,1.9921574890613556,0.022572171,1.0471276,-1.9260372649013402,3007812.5,3.7959464e-06,1.8943865e-07,0.8398959298930025,0.0037343501506846223,/content/drive/MyDrive/N-MON/ALTRO/spectograms/FH-20/1204.npy,FH-20
-0.011183403,-0.12917772,0.9725198,0.96109384,0.97258407,-1.0003572,0.9917967,1.992153838276863,0.014598231,1.0383203,-1.9662685037836083,-2382812.5,2.637646e-06,1.8851972e-07,0.839389525667064,0.005327336423263509,/content/drive/MyDrive/N-MON/ALTRO/spectograms/FH-20/1205.npy,FH-20
0.0029455128,0.06333107,0.96924514,0.9556782,0.9692496,-0.9991631,0.9930035,1.9921666085720062,-0.01132731,1.0449865,-1.9277901939514754,1015625.0,2.5722948e-06,1.888591e-07,0.8584861048906801,0.0050257782955858,/content/drive/MyDrive/N-MON/ALTRO/spectograms/FH-20/1206.npy,FH-20
0.0010610041,0.028091988,0.96956265,0.95625603,0.9695633,-0.99928224,0.99287915,1.9921613782644272,-0.007791968,1.0443788,-1.924133299229123,-2988281.25,3.6452714e-06,1.892289e-07,0.8549325540789374,0.0032464386712374696,/content/drive/MyDrive/N-MON/ALTRO/spectograms/FH-20/1207.npy,FH-20
-0.0039112116,0.054226317,0.96963996,0.95675075,0.9696478,-1.0004481,0.9917212,1.9921692907810211,-0.0010049869,1.0443444,-1.9487441121355487,3007812.5,3.1446066e-06,1.8659854e-07,0.8372857671113925,0.006855685052517907,/content/drive/MyDrive/N-MON/ALTRO/spectograms/FH-20/1208.npy,FH-20
0.0033561864,0.18281019,0.9785329,0.9703793,0.9785387,-1.0008231,0.99134266,1.9921657592058182,-0.016279262,1.0283011,-2.065633061113407,1015625.0,2.9294124e-06,1.8920231e-07,0.8268219499120404,0.007589288462637639,/content/drive/MyDrive/N-MON/ALTRO/spectograms/FH-20/1209.npy,FH-20
-0.012355776,-0.090263784,0.9691165,0.95589197,0.96919525,-1.0004036,0.99176395,1.9921675622463226,0.017118454,1.045348,-1.928880070814489,-2988281.25,3.5073163e-06,1.8675797e-07,0.8520773739549867,0.006251750982531021,/content/drive/MyDrive/N-MON/ALTRO/spectograms/FH-20/1210.npy,FH-20
-0.0016837163,-0.039239362,0.973569,0.96316564,0.97357047,-1.000146,0.9920159,1.9921619147062302,-0.0041212537,1.0367987,-1.9917577393445527,1015625.0,2.9222902e-06,1.8898062e-07,0.8435763946849388,0.007668347283637547,/content/drive/MyDrive/N-MON/ALTRO/spectograms/FH-20/1211.npy,FH-20
-0.004049042,-0.020108823,0.9703666,0.95732856,0.970375,-1.0005736,0.99158335,1.9921570122241974,0.00044869367,1.0437895,-1.9640453207813107,-2988281.25,2.2393494e-06,1.8890876e-07,0.8497228857163092,0.005886047217241163,/content/drive/MyDrive/N-MON/ALTRO/spectograms/FH-20/1212.npy,FH-20
0.00080624246,0.06658134,0.97143096,0.9590905,0.9714313,-0.99973404,0.992427,1.9921610355377197,-0.0080198655,1.0415891,-1.962794979403186,-2988281.25,2.0800965e-06,1.8708594e-07,0.8542628187585047,0.008994633264065651,/content/drive/MyDrive/N-MON/ALTRO/spectograms/FH-20/1213.npy,FH-20
0.0060350667,0.10108192,0.96185863,0.9447007,0.9618776,-1.0004115,0.9917482,1.992159754037857,-0.02304077,1.0587463,-1.821757743006841,-2382812.5,3.2448322e-06,1.870406e-07,0.8413044178658033,0.008629155109656481,/content/drive/MyDrive/N-MON/ALTRO/spectograms/FH-20/1214.npy,FH-20
0.016675739,0.26140416,0.9667068,0.9520553,0.9668506,-1.0003588,0.9917973,1.9921561777591705,-0.043805175,1.0514885,-1.9025187206268204,-2382812.5,2.4795238e-06,1.883866e-07,0.8681578937316641,0.010753050504169654,/content/drive/MyDrive/N-MON/ALTRO/spectograms/FH-20/1215.npy,FH-20
-0.0026873827,0.0033047262,0.96975994,0.9567533,0.96976364,-1.0006642,0.99149686,1.9921611100435257,-0.0023940178,1.0440656,-1.9321683526555058,-2988281.25,4.615968e-06,1.8737516e-07,0.8394054068745779,0.005251962369455886,/content/drive/MyDrive/N-MON/ALTRO/spectograms/FH-20/1216.npy,FH-20
-0.013820789,-0.07465121,0.9696389,0.9573308,0.96973735,-1.0004663,0.99167573,1.9921421110630035,0.015933229,1.0431688,-1.9264471597882145,-2988281.25,2.9616137e-06,1.867968e-07,0.8500776149391561,0.006366381397311099,/content/drive/MyDrive/N-MON/ALTRO/spectograms/FH-20/1217.npy,FH-20
-0.010091087,-0.04752188,0.97146684,0.95878166,0.97151923,-1.0006235,0.99154353,1.9921670407056808,0.011035629,1.0417382,-1.965577866166868,410156.25,2.03091e-06,1.8614017e-07,0.8533081530342058,0.0038458014896456294,/content/drive/MyDrive/N-MON/ALTRO/spectograms/FH-20/1218.npy,FH-20
0.007579495,0.132929,0.96223164,0.9450221,0.96226144,-0.9999613,0.99220294,1.9921642541885376,-0.024668358,1.0587772,-1.8385466983949874,1015625.0,3.3084318e-06,1.8679401e-07,0.8547227711260119,0.006560877900609174,/content/drive/MyDrive/N-MON/ALTRO/spectograms/FH-20/1219.npy,FH-20
-0.013611323,-0.08593243,0.9672935,0.9527304,0.9673893,-0.9998163,0.9923452,1.9921615272760391,0.0198908,1.0492429,-1.8962000606857086,-2382812.5,2.5318666e-06,1.8720868e-07,0.8448521439208427,0.005832160969516537,/content/drive/MyDrive/N-MON/ALTRO/spectograms/FH-20/1220.npy,FH-20
-0.002895113,0.01963626,0.9708611,0.95833623,0.9708654,-0.999882,0.9922873,1.9921693205833435,-0.0023470272,1.0419679,-1.9547882460061443,-2988281.25,2.7317915e-06,1.8873367e-07,0.8479052982970323,0.006571678234145074,/content/drive/MyDrive/N-MON/ALTRO/spectograms/FH-20/1221.npy,FH-20
-0.0056453533,-0.08570101,0.9719692,0.9610767,0.9719856,-0.9997033,0.9924572,1.9921605288982391,0.0047857766,1.0377878,-1.9300847103569698,2382812.5,3.341077e-06,1.8894703e-07,0.8598844538366122,0.00238082927138558,/content/drive/MyDrive/N-MON/ALTRO/spectograms/FH-20/1222.npy,FH-20
-0.00030336666,0.015304382,0.9773638,0.96839756,0.9773639,-1.0002899,0.9918769,1.9921668469905853,-0.0064686984,1.0302901,-2.037665980982819,-2988281.25,3.6291322e-06,1.900008e-07,0.8406864029533517,0.00616577870090321,/content/drive/MyDrive/N-MON/ALTRO/spectograms/FH-20/1223.npy,FH-20
-0.012485575,-0.0814849,0.9692861,0.9558994,0.9693665,-0.9995348,0.992632,1.9921667724847794,0.019971922,1.045292,-1.9377123821178588,3007812.5,3.034266e-06,1.8870588e-07,0.851688535804165,0.003378049244313436,/content/drive/MyDrive/N-MON/ALTRO/spectograms/FH-20/1224.npy,FH-20
-0.0025982996,0.12488781,0.9601562,0.94077706,0.9601597,-1.0001414,0.9920229,1.9921643137931824,-0.0099238595,1.0638747,-1.8392233573896857,-2382812.5,2.6720356e-06,1.8367044e-07,0.8404244932414532,0.004475884857904152,/content/drive/MyDrive/N-MON/ALTRO/spectograms/FH-20/1225.npy,FH-20
-0.0008425771,0.012451846,0.97213393,0.9608682,0.9721343,-0.99926746,0.99290174,1.9921691864728928,-0.0026282175,1.0394641,-1.975048921459017,-2988281.25,2.989106e-06,1.8830545e-07,0.8546368563993905,0.0036715807752293293,/content/drive/MyDrive/N-MON/ALTRO/spectograms/FH-20/1226.npy,FH-20
-0.0056760847,0.0077522015,0.97218335,0.9605911,0.9721999,-1.0000172,0.99214906,1.9921662360429764,0.0029999078,1.0395782,-1.9722680248076039,-996093.75,2.8592722e-06,1.8861866e-07,0.8430299569210498,0.013315669433504162,/content/drive/MyDrive/N-MON/ALTRO/spectograms/FH-20/1227.npy,FH-20
0.0007075756,0.04226376,0.96967506,0.95658994,0.96967524,-1.0007039,0.991463,1.9921669512987137,-0.010699848,1.0443493,-1.939198655961577,2343750.0,2.5077577e-06,1.8630362e-07,0.8481804440389662,0.004294721359660058,/content/drive/MyDrive/N-MON/ALTRO/spectograms/FH-20/1228.npy,FH-20
-0.0039112046,-0.024233615,0.97354716,0.9623629,0.973555,-1.000826,0.99134266,1.9921687096357346,-0.0014422627,1.036848,-1.9811414779203773,-2988281.25,3.6334002e-06,1.8896208e-07,0.8457567162567704,0.005594479121949406,/content/drive/MyDrive/N-MON/ALTRO/spectograms/FH-20/1229.npy,FH-20
0.00043879962,0.0659243,0.968208,0.95417446,0.9682081,-1.0005016,0.9916658,1.9921673685312271,-0.010841505,1.0482719,-1.9367347337653344,-390625.0,3.711001e-06,1.8832745e-07,0.8535016087829926,0.0037084363107164845,/content/drive/MyDrive/N-MON/ALTRO/spectograms/FH-20/1230.npy,FH-20
-0.003794531,0.03208391,0.97154385,0.96114856,0.97155124,-0.99917096,0.9930001,1.9921710640192032,0.00032932905,1.0387146,-1.9429422597047135,-2382812.5,2.710057e-06,1.879815e-07,0.8555373031010207,0.008508920374206946,/content/drive/MyDrive/N-MON/ALTRO/spectograms/FH-20/1231.npy,FH-20
-0.0003736949,-0.007304661,0.9631681,0.94297165,0.9631682,-0.99937636,0.9927702,1.9921465814113617,-0.0072701345,1.0594825,-1.8816838786832701,-2382812.5,3.3473598e-06,1.8964559e-07,0.8519990521902376,0.002780693987898871,/content/drive/MyDrive/N-MON/ALTRO/spectograms/FH-20/1232.npy,FH-20
-0.017075527,-0.12919661,0.96761,0.95287067,0.96776074,-1.0003185,0.99184483,1.9921633750200272,0.028849758,1.0490596,-1.9132717340939573,-390625.0,2.2675592e-06,1.8851864e-07,0.8620108054349331,0.005641565654255052,/content/drive/MyDrive/N-MON/ALTRO/spectograms/FH-20/1233.npy,FH-20
0.0029643555,0.08991646,0.9731474,0.9623208,0.9731519,-0.9997752,0.9923829,1.9921581000089645,-0.012796232,1.0371075,-1.9750536613234388,-2382812.5,4.917005e-06,1.8912502e-07,0.8408840533842004,0.00666370096780522,/content/drive/MyDrive/N-MON/ALTRO/spectograms/FH-20/1234.npy,FH-20
-0.011942173,-0.00388718,0.9692701,0.9559237,0.96934366,-1.0001175,0.9919918,1.9921092838048935,0.013100992,1.0454856,-1.9418819214813692,-2988281.25,3.9377524e-06,1.8882159e-07,0.8396482866149337,0.009185872677385748,/content/drive/MyDrive/N-MON/ALTRO/spectograms/FH-20/1235.npy,FH-20
0.016821701,0.19598457,0.96990794,0.956447,0.9700538,-0.9994502,0.99268734,1.9921374917030334,-0.038899306,1.045503,-1.9406823057932494,-2988281.25,3.3268034e-06,1.8733488e-07,0.8588569517437528,0.006134816718732335,/content/drive/MyDrive/N-MON/ALTRO/spectograms/FH-20/1236.npy,FH-20
0.018198142,0.3396316,0.9705524,0.9587605,0.97072303,-1.0002357,0.99191165,1.9921473562717438,-0.044864938,1.0437132,-1.9512603106627202,2402343.75,3.0676013e-06,1.8851125e-07,0.8311336563797189,0.00528556056629677,/content/drive/MyDrive/N-MON/ALTRO/spectograms/FH-20/1237.npy,FH-20
0.010953803,0.23351187,0.9686901,0.9562547,0.968752,-1.0009484,0.99121857,1.9921670258045197,-0.031509254,1.0465312,-1.9462207387963002,3007812.5,1.7872559e-06,1.8705427e-07,0.8489061686605397,0.0051784620553638645,/content/drive/MyDrive/N-MON/ALTRO/spectograms/FH-20/1238.npy,FH-20
0.006109124,0.015746504,0.9696493,0.9569955,0.9696686,-0.99983704,0.9923284,1.9921654611825943,-0.01669053,1.0441953,-1.9390149216809933,1015625.0,3.0474646e-06,1.8927292e-07,0.846639180764001,0.005591788926883056,/content/drive/MyDrive/N-MON/ALTRO/spectograms/FH-20/1239.npy,FH-20
-0.0002701895,-0.019378033,0.9716658,0.95987767,0.9716658,-0.9999654,0.99219865,1.9921641200780869,-0.004016509,1.0397303,-1.9470962052260872,3007812.5,2.0975237e-06,1.879705e-07,0.8504198653878602,0.0031008024073116355,/content/drive/MyDrive/N-MON/ALTRO/spectograms/FH-20/1240.npy,FH-20
-0.021626249,-0.19590288,0.97033644,0.9569568,0.9705774,-1.0005348,0.9916204,1.9921552389860153,0.034070875,1.0446677,-1.960527324272202,-2382812.5,3.8785615e-06,1.8799406e-07,0.8506544405052283,0.0033468471574941237,/content/drive/MyDrive/N-MON/ALTRO/spectograms/FH-20/1241.npy,FH-20
0.016375085,0.2424114,0.9667437,0.95160216,0.96688235,-0.99990374,0.99226713,1.9921708852052689,-0.044959694,1.0511974,-1.8998337691491065,-2382812.5,2.9500898e-06,1.8757096e-07,0.8536333430787761,0.004513521453599956,/content/drive/MyDrive/N-MON/ALTRO/spectograms/FH-20/1242.npy,FH-20
0.010714676,0.19493625,0.9676723,0.95397437,0.9677316,-1.0002956,0.9918657,1.9921612590551376,-0.029487263,1.047835,-1.8953108016312525,3007812.5,2.8876502e-06,1.8685824e-07,0.849798172506548,0.004446857172407767,/content/drive/MyDrive/N-MON/ALTRO/spectograms/FH-20/1243.npy,FH-20
-0.0014441042,0.08908691,0.9704561,0.9578348,0.9704572,-1.0008309,0.99133235,1.9921632558107376,-0.0076103574,1.0425678,-1.9328843561766453,-2988281.25,2.5494164e-06,1.8751207e-07,0.8539161183732067,0.0056333054391398945,/content/drive/MyDrive/N-MON/ALTRO/spectograms/FH-20/1244.npy,FH-20
-0.0038652406,-0.008240189,0.9712676,0.95994884,0.9712752,-1.0005627,0.9915982,1.9921608120203018,0.00070790143,1.040358,-1.9464263570006912,1015625.0,1.9894444e-06,1.8935239e-07,0.8562666434994022,0.005665558563941746,/content/drive/MyDrive/N-MON/ALTRO/spectograms/FH-20/1245.npy,FH-20
-0.0053991675,0.014939509,0.9708766,0.95882726,0.9708916,-1.0006815,0.9914492,1.9921306520700455,-0.0012442985,1.0415517,-1.9505173836002065,1015625.0,3.1510936e-06,1.8837198e-07,0.8494740872540946,0.004866781329570119,/content/drive/MyDrive/N-MON/ALTRO/spectograms/FH-20/1246.npy,FH-20
-0.0016792936,0.0067419824,0.96882635,0.9559803,0.9688278,-1.0010191,0.9911484,1.9921675473451614,-0.0055473684,1.0440489,-1.8952309163759253,1015625.0,2.789988e-06,1.8855982e-07,0.8489899966973162,0.006517876950045374,/content/drive/MyDrive/N-MON/ALTRO/spectograms/FH-20/1247.npy,FH-20
0.0054214527,0.008145083,0.9575127,0.9361668,0.95752805,-0.99961483,0.99254745,1.9921623170375824,-0.0162069,1.0684551,-1.7883484916311005,1015625.0,2.8179757e-06,1.8147182e-07,0.8376831422340247,0.006628493689130479,/content/drive/MyDrive/N-MON/ALTRO/spectograms/FH-20/1248.npy,FH-20
0.00565267,0.14060557,0.9650541,0.9501606,0.96507066,-1.000065,0.99209416,1.9921591132879257,-0.019363413,1.0523721,-1.856914076914719,-2988281.25,3.0238377e-06,1.8771425e-07,0.8434911357479138,0.00589744567417854,/content/drive/MyDrive/N-MON/ALTRO/spectograms/FH-20/1249.npy,FH-20
-0.010103624,-0.054875437,0.9692475,0.95610976,0.96930015,-1.0001439,0.9919484,1.992092326283455,0.012228551,1.0448645,-1.9114276865344195,-976562.5,3.4168195e-06,1.877309e-07,0.828151920257554,0.01026066573015448,/content/drive/MyDrive/N-MON/ALTRO/spectograms/FH-20/1250.npy,FH-20
0.0137403635,0.2031139,0.9687137,0.9552372,0.96881115,-1.0000948,0.9920446,1.9921393543481827,-0.036258798,1.0467285,-1.9191242585654138,1035156.25,2.6047503e-06,1.8804032e-07,0.8546182502739567,0.005471754059289513,/content/drive/MyDrive/N-MON/ALTRO/spectograms/FH-20/1251.npy,FH-20
-0.0017623763,0.090124466,0.97783715,0.96902126,0.9778387,-0.99969125,0.9924798,1.9921710938215256,-0.0038921528,1.0297093,-2.055117497479613,-2382812.5,3.014398e-06,1.9095015e-07,0.8373075829898715,0.005934321152246738,/content/drive/MyDrive/N-MON/ALTRO/spectograms/FH-20/1252.npy,FH-20
0.009150822,0.12841554,0.9669091,0.95136994,0.9669524,-1.0005534,0.99159443,1.9921477884054184,-0.029195942,1.0508248,-1.9006048526837207,3007812.5,3.2022515e-06,1.8853527e-07,0.8411870679986642,0.0043351350765244686,/content/drive/MyDrive/N-MON/ALTRO/spectograms/FH-20/1253.npy,FH-20
0.006079994,0.007350387,0.96954495,0.95723754,0.969564,-1.0003557,0.99180424,1.9921600073575974,-0.017680423,1.0430499,-1.9056617082418834,-2988281.25,2.5649724e-06,1.8845873e-07,0.848500076203645,0.007260187694888955,/content/drive/MyDrive/N-MON/ALTRO/spectograms/FH-20/1254.npy,FH-20
-0.009223669,0.014412304,0.9693434,0.956055,0.96938735,-1.0012394,0.99092436,1.9921637773513794,0.0055589513,1.0449811,-1.9354158097739014,1015625.0,5.197299e-06,1.8738228e-07,0.8511063643558564,0.0066627806857063035,/content/drive/MyDrive/N-MON/ALTRO/spectograms/FH-20/1255.npy,FH-20
0.001898797,0.09301827,0.9670932,0.95195884,0.9670951,-1.0006748,0.99149024,1.9921650886535645,-0.016968513,1.0499378,-1.914300063040596,1015625.0,4.7052367e-06,1.8645656e-07,0.8510543999748374,0.006126669985498754,/content/drive/MyDrive/N-MON/ALTRO/spectograms/FH-20/1256.npy,FH-20
3.25284e-05,0.055795312,0.96773726,0.95411545,0.96773726,-0.99892265,0.99324393,1.9921665787696838,-0.008668595,1.0465453,-1.8901066171395302,-2382812.5,2.0270809e-06,1.8803364e-07,0.8579494247579125,0.007214016681348764,/content/drive/MyDrive/N-MON/ALTRO/spectograms/FH-20/1257.npy,FH-20
0.0146576855,0.07838906,0.96383375,0.9470292,0.9639452,-0.99973464,0.9923563,1.992090955376625,-0.033283625,1.0560775,-1.8631269346325026,-996093.75,2.9161642e-06,1.8742176e-07,0.854927338220705,0.0043587393212566146,/content/drive/MyDrive/N-MON/ALTRO/spectograms/FH-20/1258.npy,FH-20
-0.004352831,0.03134182,0.9666069,0.9530903,0.96661675,-0.99990946,0.99225086,1.9921603202819824,6.8367e-05,1.0482116,-1.8795042942588884,2421875.0,2.3275004e-06,1.8751837e-07,0.85509464857965,0.003362020049480785,/content/drive/MyDrive/N-MON/ALTRO/spectograms/FH-20/1259.npy,FH-20
0.0012941246,0.019666955,0.9709435,0.9586359,0.9709444,-0.9998173,0.992336,1.992153286933899,-0.010256449,1.041693,-1.9492447502481298,-2988281.25,2.5099434e-06,1.883574e-07,0.8541934237299909,0.0038221078989608354,/content/drive/MyDrive/N-MON/ALTRO/spectograms/FH-20/1260.npy,FH-20
-0.008948031,-0.10053845,0.9691219,0.95672303,0.9691632,-0.99896026,0.9932041,1.9921643733978271,0.014954928,1.0435985,-1.9061321259366768,3007812.5,3.9321676e-06,1.8835004e-07,0.8571524575598175,0.007400868479659956,/content/drive/MyDrive/N-MON/ALTRO/spectograms/FH-20/1261.npy,FH-20
0.0016471257,-0.0080115525,0.972512,0.96058506,0.9725134,-1.0001848,0.9919807,1.9921654164791107,-0.009661895,1.040261,-1.9976979292493369,1718750.0,2.0020484e-06,1.8977995e-07,0.8475187751647189,0.0039036970983652853,/content/drive/MyDrive/N-MON/ALTRO/spectograms/FH-20/1262.npy,FH-20
-0.03183481,-0.43358627,0.972108,0.96075654,0.97262913,-1.0000685,0.9920302,1.9920987486839294,0.057431046,1.0414326,-1.9587208973640673,3007812.5,2.9669288e-06,1.891255e-07,0.850030317640614,0.004162067554566948,/content/drive/MyDrive/N-MON/ALTRO/spectograms/FH-20/1263.npy,FH-20
-0.008512277,-0.22174257,0.97416973,0.96433717,0.97420686,-0.9990575,0.99309933,1.9921568185091019,0.014329468,1.0354959,-1.992639364404176,-2988281.25,3.3016242e-06,1.8861925e-07,0.8486649195669371,0.0036422279943093567,/content/drive/MyDrive/N-MON/ALTRO/spectograms/FH-20/1264.npy,FH-20
-0.0033978657,0.026203468,0.9728268,0.96227723,0.9728328,-1.0011716,0.99097466,1.9921462386846542,-0.005027933,1.0368303,-1.953569468718815,-2382812.5,3.617757e-06,1.8900144e-07,0.851526599913434,0.005602452069368822,/content/drive/MyDrive/N-MON/ALTRO/spectograms/FH-20/1265.npy,FH-20
-0.0060336487,-0.07789137,0.9716394,0.9598404,0.9716582,-0.9996947,0.9924644,1.992159128189087,0.0076809805,1.040607,-1.9510835245036973,-2382812.5,4.9226414e-06,1.8746061e-07,0.833692467762801,0.008248002778531433,/content/drive/MyDrive/N-MON/ALTRO/spectograms/FH-20/1266.npy,FH-20
0.0077646147,0.15307598,0.9723339,0.9603362,0.9723649,-0.99926436,0.9929061,1.9921704679727554,-0.022422116,1.0408232,-1.9857797047105292,1015625.0,2.9935222e-06,1.8910004e-07,0.8491705402696337,0.0059494711078338074,/content/drive/MyDrive/N-MON/ALTRO/spectograms/FH-20/1267.npy,FH-20
-0.010581995,-0.14387278,0.9744128,0.9639351,0.97447026,-0.999325,0.9928403,1.9921652525663376,0.014331448,1.0358721,-2.009957078557357,-2382812.5,2.8731386e-06,1.8888178e-07,0.847735312781763,0.009355446214004843,/content/drive/MyDrive/N-MON/ALTRO/spectograms/FH-20/1268.npy,FH-20
-0.0068558236,-0.08243195,0.9729516,0.9620702,0.97297573,-1.0004392,0.99172205,1.992161214351654,0.0076278048,1.0373653,-1.9631353598052332,3007812.5,3.0458689e-06,1.8905115e-07,0.8346742516516454,0.010582786630294385,/content/drive/MyDrive/N-MON/ALTRO/spectograms/FH-20/1269.npy,FH-20
0.011102036,0.15190959,0.9688753,0.9544491,0.9689389,-1.000354,0.99181414,1.992168202996254,-0.029650846,1.0473019,-1.93936983948543,-2988281.25,2.1035014e-06,1.8705362e-07,0.8506574194219045,0.0028601116830085237,/content/drive/MyDrive/N-MON/ALTRO/spectograms/FH-20/1270.npy,FH-20
-0.010241079,-0.007132096,0.97084653,0.95863277,0.97090054,-0.9993179,0.99284077,1.992158681154251,0.013267669,1.0422277,-1.9532893060934484,-2988281.25,4.4110066e-06,1.8888088e-07,0.8433755776553702,0.005119561764605249,/content/drive/MyDrive/N-MON/ALTRO/spectograms/FH-20/1271.npy,FH-20
-0.00305574,0.15172997,0.97813827,0.97023535,0.9781431,-1.0006174,0.9915452,1.9921625554561615,-0.0054860436,1.0281771,-2.0492485474679896,-2988281.25,3.172779e-06,1.9010841e-07,0.8410385474501869,0.006663082273990711,/content/drive/MyDrive/N-MON/ALTRO/spectograms/FH-20/1272.npy,FH-20
0.0021501484,0.031496573,0.9698323,0.9559657,0.9698347,-0.99973255,0.9924328,1.9921653419733047,-0.011769957,1.0453011,-1.9525988876467102,3007812.5,3.1232635e-06,1.8733189e-07,0.8458212166450916,0.004867992785426998,/content/drive/MyDrive/N-MON/ALTRO/spectograms/FH-20/1273.npy,FH-20
-0.0047178743,-0.012187401,0.9735758,0.9620302,0.97358716,-1.0004661,0.9916953,1.9921614527702332,-0.00030464394,1.0376508,-1.991392093648303,3007812.5,2.3066332e-06,1.8858714e-07,0.8562904553935883,0.004157739314655256,/content/drive/MyDrive/N-MON/ALTRO/spectograms/FH-20/1274.npy,FH-20
0.007287743,0.19572294,0.96688753,0.9529388,0.966915,-0.9995798,0.99258804,1.9921678304672241,-0.026770286,1.0486048,-1.8794147906812972,2421875.0,4.1752337e-06,1.8749891e-07,0.833200974958248,0.011910537685908176,/content/drive/MyDrive/N-MON/ALTRO/spectograms/FH-20/1275.npy,FH-20
-0.0019535795,0.020616263,0.96910536,0.95616174,0.96910733,-0.9989348,0.9932336,1.992168441414833,0.0007427144,1.0447221,-1.9208100706290623,3007812.5,2.6955558e-06,1.884079e-07,0.8566507994759798,0.004591900836117371,/content/drive/MyDrive/N-MON/ALTRO/spectograms/FH-20/1276.npy,FH-20
-0.0073767845,-0.054048747,0.94202864,0.910039,0.9420575,-0.9992714,0.99288,1.992151364684105,0.0116652185,1.1027191,-1.661470771467749,-2988281.25,3.867495e-06,1.7490018e-07,0.8405549011822906,0.005996255452300692,/content/drive/MyDrive/N-MON/ALTRO/spectograms/FH-20/1277.npy,FH-20
-0.0043039294,0.023995448,0.9724369,0.9617261,0.97244644,-0.99935275,0.9928011,1.9921538084745407,0.0025189172,1.0389539,-1.984211774776963,2421875.0,2.6637222e-06,1.8964224e-07,0.8452170660775308,0.00664860735956325,/content/drive/MyDrive/N-MON/ALTRO/spectograms/FH-20/1278.npy,FH-20
-0.005747774,-0.06557832,0.97078794,0.9576365,0.9708049,-0.9991611,0.99300086,1.992161974310875,0.005077911,1.043043,-1.9676332221011255,-2988281.25,3.2741107e-06,1.8814362e-07,0.8497902517355499,0.009930744798300518,/content/drive/MyDrive/N-MON/ALTRO/spectograms/FH-20/1279.npy,FH-20
0.0061050644,0.06956403,0.9688629,0.9563579,0.96888214,-1.0006757,0.9914863,1.992161974310875,-0.018247671,1.0445296,-1.9082436394854405,2421875.0,2.5559646e-06,1.8844112e-07,0.8515556346315949,0.004304596388703099,/content/drive/MyDrive/N-MON/ALTRO/spectograms/FH-20/1280.npy,FH-20
-0.0079229055,-0.07796349,0.9664274,0.9522888,0.9664598,-0.9997754,0.9923847,1.9921600818634033,0.009986988,1.0484984,-1.8546529944323533,-2988281.25,2.2085687e-06,1.8779419e-07,0.8568084661031394,0.003578479962516211,/content/drive/MyDrive/N-MON/ALTRO/spectograms/FH-20/1281.npy,FH-20
0.0025448075,0.014807654,0.9748025,0.9653408,0.97480583,-1.0007418,0.991425,1.992166817188263,-0.011397608,1.0331541,-1.9841813639787846,3027343.75,2.1936448e-06,1.8756991e-07,0.8605679383513021,0.004906254758992091,/content/drive/MyDrive/N-MON/ALTRO/spectograms/FH-20/1282.npy,FH-20
0.0006620188,0.08267886,0.9736228,0.96212035,0.97362304,-0.99931127,0.99285924,1.9921704977750778,-0.008192103,1.037663,-1.9836879852254408,3007812.5,3.4018096e-06,1.8945096e-07,0.8470474020396555,0.008865729596774114,/content/drive/MyDrive/N-MON/ALTRO/spectograms/FH-20/1283.npy,FH-20
-0.010263144,-0.06271447,0.9774026,0.9678884,0.9774565,-1.0000883,0.99207026,1.9921586364507675,0.012433391,1.0308219,-2.057303339841237,-2382812.5,3.0972594e-06,1.8970542e-07,0.8428862426195236,0.006543658631462467,/content/drive/MyDrive/N-MON/ALTRO/spectograms/FH-20/1284.npy,FH-20
-0.0062348186,-0.06110443,0.967507,0.95398,0.96752715,-0.99856925,0.9935941,1.992163360118866,0.008176308,1.046955,-1.889658152661305,1015625.0,2.8294555e-06,1.8725513e-07,0.8458865097566192,0.0033585591906178133,/content/drive/MyDrive/N-MON/ALTRO/spectograms/FH-20/1285.npy,FH-20
0.009831962,0.28131217,0.9714454,0.96022326,0.97149515,-0.9999261,0.9921973,1.9921233505010605,-0.028993202,1.0406005,-1.9546819035848684,410156.25,2.195925e-06,1.8816567e-07,0.8480516060660823,0.006731936056739527,/content/drive/MyDrive/N-MON/ALTRO/spectograms/FH-20/1286.npy,FH-20
0.0046497965,0.09709598,0.97290623,0.96265984,0.9729174,-1.0005001,0.9916672,1.9921673089265823,-0.01619651,1.0367543,-1.961131047301705,-2988281.25,5.2280943e-06,1.8932639e-07,0.8356367758230108,0.004519100851011623,/content/drive/MyDrive/N-MON/ALTRO/spectograms/FH-20/1287.npy,FH-20
-0.0015370368,0.042779386,0.9730033,0.9609282,0.9730046,-1.0002487,0.99191,1.9921586513519287,-0.0051174355,1.0394236,-1.993358982492514,-2988281.25,3.1600587e-06,1.886309e-07,0.8606272302846957,0.006293038457135353,/content/drive/MyDrive/N-MON/ALTRO/spectograms/FH-20/1288.npy,FH-20
-0.0013929771,0.012576943,0.96720135,0.95374215,0.96720237,-0.9991821,0.99297404,1.9921561628580093,-0.0035591621,1.0474452,-1.8929904618766875,-2382812.5,2.8073625e-06,1.8818254e-07,0.8584605135849874,0.004774540727176011,/content/drive/MyDrive/N-MON/ALTRO/spectograms/FH-20/1289.npy,FH-20
0.00044975232,0.053912316,0.97585523,0.9659537,0.97585535,-1.0007188,0.99144495,1.9921637624502182,-0.008225425,1.0337178,-2.0248181348568783,-2988281.25,2.939845e-06,1.9055e-07,0.8451428469186663,0.0041092132729480405,/content/drive/MyDrive/N-MON/ALTRO/spectograms/FH-20/1290.npy,FH-20
0.009124345,0.15693808,0.96675104,0.95222324,0.9667941,-0.9992995,0.99286056,1.992160126566887,-0.025764775,1.0497376,-1.8846661063138026,410156.25,1.9634408e-06,1.8745045e-07,0.8434730050880498,0.002949656126291482,/content/drive/MyDrive/N-MON/ALTRO/spectograms/FH-20/1291.npy,FH-20
0.009409282,0.26431346,0.9689746,0.9559387,0.9690203,-1.0013071,0.990848,1.9921551793813705,-0.033128873,1.0462371,-1.9350394248030691,-2382812.5,2.631331e-06,1.864988e-07,0.8426940488919235,0.004974734895301098,/content/drive/MyDrive/N-MON/ALTRO/spectograms/FH-20/1292.npy,FH-20
0.004054985,0.101779595,0.967615,0.952317,0.9676235,-0.9996479,0.99250156,1.9921495020389557,-0.018301971,1.049926,-1.9319120584861313,-2988281.25,3.9237434e-06,1.8761182e-07,0.8461440938024827,0.006016515561552775,/content/drive/MyDrive/N-MON/ALTRO/spectograms/FH-20/1293.npy,FH-20
-0.005785457,-0.0036777684,0.9662457,0.95292467,0.96626306,-0.99974805,0.9924125,1.9921605288982391,0.0033850195,1.04836,-1.8624117568455196,-2382812.5,1.985086e-06,1.874122e-07,0.8538282160936403,0.004380057831686851,/content/drive/MyDrive/N-MON/ALTRO/spectograms/FH-20/1294.npy,FH-20
0.009099604,0.17903543,0.96904147,0.95562965,0.9690842,-1.0007312,0.99141175,1.9921429008245468,-0.030248117,1.045959,-1.9270430190211372,-2988281.25,2.485965e-06,1.8798528e-07,0.8581048762683743,0.0049034477934406795,/content/drive/MyDrive/N-MON/ALTRO/spectograms/FH-20/1295.npy,FH-20
0.013357641,0.24093771,0.9561218,0.9351353,0.95621514,-1.0010949,0.9910525,1.992147445678711,-0.046639103,1.0736102,-1.803663099074375,-2988281.25,2.5760826e-06,1.8273357e-07,0.8505485536904065,0.004781464657744744,/content/drive/MyDrive/N-MON/ALTRO/spectograms/FH-20/1296.npy,FH-20
-0.008449501,-0.019311912,0.9721954,0.96049744,0.9722321,-0.99982977,0.99233544,1.992165207862854,0.008102288,1.0402141,-1.9858899199503581,-2988281.25,2.9847943e-06,1.8814717e-07,0.8473521087478892,0.0029713038794226968,/content/drive/MyDrive/N-MON/ALTRO/spectograms/FH-20/1297.npy,FH-20
-0.005811692,-0.0077257724,0.9708067,0.9597487,0.97082406,-0.9999346,0.992226,1.9921606332063675,0.0019732534,1.0400081,-1.92995536592536,3007812.5,3.0359968e-06,1.8682135e-07,0.8519976715597393,0.004675006205886985,/content/drive/MyDrive/N-MON/ALTRO/spectograms/FH-20/1298.npy,FH-20
0.0026032464,0.17465806,0.96898544,0.95604473,0.96898896,-1.0009998,0.9911663,1.9921661168336868,-0.017887918,1.0452569,-1.9148497549485797,-2988281.25,4.2704223e-06,1.8783678e-07,0.8468249186599272,0.00648662252455723,/content/drive/MyDrive/N-MON/ALTRO/spectograms/FH-20/1299.npy,FH-20
0.0071218084,0.12592393,0.9702325,0.95795226,0.9702586,-0.9991387,0.9930216,1.9921603351831436,-0.02162097,1.0426698,-1.9196079220153737,-2988281.25,3.0840486e-06,1.883804e-07,0.8397719322260013,0.007908084643772297,/content/drive/MyDrive/N-MON/ALTRO/spectograms/FH-20/1300.npy,FH-20
-0.007933854,-0.05377835,0.96924746,0.956025,0.96928,-0.99907094,0.99309444,1.9921653866767883,0.009683385,1.0450114,-1.9276881788737346,1015625.0,3.5189757e-06,1.8863001e-07,0.8421539281255588,0.0028881987555507372,/content/drive/MyDrive/N-MON/ALTRO/spectograms/FH-20/1301.npy,FH-20
0.011065159,0.14461675,0.9626967,0.94600475,0.96276027,-1.0000006,0.9921662,1.9921668618917465,-0.030253677,1.0575289,-1.8358455380011949,3007812.5,2.818816e-06,1.8702968e-07,0.8619087907603281,0.004093988126959051,/content/drive/MyDrive/N-MON/ALTRO/spectograms/FH-20/1302.npy,FH-20
0.0059692487,0.0936915,0.9719811,0.95996517,0.97199947,-0.999953,0.9922103,1.9921633303165436,-0.020142242,1.0410426,-1.9824239941631758,1718750.0,2.3128478e-06,1.8999333e-07,0.854546408140094,0.006011435838961452,/content/drive/MyDrive/N-MON/ALTRO/spectograms/FH-20/1303.npy,FH-20
-0.0028148019,0.011762471,0.97091913,0.9582962,0.97092324,-0.9999578,0.9922047,1.9921625554561615,-0.0025333415,1.0419774,-1.9629575629170282,1015625.0,3.82699e-06,1.8761895e-07,0.8509544722192253,0.004024109146131596,/content/drive/MyDrive/N-MON/ALTRO/spectograms/FH-20/1304.npy,FH-20
-0.0045363735,0.023651022,0.96380544,0.9492012,0.96381605,-0.999735,0.99242336,1.9921583384275436,-0.0008019166,1.0518314,-1.8198544741767944,-390625.0,4.856843e-06,1.8707996e-07,0.8545135912126337,0.007683343359603339,/content/drive/MyDrive/N-MON/ALTRO/spectograms/FH-20/1305.npy,FH-20
-0.0023815932,-0.0038677466,0.9711176,0.9591274,0.97112054,-0.99997485,0.9921846,1.9921594113111496,-0.002823586,1.0407832,-1.9378440638948027,3007812.5,3.875416e-06,1.8838502e-07,0.8470350892401823,0.0047493487487645135,/content/drive/MyDrive/N-MON/ALTRO/spectograms/FH-20/1306.npy,FH-20
0.0023180556,0.10945563,0.9582379,0.93642884,0.95824075,-0.999958,0.99220586,1.9921638369560242,-0.018667985,1.0687629,-1.8154079367020854,-2382812.5,3.6780827e-06,1.8353137e-07,0.8424122462655463,0.007117350299021747,/content/drive/MyDrive/N-MON/ALTRO/spectograms/FH-20/1307.npy,FH-20
0.0043488503,0.16780879,0.97070533,0.95928997,0.9707151,-1.0000716,0.9920898,1.9921614825725555,-0.017677845,1.0411278,-1.937205573866889,3007812.5,3.1817376e-06,1.8866675e-07,0.8544601095209563,0.003962753488456496,/content/drive/MyDrive/N-MON/ALTRO/spectograms/FH-20/1308.npy,FH-20
0.016485035,0.22694916,0.97262007,0.9613684,0.9727598,-0.9994863,0.992674,1.9921603798866272,-0.038195346,1.0399805,-1.9867777353782252,1015625.0,3.854609e-06,1.8960682e-07,0.8465791930365278,0.006942973190503638,/content/drive/MyDrive/N-MON/ALTRO/spectograms/FH-20/1309.npy,FH-20
0.006085045,0.09013965,0.9681842,0.9557147,0.9682033,-0.99964315,0.9925206,1.9921637028455734,-0.017809507,1.0450329,-1.8896066879496136,-2988281.25,2.3136934e-06,1.8723281e-07,0.8584606800229744,0.0059059321850982605,/content/drive/MyDrive/N-MON/ALTRO/spectograms/FH-20/1310.npy,FH-20
-0.008238503,-0.13192365,0.9734028,0.96292216,0.97343767,-0.99914205,0.9930242,1.992166206240654,0.011905603,1.036682,-1.9818714304800695,-2988281.25,3.1907618e-06,1.8894727e-07,0.8478022724243287,0.0036310345578047906,/content/drive/MyDrive/N-MON/ALTRO/spectograms/FH-20/1311.npy,FH-20
-0.0010610648,0.04281085,0.97166926,0.96065915,0.9716698,-1.0001571,0.9920081,1.9921652972698212,-0.006488915,1.0389895,-1.9536689279453487,-2382812.5,4.025292e-06,1.8845004e-07,0.8426966692815077,0.01412756722137842,/content/drive/MyDrive/N-MON/ALTRO/spectograms/FH-20/1312.npy,FH-20
-0.012300047,-0.05937278,0.97155774,0.95950085,0.9716356,-1.0008664,0.9912207,1.9920871406793594,0.0148520665,1.0402161,-1.943486686233998,-2382812.5,5.0255e-06,1.890198e-07,0.8496705813385195,0.005624495081937106,/content/drive/MyDrive/N-MON/ALTRO/spectograms/FH-20/1313.npy,FH-20
-0.015144363,-0.14877631,0.9700752,0.9576969,0.9701934,-1.0002154,0.9919417,1.9921571612358093,0.020969294,1.0439419,-1.9462440666692669,-2988281.25,3.4337147e-06,1.8763896e-07,0.8433679495206065,0.007686992538744389,/content/drive/MyDrive/N-MON/ALTRO/spectograms/FH-20/1314.npy,FH-20
-0.003572156,-0.008436027,0.9681567,0.9542381,0.9681633,-1.0006974,0.9914614,1.9921588152647018,-0.0007863244,1.0468184,-1.9102902284714613,1015625.0,3.3355543e-06,1.874673e-07,0.849509135725012,0.008789427786728693,/content/drive/MyDrive/N-MON/ALTRO/spectograms/FH-20/1315.npy,FH-20
-0.00026888895,-0.008042349,0.97225726,0.9605385,0.97225726,-1.0001819,0.99197483,1.992156758904457,-0.0070667197,1.0398737,-1.98345122330763,-2382812.5,4.4564085e-06,1.8896975e-07,0.8381147952210264,0.009621237406222533,/content/drive/MyDrive/N-MON/ALTRO/spectograms/FH-20/1316.npy,FH-20
-0.015998239,-0.21850687,0.97608477,0.9669454,0.9762159,-0.99977386,0.992391,1.9921648353338242,0.023380537,1.0324777,-2.010068436169055,-2382812.5,4.7847243e-06,1.892145e-07,0.8448356111358436,0.007302618163938348,/content/drive/MyDrive/N-MON/ALTRO/spectograms/FH-20/1317.npy,FH-20
-0.0075717,-0.09774856,0.9757304,0.9659762,0.9757598,-1.0000882,0.99208176,1.9921699464321136,0.0095206825,1.0329616,-2.012563570819678,1015625.0,2.574638e-06,1.893342e-07,0.8457293427873454,0.007198382463776539,/content/drive/MyDrive/N-MON/ALTRO/spectograms/FH-20/1318.npy,FH-20
0.006132335,0.14604941,0.97569674,0.9662565,0.975716,-0.9984695,0.9936934,1.992162898182869,-0.016723385,1.0333307,-2.035600452605947,-2988281.25,3.5171388e-06,1.8923284e-07,0.8406863665730406,0.003606348300844293,/content/drive/MyDrive/N-MON/ALTRO/spectograms/FH-20/1319.npy,FH-20
0.009401807,0.17885464,0.96987677,0.95722586,0.96992236,-1.0008192,0.99134576,1.992164969444275,-0.02735513,1.0440869,-1.9345997358499611,-2382812.5,3.5367184e-06,1.8953618e-07,0.844333733175382,0.00969512913600847,/content/drive/MyDrive/N-MON/ALTRO/spectograms/FH-20/1320.npy,FH-20
0.001324783,0.082081884,0.96778995,0.9533907,0.9677909,-0.99998695,0.99218327,1.992170199751854,-0.011200088,1.0479529,-1.9114572482808898,-2382812.5,3.0507265e-06,1.8930177e-07,0.8510054987734288,0.008705021041727818,/content/drive/MyDrive/N-MON/ALTRO/spectograms/FH-20/1321.npy,FH-20
0.006111087,0.16469622,0.9722946,0.9603925,0.9723138,-0.99929285,0.9928704,1.9921632409095764,-0.020591851,1.0400997,-1.988868199741628,1015625.0,3.601073e-06,1.8925428e-07,0.8519491517095208,0.0026946956973886846,/content/drive/MyDrive/N-MON/ALTRO/spectograms/FH-20/1322.npy,FH-20
0.00018511915,0.101502456,0.97116226,0.95960295,0.97116226,-1.0000885,0.9920761,1.9921644777059555,-0.008252912,1.0408291,-1.9475125404622224,-2988281.25,4.0366526e-06,1.8971613e-07,0.8344168384171369,0.01052194342764231,/content/drive/MyDrive/N-MON/ALTRO/spectograms/FH-20/1323.npy,FH-20
-0.013126665,-0.14422366,0.96971697,0.95708483,0.96980584,-0.99992377,0.9922299,1.9921536296606064,0.02057031,1.0437498,-1.9323855687601255,-2988281.25,2.2482222e-06,1.8890549e-07,0.865465577374276,0.003778875682470502,/content/drive/MyDrive/N-MON/ALTRO/spectograms/FH-20/1324.npy,FH-20
0.013949481,0.2379964,0.9672004,0.95283115,0.967301,-1.0002162,0.991938,1.9921542257070541,-0.039300974,1.0495586,-1.8912756034459062,-2988281.25,3.4005784e-06,1.8840649e-07,0.8452152089266382,0.003609323588721948,/content/drive/MyDrive/N-MON/ALTRO/spectograms/FH-20/1325.npy,FH-20
0.008722414,0.082193315,0.95833236,0.9357646,0.9583721,-0.999808,0.99234045,1.9921484887599945,-0.030371847,1.0694408,-1.824860080720865,-2988281.25,2.9228065e-06,1.8209312e-07,0.8562421775957051,0.004337305044117935,/content/drive/MyDrive/N-MON/ALTRO/spectograms/FH-20/1326.npy,FH-20
-0.007824349,-0.08566122,0.9747991,0.96458423,0.9748305,-0.99976873,0.99239755,1.9921662956476212,0.010180257,1.0347866,-2.011908019992701,1015625.0,3.7917914e-06,1.8988197e-07,0.844047125847305,0.011412810324462081,/content/drive/MyDrive/N-MON/ALTRO/spectograms/FH-20/1327.npy,FH-20
0.002009222,0.07412438,0.9719604,0.95975614,0.9719625,-1.000035,0.99211395,1.9921490550041199,-0.011609475,1.0403435,-1.965886001417566,1015625.0,2.8917912e-06,1.8845411e-07,0.853555938367625,0.005796788894382865,/content/drive/MyDrive/N-MON/ALTRO/spectograms/FH-20/1328.npy,FH-20
-0.0029068908,-0.0318128,0.9677917,0.95341206,0.967796,-1.0006294,0.99153155,1.9921609908342361,-0.0012325562,1.0482962,-1.916361410817822,-2382812.5,2.3623215e-06,1.8838811e-07,0.8533920512758137,0.004419228158301934,/content/drive/MyDrive/N-MON/ALTRO/spectograms/FH-20/1329.npy,FH-20
-0.0028033399,-0.0006812988,0.9715329,0.95987725,0.9715369,-1.0005971,0.99156964,1.9921667575836182,-0.002931069,1.0405635,-1.960663227850642,1015625.0,3.0571045e-06,1.8799881e-07,0.8398020929749237,0.008923439032305677,/content/drive/MyDrive/N-MON/ALTRO/spectograms/FH-20/1330.npy,FH-20
0.0010424771,0.016265774,0.96791023,0.95365447,0.96791077,-0.9992764,0.99288946,1.9921658486127853,-0.008375683,1.0473824,-1.9097644593279635,410156.25,2.1008393e-06,1.891267e-07,0.846152987712815,0.00790274646398885,/content/drive/MyDrive/N-MON/ALTRO/spectograms/FH-20/1331.npy,FH-20
0.0019472974,0.09716322,0.9716654,0.9592876,0.97166735,-1.0004478,0.99171215,1.9921599179506302,-0.015239929,1.0411524,-1.9622625004418508,-2988281.25,3.0810131e-06,1.8765661e-07,0.848899442769456,0.006392302747243597,/content/drive/MyDrive/N-MON/ALTRO/spectograms/FH-20/1332.npy,FH-20
0.0068308753,0.1367181,0.9696496,0.9573558,0.96967363,-0.99996793,0.9921989,1.992166817188263,-0.020729708,1.0434861,-1.9269367769490906,-2382812.5,3.624067e-06,1.8847643e-07,0.8588671780280698,0.003706984942062835,/content/drive/MyDrive/N-MON/ALTRO/spectograms/FH-20/1333.npy,FH-20
0.0040750694,0.06672122,0.9668984,0.9518165,0.96690696,-0.99960303,0.99256134,1.9921643882989883,-0.012957101,1.0496584,-1.8960248834885969,-390625.0,1.6435126e-06,1.8850352e-07,0.8517885618389955,0.007353880846859064,/content/drive/MyDrive/N-MON/ALTRO/spectograms/FH-20/1334.npy,FH-20
0.020582406,0.35198382,0.97272897,0.96104026,0.9729467,-0.9996276,0.9925295,1.992157131433487,-0.049168106,1.0406815,-1.981455126314953,-2988281.25,4.7145736e-06,1.8866514e-07,0.8472249623725174,0.005498986114719456,/content/drive/MyDrive/N-MON/ALTRO/spectograms/FH-20/1335.npy,FH-20
0.0038963438,0.12872694,0.9672431,0.9538966,0.96725094,-1.0001078,0.9920512,1.9921590089797974,-0.016740246,1.047302,-1.878741498616159,-2988281.25,3.0533965e-06,1.8847626e-07,0.8473189311976264,0.006079144217960552,/content/drive/MyDrive/N-MON/ALTRO/spectograms/FH-20/1336.npy,FH-20
-0.016218575,-0.21398968,0.97297263,0.9618719,0.97310776,-0.99920785,0.99294376,1.9921516180038452,0.026633453,1.038243,-1.9696752752461733,-2988281.25,3.221741e-06,1.8817472e-07,0.843387975374868,0.009854115704740566,/content/drive/MyDrive/N-MON/ALTRO/spectograms/FH-20/1337.npy,FH-20
0.012855514,0.19176269,0.9719462,0.95991075,0.9720312,-0.99960405,0.99256,1.992164060473442,-0.032698106,1.041281,-1.9652270700469938,1015625.0,2.7179576e-06,1.87786e-07,0.8456824602186402,0.007853471228480857,/content/drive/MyDrive/N-MON/ALTRO/spectograms/FH-20/1338.npy,FH-20
0.010670738,0.27769855,0.97397447,0.96342576,0.974033,-0.99965405,0.99251324,1.9921673387289047,-0.029776711,1.0370694,-2.0070217070983825,-2382812.5,2.5499799e-06,1.8953878e-07,0.8328650946519114,0.005314198852812555,/content/drive/MyDrive/N-MON/ALTRO/spectograms/FH-20/1339.npy,FH-20
0.0003037634,0.083318725,0.9715146,0.9595373,0.97151464,-0.9987085,0.99344975,1.992158204317093,-0.0069305473,1.0412645,-1.9699748817731522,-2988281.25,2.5866732e-06,1.8806978e-07,0.8445537102869314,0.010630790435385153,/content/drive/MyDrive/N-MON/ALTRO/spectograms/FH-20/1340.npy,FH-20
-0.0033837534,-0.03174063,0.9697787,0.9578678,0.9697846,-1.0004385,0.9917257,1.992164134979248,-0.0010875999,1.0428878,-1.9255571539759073,-996093.75,2.162269e-06,1.8960287e-07,0.8475006124727799,0.0040822864905081515,/content/drive/MyDrive/N-MON/ALTRO/spectograms/FH-20/1341.npy,FH-20
-0.0022710133,0.03903893,0.97057056,0.95847034,0.97057325,-0.99992037,0.992244,1.992164358496666,-0.0038055978,1.041898,-1.9346643456323414,2402343.75,2.5052004e-06,1.8817425e-07,0.8544117522712249,0.002569905510451287,/content/drive/MyDrive/N-MON/ALTRO/spectograms/FH-20/1342.npy,FH-20
0.0074638175,0.17212662,0.96526897,0.9500075,0.9652978,-0.99977887,0.99238706,1.9921659231185913,-0.027775489,1.0525922,-1.8675725394469442,3007812.5,2.8971851e-06,1.8699296e-07,0.8442774176798422,0.0060483104627343355,/content/drive/MyDrive/N-MON/ALTRO/spectograms/FH-20/1343.npy,FH-20
0.01936142,0.3167941,0.9702801,0.95800257,0.97047323,-0.9994503,0.9926971,1.9921474605798721,-0.047477435,1.0439187,-1.942532139491773,-1679687.5,2.175829e-06,1.8915954e-07,0.8525620450324678,0.004283969635859984,/content/drive/MyDrive/N-MON/ALTRO/spectograms/FH-20/1344.npy,FH-20
-0.01112252,-0.1089638,0.9689089,0.95675313,0.96897274,-0.9995899,0.99255973,1.99214968085289,0.0139584225,1.0439785,-1.9018702038333484,-2382812.5,3.2738205e-06,1.8830869e-07,0.8472482972040681,0.00793879404688982,/content/drive/MyDrive/N-MON/ALTRO/spectograms/FH-20/1345.npy,FH-20
-0.011322453,-0.1409057,0.9706641,0.95881265,0.9707301,-1.0003123,0.99183846,1.9921507835388184,0.016719254,1.0416119,-1.937318855963863,-2382812.5,2.7342965e-06,1.8692873e-07,0.85609497664764,0.005437454473061437,/content/drive/MyDrive/N-MON/ALTRO/spectograms/FH-20/1346.npy,FH-20
-0.01147364,-0.035675243,0.967347,0.95436364,0.9674151,-1.0005461,0.9916167,1.9921628534793854,0.013305533,1.0471902,-1.8920650662237943,-2988281.25,3.4042368e-06,1.876816e-07,0.8518112033872783,0.006576752841684731,/content/drive/MyDrive/N-MON/ALTRO/spectograms/FH-20/1347.npy,FH-20
-0.011962102,-0.12467398,0.97087884,0.959354,0.9709526,-0.9996879,0.99247754,1.9921653866767883,0.015730806,1.0408982,-1.936354167717741,-2988281.25,2.1930514e-06,1.8764683e-07,0.8526706663668092,0.004590876882240587,/content/drive/MyDrive/N-MON/ALTRO/spectograms/FH-20/1348.npy,FH-20
0.006680247,0.1337273,0.9707847,0.95837086,0.97080773,-0.9990848,0.99308455,1.9921693056821823,-0.019492172,1.0424054,-1.9460911583860663,2421875.0,2.5894128e-06,1.8979253e-07,0.8449693532490585,0.00459380150031629,/content/drive/MyDrive/N-MON/ALTRO/spectograms/FH-20/1349.npy,FH-20
-0.014738157,-0.1884064,0.9735048,0.963073,0.9736163,-1.0008763,0.99127614,1.992152452468872,0.020242395,1.0366416,-1.9801110932730748,-2988281.25,3.191927e-06,1.9003554e-07,0.8429251403797402,0.004686682318266991,/content/drive/MyDrive/N-MON/ALTRO/spectograms/FH-20/1350.npy,FH-20
-0.0031425462,0.0789586,0.96901745,0.95651835,0.9690225,-0.99923944,0.9929199,1.9921593815088272,-0.0029949506,1.0442303,-1.918527305975861,-2382812.5,3.977735e-06,1.8757942e-07,0.8226973703063808,0.009448340229599655,/content/drive/MyDrive/N-MON/ALTRO/spectograms/FH-20/1351.npy,FH-20
0.0067811245,0.23073837,0.9727691,0.96138,0.9727926,-0.99965334,0.99251664,1.9921700209379196,-0.02375269,1.0388365,-1.9664424372019378,-2988281.25,2.1952833e-06,1.8787603e-07,0.8514758924246909,0.006551096680030201,/content/drive/MyDrive/N-MON/ALTRO/spectograms/FH-20/1352.npy,FH-20
0.0012553635,0.08166738,0.96945757,0.9563967,0.9694584,-1.0002899,0.99187285,1.9921628385782242,-0.0110830935,1.0444182,-1.922332081735788,1015625.0,3.1195814e-06,1.88474e-07,0.8417255727362845,0.009758606621239006,/content/drive/MyDrive/N-MON/ALTRO/spectograms/FH-20/1353.npy,FH-20
-0.011194191,-0.077206075,0.97398484,0.9629228,0.97404915,-0.99904615,0.9931215,1.9921676963567734,0.016312491,1.0370921,-2.0002116412291047,1015625.0,3.7036802e-06,1.8971322e-07,0.8422737950271493,0.00852660952707095,/content/drive/MyDrive/N-MON/ALTRO/spectograms/FH-20/1354.npy,FH-20
0.010150684,0.11279307,0.96610355,0.95177907,0.9661569,-1.0005171,0.991626,1.9921431839466095,-0.025770735,1.0500793,-1.8663218891110749,1015625.0,3.5054666e-06,1.857926e-07,0.8495431028530025,0.004870653368686584,/content/drive/MyDrive/N-MON/ALTRO/spectograms/FH-20/1355.npy,FH-20
0.005754716,0.23475169,0.9699896,0.9580441,0.97000664,-0.9995429,0.9926181,1.9921609908342361,-0.021461613,1.0429075,-1.9339532363374137,3007812.5,2.342254e-06,1.8856474e-07,0.8548493505220256,0.006950620109876139,/content/drive/MyDrive/N-MON/ALTRO/spectograms/FH-20/1356.npy,FH-20
0.009324667,0.07035852,0.9650638,0.94939417,0.9651088,-0.9999896,0.99216044,1.9921500831842422,-0.024569565,1.0537425,-1.8824799338351907,1015625.0,3.7456575e-06,1.8681565e-07,0.8467033447436633,0.0055308272597073375,/content/drive/MyDrive/N-MON/ALTRO/spectograms/FH-20/1357.npy,FH-20
-0.0009582746,-0.010846559,0.9700353,0.9575306,0.97003573,-0.9991033,0.9930621,1.9921654015779495,-0.0035871256,1.0423162,-1.9180961994789156,3007812.5,4.5532347e-06,1.8824655e-07,0.8602821695587042,0.00917832868089626,/content/drive/MyDrive/N-MON/ALTRO/spectograms/FH-20/1358.npy,FH-20
-0.00019667053,0.06485885,0.96418756,0.94884264,0.96418756,-1.0015086,0.99065495,1.9921635538339615,-0.010718199,1.0534327,-1.8612228457704802,3007812.5,3.575741e-06,1.8797948e-07,0.854851302029648,0.0028702883593729237,/content/drive/MyDrive/N-MON/ALTRO/spectograms/FH-20/1359.npy,FH-20
-0.0024372684,0.05068934,0.9716656,0.96060413,0.97166866,-0.99990267,0.99226236,1.9921649992465973,-0.0043719583,1.0394688,-1.9665031828277446,3007812.5,2.692128e-06,1.876036e-07,0.8448277162945639,0.0038187674296198885,/content/drive/MyDrive/N-MON/ALTRO/spectograms/FH-20/1360.npy,FH-20
0.0005544152,0.035116993,0.96867687,0.9551148,0.96867704,-1.0000665,0.9920998,1.9921662658452988,-0.01026191,1.0453551,-1.8945748857997906,-2382812.5,2.2766453e-06,1.8817258e-07,0.8578899645755654,0.005513491638949933,/content/drive/MyDrive/N-MON/ALTRO/spectograms/FH-20/1361.npy,FH-20
-0.0062515764,-0.047877107,0.96893096,0.9568012,0.9689511,-1.0009514,0.9912111,1.9921625554561615,0.0031161604,1.0434804,-1.902165144082842,-2988281.25,2.4109563e-06,1.8708494e-07,0.8390507368643827,0.012041279743898844,/content/drive/MyDrive/N-MON/ALTRO/spectograms/FH-20/1362.npy,FH-20
-0.0023910813,-1.6973354e-05,0.96799266,0.9545068,0.9679956,-0.99999595,0.9921685,1.992164433002472,-0.004616952,1.0469251,-1.9172913924732857,-2988281.25,5.4959414e-06,1.8732084e-07,0.8530407501430638,0.0032758406305621966,/content/drive/MyDrive/N-MON/ALTRO/spectograms/FH-20/1363.npy,FH-20
-0.007484257,5.9160593e-06,0.9711525,0.95911217,0.9711813,-1.0000222,0.9921452,1.992167353630066,0.0056587365,1.0413519,-1.9540179318488768,-2363281.25,2.339203e-06,1.8808281e-07,0.8496299557113907,0.004805560997702956,/content/drive/MyDrive/N-MON/ALTRO/spectograms/FH-20/1364.npy,FH-20
0.014755243,0.21011308,0.96917546,0.95571804,0.96928775,-1.0008042,0.991349,1.992153212428093,-0.038638633,1.0460699,-1.9350352591277746,3007812.5,3.1369348e-06,1.8874559e-07,0.8350440816333404,0.0042346010125089715,/content/drive/MyDrive/N-MON/ALTRO/spectograms/FH-20/1365.npy,FH-20
0.0016249933,0.112997055,0.97218204,0.96068686,0.9721834,-1.0002589,0.9919082,1.992167130112648,-0.013580482,1.0397624,-1.9657312303058998,-2988281.25,2.985119e-06,1.8864905e-07,0.8618059659256059,0.0041991031583204505,/content/drive/MyDrive/N-MON/ALTRO/spectograms/FH-20/1366.npy,FH-20
-0.008373856,-0.13651496,0.9727835,0.9611692,0.97281957,-0.99979657,0.99237394,1.9921704977750778,0.012175305,1.0390124,-1.9861379606233245,-2382812.5,4.1792514e-06,1.89049e-07,0.8488596033325018,0.005317541967181216,/content/drive/MyDrive/N-MON/ALTRO/spectograms/FH-20/1367.npy,FH-20
0.0048319986,0.1715203,0.9762413,0.9674513,0.9762533,-1.0003351,0.9918343,1.992169439792633,-0.020278761,1.0312182,-2.0211993844287948,-2382812.5,4.3928603e-06,1.8923333e-07,0.8474150972376786,0.004123621169012796,/content/drive/MyDrive/N-MON/ALTRO/spectograms/FH-20/1368.npy,FH-20
0.003190977,0.05537957,0.96722776,0.95331717,0.96723306,-0.9993691,0.99279034,1.9921593815088272,-0.01310168,1.0486362,-1.9148828422871953,-2382812.5,3.1124118e-06,1.8904095e-07,0.8415087260432452,0.00716660100417602,/content/drive/MyDrive/N-MON/ALTRO/spectograms/FH-20/1369.npy,FH-20
0.0014752321,0.08231693,0.963151,0.9470841,0.96315205,-0.99976206,0.9923975,1.9921595305204391,-0.010194257,1.0553871,-1.8297461470504397,-1582031.25,2.3514979e-06,1.8681622e-07,0.839651258180276,0.0058555478231389155,/content/drive/MyDrive/N-MON/ALTRO/spectograms/FH-20/1370.npy,FH-20
-0.0012836132,0.09339895,0.97106075,0.95876896,0.9710616,-1.0003438,0.9918073,1.9921510368585587,-0.0058766208,1.0419426,-1.957205816564475,2421875.0,2.636046e-06,1.8841192e-07,0.8436091021125686,0.008755473010160546,/content/drive/MyDrive/N-MON/ALTRO/spectograms/FH-20/1371.npy,FH-20
0.0008227501,0.11276903,0.9698162,0.95735544,0.96981657,-1.0005006,0.991665,1.9921656250953674,-0.01288758,1.0430717,-1.9257764422599426,3027343.75,2.6698808e-06,1.8926838e-07,0.8498639392887104,0.004134312577975829,/content/drive/MyDrive/N-MON/ALTRO/spectograms/FH-20/1372.npy,FH-20
-0.007795223,-0.09303382,0.97120506,0.95961946,0.9712363,-0.9992726,0.992897,1.9921695590019226,0.009718337,1.0404975,-1.9438241168122723,-1699218.75,2.0033376e-06,1.883869e-07,0.8513053376941936,0.00428999861822553,/content/drive/MyDrive/N-MON/ALTRO/spectograms/FH-20/1373.npy,FH-20
-0.0011581958,0.0038937635,0.96833915,0.9554231,0.9683398,-1.0000437,0.99212337,1.992167130112648,-0.006739131,1.0455409,-1.9017192977924318,-2988281.25,2.758064e-06,1.8724137e-07,0.8566499867904483,0.006082473467626532,/content/drive/MyDrive/N-MON/ALTRO/spectograms/FH-20/1374.npy,FH-20
0.00413509,0.06569476,0.96641314,0.9512317,0.96642196,-1.0006349,0.991516,1.992150902748108,-0.016394936,1.0510262,-1.8972716811876194,-2382812.5,2.256953e-06,1.8803372e-07,0.8458977558537958,0.004393393262685854,/content/drive/MyDrive/N-MON/ALTRO/spectograms/FH-20/1375.npy,FH-20
0.008017992,0.2297123,0.9711423,0.9590871,0.9711754,-1.000818,0.9913269,1.992144912481308,-0.028179584,1.0418434,-1.944496990701403,-2988281.25,2.0068128e-06,1.8747144e-07,0.8498534496058943,0.004339693631999385,/content/drive/MyDrive/N-MON/ALTRO/spectograms/FH-20/1376.npy,FH-20
0.009349323,0.1675744,0.9703614,0.9573177,0.97040635,-1.0003375,0.99182,1.9921574294567108,-0.026319854,1.0439383,-1.9527327958901257,2421875.0,2.0100695e-06,1.888e-07,0.8533946651639206,0.009794049203237672,/content/drive/MyDrive/N-MON/ALTRO/spectograms/FH-20/1377.npy,FH-20
-0.0055851755,0.008385564,0.96090937,0.94369936,0.9609256,-0.99944717,0.9927156,1.9921627789735794,0.001671568,1.0600141,-1.8198468370181573,-2382812.5,4.114312e-06,1.859727e-07,0.8528233254028086,0.004087335044772111,/content/drive/MyDrive/N-MON/ALTRO/spectograms/FH-20/1378.npy,FH-20
-0.003755442,0.054335225,0.96753496,0.95332366,0.96754223,-1.0002898,0.99187267,1.9921624958515167,-0.002382805,1.0472412,-1.8953967157505185,-2382812.5,4.180788e-06,1.8705694e-07,0.8466491772581336,0.005072927368426368,/content/drive/MyDrive/N-MON/ALTRO/spectograms/FH-20/1379.npy,FH-20
0.0055527505,0.035948582,0.97127473,0.9584811,0.9712906,-0.99911535,0.9930513,1.9921666532754898,-0.01644957,1.0419348,-1.9631943461177228,-2988281.25,3.9801694e-06,1.8815166e-07,0.8333814937866986,0.0071213221937159515,/content/drive/MyDrive/N-MON/ALTRO/spectograms/FH-20/1380.npy,FH-20
0.0004624977,0.14124623,0.9735034,0.9634059,0.97350353,-0.99943376,0.9927305,1.9921642392873764,-0.011361781,1.0360663,-1.9766659128091544,-2382812.5,2.9291282e-06,1.8759839e-07,0.8707064032843391,0.0042515180702726325,/content/drive/MyDrive/N-MON/ALTRO/spectograms/FH-20/1381.npy,FH-20
0.00047908496,0.05879549,0.970778,0.9580874,0.9707781,-0.999813,0.99235046,1.9921634942293167,-0.007391893,1.0429965,-1.9568738595619861,-996093.75,2.5826125e-06,1.8851867e-07,0.8419044935564459,0.007651065564801757,/content/drive/MyDrive/N-MON/ALTRO/spectograms/FH-20/1382.npy,FH-20
-0.0010266118,0.019761309,0.96993494,0.9567501,0.96993554,-0.9998554,0.9923055,1.9921609163284302,-0.0062137223,1.0437597,-1.944261944595434,3007812.5,2.999469e-06,1.8848822e-07,0.8509669392261976,0.0043018218111453965,/content/drive/MyDrive/N-MON/ALTRO/spectograms/FH-20/1383.npy,FH-20
-0.018675372,-0.24622373,0.9710276,0.9583567,0.97120714,-1.0001454,0.99201477,1.9921602010726929,0.03289731,1.0425844,-1.960417841214393,-2382812.5,4.6994114e-06,1.8880274e-07,0.8499055685630363,0.011136335695592246,/content/drive/MyDrive/N-MON/ALTRO/spectograms/FH-20/1384.npy,FH-20
0.0068907784,0.191402,0.9742716,0.96376055,0.9742959,-0.99999493,0.99217254,1.9921674728393555,-0.023377284,1.0360391,-1.9975366805832737,-2988281.25,3.4717768e-06,1.9032095e-07,0.8556866165600792,0.004891324695241336,/content/drive/MyDrive/N-MON/ALTRO/spectograms/FH-20/1385.npy,FH-20
-0.0032763344,-0.036183245,0.96996355,0.95845056,0.9699691,-1.0009894,0.9911684,1.9921578615903854,0.00011197052,1.0423899,-1.9363554856136285,1015625.0,3.5295034e-06,1.8762802e-07,0.8556523568072688,0.005514266081862137,/content/drive/MyDrive/N-MON/ALTRO/spectograms/FH-20/1386.npy,FH-20
0.008193544,0.25848985,0.9787577,0.9702394,0.978792,-0.9993819,0.9927837,1.9921656101942062,-0.024480045,1.0288669,-2.064636184066549,-2988281.25,4.598287e-06,1.9060381e-07,0.8401256137393274,0.002575389218988809,/content/drive/MyDrive/N-MON/ALTRO/spectograms/FH-20/1387.npy,FH-20
-0.0049263053,-0.08934961,0.9729848,0.96163076,0.9729973,-0.9995078,0.9926269,1.9921347349882126,0.0050938074,1.0381377,-1.972022896848537,3007812.5,2.5590493e-06,1.8888522e-07,0.8462865607948336,0.009510542493965882,/content/drive/MyDrive/N-MON/ALTRO/spectograms/FH-20/1388.npy,FH-20
0.005389316,0.11656745,0.95504856,0.93162006,0.9550638,-1.000558,0.99160516,1.9921632260084152,-0.026113734,1.0754343,-1.7920900763428087,-2382812.5,3.638455e-06,1.815896e-07,0.8493221093431391,0.0034840404883405727,/content/drive/MyDrive/N-MON/ALTRO/spectograms/FH-20/1389.npy,FH-20
0.0045381277,0.05746881,0.96869266,0.95415956,0.9687032,-1.0010296,0.99111897,1.9921485483646393,-0.018595768,1.0474143,-1.9319159293498755,410156.25,2.5479217e-06,1.8609626e-07,0.836128031461177,0.0051426832522106095,/content/drive/MyDrive/N-MON/ALTRO/spectograms/FH-20/1390.npy,FH-20
-0.014366991,-0.09408559,0.9695582,0.9557521,0.96966463,-1.0004884,0.9916693,1.9921576529741287,0.018763797,1.0457081,-1.947240356402822,1015625.0,2.8823222e-06,1.8840194e-07,0.8529873635296273,0.004342513380855606,/content/drive/MyDrive/N-MON/ALTRO/spectograms/FH-20/1391.npy,FH-20
-0.0016332709,0.016072415,0.9716711,0.95981777,0.9716725,-0.9995135,0.9926559,1.9921694248914719,-0.0034031488,1.0402987,-1.961869191204441,-2988281.25,2.9260193e-06,1.879534e-07,0.8546617189722292,0.003358048991208205,/content/drive/MyDrive/N-MON/ALTRO/spectograms/FH-20/1392.npy,FH-20
0.010803858,0.17160633,0.971698,0.9603503,0.97175807,-1.0001758,0.99196243,1.9921382665634155,-0.02915409,1.0402617,-1.9504357112135289,3007812.5,2.2488134e-06,1.8908335e-07,0.857841723402706,0.006538001722046973,/content/drive/MyDrive/N-MON/ALTRO/spectograms/FH-20/1393.npy,FH-20
-0.0052423817,-0.06696111,0.9717088,0.9598525,0.9717229,-1.0004895,0.991667,1.992156445980072,0.0027116118,1.0407399,-1.9808159558725118,-2382812.5,3.4799593e-06,1.8753099e-07,0.8420164819686491,0.004705168628831359,/content/drive/MyDrive/N-MON/ALTRO/spectograms/FH-20/1394.npy,FH-20
0.0032868548,0.04318741,0.9729052,0.96125317,0.97291076,-0.99970174,0.99246585,1.9921676367521286,-0.01284466,1.0379975,-1.9634388576728423,-2382812.5,3.8131834e-06,1.8673762e-07,0.8364864905117038,0.006290253210925209,/content/drive/MyDrive/N-MON/ALTRO/spectograms/FH-20/1395.npy,FH-20
0.0043736966,0.08625321,0.97125024,0.9601395,0.97126013,-0.99966574,0.99246025,1.9921260476112366,-0.01461816,1.0396786,-1.9289116067582877,-2382812.5,3.2174407e-06,1.8921548e-07,0.8336916120233449,0.00401998346004479,/content/drive/MyDrive/N-MON/ALTRO/spectograms/FH-20/1396.npy,FH-20
0.0015978768,0.13346566,0.97276473,0.9612901,0.97276604,-0.99930793,0.9928533,1.9921612441539764,-0.012317268,1.039111,-1.9832838448855414,1015625.0,3.58055e-06,1.88394e-07,0.8379940356469442,0.008803558899824902,/content/drive/MyDrive/N-MON/ALTRO/spectograms/FH-20/1397.npy,FH-20
0.007833269,0.14385894,0.9723252,0.9610017,0.97235674,-1.0006881,0.9914637,1.9921518713235855,-0.023579314,1.0389174,-1.9649576686430985,-390625.0,2.6014839e-06,1.887071e-07,0.8516149671370534,0.004164561563977216,/content/drive/MyDrive/N-MON/ALTRO/spectograms/FH-20/1398.npy,FH-20
-0.005838725,-0.10495625,0.97263414,0.9615168,0.9726517,-0.9995445,0.99262244,1.9921669512987137,0.0059249224,1.0388985,-1.9835869942840028,1015625.0,3.253405e-06,1.879791e-07,0.8495788478972635,0.011206549643956808,/content/drive/MyDrive/N-MON/ALTRO/spectograms/FH-20/1399.npy,FH-20
0.009158083,0.1527195,0.96231216,0.94562024,0.96235573,-0.99965775,0.99250466,1.9921624511480331,-0.028052488,1.0578796,-1.8319021305837444,-2988281.25,2.5887841e-06,1.827601e-07,0.8656451368242795,0.004791302327379064,/content/drive/MyDrive/N-MON/ALTRO/spectograms/FH-20/1400.npy,FH-20
-0.01006698,-0.08641447,0.9723912,0.96127856,0.9724433,-1.0004855,0.9916544,1.9921399652957916,0.012526795,1.0384994,-1.9551351577791147,-2382812.5,3.930597e-06,1.8872191e-07,0.8379298920996034,0.012868368163626123,/content/drive/MyDrive/N-MON/ALTRO/spectograms/FH-20/1401.npy,FH-20
0.0042692907,0.14021504,0.97049457,0.9589846,0.970504,-1.0003887,0.9917759,1.9921646118164062,-0.016776629,1.0407321,-1.9080623404127544,-2382812.5,3.1546117e-06,1.8781716e-07,0.8551708645846415,0.011097429856266773,/content/drive/MyDrive/N-MON/ALTRO/spectograms/FH-20/1402.npy,FH-20
0.0039181,0.17152089,0.97246456,0.9616011,0.9724725,-1.0003835,0.9917819,1.992165431380272,-0.017489115,1.0387021,-1.9626919818630972,-2382812.5,3.442963e-06,1.8734715e-07,0.8299854610310744,0.006400708432239615,/content/drive/MyDrive/N-MON/ALTRO/spectograms/FH-20/1403.npy,FH-20
-0.009198131,-0.10194803,0.9717302,0.9604277,0.97177374,-1.0004082,0.99175906,1.9921672344207764,0.008960061,1.0394334,-1.946121149780659,1015625.0,4.1936555e-06,1.8906408e-07,0.8510655926508979,0.0059761869513987225,/content/drive/MyDrive/N-MON/ALTRO/spectograms/FH-20/1404.npy,FH-20
2.0658017e-05,0.024032407,0.96858305,0.95461553,0.96858305,-0.9993206,0.99284464,1.9921652525663376,-0.006916791,1.0467657,-1.9236047781119086,-996093.75,2.473465e-06,1.8777399e-07,0.8552428844635602,0.004754656375080873,/content/drive/MyDrive/N-MON/ALTRO/spectograms/FH-20/1405.npy,FH-20
-0.005768611,-0.016676497,0.9713312,0.9599004,0.97134835,-1.0010095,0.99115694,1.9921663403511047,0.0016889732,1.0396961,-1.932617694420273,-2988281.25,2.894143e-06,1.8804232e-07,0.8417909415928383,0.00405762503323204,/content/drive/MyDrive/N-MON/ALTRO/spectograms/FH-20/1406.npy,FH-20
0.0053329044,0.14044441,0.9712667,0.9592534,0.97128135,-1.000161,0.9920025,1.9921635836362839,-0.017737472,1.041444,-1.9609958126281193,1015625.0,2.0912137e-06,1.8863207e-07,0.8590222492957206,0.007344337456568551,/content/drive/MyDrive/N-MON/ALTRO/spectograms/FH-20/1407.npy,FH-20
0.005302882,0.066032775,0.97027636,0.95740193,0.97029084,-1.0003788,0.9917891,1.9921679347753525,-0.017533423,1.0433935,-1.9444887854789255,3007812.5,3.1642571e-06,1.8844764e-07,0.8401973505813138,0.004568127271752466,/content/drive/MyDrive/N-MON/ALTRO/spectograms/FH-20/1408.npy,FH-20
-0.005140472,0.035666425,0.96668965,0.95245254,0.9667033,-0.9995209,0.9926388,1.992159754037857,0.0024476205,1.0490394,-1.872449385064731,-2382812.5,3.4257896e-06,1.8743371e-07,0.8355933673008115,0.006272047949791273,/content/drive/MyDrive/N-MON/ALTRO/spectograms/FH-20/1409.npy,FH-20
-0.009985816,-0.101504,0.9724835,0.9607515,0.9725348,-1.000047,0.9921161,1.992163062095642,0.01302794,1.0396385,-1.9839962735876064,-2988281.25,3.1610293e-06,1.8954476e-07,0.8462779549035375,0.002289483077169515,/content/drive/MyDrive/N-MON/ALTRO/spectograms/FH-20/1410.npy,FH-20
-0.012186875,-0.07523911,0.97807556,0.9691642,0.9781515,-1.0009828,0.99116606,1.9921488165855408,0.014944031,1.0299393,-2.061608029251233,-2988281.25,2.198719e-06,1.9048206e-07,0.8431563589895937,0.005341173591204952,/content/drive/MyDrive/N-MON/ALTRO/spectograms/FH-20/1411.npy,FH-20
0.0073023005,0.07780274,0.96228147,0.9425264,0.9623091,-1.0002053,0.9919572,1.9921624064445496,-0.024882315,1.0610249,-1.8786151765732477,-390625.0,2.049952e-06,1.8950175e-07,0.8503794352508035,0.010323917841585548,/content/drive/MyDrive/N-MON/ALTRO/spectograms/FH-20/1412.npy,FH-20
-0.016023902,-0.109423354,0.9717098,0.9591233,0.97184193,-0.9999274,0.99223804,1.9921654611825943,0.023445416,1.0418519,-1.98059110435384,3007812.5,2.6237478e-06,1.8767687e-07,0.8599921709121956,0.00581677245278306,/content/drive/MyDrive/N-MON/ALTRO/spectograms/FH-20/1413.npy,FH-20
0.0072882557,0.16034654,0.97040343,0.9577654,0.97043085,-0.99978757,0.99234575,1.9921333491802216,-0.020284997,1.0430133,-1.9320437148313536,-2988281.25,2.8693398e-06,1.8904332e-07,0.8512420481811647,0.004995014137087214,/content/drive/MyDrive/N-MON/ALTRO/spectograms/FH-20/1414.npy,FH-20
-0.006991725,0.035471544,0.96570575,0.95096177,0.9657311,-0.9996815,0.99244726,1.9921287149190903,0.0038891134,1.0506763,-1.871396294981164,3007812.5,2.7429885e-06,1.8781928e-07,0.8466293890022207,0.004256032840193004,/content/drive/MyDrive/N-MON/ALTRO/spectograms/FH-20/1415.npy,FH-20
0.0115775,0.17153281,0.9734504,0.9618839,0.97351927,-1.000303,0.99185705,1.992160126566887,-0.030204628,1.039126,-2.003500292636917,-2988281.25,2.3534737e-06,1.8948663e-07,0.8514612234997772,0.007119532644131407,/content/drive/MyDrive/N-MON/ALTRO/spectograms/FH-20/1416.npy,FH-20
-0.009908752,-0.09776624,0.96693367,0.9536009,0.9669844,-1.0000751,0.9920853,1.992160364985466,0.013818507,1.0470414,-1.8689993525212822,-2988281.25,2.8829497e-06,1.8703211e-07,0.8536715545329364,0.0044931020004584585,/content/drive/MyDrive/N-MON/ALTRO/spectograms/FH-20/1417.npy,FH-20
-0.005253547,0.0042214054,0.97440165,0.9641826,0.97441584,-0.9996395,0.99252725,1.9921667575836182,0.0039010476,1.0353597,-2.0023513493705876,-2988281.25,4.6675873e-06,1.8984935e-07,0.8309499180341717,0.00917667618839605,/content/drive/MyDrive/N-MON/ALTRO/spectograms/FH-20/1418.npy,FH-20
-0.014302878,-0.10610336,0.9730918,0.9620591,0.97319686,-1.0005598,0.99159503,1.9921547919511795,0.019471068,1.0379328,-1.9789890864999997,1015625.0,3.869052e-06,1.8803198e-07,0.8352274914688187,0.003427000081647156,/content/drive/MyDrive/N-MON/ALTRO/spectograms/FH-20/1419.npy,FH-20
-0.008304882,-0.0701221,0.969704,0.95711887,0.96973956,-0.9997668,0.9923958,1.992162674665451,0.007704884,1.0440297,-1.940304471882092,3007812.5,2.5757674e-06,1.8822479e-07,0.8494989117852788,0.007140365985771826,/content/drive/MyDrive/N-MON/ALTRO/spectograms/FH-20/1420.npy,FH-20
-0.002808712,0.0046092947,0.9677746,0.95466256,0.9677787,-0.99924135,0.9929273,1.9921686351299286,-0.00010500767,1.0469891,-1.9078059410724066,-2382812.5,2.4204026e-06,1.8776076e-07,0.8477938444518889,0.004564609575569739,/content/drive/MyDrive/N-MON/ALTRO/spectograms/FH-20/1421.npy,FH-20
0.006362009,0.062077593,0.96661013,0.95261455,0.96663105,-1.0002722,0.99188364,1.9921558052301407,-0.019301116,1.0485125,-1.8652931411681781,2421875.0,2.5118807e-06,1.8818123e-07,0.8480016555165726,0.006190486152491163,/content/drive/MyDrive/N-MON/ALTRO/spectograms/FH-20/1422.npy,FH-20
-0.026862692,-0.32722044,0.96990305,0.95653677,0.970275,-0.9991933,0.99290884,1.992102101445198,0.04895806,1.045989,-1.9471239331548758,1015625.0,2.566717e-06,1.877715e-07,0.840302539026546,0.00600524935835879,/content/drive/MyDrive/N-MON/ALTRO/spectograms/FH-20/1423.npy,FH-20
-0.006118996,-0.016397996,0.9707188,0.95829153,0.97073805,-1.0008805,0.9912808,1.99216128885746,0.0023163268,1.0423067,-1.9603534685467807,3007812.5,2.3653577e-06,1.8945119e-07,0.840422479675848,0.00564226607825289,/content/drive/MyDrive/N-MON/ALTRO/spectograms/FH-20/1424.npy,FH-20
-0.0153422365,-0.18848464,0.972621,0.9618369,0.972742,-1.0008888,0.99125963,1.992148444056511,0.022263577,1.0383619,-1.9738330056955251,2421875.0,2.46058e-06,1.8848125e-07,0.851801592563183,0.005483729189089352,/content/drive/MyDrive/N-MON/ALTRO/spectograms/FH-20/1425.npy,FH-20
0.015920788,0.30429155,0.9733791,0.96246326,0.9735093,-1.0004123,0.9917542,1.9921665489673615,-0.040275887,1.038948,-1.9989316297589144,-2382812.5,4.085994e-06,1.8858954e-07,0.8305695566397451,0.009063930671411624,/content/drive/MyDrive/N-MON/ALTRO/spectograms/FH-20/1426.npy,FH-20
0.010654646,0.07815051,0.9667627,0.9523362,0.96682143,-0.99983406,0.9923256,1.9921596944332123,-0.025823914,1.0492929,-1.896126840100097,410156.25,2.6627786e-06,1.8774067e-07,0.8517019526550338,0.005376027686878606,/content/drive/MyDrive/N-MON/ALTRO/spectograms/FH-20/1427.npy,FH-20
0.0148505615,0.2777781,0.9745411,0.9637902,0.97465426,-0.99959135,0.9925695,1.9921608120203018,-0.03945398,1.0368109,-2.014054212152587,-2988281.25,5.680876e-06,1.8981285e-07,0.8404011733587522,0.004124294282111211,/content/drive/MyDrive/N-MON/ALTRO/spectograms/FH-20/1428.npy,FH-20
-0.0041045276,0.019535966,0.96587193,0.9501864,0.96588063,-0.9999755,0.99219054,1.9921660721302032,-0.0017307258,1.0518606,-1.8979246543036494,-2988281.25,2.4186195e-06,1.873806e-07,0.8532999755834789,0.00965182436234769,/content/drive/MyDrive/N-MON/ALTRO/spectograms/FH-20/1429.npy,FH-20
0.0001714859,0.06922229,0.9739164,0.9637753,0.9739164,-1.001077,0.9910892,1.9921662509441376,-0.011075266,1.0355061,-1.9825024700672105,-976562.5,2.156075e-06,1.8951783e-07,0.8540114546673983,0.005528774853572773,/content/drive/MyDrive/N-MON/ALTRO/spectograms/FH-20/1430.npy,FH-20
-0.022629473,-0.29631668,0.9713267,0.9594315,0.9715903,-0.9994043,0.9927368,1.9921411126852036,0.041046247,1.0418675,-1.9598016670010268,3007812.5,2.922827e-06,1.8904475e-07,0.8452005934933877,0.004615531722453411,/content/drive/MyDrive/N-MON/ALTRO/spectograms/FH-20/1431.npy,FH-20
0.004445879,0.1324642,0.9617858,0.9455013,0.9617961,-1.000333,0.9918308,1.9921638071537018,-0.020000488,1.0574864,-1.805097949640649,-2988281.25,3.332197e-06,1.8670707e-07,0.847277938252735,0.003565301892362403,/content/drive/MyDrive/N-MON/ALTRO/spectograms/FH-20/1432.npy,FH-20
-0.005350666,-0.0700958,0.9710173,0.9582483,0.971032,-0.9997195,0.9924364,1.992155909538269,0.0056405724,1.0427678,-1.9690341592932807,1015625.0,3.2620578e-06,1.8843586e-07,0.8472486906742576,0.004540918410203402,/content/drive/MyDrive/N-MON/ALTRO/spectograms/FH-20/1433.npy,FH-20
-0.0023140174,0.027156932,0.96984816,0.9567554,0.96985096,-1.00025,0.9919079,1.992157906293869,-0.0045503913,1.0437461,-1.9360413023877963,1621093.75,2.398906e-06,1.8790836e-07,0.8464473070904368,0.009688273343266924,/content/drive/MyDrive/N-MON/ALTRO/spectograms/FH-20/1434.npy,FH-20
0.0036327057,0.08981995,0.9712014,0.958938,0.9712082,-1.0001436,0.992018,1.9921616613864899,-0.0159162,1.0412757,-1.932028182201312,-2988281.25,5.529264e-06,1.8888942e-07,0.850347898426015,0.0048084400612124194,/content/drive/MyDrive/N-MON/ALTRO/spectograms/FH-20/1435.npy,FH-20
0.003188013,0.070194885,0.96811175,0.9550906,0.96811706,-1.0000622,0.99209917,1.9921614229679108,-0.013912255,1.045571,-1.900774197561477,1015625.0,4.0903124e-06,1.8774954e-07,0.8423625770025962,0.005667768748129859,/content/drive/MyDrive/N-MON/ALTRO/spectograms/FH-20/1436.npy,FH-20
-0.00715489,-0.057805993,0.9623329,0.945557,0.9623595,-0.99918705,0.99297225,1.9921593368053436,0.008882833,1.057013,-1.8223794788333045,1015625.0,4.2538827e-06,1.8661706e-07,0.8325587938451422,0.009494661317180648,/content/drive/MyDrive/N-MON/ALTRO/spectograms/FH-20/1437.npy,FH-20
0.0034128518,0.16788098,0.9724117,0.96182454,0.9724177,-1.0000437,0.9921267,1.9921704530715942,-0.015011422,1.0379552,-1.9544404156187876,3007812.5,3.8965222e-06,1.891225e-07,0.8419340566366569,0.003298442022408221,/content/drive/MyDrive/N-MON/ALTRO/spectograms/FH-20/1438.npy,FH-20
-0.007986689,-0.022722188,0.9657324,0.949595,0.96576536,-0.9992758,0.99288106,1.9921568781137466,0.009781609,1.0528101,-1.8912375831224522,1015625.0,3.789631e-06,1.8815524e-07,0.8410223471306184,0.010051999505285505,/content/drive/MyDrive/N-MON/ALTRO/spectograms/FH-20/1439.npy,FH-20
-0.0042084563,0.007871303,0.96819067,0.95493674,0.96819985,-0.99994457,0.99222004,1.9921645820140839,0.0018546456,1.0464709,-1.905632574326629,-2988281.25,2.6656655e-06,1.8629528e-07,0.8446097653540302,0.004717287634951507,/content/drive/MyDrive/N-MON/ALTRO/spectograms/FH-20/1440.npy,FH-20
-0.003942392,-0.05818639,0.9658233,0.95102334,0.96583134,-0.999566,0.9925962,1.9921622574329376,0.001142972,1.0501877,-1.8641084977427618,1015625.0,3.2841613e-06,1.8576037e-07,0.8589971860595116,0.0037515311751424468,/content/drive/MyDrive/N-MON/ALTRO/spectograms/FH-20/1441.npy,FH-20
-0.0041241157,-0.024138708,0.9722678,0.96078163,0.9722766,-1.0007664,0.99140275,1.9921691864728928,0.0011753076,1.0393423,-1.9741677112253682,3007812.5,3.3721697e-06,1.8873567e-07,0.8314821045486527,0.010562036626574439,/content/drive/MyDrive/N-MON/ALTRO/spectograms/FH-20/1442.npy,FH-20
-0.0069414605,-0.10250553,0.97038096,0.95788866,0.9704058,-1.0008899,0.9912738,1.9921637624502182,0.006601496,1.0426412,-1.9413588222631788,3007812.5,2.5856286e-06,1.8906947e-07,0.8453168698750146,0.007171117520679801,/content/drive/MyDrive/N-MON/ALTRO/spectograms/FH-20/1443.npy,FH-20
0.0030843935,0.14074999,0.9731183,0.9621497,0.9731232,-0.99983007,0.9923302,1.9921602755784988,-0.013988802,1.0377709,-1.9795987243866702,-976562.5,2.8029585e-06,1.87924e-07,0.8364288396832157,0.004804108335596552,/content/drive/MyDrive/N-MON/ALTRO/spectograms/FH-20/1444.npy,FH-20
0.0009321928,0.04613508,0.9731681,0.9621124,0.9731685,-1.0007291,0.9914403,1.992169439792633,-0.0097223455,1.0378928,-1.9796250565047482,-2988281.25,2.8817688e-06,1.9050421e-07,0.8555713894465482,0.005440697941634422,/content/drive/MyDrive/N-MON/ALTRO/spectograms/FH-20/1445.npy,FH-20
0.0038764414,0.14530607,0.9739842,0.9640045,0.97399193,-0.99913096,0.9930248,1.9921557754278183,-0.014246506,1.0359432,-1.9901326599831892,1015625.0,2.9135272e-06,1.885787e-07,0.8404788882272568,0.010823437783083596,/content/drive/MyDrive/N-MON/ALTRO/spectograms/FH-20/1446.npy,FH-20
-0.010077803,-0.08528392,0.966937,0.9523722,0.9669895,-0.9993403,0.9928184,1.9921587258577347,0.01603,1.0487715,-1.8874593686568713,-2988281.25,3.8987814e-06,1.8882518e-07,0.8493470911430847,0.004272215602278552,/content/drive/MyDrive/N-MON/ALTRO/spectograms/FH-20/1447.npy,FH-20
-0.013718237,-0.17152074,0.97294253,0.962629,0.97303927,-0.9996065,0.9925444,1.992150902748108,0.019821728,1.0366501,-1.9486190426533236,1015625.0,4.1396056e-06,1.8948525e-07,0.849993763778306,0.006098192940468748,/content/drive/MyDrive/N-MON/ALTRO/spectograms/FH-20/1448.npy,FH-20
0.007223841,0.16758351,0.96594346,0.9517042,0.96597046,-1.0004604,0.99169993,1.992160364985466,-0.023101255,1.0510808,-1.8982269490129176,-2988281.25,4.4041853e-06,1.8726546e-07,0.8543155473345527,0.005280106584491112,/content/drive/MyDrive/N-MON/ALTRO/spectograms/FH-20/1449.npy,FH-20
0.011564478,0.12515186,0.97467655,0.96396214,0.9747452,-0.9997045,0.99241996,1.9921244084835052,-0.028343495,1.0362556,-2.0131021372677154,-2382812.5,3.3261058e-06,1.9000922e-07,0.8426771466822365,0.0066286194666215666,/content/drive/MyDrive/N-MON/ALTRO/spectograms/FH-20/1450.npy,FH-20
-0.00048040532,-0.06232296,0.96558994,0.9521209,0.9655901,-0.9998249,0.99231064,1.9921355694532394,-0.0019852896,1.0488906,-1.8476571688978665,1015625.0,2.4719184e-06,1.8770999e-07,0.8552264366522967,0.005251467358876156,/content/drive/MyDrive/N-MON/ALTRO/spectograms/FH-20/1451.npy,FH-20
-0.00994916,-0.016166884,0.9595681,0.93796885,0.95961964,-1.0006028,0.99153066,1.9921334981918335,0.011308231,1.0662155,-1.8446508705138964,-2382812.5,3.5322098e-06,1.8290264e-07,0.8375268527557798,0.005220324095759005,/content/drive/MyDrive/N-MON/ALTRO/spectograms/FH-20/1452.npy,FH-20
0.0055711386,0.137534,0.973717,0.96282995,0.9737328,-0.999123,0.99304736,1.9921703785657883,-0.017412335,1.0373105,-2.0058329671473034,3007812.5,1.9726926e-06,1.8883864e-07,0.8468466719892421,0.005963788659701338,/content/drive/MyDrive/N-MON/ALTRO/spectograms/FH-20/1453.npy,FH-20
0.0004946089,0.06332648,0.97063917,0.9572303,0.9706393,-0.9991788,0.9929881,1.9921669661998749,-0.0068987133,1.0431869,-1.9600913799604236,1015625.0,3.2264106e-06,1.8752417e-07,0.8388412370405119,0.006263302208365365,/content/drive/MyDrive/N-MON/ALTRO/spectograms/FH-20/1454.npy,FH-20
-0.0071317763,-0.11650638,0.9782951,0.96984375,0.9783211,-0.9992893,0.9928696,1.9921588897705078,0.007314429,1.0286212,-2.0548631798746646,-2382812.5,3.676459e-06,1.902338e-07,0.8480087758610183,0.004259817999320684,/content/drive/MyDrive/N-MON/ALTRO/spectograms/FH-20/1455.npy,FH-20
0.011695519,0.31678453,0.9791524,0.97073585,0.9792222,-0.99968714,0.99248195,1.9921690821647644,-0.030777447,1.0281663,-2.0689398367605474,3007812.5,2.3411635e-06,1.9090513e-07,0.8503343808211273,0.003620916143879477,/content/drive/MyDrive/N-MON/ALTRO/spectograms/FH-20/1456.npy,FH-20
0.003993371,0.118852645,0.9789013,0.97131836,0.97890955,-0.9983355,0.99383235,1.9921678453683853,-0.011276048,1.0274507,-2.070389181983458,-2382812.5,3.4883776e-06,1.9105462e-07,0.8494229042396889,0.006384586253518305,/content/drive/MyDrive/N-MON/ALTRO/spectograms/FH-20/1457.npy,FH-20
0.012730342,0.19619983,0.971198,0.9578642,0.97128147,-0.99919343,0.99294674,1.9921401292085648,-0.033975367,1.043995,-1.9857000401840186,-2382812.5,2.967142e-06,1.8962885e-07,0.8473761756456348,0.00929331212578647,/content/drive/MyDrive/N-MON/ALTRO/spectograms/FH-20/1458.npy,FH-20
-0.010674116,-0.10617776,0.9830566,0.9771768,0.9831146,-1.0005949,0.99156106,1.9921558797359467,0.009769464,1.0200944,-2.1225660614624804,3007812.5,2.9134949e-06,1.921322e-07,0.850337975432887,0.0029313619401321227,/content/drive/MyDrive/N-MON/ALTRO/spectograms/FH-20/1459.npy,FH-20
-0.004882109,-0.12901223,0.9788557,0.9715798,0.97886795,-1.0000247,0.9921453,1.9921700209379196,0.0037747228,1.0262321,-2.0465894816622763,-2382812.5,2.7683755e-06,1.9065195e-07,0.8489926029649321,0.005518191315402522,/content/drive/MyDrive/N-MON/ALTRO/spectograms/FH-20/1460.npy,FH-20
-0.0076964833,-0.09323887,0.97594917,0.966725,0.9759795,-0.999496,0.99266016,1.9921561032533646,0.00801219,1.032567,-2.0228616328481888,-2988281.25,3.8223925e-06,1.9018064e-07,0.8407353979265797,0.005202352595246436,/content/drive/MyDrive/N-MON/ALTRO/spectograms/FH-20/1461.npy,FH-20
-0.018674228,-0.32026362,0.9794663,0.9717876,0.97964436,-0.9998228,0.9923239,1.9921466410160065,0.029476248,1.0268718,-2.0674167265305217,-2382812.5,3.0265003e-06,1.9210772e-07,0.8442935038665826,0.0060783593881187665,/content/drive/MyDrive/N-MON/ALTRO/spectograms/FH-20/1462.npy,FH-20
-0.026390016,-0.46399516,0.9772575,0.96795905,0.97761375,-0.9991756,0.9929874,1.992163047194481,0.049160868,1.0322084,-2.05819692649694,410156.25,4.2444376e-06,1.9057015e-07,0.8575344281177015,0.0022365136250574675,/content/drive/MyDrive/N-MON/ALTRO/spectograms/FH-20/1463.npy,FH-20
0.010187868,0.31339258,0.97771186,0.9690915,0.97776496,-0.999128,0.99304,1.9921680241823196,-0.028960722,1.0303094,-2.0471189048631375,-2988281.25,5.8586766e-06,1.9103138e-07,0.8322563551701541,0.0066685715842849805,/content/drive/MyDrive/N-MON/ALTRO/spectograms/FH-20/1464.npy,FH-20
0.006660699,0.2468344,0.97755015,0.9686968,0.97757286,-0.99925244,0.99291456,1.9921670258045197,-0.021894258,1.0308092,-2.058318337297644,-2382812.5,3.1097684e-06,1.9092388e-07,0.856446134082455,0.009208838629269234,/content/drive/MyDrive/N-MON/ALTRO/spectograms/FH-20/1465.npy,FH-20
0.003762624,0.16041252,0.97703904,0.9682519,0.9770463,-0.9997142,0.9924569,1.992171123623848,-0.016629133,1.0306944,-2.0459150863374784,3007812.5,2.808738e-06,1.904758e-07,0.8528921515387763,0.004437576497789967,/content/drive/MyDrive/N-MON/ALTRO/spectograms/FH-20/1466.npy,FH-20
0.003061306,0.14058015,0.9788159,0.9701035,0.9788207,-1.000021,0.9921474,1.9921682924032211,-0.014719262,1.0282562,-2.0733082139208063,-2988281.25,2.9755631e-06,1.9086093e-07,0.8480054092130143,0.0048102647196181705,/content/drive/MyDrive/N-MON/ALTRO/spectograms/FH-20/1467.npy,FH-20
0.008751302,0.26665142,0.9771154,0.9684921,0.97715455,-0.9990221,0.9931458,1.9921679645776749,-0.02460918,1.0306606,-2.0297810446910924,-2382812.5,3.2425871e-06,1.8896952e-07,0.8478632497830019,0.006286321720855613,/content/drive/MyDrive/N-MON/ALTRO/spectograms/FH-20/1468.npy,FH-20
0.0020755301,0.121818304,0.97928715,0.9713242,0.97928935,-0.999327,0.9928436,1.9921706765890121,-0.010488446,1.0271391,-2.0756100235864023,-2988281.25,2.3630364e-06,1.9135953e-07,0.846577789722192,0.00622118436477901,/content/drive/MyDrive/N-MON/ALTRO/spectograms/FH-20/1469.npy,FH-20
0.011664709,0.3169244,0.9780009,0.9691272,0.97807044,-0.9994359,0.9927213,1.9921571761369705,-0.032843605,1.0306368,-2.067129093270621,1015625.0,3.262403e-06,1.918057e-07,0.8419419183931844,0.007294532236493237,/content/drive/MyDrive/N-MON/ALTRO/spectograms/FH-20/1470.npy,FH-20
-0.009447559,-0.09269931,0.9784956,0.971302,0.9785412,-0.99894774,0.9932176,1.992165356874466,0.01021771,1.0264982,-2.0345597723464737,-2382812.5,2.6649502e-06,1.9080699e-07,0.8623034099996978,0.005824700163283818,/content/drive/MyDrive/N-MON/ALTRO/spectograms/FH-20/1471.npy,FH-20
-0.0090875765,-0.13256118,0.9763736,0.96779555,0.9764159,-0.9996643,0.9924843,1.9921485930681229,0.008056578,1.0309224,-2.0136400940605377,3007812.5,3.5863884e-06,1.9061711e-07,0.8284402104597206,0.007774570365432826,/content/drive/MyDrive/N-MON/ALTRO/spectograms/FH-20/1472.npy,FH-20
-0.002239853,0.08207425,0.97678787,0.96696275,0.9767905,-1.0000353,0.9921266,1.992161899805069,-0.005990406,1.0323998,-2.056000816986785,-2382812.5,2.1021622e-06,1.9106086e-07,0.8501972757047582,0.005731549377991445,/content/drive/MyDrive/N-MON/ALTRO/spectograms/FH-20/1473.npy,FH-20
0.0073218867,0.24697754,0.9768007,0.9678452,0.97682816,-0.99910057,0.99306554,1.992166131734848,-0.024595452,1.0318561,-2.0494952501837584,-2988281.25,4.477019e-06,1.9100385e-07,0.8430476299286132,0.0032610025660137635,/content/drive/MyDrive/N-MON/ALTRO/spectograms/FH-20/1474.npy,FH-20
0.0033969206,0.22624832,0.980942,0.97380906,0.9809479,-1.0003024,0.99186563,1.9921680688858032,-0.0161911,1.0239799,-2.0934441032151136,-2988281.25,3.794095e-06,1.9191285e-07,0.8549097384598204,0.004680093959715275,/content/drive/MyDrive/N-MON/ALTRO/spectograms/FH-20/1475.npy,FH-20
-0.003390161,-0.082754284,0.97656405,0.9673901,0.97656995,-1.000685,0.9914731,1.9921580851078033,-0.0005920131,1.0312728,-2.0277411978333646,3007812.5,3.1474544e-06,1.9134525e-07,0.8561942644778477,0.0037225761110265786,/content/drive/MyDrive/N-MON/ALTRO/spectograms/FH-20/1476.npy,FH-20
-0.009142661,-0.1483485,0.9762925,0.96697795,0.9763352,-0.9998648,0.99230385,1.992168664932251,0.012443381,1.0322242,-2.022527386252876,-2382812.5,1.8449895e-06,1.9054897e-07,0.8512141818791444,0.0014321439459662128,/content/drive/MyDrive/N-MON/ALTRO/spectograms/FH-20/1477.npy,FH-20
-0.008063718,-0.20241825,0.9783599,0.97071654,0.9783931,-0.99928635,0.99285865,1.9921450167894363,0.012873401,1.0276057,-2.0456316510088577,3027343.75,2.4230735e-06,1.9030671e-07,0.8507212651999086,0.0033422116361456625,/content/drive/MyDrive/N-MON/ALTRO/spectograms/FH-20/1478.npy,FH-20
-0.010798271,-0.2098158,0.9786704,0.97060215,0.97872996,-0.9988102,0.9933551,1.9921652674674988,0.017868293,1.0277722,-2.0587203864187478,-2988281.25,3.282414e-06,1.9186174e-07,0.8536313696251996,0.0045023833074869105,/content/drive/MyDrive/N-MON/ALTRO/spectograms/FH-20/1479.npy,FH-20
-0.012613835,-0.24079335,0.9778857,0.9695538,0.977967,-0.99858713,0.99353826,1.9921254366636276,0.020680072,1.0289145,-2.0359602928445097,-2988281.25,3.8116048e-06,1.903367e-07,0.8603231799019255,0.010345334758972678,/content/drive/MyDrive/N-MON/ALTRO/spectograms/FH-20/1480.npy,FH-20
-0.013928795,-0.1868206,0.9771459,0.96774226,0.97724515,-0.9993255,0.992833,1.992158517241478,0.022072332,1.0311425,-2.0410752930187357,-2988281.25,4.5123697e-06,1.9115242e-07,0.8452795280646546,0.006941935064389408,/content/drive/MyDrive/N-MON/ALTRO/spectograms/FH-20/1481.npy,FH-20
-0.003106742,0.020282377,0.97760963,0.9684052,0.9776145,-0.9992345,0.9929341,1.9921686202287674,-0.0020117438,1.0304209,-2.054648882694729,2421875.0,2.0614823e-06,1.9135928e-07,0.850663426165204,0.003871548964022331,/content/drive/MyDrive/N-MON/ALTRO/spectograms/FH-20/1482.npy,FH-20
-0.0007500067,0.122311294,0.9754616,0.9658567,0.9754619,-0.9988197,0.9933415,1.9921611845493317,-0.0057573216,1.0336721,-2.0164243335946033,2402343.75,3.0218293e-06,1.9104674e-07,0.8494384499589571,0.003864301446425263,/content/drive/MyDrive/N-MON/ALTRO/spectograms/FH-20/1483.npy,FH-20
0.015088444,0.3016889,0.9770027,0.9674801,0.97711915,-0.9991687,0.9929308,1.9920995086431503,-0.03541527,1.0322322,-2.038219387359729,-2382812.5,4.9366763e-06,1.9009337e-07,0.8378886489655873,0.00782777910446901,/content/drive/MyDrive/N-MON/ALTRO/spectograms/FH-20/1484.npy,FH-20
0.006063473,0.18489465,0.97922456,0.9713771,0.97924334,-0.9987432,0.99342024,1.9921633750200272,-0.016684484,1.0273447,-2.0731222559700067,-2382812.5,2.7003846e-06,1.9072681e-07,0.8584112965307,0.004448714915006728,/content/drive/MyDrive/N-MON/ALTRO/spectograms/FH-20/1485.npy,FH-20
0.010073953,0.25033805,0.97453684,0.963951,0.97458893,-0.9996935,0.99245363,1.9921471774578094,-0.030940173,1.0356737,-2.007017626532333,-2382812.5,4.188168e-06,1.9011281e-07,0.8433481574095343,0.013758600047348036,/content/drive/MyDrive/N-MON/ALTRO/spectograms/FH-20/1486.npy,FH-20
0.014259022,0.34743237,0.980042,0.97221804,0.98014575,-1.0002545,0.99191475,1.9921692907810211,-0.03682322,1.0267601,-2.085650040819365,-2382812.5,3.0199622e-06,1.9125135e-07,0.8423796846034777,0.006409479882697912,/content/drive/MyDrive/N-MON/ALTRO/spectograms/FH-20/1487.npy,FH-20
-0.017094914,-0.23735452,0.9753784,0.9656543,0.9755281,-0.9990454,0.9931203,1.9921656996011734,0.026073817,1.034236,-2.019888821308622,1015625.0,2.9145672e-06,1.903811e-07,0.8471404966674341,0.004957761515719394,/content/drive/MyDrive/N-MON/ALTRO/spectograms/FH-20/1488.npy,FH-20
0.00023930907,0.027772924,0.9788804,0.9705657,0.9788804,-0.99952656,0.9926431,1.992169663310051,-0.0074148234,1.0274236,-2.058814371819998,-976562.5,2.442865e-06,1.9133083e-07,0.8470058102961494,0.0048047898800483956,/content/drive/MyDrive/N-MON/ALTRO/spectograms/FH-20/1489.npy,FH-20
0.008383066,0.28491238,0.97745895,0.96849865,0.9774949,-1.000282,0.9918878,1.9921697676181793,-0.027235482,1.0307556,-2.041114050226729,3007812.5,2.1975275e-06,1.9109964e-07,0.8439072324165856,0.008203483492807227,/content/drive/MyDrive/N-MON/ALTRO/spectograms/FH-20/1490.npy,FH-20
-0.007089079,-0.03547498,0.9774042,0.9670572,0.97742987,-1.0003265,0.9918365,1.9921630322933197,0.005948058,1.0315499,-2.049960631032337,-2988281.25,3.0952008e-06,1.9171509e-07,0.8413888633687382,0.005271192973479696,/content/drive/MyDrive/N-MON/ALTRO/spectograms/FH-20/1491.npy,FH-20
0.0005339265,0.043137,0.9768673,0.9673647,0.97686744,-0.9996735,0.99249595,1.9921694844961166,-0.0071024275,1.0315481,-2.0352458514056835,3007812.5,3.0816711e-06,1.912114e-07,0.8369817115172116,0.00723490264013858,/content/drive/MyDrive/N-MON/ALTRO/spectograms/FH-20/1492.npy,FH-20
-0.009850466,-0.2034514,0.9788928,0.97139305,0.97894233,-1.0002491,0.9919106,1.9921598136425018,0.010395584,1.0264145,-2.0529163606273064,2402343.75,2.9183382e-06,1.920086e-07,0.8568892004912879,0.006864680152016274,/content/drive/MyDrive/N-MON/ALTRO/spectograms/FH-20/1493.npy,FH-20
-0.0031957284,0.019717695,0.9764833,0.9670214,0.9764885,-0.99974895,0.9924175,1.992166429758072,-0.00020517915,1.031729,-2.0332935193350794,-2988281.25,3.7606874e-06,1.9114782e-07,0.8592142720527782,0.0030751671798254073,/content/drive/MyDrive/N-MON/ALTRO/spectograms/FH-20/1494.npy,FH-20
0.013327033,0.3398525,0.97682786,0.9676064,0.9769188,-0.99994355,0.992195,1.9921385794878006,-0.035362024,1.0320977,-2.037883776936792,1015625.0,1.8489005e-06,1.9093707e-07,0.8566288810264326,0.0031097350034473576,/content/drive/MyDrive/N-MON/ALTRO/spectograms/FH-20/1495.npy,FH-20
0.023492705,0.3606133,0.97561204,0.9655461,0.9758948,-0.99890184,0.99322873,1.992130607366562,-0.04993743,1.0349232,-1.9973831965501916,-2988281.25,3.0850445e-06,1.8846725e-07,0.8626833271287311,0.0061254489669224105,/content/drive/MyDrive/N-MON/ALTRO/spectograms/FH-20/1496.npy,FH-20
6.490374e-05,0.14361629,0.9767487,0.96708953,0.97674876,-1.0009423,0.99122554,1.9921679347753525,-0.013039512,1.0318987,-2.0427100136961513,3007812.5,2.7603571e-06,1.8983648e-07,0.846086613892973,0.011649127094437387,/content/drive/MyDrive/N-MON/ALTRO/spectograms/FH-20/1497.npy,FH-20
0.011496226,0.3556289,0.9764277,0.96723616,0.9764954,-0.9997753,0.99238247,1.9921577274799347,-0.033136137,1.0324802,-2.0156139364977834,410156.25,4.0840687e-06,1.9087292e-07,0.8543150559186264,0.004660859528141944,/content/drive/MyDrive/N-MON/ALTRO/spectograms/FH-20/1498.npy,FH-20
0.0069833924,0.11653276,0.97606224,0.9658718,0.9760872,-1.0006368,0.9915326,1.9921694546937943,-0.022052798,1.0334554,-2.0269708697517066,3007812.5,2.9861967e-06,1.9091686e-07,0.8514406205069345,0.004287774669105383,/content/drive/MyDrive/N-MON/ALTRO/spectograms/FH-20/1499.npy,FH-20
0.0045554014,0.07875258,0.9743394,0.96331185,0.97435004,-0.99929816,0.9928658,1.9921639114618301,-0.014063783,1.0367783,-2.0105627283725074,-2988281.25,2.3787134e-06,1.9003241e-07,0.8538669736653859,0.011694970668803494,/content/drive/MyDrive/N-MON/ALTRO/spectograms/FH-20/1500.npy,FH-20
-0.016932754,-0.4663339,0.98085296,0.9743252,0.98099905,-0.9975704,0.99455756,1.9921279549598694,0.030904343,1.024364,-2.1002359807586206,1015625.0,2.7868698e-06,1.924144e-07,0.8608152051588982,0.0038252359648321137,/content/drive/MyDrive/N-MON/ALTRO/spectograms/FH-20/1501.npy,FH-20
0.0024002886,0.13330121,0.97458047,0.9643628,0.97458345,-0.99941957,0.9927385,1.992158055305481,-0.012985269,1.035378,-1.9979637058069193,-2988281.25,2.8616887e-06,1.8939994e-07,0.8474350295635457,0.00968257246978344,/content/drive/MyDrive/N-MON/ALTRO/spectograms/FH-20/1502.npy,FH-20
-0.0015216256,-0.030342072,0.97968066,0.9713261,0.9796818,-0.99905807,0.9931135,1.9921716153621674,-0.0027936047,1.0266815,-2.0947987494505806,-2988281.25,3.2216174e-06,1.9144059e-07,0.8460398379010149,0.006131742104930525,/content/drive/MyDrive/N-MON/ALTRO/spectograms/FH-20/1503.npy,FH-20
0.0047594365,0.18755767,0.9798886,0.97290325,0.9799002,-0.9999952,0.99217314,1.9921683073043823,-0.015669173,1.0248053,-2.0749005367679922,-2988281.25,4.033938e-06,1.9080255e-07,0.8483397862007208,0.004701686686252302,/content/drive/MyDrive/N-MON/ALTRO/spectograms/FH-20/1504.npy,FH-20
-0.0037469978,-0.049422126,0.9766973,0.9669605,0.9767045,-0.9986077,0.9935626,1.9921703040599823,0.004094577,1.0317419,-2.040904591158963,-2382812.5,3.1739362e-06,1.9053766e-07,0.8520599771299776,0.004533964696059567,/content/drive/MyDrive/N-MON/ALTRO/spectograms/FH-20/1505.npy,FH-20
-0.011106447,-0.21009913,0.982797,0.9763188,0.9828598,-0.99913436,0.99303377,1.9921681135892868,0.017301222,1.0218658,-2.141051695740426,-2988281.25,3.2970454e-06,1.919316e-07,0.8548180203725256,0.008688916924186734,/content/drive/MyDrive/N-MON/ALTRO/spectograms/FH-20/1506.npy,FH-20
0.011125095,0.23960875,0.9763995,0.9669788,0.97646284,-0.9984858,0.9936611,1.9921468794345856,-0.0291066,1.0324244,-2.030712776237573,-2382812.5,3.6862039e-06,1.9124495e-07,0.8473948083866643,0.01444130402365765,/content/drive/MyDrive/N-MON/ALTRO/spectograms/FH-20/1507.npy,FH-20
-0.008953877,-0.046797745,0.9794421,0.9706187,0.979483,-0.9998846,0.9922842,1.9921687841415405,0.009287375,1.028138,-2.0913039708287275,-2988281.25,1.7523904e-06,1.9090194e-07,0.8519373425325094,0.0033158090225099764,/content/drive/MyDrive/N-MON/ALTRO/spectograms/FH-20/1508.npy,FH-20
-0.00054439745,0.08328282,0.97823787,0.9699889,0.978238,-0.99876815,0.99340135,1.992169514298439,-0.004452419,1.0285908,-2.052277577863032,-2382812.5,2.0662033e-06,1.9152509e-07,0.8693791792627746,0.003248908153357684,/content/drive/MyDrive/N-MON/ALTRO/spectograms/FH-20/1509.npy,FH-20
-0.00835055,-0.09279466,0.9755192,0.9660896,0.97555494,-0.9990735,0.99309266,1.992166131734848,0.011430763,1.0334848,-2.0208921142724474,3007812.5,4.5203415e-06,1.9002036e-07,0.8482966221766424,0.00820203734186975,/content/drive/MyDrive/N-MON/ALTRO/spectograms/FH-20/1510.npy,FH-20
-0.0013103251,0.121418625,0.9786734,0.9706007,0.9786743,-0.99962085,0.9925463,1.992167204618454,-0.0037967882,1.0279949,-2.0656126590287247,-2988281.25,3.1833233e-06,1.9140359e-07,0.8469185364759735,0.006339310203263962,/content/drive/MyDrive/N-MON/ALTRO/spectograms/FH-20/1511.npy,FH-20
-0.0022543145,0.031171557,0.9766549,0.9676639,0.9766575,-1.0001149,0.99205005,1.9921650290489197,-0.0045919535,1.0310824,-2.0281959148770037,-976562.5,3.0303333e-06,1.9086394e-07,0.8522473012841849,0.008880063211914356,/content/drive/MyDrive/N-MON/ALTRO/spectograms/FH-20/1512.npy,FH-20
0.0025942102,0.12576851,0.97983503,0.9716068,0.9798385,-0.9990991,0.9930625,1.992161601781845,-0.012257732,1.0265406,-2.0899259101342365,-1582031.25,3.0891713e-06,1.9211141e-07,0.8503491801925512,0.0045371298364684665,/content/drive/MyDrive/N-MON/ALTRO/spectograms/FH-20/1513.npy,FH-20
0.0049595726,0.12868679,0.978608,0.96988463,0.9786206,-1.0002562,0.9919128,1.992168977856636,-0.019124642,1.028985,-2.0724408822965374,-2988281.25,3.6428833e-06,1.916604e-07,0.8577801820185651,0.00526092538070723,/content/drive/MyDrive/N-MON/ALTRO/spectograms/FH-20/1514.npy,FH-20
0.00013214636,-0.0842627,0.98069113,0.9735467,0.98069113,-0.99830663,0.9938612,1.9921678006649017,-0.0038736395,1.0247637,-2.1003927984624067,-2988281.25,2.7483939e-06,1.909303e-07,0.8488385804768087,0.002794949334254156,/content/drive/MyDrive/N-MON/ALTRO/spectograms/FH-20/1515.npy,FH-20
0.0045349873,0.28164184,0.9769235,0.96826535,0.976934,-0.99960864,0.99255985,1.992168515920639,-0.02067866,1.0310757,-2.041387346969909,-2382812.5,3.345742e-06,1.9077646e-07,0.8425575561208716,0.004518634152165116,/content/drive/MyDrive/N-MON/ALTRO/spectograms/FH-20/1516.npy,FH-20
-0.0011627711,0.048579715,0.97816175,0.9694233,0.97816247,-0.9982798,0.99389154,1.9921713471412659,-0.0028862348,1.0293181,-2.0627907819791007,1015625.0,4.123711e-06,1.911157e-07,0.8504578327442955,0.00310695837892063,/content/drive/MyDrive/N-MON/ALTRO/spectograms/FH-20/1517.npy,FH-20
-0.011269834,-0.07404129,0.9769826,0.9676363,0.9770476,-0.9996362,0.9925195,1.9921556264162064,0.014087822,1.031626,-2.0556308822419584,-2382812.5,2.9221242e-06,1.9129035e-07,0.8319390116618335,0.00481581041858337,/content/drive/MyDrive/N-MON/ALTRO/spectograms/FH-20/1518.npy,FH-20
-0.0008824725,0.027327463,0.9776713,0.9680602,0.97767174,-1.0000304,0.9921346,1.9921649247407913,-0.0068397494,1.0311297,-2.0645481417522342,-2988281.25,3.6848994e-06,1.9152006e-07,0.8405261389982193,0.007908927344685792,/content/drive/MyDrive/N-MON/ALTRO/spectograms/FH-20/1519.npy,FH-20
-0.0083052255,-0.076875515,0.9808061,0.97324145,0.9808412,-0.99876976,0.9933944,1.9921641498804092,0.010181514,1.024949,-2.1022658882522345,-2382812.5,4.2005468e-06,1.91398e-07,0.8529022381053737,0.006312224459592447,/content/drive/MyDrive/N-MON/ALTRO/spectograms/FH-20/1520.npy,FH-20
0.011711269,0.37949243,0.9813678,0.97521657,0.9814377,-0.99935174,0.9928161,1.9921678304672241,-0.029343616,1.0227019,-2.0822629987938557,-2988281.25,2.8910536e-06,1.9249529e-07,0.8512553467798132,0.008982033917354694,/content/drive/MyDrive/N-MON/ALTRO/spectograms/FH-20/1521.npy,FH-20
0.012833368,0.3124468,0.977092,0.96790147,0.9771763,-1.000053,0.992106,1.9921590685844421,-0.03532363,1.031805,-2.044450935490536,3007812.5,2.9660027e-06,1.9062776e-07,0.8433830046505447,0.004540783942122437,/content/drive/MyDrive/N-MON/ALTRO/spectograms/FH-20/1522.npy,FH-20
0.0018829323,0.24991971,0.98080164,0.97416633,0.98080343,-1.0000925,0.9920714,1.9921639263629913,-0.014655725,1.0231527,-2.065631987195644,3007812.5,2.6751823e-06,1.9158504e-07,0.8327780943451738,0.012030305380216766,/content/drive/MyDrive/N-MON/ALTRO/spectograms/FH-20/1523.npy,FH-20
-0.002066371,0.032973554,0.9765023,0.96635836,0.9765045,-0.99826306,0.9939034,1.992166444659233,-0.0008806185,1.0327553,-2.0435408333647764,3007812.5,3.2500263e-06,1.9117672e-07,0.8513324957886423,0.004987655902698228,/content/drive/MyDrive/N-MON/ALTRO/spectograms/FH-20/1524.npy,FH-20
-0.011664518,-0.2961914,0.98044854,0.9736627,0.980518,-0.99930423,0.99284893,1.9921531826257706,0.020219762,1.0241385,-2.0747525274318894,3007812.5,3.473379e-06,1.9115694e-07,0.84800191011168,0.004298866956180186,/content/drive/MyDrive/N-MON/ALTRO/spectograms/FH-20/1525.npy,FH-20
0.014154389,0.39550745,0.9795449,0.97175515,0.9796471,-0.9990685,0.993096,1.9921645522117615,-0.035716966,1.0274508,-2.0810487530562867,-2382812.5,2.015395e-06,1.919494e-07,0.8551301231353498,0.00407624937715008,/content/drive/MyDrive/N-MON/ALTRO/spectograms/FH-20/1526.npy,FH-20
0.009990274,0.25526655,0.9774111,0.9682308,0.9774621,-0.99860245,0.9935568,1.9921592622995377,-0.027061448,1.0313791,-2.047198055641819,2421875.0,2.1024714e-06,1.9087014e-07,0.8530368849194123,0.003614030372881568,/content/drive/MyDrive/N-MON/ALTRO/spectograms/FH-20/1527.npy,FH-20
-0.004173946,0.035607364,0.9755683,0.9654314,0.97557724,-0.99958754,0.99257594,1.9921634942293167,-0.00025265492,1.0333779,-2.0092905863153314,3007812.5,4.2600254e-06,1.9043273e-07,0.8341047303913592,0.005954655961277825,/content/drive/MyDrive/N-MON/ALTRO/spectograms/FH-20/1528.npy,FH-20
-0.0069689495,-0.011018004,0.9782529,0.970233,0.97827774,-0.9993005,0.9928621,1.9921625703573227,0.0064844624,1.027355,-2.0348757969048314,3007812.5,2.3260998e-06,1.9059016e-07,0.8472318950735382,0.00427011434419524,/content/drive/MyDrive/N-MON/ALTRO/spectograms/FH-20/1529.npy,FH-20
0.00745379,0.09838234,0.97889847,0.9705078,0.9789269,-0.9991302,0.9930318,1.992161974310875,-0.019186432,1.0284585,-2.0763222486989577,-2382812.5,2.8077438e-06,1.9110318e-07,0.8557030780883905,0.007017758114040313,/content/drive/MyDrive/N-MON/ALTRO/spectograms/FH-20/1530.npy,FH-20
-0.013022496,-0.09796131,0.9773774,0.96840477,0.9774642,-1.0001675,0.99199253,1.9921599924564362,0.015904287,1.0306886,-2.0512206547803666,-2382812.5,2.55873e-06,1.9097502e-07,0.8502937296758931,0.005703021489937439,/content/drive/MyDrive/N-MON/ALTRO/spectograms/FH-20/1531.npy,FH-20
-0.002638123,-0.018629754,0.97681767,0.96698844,0.9768212,-0.99909604,0.9930722,1.9921682924032211,-0.00011848885,1.0325423,-2.0599127336381997,1015625.0,4.3067303e-06,1.9000468e-07,0.8532987588067769,0.00409272704094889,/content/drive/MyDrive/N-MON/ALTRO/spectograms/FH-20/1532.npy,FH-20
0.002569581,0.22333676,0.9801152,0.9731478,0.9801185,-0.99932295,0.9928416,1.9921645820140839,-0.013280039,1.0245603,-2.0673990503056983,3007812.5,4.2523966e-06,1.9204847e-07,0.8537226340977355,0.004525792361010288,/content/drive/MyDrive/N-MON/ALTRO/spectograms/FH-20/1533.npy,FH-20
0.005766952,0.1614916,0.9752671,0.96579677,0.9752841,-0.9986298,0.99353564,1.992165431380272,-0.016525853,1.0338389,-2.011181779637681,-2382812.5,3.1452842e-06,1.893414e-07,0.859567108600136,0.006369319193662235,/content/drive/MyDrive/N-MON/ALTRO/spectograms/FH-20/1534.npy,FH-20
0.006390609,0.17646125,0.97624916,0.96675366,0.97627014,-0.9992568,0.9929138,1.992170587182045,-0.01985939,1.0326544,-2.0347337022452727,-2988281.25,3.5009377e-06,1.9089086e-07,0.8469211863513828,0.003978248937928382,/content/drive/MyDrive/N-MON/ALTRO/spectograms/FH-20/1535.npy,FH-20
0.0061469045,0.13362214,0.98146296,0.9741697,0.9814822,-0.99925494,0.9929007,1.99215567111969,-0.017469067,1.0239258,-2.1162871458355035,-2988281.25,2.75774e-06,1.9252059e-07,0.8460138497801534,0.003697903789818306,/content/drive/MyDrive/N-MON/ALTRO/spectograms/FH-20/1536.npy,FH-20
-0.0037103638,0.077273294,0.9722737,0.96137303,0.9722808,-1.0008676,0.9912959,1.9921634197235107,-0.0033227238,1.0381874,-1.9497689241560707,1015625.0,2.7230285e-06,1.8919616e-07,0.8561928353682688,0.005294359813098838,/content/drive/MyDrive/N-MON/ALTRO/spectograms/FH-20/1537.npy,FH-20
-0.0013413231,0.10537398,0.9766006,0.96787417,0.97660154,-1.0000496,0.9921132,1.9921627342700958,-0.004533147,1.030887,-2.018296382856576,-2382812.5,2.8129673e-06,1.9159141e-07,0.8455615388005273,0.0026218986527117897,/content/drive/MyDrive/N-MON/ALTRO/spectograms/FH-20/1538.npy,FH-20
0.00024944497,0.09835761,0.9756098,0.96542776,0.97560984,-0.9992921,0.99287754,1.9921696335077286,-0.0075829485,1.033709,-2.0115017223769636,-2988281.25,2.4495898e-06,1.9008907e-07,0.855236106466168,0.002731848990202966,/content/drive/MyDrive/N-MON/ALTRO/spectograms/FH-20/1539.npy,FH-20
-0.013199668,-0.24990347,0.97908413,0.971479,0.9791732,-0.9998576,0.99231154,1.9921691417694092,0.021787884,1.027212,-2.0636834916573905,1015625.0,4.827079e-06,1.9134286e-07,0.8471273098279058,0.002981061239149082,/content/drive/MyDrive/N-MON/ALTRO/spectograms/FH-20/1540.npy,FH-20
0.0020504822,0.26577026,0.9791105,0.9715371,0.9791126,-0.99981266,0.9923538,1.9921664893627167,-0.016586341,1.0274433,-2.095184959133178,-390625.0,2.4636574e-06,1.9147932e-07,0.857628791445517,0.0031359379732767883,/content/drive/MyDrive/N-MON/ALTRO/spectograms/FH-20/1541.npy,FH-20
0.0043808087,0.096802786,0.9779224,0.9694512,0.9779322,-0.9969994,0.9951639,1.9921633452177048,-0.010097788,1.028954,-2.0552434371986683,-2382812.5,3.3229298e-06,1.8979416e-07,0.8454960976566332,0.005932895466126477,/content/drive/MyDrive/N-MON/ALTRO/spectograms/FH-20/1542.npy,FH-20
-0.0023609344,0.031614777,0.9787833,0.9708914,0.9787862,-0.9996783,0.9924884,1.9921667128801346,-0.0027967687,1.0273695,-2.060215240657852,3007812.5,2.4440644e-06,1.9103001e-07,0.8520107415292681,0.009450636312436535,/content/drive/MyDrive/N-MON/ALTRO/spectograms/FH-20/1543.npy,FH-20
0.0058225146,0.28513938,0.98025686,0.9731442,0.9802741,-0.9999787,0.99218774,1.9921664595603943,-0.020647442,1.0250542,-2.0807712798975713,-2382812.5,4.2745764e-06,1.904861e-07,0.8455153986141354,0.005779466907968109,/content/drive/MyDrive/N-MON/ALTRO/spectograms/FH-20/1544.npy,FH-20
0.0051404685,0.30857962,0.9827864,0.97693604,0.9827999,-1.0000002,0.9921676,1.9921677857637405,-0.01840578,1.0205868,-2.130925266500225,-2988281.25,4.921434e-06,1.9233349e-07,0.8362991430316319,0.007518957039080387,/content/drive/MyDrive/N-MON/ALTRO/spectograms/FH-20/1545.npy,FH-20
0.0071662758,0.1849604,0.974825,0.9640354,0.9748513,-0.99861777,0.9935531,1.9921708852052689,-0.021677012,1.0362728,-2.0338014545210523,3007812.5,2.1473963e-06,1.8993512e-07,0.8475544818444032,0.006079101755529837,/content/drive/MyDrive/N-MON/ALTRO/spectograms/FH-20/1546.npy,FH-20
0.005658508,0.109885976,0.97562766,0.9651113,0.97564405,-0.9994718,0.99269646,1.9921682327985764,-0.01831966,1.0343022,-2.0201178153773434,-2988281.25,2.4897308e-06,1.9036219e-07,0.853150095210567,0.004934812127430677,/content/drive/MyDrive/N-MON/ALTRO/spectograms/FH-20/1547.npy,FH-20
-0.011741469,-0.17168497,0.9799007,0.97251713,0.97997105,-0.9998977,0.9922608,1.9921585619449615,0.015135735,1.0255859,-2.0728242713144196,1015625.0,3.7790617e-06,1.9191609e-07,0.8311803161575047,0.012028906758608678,/content/drive/MyDrive/N-MON/ALTRO/spectograms/FH-20/1548.npy,FH-20
-0.009060414,-0.1799252,0.97619224,0.9674037,0.9762343,-1.0001831,0.99198335,1.9921665042638779,0.012922776,1.0313023,-2.01651897552824,3007812.5,3.3613198e-06,1.8973682e-07,0.8439666877943635,0.008592489935203456,/content/drive/MyDrive/N-MON/ALTRO/spectograms/FH-20/1549.npy,FH-20
0.015370662,0.27811223,0.9759812,0.96566397,0.97610223,-0.9992396,0.99292463,1.9921642392873764,-0.03739318,1.0347275,-2.030638050073816,-2988281.25,4.5691468e-06,1.8997042e-07,0.8465768171738088,0.008492396902497592,/content/drive/MyDrive/N-MON/ALTRO/spectograms/FH-20/1550.npy,FH-20
0.0029685784,0.031491563,0.9757333,0.9655564,0.9757378,-0.99974287,0.99242646,1.9921693205833435,-0.013099265,1.0335932,-2.0197181527699772,-2304687.5,2.2739064e-06,1.9119092e-07,0.8635418427311133,0.0044827478060673305,/content/drive/MyDrive/N-MON/ALTRO/spectograms/FH-20/1551.npy,FH-20
0.011695499,0.34045082,0.97748095,0.96870065,0.9775509,-0.9993579,0.9928008,1.992158681154251,-0.031480283,1.0304028,-2.0364692715070776,2421875.0,2.8469103e-06,1.9069797e-07,0.8390510926982122,0.009670149907727597,/content/drive/MyDrive/N-MON/ALTRO/spectograms/FH-20/1552.npy,FH-20
0.0068328558,0.20022887,0.97499406,0.9645735,0.975018,-0.99896157,0.9932058,1.9921673387289047,-0.021112708,1.0349694,-2.014299260261856,1015625.0,2.2272004e-06,1.9141642e-07,0.8538813073167073,0.004330638138172935,/content/drive/MyDrive/N-MON/ALTRO/spectograms/FH-20/1553.npy,FH-20
0.0086023975,0.22418158,0.97739303,0.96805334,0.9774309,-0.9984445,0.99372494,1.9921693950891495,-0.025179839,1.0308573,-2.0440269020592865,3007812.5,2.7681415e-06,1.9024864e-07,0.8546518468567434,0.008051410903254584,/content/drive/MyDrive/N-MON/ALTRO/spectograms/FH-20/1554.npy,FH-20
-0.017599996,-0.26474518,0.97693604,0.9676856,0.9770946,-0.99906623,0.9930941,1.9921602606773376,0.030376622,1.0316664,-2.034123672220865,2421875.0,2.839314e-06,1.9039808e-07,0.8329435859383444,0.0032736934403418717,/content/drive/MyDrive/N-MON/ALTRO/spectograms/FH-20/1555.npy,FH-20
0.0061998367,0.13806783,0.9738819,0.9626826,0.9739016,-0.99855673,0.99360883,1.9921656101942062,-0.019860009,1.0365392,-1.9824578834396551,-2382812.5,2.2084596e-06,1.9102674e-07,0.8571021329179829,0.005055336890508647,/content/drive/MyDrive/N-MON/ALTRO/spectograms/FH-20/1556.npy,FH-20
-0.008444471,-0.042224217,0.97678816,0.96741617,0.97682464,-0.99927,0.9928997,1.9921697676181793,0.008182572,1.0319229,-2.0505563013614134,1015625.0,3.822526e-06,1.9057131e-07,0.8510144559079048,0.00722899592643087,/content/drive/MyDrive/N-MON/ALTRO/spectograms/FH-20/1557.npy,FH-20
0.0010100985,0.1525594,0.9792315,0.97178954,0.979232,-0.9997525,0.9924175,1.9921700358390808,-0.009213002,1.0264579,-2.0729024446120086,1015625.0,2.157432e-06,1.9138868e-07,0.8521443448033382,0.0032100053422434278,/content/drive/MyDrive/N-MON/ALTRO/spectograms/FH-20/1558.npy,FH-20
0.0018909674,0.15678442,0.977195,0.9681544,0.9771969,-0.9992926,0.99286455,1.9921571463346481,-0.013028003,1.0301863,-2.0393866054793133,-1699218.75,1.9637143e-06,1.9035443e-07,0.8595296804953809,0.003003309950712106,/content/drive/MyDrive/N-MON/ALTRO/spectograms/FH-20/1559.npy,FH-20
-0.025021683,-0.35578078,0.97722256,0.9681002,0.9775429,-1.0002506,0.9918915,1.9921420961618423,0.040866174,1.0321141,-2.0471616073725682,-2988281.25,4.7856483e-06,1.9111181e-07,0.8475118222949809,0.0028720174373986257,/content/drive/MyDrive/N-MON/ALTRO/spectograms/FH-20/1560.npy,FH-20
0.0012792826,0.117143095,0.97877467,0.97129494,0.9787755,-0.9999815,0.9921788,1.9921603202819824,-0.010593141,1.0269542,-2.055952845615672,-2382812.5,2.9062617e-06,1.9156003e-07,0.8546507575631221,0.009762185693262522,/content/drive/MyDrive/N-MON/ALTRO/spectograms/FH-20/1561.npy,FH-20
0.0056987284,0.13774505,0.97812784,0.9692942,0.9781445,-0.9989016,0.9932687,1.9921703785657883,-0.016827213,1.029714,-2.059701740966612,3007812.5,4.425168e-06,1.9020007e-07,0.8491162876594632,0.0031214991476363313,/content/drive/MyDrive/N-MON/ALTRO/spectograms/FH-20/1562.npy,FH-20
0.0070194025,0.07211714,0.9795165,0.97106606,0.9795416,-0.9982541,0.9939151,1.9921692162752151,-0.017885124,1.027238,-2.087759623036167,-2988281.25,4.259253e-06,1.9128402e-07,0.8526668789932987,0.00814650764157359,/content/drive/MyDrive/N-MON/ALTRO/spectograms/FH-20/1563.npy,FH-20
-0.0047653182,-0.07369567,0.9768884,0.9677753,0.97690004,-0.9994793,0.99268395,1.9921632707118988,0.003249115,1.0313966,-2.03328322919812,1621093.75,2.0571772e-06,1.9106449e-07,0.857576995392409,0.004665082762016821,/content/drive/MyDrive/N-MON/ALTRO/spectograms/FH-20/1564.npy,FH-20
-0.002574483,-0.0028652586,0.98064625,0.9732489,0.9806496,-0.99899864,0.99317324,1.9921719133853912,-0.0011622611,1.0249513,-2.0921245562721715,3007812.5,2.6110947e-06,1.917083e-07,0.8567627356149055,0.0036249736840818446,/content/drive/MyDrive/N-MON/ALTRO/spectograms/FH-20/1565.npy,FH-20
0.007946419,0.22747496,0.9789978,0.9709863,0.9790301,-0.9990949,0.9930709,1.9921658039093018,-0.02073463,1.0276581,-2.068940427804691,-2382812.5,4.287134e-06,1.9102526e-07,0.8313220388243072,0.009198171664250928,/content/drive/MyDrive/N-MON/ALTRO/spectograms/FH-20/1566.npy,FH-20
-0.0019396844,0.047404073,0.97985655,0.97260827,0.97985846,-0.99950635,0.992662,1.9921684116125107,-0.0020388716,1.0258061,-2.0795390739922723,-2382812.5,3.4997238e-06,1.9120658e-07,0.8409923655927884,0.009331332750027222,/content/drive/MyDrive/N-MON/ALTRO/spectograms/FH-20/1567.npy,FH-20
0.013944402,0.24630468,0.97542274,0.9653599,0.9755224,-0.99979246,0.99236465,1.9921571165323257,-0.035563275,1.0344425,-2.0184688511632425,-2382812.5,4.772283e-06,1.9106446e-07,0.8382639146581691,0.008543652024075216,/content/drive/MyDrive/N-MON/ALTRO/spectograms/FH-20/1568.npy,FH-20
-0.0043899934,0.015389431,0.9758417,0.9668856,0.97585154,-1.0001639,0.99200004,1.9921639561653137,0.002226,1.0319974,-2.022672764028167,3007812.5,3.1178104e-06,1.9103248e-07,0.8408787923646367,0.013663898014472842,/content/drive/MyDrive/N-MON/ALTRO/spectograms/FH-20/1569.npy,FH-20
0.0041477447,0.22694686,0.97817713,0.97091806,0.9781859,-0.99959886,0.99256706,1.9921659380197525,-0.015536598,1.0268439,-2.037104812230485,-2988281.25,4.612957e-06,1.9104857e-07,0.8437867713156877,0.004476425505132187,/content/drive/MyDrive/N-MON/ALTRO/spectograms/FH-20/1570.npy,FH-20
0.008946503,0.2056869,0.9766088,0.9672359,0.97664976,-0.99737513,0.9947696,1.99214468896389,-0.021625495,1.0316895,-2.0383247741116692,-2382812.5,3.3983758e-06,1.9128046e-07,0.8449369338841686,0.01283722159457206,/content/drive/MyDrive/N-MON/ALTRO/spectograms/FH-20/1571.npy,FH-20
0.010878599,0.35956293,0.98041433,0.97327733,0.9804747,-0.9998003,0.99236757,1.9921679347753525,-0.030584315,1.0256821,-2.100523421940051,-2382812.5,2.862084e-06,1.9237424e-07,0.8414726933642344,0.003762700661842067,/content/drive/MyDrive/N-MON/ALTRO/spectograms/FH-20/1572.npy,FH-20
0.016379798,0.3707179,0.9778846,0.96935767,0.9780218,-1.000229,0.99192184,1.9921508580446243,-0.038994946,1.0305556,-2.048783819044994,-2988281.25,3.351306e-06,1.9246242e-07,0.8542304578180685,0.0049680172388157215,/content/drive/MyDrive/N-MON/ALTRO/spectograms/FH-20/1573.npy,FH-20
-0.0055511324,-0.07873203,0.98060805,0.9739298,0.98062384,-1.0005431,0.99162465,1.992167815566063,0.00015465899,1.0239007,-2.079014723719915,-2988281.25,3.139519e-06,1.917123e-07,0.8548208234932846,0.008325296531073759,/content/drive/MyDrive/N-MON/ALTRO/spectograms/FH-20/1574.npy,FH-20
-0.002039816,0.04328762,0.97597486,0.9664041,0.97597694,-0.99972206,0.9924452,1.9921672493219376,-0.0037926724,1.0320429,-2.010862139582046,2421875.0,2.8076745e-06,1.9085928e-07,0.8583086032216922,0.0035159963703995795,/content/drive/MyDrive/N-MON/ALTRO/spectograms/FH-20/1575.npy,FH-20
-0.0034870815,-0.079600334,0.9790722,0.97133946,0.9790785,-0.99755263,0.994612,1.992164596915245,0.0041947337,1.0271832,-2.0749102575914957,-2988281.25,2.724784e-06,1.9127857e-07,0.8339989607997988,0.003219750145064415,/content/drive/MyDrive/N-MON/ALTRO/spectograms/FH-20/1576.npy,FH-20
-0.014550781,-0.09112024,0.9770501,0.96707517,0.9771585,-1.0012481,0.9909216,1.9921697676181793,0.017669229,1.0320317,-2.041772651652617,1015625.0,2.2496665e-06,1.8981378e-07,0.8511835302097572,0.0033736646761568074,/content/drive/MyDrive/N-MON/ALTRO/spectograms/FH-20/1577.npy,FH-20
-0.015026135,-0.29697508,0.97777253,0.96922,0.977888,-1.0001048,0.99206215,1.9921669661998749,0.024244651,1.0299833,-2.053015500233677,-2382812.5,2.8523289e-06,1.9138862e-07,0.8542397847734181,0.004789585850039391,/content/drive/MyDrive/N-MON/ALTRO/spectograms/FH-20/1578.npy,FH-20
-4.72126e-05,0.02083002,0.9757724,0.965575,0.9757724,-0.99868524,0.99348354,1.9921687692403793,-0.003101415,1.0335127,-2.0237876005153135,-390625.0,2.8597e-06,1.8964434e-07,0.8558398592443116,0.006536129747095825,/content/drive/MyDrive/N-MON/ALTRO/spectograms/FH-20/1579.npy,FH-20
-0.0047074747,-0.015516342,0.9793754,0.9707699,0.97938675,-0.9998121,0.9923549,1.9921670407056808,0.0022637106,1.027554,-2.0783919224854976,410156.25,2.8753598e-06,1.9063279e-07,0.8431323437552669,0.0056122021345195285,/content/drive/MyDrive/N-MON/ALTRO/spectograms/FH-20/1580.npy,FH-20
-0.011508467,-0.14360681,0.9777595,0.969089,0.9778272,-0.99912286,0.9930398,1.9921626448631287,0.017751584,1.0292859,-2.05026749736629,410156.25,2.0740754e-06,1.9074818e-07,0.837063473508538,0.005822140776109908,/content/drive/MyDrive/N-MON/ALTRO/spectograms/FH-20/1581.npy,FH-20
-0.008485725,-0.085067794,0.9740319,0.96303034,0.9740689,-0.9992417,0.99291074,1.992152452468872,0.0118460385,1.0366615,-1.9921171251663596,1015625.0,4.0330756e-06,1.9057049e-07,0.8497092169037812,0.005420242876079341,/content/drive/MyDrive/N-MON/ALTRO/spectograms/FH-20/1582.npy,FH-20
-0.0053041866,-0.0023623428,0.9661096,0.9470782,0.9661241,-0.9985204,0.99364275,1.9921631217002869,0.007565246,1.0553297,-1.948975600593004,1015625.0,4.1377034e-06,1.8644229e-07,0.8557969106791601,0.004083189116429748,/content/drive/MyDrive/N-MON/ALTRO/spectograms/FH-20/1583.npy,FH-20
0.0063435165,0.0523728,0.97635853,0.9671781,0.97637916,-0.998485,0.9936738,1.9921588450670242,-0.014224234,1.0320499,-2.0219361689902895,-2988281.25,3.2936084e-06,1.8977073e-07,0.8473722621750568,0.004556841289417557,/content/drive/MyDrive/N-MON/ALTRO/spectograms/FH-20/1584.npy,FH-20
0.0029746073,0.063558325,0.977541,0.9691239,0.97754556,-0.99895996,0.9932042,1.9921641647815704,-0.010619001,1.0292501,-2.032157514361584,-2988281.25,2.8097272e-06,1.9088083e-07,0.8450739145361338,0.005460510169576261,/content/drive/MyDrive/N-MON/ALTRO/spectograms/FH-20/1585.npy,FH-20
-0.006774548,-0.023248315,0.9769442,0.96754307,0.9769677,-0.99986875,0.9922969,1.9921656101942062,0.007764729,1.0312767,-2.0408115033732788,-2988281.25,4.145574e-06,1.909433e-07,0.8474686702183211,0.004735555621097735,/content/drive/MyDrive/N-MON/ALTRO/spectograms/FH-20/1586.npy,FH-20
0.011056328,0.29387784,0.9778537,0.96930224,0.97791624,-0.9991226,0.99304724,1.99216990172863,-0.030707713,1.0296605,-2.039136848349365,1054687.5,3.0997899e-06,1.9071945e-07,0.8472268357554693,0.005690089061017719,/content/drive/MyDrive/N-MON/ALTRO/spectograms/FH-20/1587.npy,FH-20
0.027926061,0.7738482,0.9816605,0.97492445,0.98205763,-0.9999334,0.99223334,1.9921667724847794,-0.063523315,1.0261141,-2.1306459020150283,-996093.75,3.4990362e-06,1.9190978e-07,0.8504082194442238,0.004418828552668134,/content/drive/MyDrive/N-MON/ALTRO/spectograms/FH-20/1588.npy,FH-20
-0.015832547,-0.33529198,0.97648597,0.9679534,0.97661436,-0.9994424,0.9927124,1.9921547770500183,0.028552689,1.030821,-2.0127909410254325,-2988281.25,3.3533202e-06,1.9113116e-07,0.8556661221128232,0.0047529129475971455,/content/drive/MyDrive/N-MON/ALTRO/spectograms/FH-20/1589.npy,FH-20
0.0119521655,0.24765271,0.9768565,0.96729344,0.97692966,-0.9984443,0.9937225,1.9921668320894241,-0.027911514,1.0327523,-2.06252812663008,-2988281.25,3.9791257e-06,1.9133401e-07,0.8501241928907068,0.0027766040629634025,/content/drive/MyDrive/N-MON/ALTRO/spectograms/FH-20/1590.npy,FH-20
-0.012638145,-0.21697707,0.9739423,0.9638339,0.9740243,-0.99824166,0.9939195,1.992161139845848,0.020736972,1.0361844,-1.9847157821363448,1015625.0,4.082148e-06,1.9023307e-07,0.8401132661193423,0.0041195669032471766,/content/drive/MyDrive/N-MON/ALTRO/spectograms/FH-20/1591.npy,FH-20
0.0011883407,0.18354446,0.9776929,0.9691169,0.9776936,-1.0000542,0.9921142,1.9921684712171555,-0.014199363,1.0291904,-2.036520123096369,-2382812.5,2.991498e-06,1.9037032e-07,0.8403238749995121,0.007471579854384961,/content/drive/MyDrive/N-MON/ALTRO/spectograms/FH-20/1592.npy,FH-20
0.0009516547,0.06763448,0.97936666,0.97152317,0.9793671,-0.9987385,0.9934305,1.9921690672636032,-0.0074270405,1.0268171,-2.0714398706948094,-2382812.5,3.6728884e-06,1.9170771e-07,0.8496975344346391,0.0042004142998630254,/content/drive/MyDrive/N-MON/ALTRO/spectograms/FH-20/1593.npy,FH-20
-0.004480191,-0.011291979,0.975621,0.9656571,0.9756313,-0.99964005,0.9925201,1.992160126566887,0.0040185493,1.0334009,-2.0250148888367914,3007812.5,5.377653e-06,1.904069e-07,0.8360957455851092,0.004517416426802775,/content/drive/MyDrive/N-MON/ALTRO/spectograms/FH-20/1594.npy,FH-20
-0.0042028143,-0.080795184,0.9789981,0.9709215,0.9790072,-0.9987264,0.9934344,1.992160826921463,0.0048494632,1.0270488,-2.067365144944529,-2988281.25,4.1665025e-06,1.9152691e-07,0.8490176652714171,0.0055210161848681305,/content/drive/MyDrive/N-MON/ALTRO/spectograms/FH-20/1595.npy,FH-20
-0.0047496366,-0.13668248,0.978839,0.9716387,0.9788505,-0.9998662,0.9923036,1.992169827222824,0.0047999443,1.0268399,-2.065532258289429,-2988281.25,2.177969e-06,1.913354e-07,0.8625057570649359,0.003813567712447956,/content/drive/MyDrive/N-MON/ALTRO/spectograms/FH-20/1596.npy,FH-20
-0.008969102,-0.15927652,0.97521704,0.9652773,0.9752583,-0.99907947,0.9930835,1.9921629428863525,0.014652096,1.0339037,-2.0062162774882406,3007812.5,3.191552e-06,1.9108492e-07,0.8474182545929936,0.007334775073187068,/content/drive/MyDrive/N-MON/ALTRO/spectograms/FH-20/1597.npy,FH-20
0.000639349,0.06326354,0.98009235,0.97303873,0.9800926,-0.99921566,0.99295336,1.9921690374612808,-0.006522765,1.0246725,-2.0834353134650154,3007812.5,2.9040586e-06,1.9192129e-07,0.8520669888410699,0.007311571690074987,/content/drive/MyDrive/N-MON/ALTRO/spectograms/FH-20/1598.npy,FH-20
-0.012954914,-0.14415431,0.9747303,0.9651207,0.9748164,-0.99960804,0.9925574,1.9921654164791107,0.018804612,1.0336659,-1.9826151485000658,-2988281.25,3.821271e-06,1.9032967e-07,0.8515424040087634,0.005755340165668988,/content/drive/MyDrive/N-MON/ALTRO/spectograms/FH-20/1599.npy,FH-20
0.00013664055,0.10701989,0.9761274,0.9664957,0.9761274,-0.99851704,0.99364245,1.992159441113472,-0.006431369,1.032926,-2.020634927827575,-2382812.5,5.09529e-06,1.9159467e-07,0.8325792111104828,0.003685112749603444,/content/drive/MyDrive/N-MON/ALTRO/spectograms/FH-20/1600.npy,FH-20
0.01862156,0.5158296,0.97966164,0.9723958,0.97983855,-0.9997709,0.99239033,1.9921612292528152,-0.0459084,1.0275067,-2.0859591511980895,2421875.0,2.9364219e-06,1.9207216e-07,0.8447727138000078,0.00420318257292647,/content/drive/MyDrive/N-MON/ALTRO/spectograms/FH-20/1601.npy,FH-20
0.0013071108,0.12532075,0.97913766,0.97065175,0.97913855,-0.9996516,0.9925156,1.9921672493219376,-0.012039034,1.0276458,-2.0747343543627013,-2382812.5,3.3302883e-06,1.9196695e-07,0.8484307186454257,0.004920263661697842,/content/drive/MyDrive/N-MON/ALTRO/spectograms/FH-20/1602.npy,FH-20
0.0039540483,0.024987347,0.97567,0.9661631,0.975678,-0.9984782,0.9936914,1.9921695739030838,-0.009847885,1.0332755,-2.0255042543427804,-2988281.25,3.9455313e-06,1.9053988e-07,0.8509074641070233,0.004039661794387485,/content/drive/MyDrive/N-MON/ALTRO/spectograms/FH-20/1603.npy,FH-20
-0.012179157,-0.10471503,0.97885674,0.97119826,0.9789325,-0.9993452,0.99280095,1.9921461194753647,0.01681468,1.0270882,-2.0610519577452457,2402343.75,2.7479728e-06,1.9086798e-07,0.8480125145467485,0.008584172360046584,/content/drive/MyDrive/N-MON/ALTRO/spectograms/FH-20/1604.npy,FH-20
0.0070945825,0.14113858,0.97790956,0.9690242,0.97793525,-0.9995035,0.99266404,1.9921675324440002,-0.019127242,1.0301491,-2.065237588664183,1015625.0,2.304456e-06,1.9110902e-07,0.845214623939932,0.0038021325532508307,/content/drive/MyDrive/N-MON/ALTRO/spectograms/FH-20/1605.npy,FH-20
-0.005108216,-0.05403037,0.9806991,0.9740791,0.9807124,-0.9993551,0.9928105,1.9921655803918839,0.003788135,1.0234812,-2.0772372849834984,-976562.5,2.6222012e-06,1.9167801e-07,0.8516265767361563,0.0031206403570054656,/content/drive/MyDrive/N-MON/ALTRO/spectograms/FH-20/1606.npy,FH-20
-0.008081795,-0.07766162,0.979226,0.97114444,0.9792593,-0.99934095,0.9928248,1.9921657592058182,0.009905925,1.0271686,-2.066001120594196,2988281.25,2.3163125e-06,1.923458e-07,0.854121469997758,0.0037631252196763483,/content/drive/MyDrive/N-MON/ALTRO/spectograms/FH-20/1607.npy,FH-20
0.0015398992,0.117998764,0.97674006,0.96769536,0.97674125,-0.99921894,0.9929445,1.992163360118866,-0.00937716,1.0311583,-2.022491870654102,-2382812.5,2.1290932e-06,1.9128096e-07,0.8513286156987272,0.006869419489990283,/content/drive/MyDrive/N-MON/ALTRO/spectograms/FH-20/1608.npy,FH-20
-0.0014167251,0.08203357,0.9714936,0.9602483,0.9714946,-0.99999684,0.9921646,1.9921614676713943,-0.007676279,1.0389135,-1.9173989910594431,-2988281.25,2.283587e-06,1.8908577e-07,0.8450681281396002,0.0066694133211113995,/content/drive/MyDrive/N-MON/ALTRO/spectograms/FH-20/1609.npy,FH-20
0.0015708904,0.03275945,0.9766992,0.96702236,0.9767005,-0.99846226,0.993703,1.9921652972698212,-0.005718646,1.0319211,-2.0387718668656047,-2382812.5,2.8364132e-06,1.909001e-07,0.8481074504749181,0.00488065564631049,/content/drive/MyDrive/N-MON/ALTRO/spectograms/FH-20/1610.npy,FH-20
0.017963814,0.49273384,0.9810291,0.97378796,0.9811936,-0.99951583,0.99263453,1.992150366306305,-0.044150047,1.0258913,-2.126604061579287,3007812.5,2.3435246e-06,1.9157119e-07,0.8520540045513354,0.006813553596005834,/content/drive/MyDrive/N-MON/ALTRO/spectograms/FH-20/1611.npy,FH-20
-0.0028276925,-0.037896182,0.97311336,0.9620771,0.9731175,-0.9988778,0.9932874,1.9921652227640152,0.0011290637,1.0375099,-1.9731473961985622,1015625.0,2.823263e-06,1.8981106e-07,0.8542402141256117,0.0073054562542114974,/content/drive/MyDrive/N-MON/ALTRO/spectograms/FH-20/1612.npy,FH-20
0.0017107186,0.08627969,0.97625214,0.9665061,0.97625357,-0.9997153,0.99245244,1.9921678006649017,-0.012512499,1.0327694,-2.0263951203194184,1015625.0,3.8562885e-06,1.9138162e-07,0.8611907365252364,0.0032918473044638596,/content/drive/MyDrive/N-MON/ALTRO/spectograms/FH-20/1613.npy,FH-20
0.025407558,0.57500345,0.9786957,0.97071,0.9790255,-0.99901336,0.9931278,1.992141216993332,-0.057460573,1.0302888,-2.072455143180367,-2382812.5,2.4973783e-06,1.9130958e-07,0.8587248673171639,0.0054831646353595675,/content/drive/MyDrive/N-MON/ALTRO/spectograms/FH-20/1614.npy,FH-20
0.0019987088,0.08645581,0.97740394,0.96928054,0.977406,-0.9995154,0.9926437,1.992159128189087,-0.013303853,1.0285454,-2.0233050289579344,-2988281.25,2.7434921e-06,1.9048551e-07,0.8522347212461786,0.014484368024178872,/content/drive/MyDrive/N-MON/ALTRO/spectograms/FH-20/1615.npy,FH-20
-0.0006735532,0.035793915,0.97866136,0.97040945,0.9786616,-0.9993334,0.99283797,1.9921713769435883,-0.005744888,1.0280428,-2.067953101699578,1015625.0,2.803835e-06,1.9187888e-07,0.8568595982634664,0.006185233781297688,/content/drive/MyDrive/N-MON/ALTRO/spectograms/FH-20/1616.npy,FH-20
-0.006667735,-0.05035658,0.97658366,0.96788675,0.9766064,-0.9995492,0.99261296,1.9921621680259705,0.004954348,1.0305908,-2.0169626917715515,-2988281.25,2.825185e-06,1.912735e-07,0.8441349731214051,0.0033126956891256416,/content/drive/MyDrive/N-MON/ALTRO/spectograms/FH-20/1617.npy,FH-20
0.018974062,0.3875423,0.97705334,0.96748143,0.97723764,-0.9991704,0.9929919,1.99216228723526,-0.045470927,1.0331292,-2.0482143116290503,-2382812.5,2.8165437e-06,1.9047597e-07,0.8448807651089536,0.00801060260993708,/content/drive/MyDrive/N-MON/ALTRO/spectograms/FH-20/1618.npy,FH-20
0.0067208144,0.30250347,0.97994286,0.9726476,0.9799659,-0.9982044,0.9939643,1.9921686947345734,-0.020886902,1.025029,-2.0667926937180994,1015625.0,3.433389e-06,1.9094917e-07,0.8577049805054616,0.006892901731977674,/content/drive/MyDrive/N-MON/ALTRO/spectograms/FH-20/1619.npy,FH-20
0.008221891,0.14936718,0.9764309,0.96704644,0.9764654,-0.9990305,0.99313426,1.9921647608280182,-0.023181738,1.0319827,-2.0282915459577193,-2988281.25,4.762871e-06,1.9044225e-07,0.8482612288416327,0.004472431269199641,/content/drive/MyDrive/N-MON/ALTRO/spectograms/FH-20/1620.npy,FH-20
-0.010665804,-0.089798555,0.9784417,0.9691127,0.9784998,-1.000054,0.99209607,1.9921500831842422,0.013535602,1.0293366,-2.0673257795795807,2421875.0,2.422351e-06,1.9108049e-07,0.8481928800201166,0.003299955052595293,/content/drive/MyDrive/N-MON/ALTRO/spectograms/FH-20/1621.npy,FH-20
-0.0043043722,0.007697771,0.97653776,0.9671559,0.97654724,-1.0001062,0.9920647,1.9921709895133972,0.00073022564,1.031727,-2.0271376545235924,3007812.5,3.3008582e-06,1.9201956e-07,0.8594222121977804,0.004709285297139467,/content/drive/MyDrive/N-MON/ALTRO/spectograms/FH-20/1622.npy,FH-20
-0.006821092,-0.050212454,0.97766596,0.9685665,0.97768974,-0.9994523,0.99270386,1.992156133055687,0.005804209,1.0297987,-2.0394385374887323,3007812.5,2.5706165e-06,1.9085012e-07,0.8534293455841166,0.007027729446753686,/content/drive/MyDrive/N-MON/ALTRO/spectograms/FH-20/1623.npy,FH-20
-0.018208986,-0.2942632,0.98037684,0.9728257,0.9805459,-1.0011917,0.9909598,1.9921515733003616,0.028212879,1.0257947,-2.0929392819144317,-2382812.5,2.7043895e-06,1.9209935e-07,0.8503453453266456,0.003019224960476014,/content/drive/MyDrive/N-MON/ALTRO/spectograms/FH-20/1624.npy,FH-20
0.001935978,0.05155708,0.9767094,0.96733534,0.97671133,-0.999195,0.9929726,1.9921676516532898,-0.010604809,1.0310266,-2.0170634618708423,3007812.5,2.7780168e-06,1.9104847e-07,0.8492524670218222,0.004778395312776989,/content/drive/MyDrive/N-MON/ALTRO/spectograms/FH-20/1625.npy,FH-20
-0.0038296916,0.074226074,0.97937894,0.97092444,0.97938645,-0.9999803,0.9921877,1.992167979478836,-0.0016173654,1.0271786,-2.07502933483548,-2382812.5,4.8396746e-06,1.9073514e-07,0.8390769393736812,0.005612365730036275,/content/drive/MyDrive/N-MON/ALTRO/spectograms/FH-20/1626.npy,FH-20
-0.0021840343,-0.11204817,0.9743289,0.9636028,0.9743313,-0.99888533,0.9932776,1.9921629428863525,0.0040119784,1.035728,-2.0013236141207615,-2988281.25,4.0032874e-06,1.905016e-07,0.8502999249471228,0.0039028781031860776,/content/drive/MyDrive/N-MON/ALTRO/spectograms/FH-20/1627.npy,FH-20
0.0120826755,0.3056764,0.97657526,0.9673641,0.97665,-0.9989806,0.9931796,1.9921602308750153,-0.032818392,1.0324717,-2.0277403485552865,3007812.5,2.5899892e-06,1.908777e-07,0.8580008144318729,0.003281907074271199,/content/drive/MyDrive/N-MON/ALTRO/spectograms/FH-20/1628.npy,FH-20
-6.7909954e-05,0.12545618,0.9803083,0.9739697,0.98030835,-0.9995341,0.9926367,1.9921707808971405,-0.0067598806,1.0233743,-2.072264064677465,-390625.0,2.683093e-06,1.9184472e-07,0.8451065698968923,0.0067734004893253395,/content/drive/MyDrive/N-MON/ALTRO/spectograms/FH-20/1629.npy,FH-20
0.003958439,0.19535714,0.9775363,0.9690376,0.9775443,-0.99996275,0.99220645,1.9921691715717316,-0.016338676,1.0301019,-2.0542453213845633,1015625.0,4.011618e-06,1.9069881e-07,0.8436756468614008,0.002887209568740392,/content/drive/MyDrive/N-MON/ALTRO/spectograms/FH-20/1630.npy,FH-20
0.0122637795,0.32821092,0.978917,0.9711129,0.97899383,-0.9998833,0.9922707,1.992153987288475,-0.033479087,1.0281091,-2.0552382363786155,3007812.5,3.6762087e-06,1.9148867e-07,0.8411942800806478,0.004176566114400195,/content/drive/MyDrive/N-MON/ALTRO/spectograms/FH-20/1631.npy,FH-20
0.009504173,0.28570682,0.9769357,0.968027,0.9769819,-0.9995489,0.9926099,1.992158830165863,-0.028676342,1.0309377,-2.027914539323656,-2988281.25,2.2923332e-06,1.9062063e-07,0.8436649177565136,0.007016296180758721,/content/drive/MyDrive/N-MON/ALTRO/spectograms/FH-20/1632.npy,FH-20
-0.0024593545,-0.02297176,0.97976255,0.97230875,0.97976565,-0.99944055,0.99272513,1.9921657145023346,-0.001993878,1.0258688,-2.0725784029958056,-2382812.5,3.2766009e-06,1.912015e-07,0.8480108024559141,0.004828324523081116,/content/drive/MyDrive/N-MON/ALTRO/spectograms/FH-20/1633.npy,FH-20
-0.004467684,-0.046431772,0.97766036,0.96934885,0.9776705,-0.99949443,0.9926616,1.9921560138463974,0.001866428,1.0291401,-2.041894103678736,3007812.5,2.808602e-06,1.9048585e-07,0.8446327127183126,0.002204109513693491,/content/drive/MyDrive/N-MON/ALTRO/spectograms/FH-20/1634.npy,FH-20
-0.0024035964,0.044245634,0.97803336,0.9691466,0.97803634,-0.9987267,0.99344206,1.9921687692403793,-0.0019337776,1.0289546,-2.051740574624816,1015625.0,2.4054063e-06,1.911431e-07,0.8530812576189678,0.004790249207485087,/content/drive/MyDrive/N-MON/ALTRO/spectograms/FH-20/1635.npy,FH-20
-0.0021506853,0.0057241023,0.976419,0.9663036,0.97642136,-0.99813664,0.9940226,1.9921592324972153,-0.0013970272,1.0329897,-2.0431401312399453,-3007812.5,1.8407712e-06,1.9068327e-07,0.8496199542152774,0.007899473164638163,/content/drive/MyDrive/N-MON/ALTRO/spectograms/FH-20/1636.npy,FH-20
-0.008488401,-0.20257413,0.9797214,0.97240144,0.97975826,-0.99952376,0.99263996,1.9921637028455734,0.012400121,1.0256563,-2.0717913835533537,2421875.0,2.4185842e-06,1.9114728e-07,0.8484810444428941,0.0054022305731645,/content/drive/MyDrive/N-MON/ALTRO/spectograms/FH-20/1637.npy,FH-20
-0.0025237685,-0.0027407424,0.9771429,0.96757716,0.97714615,-0.99878305,0.99338084,1.9921638667583466,7.926671e-05,1.0310955,-2.0415509037581847,-2988281.25,2.5417303e-06,1.9059738e-07,0.8518825066518064,0.005444936711100607,/content/drive/MyDrive/N-MON/ALTRO/spectograms/FH-20/1638.npy,FH-20
-0.016617121,-0.20677651,0.97709084,0.9678826,0.9772321,-0.9997642,0.9924041,1.9921683073043823,0.026402699,1.0315734,-2.0490956228977817,2421875.0,2.3281646e-06,1.9061788e-07,0.8509398604403036,0.009963873006012376,/content/drive/MyDrive/N-MON/ALTRO/spectograms/FH-20/1639.npy,FH-20
0.0053534675,0.21534134,0.9806047,0.9734946,0.9806193,-0.9994488,0.9927236,1.992172360420227,-0.01716387,1.0244082,-2.09255205024073,-2988281.25,3.1977916e-06,1.913247e-07,0.8532109033257279,0.007792249926011612,/content/drive/MyDrive/N-MON/ALTRO/spectograms/FH-20/1640.npy,FH-20
-0.006117507,-0.061745398,0.9763725,0.9661618,0.9763916,-0.9992718,0.9928923,1.9921641647815704,0.0075284517,1.0332767,-2.046766919088915,371093.75,2.1907008e-06,1.9111408e-07,0.8548779473338832,0.004419601184941099,/content/drive/MyDrive/N-MON/ALTRO/spectograms/FH-20/1641.npy,FH-20
0.013641102,0.20395929,0.9747835,0.9637588,0.9748789,-0.9992018,0.992968,1.992169812321663,-0.032065406,1.0365212,-2.020729372728983,2421875.0,1.7402783e-06,1.9017182e-07,0.8520165646418021,0.0036729409791111532,/content/drive/MyDrive/N-MON/ALTRO/spectograms/FH-20/1642.npy,FH-20
-0.0011686583,0.09500258,0.9766192,0.96739054,0.9766199,-0.9986441,0.9935238,1.9921678751707077,-0.006495915,1.0318687,-2.042533537625853,-2988281.25,2.8498669e-06,1.9093332e-07,0.8504905421907467,0.006626983084960392,/content/drive/MyDrive/N-MON/ALTRO/spectograms/FH-20/1643.npy,FH-20
-0.0063653975,-0.054136463,0.97678566,0.9687449,0.9768064,-0.9995609,0.99260384,1.9921647161245346,0.0043859133,1.029455,-2.015158079910024,-2988281.25,2.196794e-06,1.9024117e-07,0.8459528784426522,0.006976722547379954,/content/drive/MyDrive/N-MON/ALTRO/spectograms/FH-20/1644.npy,FH-20
-0.0036600651,-0.077165626,0.9799037,0.9723946,0.97991055,-0.99905956,0.9931128,1.9921723902225494,0.0046246676,1.0252492,-2.065953063226149,-2988281.25,2.8986844e-06,1.9132479e-07,0.8501448225709988,0.004631671872669661,/content/drive/MyDrive/N-MON/ALTRO/spectograms/FH-20/1645.npy,FH-20
-0.0075691477,-0.08864455,0.97753423,0.9681315,0.9775635,-0.9989122,0.9932467,1.9921588897705078,0.009910633,1.03058,-2.053235840842982,1816406.25,1.6926638e-06,1.9057761e-07,0.8576419917734948,0.00296379647367799,/content/drive/MyDrive/N-MON/ALTRO/spectograms/FH-20/1646.npy,FH-20
0.020792384,0.5002887,0.97854924,0.9699543,0.97877014,-0.99959344,0.99255,1.9921434223651886,-0.05028008,1.0299588,-2.0597211696419775,-2382812.5,3.3356173e-06,1.9068389e-07,0.8385839095641352,0.004842146152304814,/content/drive/MyDrive/N-MON/ALTRO/spectograms/FH-20/1647.npy,FH-20
0.009371293,0.21947423,0.9781524,0.97020155,0.9781973,-0.99933445,0.9928331,1.9921675473451614,-0.0225481,1.0286809,-2.0510471884085195,-2988281.25,3.0755666e-06,1.9114351e-07,0.8539078374081439,0.006570424936040967,/content/drive/MyDrive/N-MON/ALTRO/spectograms/FH-20/1648.npy,FH-20
0.004720993,0.23407148,0.9771584,0.9679772,0.9771698,-1.0002105,0.99195856,1.9921691417694092,-0.021019,1.0313722,-2.0464888262049747,3007812.5,2.2597865e-06,1.9028363e-07,0.8444765667775802,0.00303079048778595,/content/drive/MyDrive/N-MON/ALTRO/spectograms/FH-20/1649.npy,FH-20
-0.009826529,-0.041625656,0.9716767,0.9587029,0.9717264,-0.99873245,0.99341846,1.9921509325504303,0.014607546,1.041479,-1.9695538027802464,2421875.0,2.71647e-06,1.8924162e-07,0.8577574419522483,0.005573633430747709,/content/drive/MyDrive/N-MON/ALTRO/spectograms/FH-20/1650.npy,FH-20
0.0003254032,0.081723176,0.9779698,0.96892965,0.9779698,-1.0003935,0.99177194,1.9921654611825943,-0.008550516,1.0300807,-2.0638964497540577,410156.25,2.2558077e-06,1.9213027e-07,0.8436829345342561,0.006481050511824267,/content/drive/MyDrive/N-MON/ALTRO/spectograms/FH-20/1651.npy,FH-20
-0.014765937,-0.27615285,0.97551244,0.9663838,0.9756242,-0.9989071,0.9932523,1.9921593964099884,0.027474174,1.0330598,-2.005248909399982,410156.25,4.300876e-06,1.912162e-07,0.8616710501516053,0.0032816861817547287,/content/drive/MyDrive/N-MON/ALTRO/spectograms/FH-20/1652.npy,FH-20
0.003917466,0.08248764,0.98042375,0.97281194,0.98043156,-0.99952865,0.99264294,1.992171585559845,-0.013416644,1.0255932,-2.093343929549034,-2382812.5,2.920153e-06,1.9192544e-07,0.8355460624380036,0.005816206377715272,/content/drive/MyDrive/N-MON/ALTRO/spectograms/FH-20/1653.npy,FH-20
-0.015025408,-0.2891124,0.9805093,0.97367966,0.9806244,-0.9999595,0.9922081,1.9921676963567734,0.022842005,1.0247985,-2.0969107574809627,2421875.0,2.4479714e-06,1.9236776e-07,0.8458776477745261,0.007207141142705069,/content/drive/MyDrive/N-MON/ALTRO/spectograms/FH-20/1654.npy,FH-20
-0.0042543397,-0.029949747,0.979488,0.97142726,0.9794972,-0.9987161,0.9934543,1.9921704083681107,0.0042335005,1.0263236,-2.0545842126867893,312500.0,2.4118565e-06,1.9192123e-07,0.8483513025121356,0.004634091606659122,/content/drive/MyDrive/N-MON/ALTRO/spectograms/FH-20/1655.npy,FH-20
0.0032877463,0.04781621,0.974943,0.96515447,0.97494847,-0.9990635,0.99309856,1.992162063717842,-0.011172715,1.0340805,-2.0018046127230855,3007812.5,2.9630303e-06,1.9028678e-07,0.8513060263738317,0.0061365608779031435,/content/drive/MyDrive/N-MON/ALTRO/spectograms/FH-20/1656.npy,FH-20
-0.016525844,-0.28485164,0.9743886,0.9651666,0.9745288,-0.9995467,0.9925836,1.9921302795410156,0.026289202,1.0347939,-1.995561708754827,1015625.0,2.675001e-06,1.9040864e-07,0.8577650881572685,0.006345899716605188,/content/drive/MyDrive/N-MON/ALTRO/spectograms/FH-20/1657.npy,FH-20
0.011695347,0.22298758,0.97500193,0.9652004,0.9750721,-0.9996096,0.9925368,1.9921463280916214,-0.029773172,1.0349413,-2.0039042824310167,-2988281.25,3.9872034e-06,1.910997e-07,0.8548498809067147,0.0033913313296640543,/content/drive/MyDrive/N-MON/ALTRO/spectograms/FH-20/1658.npy,FH-20
-0.032856468,-0.33133942,0.9654378,0.94926715,0.96599674,-0.9990087,0.9929962,1.9920049458742142,0.06595026,1.057526,-1.9251478847025745,-2988281.25,2.6625075e-06,1.8659435e-07,0.8533291132453313,0.002900082263979493,/content/drive/MyDrive/N-MON/ALTRO/spectograms/FH-20/1659.npy,FH-20
-0.004145621,-0.058203913,0.9732649,0.9625976,0.9732737,-0.9995939,0.9925731,1.9921669960021973,0.00038954162,1.0364584,-1.9720916924445568,-2382812.5,2.0675782e-06,1.8976532e-07,0.8435550347762633,0.00952146443956347,/content/drive/MyDrive/N-MON/ALTRO/spectograms/FH-20/1660.npy,FH-20
-0.00040135003,0.09038417,0.9764812,0.9670375,0.9764813,-0.9994192,0.99274755,1.9921667575836182,-0.0057574813,1.0318475,-2.0416165577742564,-2382812.5,2.6886216e-06,1.914707e-07,0.8466785847414926,0.0071959050529522275,/content/drive/MyDrive/N-MON/ALTRO/spectograms/FH-20/1661.npy,FH-20
0.01783899,0.434106,0.97842824,0.97022533,0.9785909,-0.9993956,0.99277043,1.992165982723236,-0.04328224,1.0298481,-2.057266645467359,410156.25,2.1699975e-06,1.9182269e-07,0.8495596777482797,0.0068608072892638065,/content/drive/MyDrive/N-MON/ALTRO/spectograms/FH-20/1662.npy,FH-20
0.008903159,0.3320676,0.98108166,0.97389424,0.981122,-0.9998671,0.99230313,1.9921702295541763,-0.026332935,1.0245416,-2.107070588057322,2421875.0,3.2168055e-06,1.9107424e-07,0.8497190875024241,0.004050450198220214,/content/drive/MyDrive/N-MON/ALTRO/spectograms/FH-20/1663.npy,FH-20
0.01849082,0.38015568,0.97802436,0.96906006,0.9781992,-0.9988235,0.9933317,1.9921551942825317,-0.045401793,1.0312269,-2.068753257616428,1015625.0,3.9686893e-06,1.9166431e-07,0.8549189427799151,0.003494616740303572,/content/drive/MyDrive/N-MON/ALTRO/spectograms/FH-20/1664.npy,FH-20
0.0267543,0.5692427,0.9713053,0.9612011,0.9716738,-1.001293,0.99086773,1.992160677909851,-0.07262903,1.040657,-1.904798106555184,1015625.0,3.1607653e-06,1.8567363e-07,0.8460862721832926,0.0038837112871527224,/content/drive/MyDrive/N-MON/ALTRO/spectograms/FH-20/1665.npy,FH-20
-0.0011314668,-0.0025277017,0.9765975,0.96719825,0.97659814,-0.9986173,0.99355084,1.9921681433916092,-0.0014187787,1.0311699,-2.026096352004613,-2382812.5,2.944635e-06,1.9004912e-07,0.8508516687312362,0.004697513630964937,/content/drive/MyDrive/N-MON/ALTRO/spectograms/FH-20/1666.npy,FH-20
-0.0004932489,0.062811404,0.9791911,0.97164583,0.97919124,-0.9997294,0.9924426,1.9921719878911972,-0.0062820944,1.0263712,-2.070831783740708,-2382812.5,3.296152e-06,1.9209955e-07,0.8466318492918019,0.004609039309518594,/content/drive/MyDrive/N-MON/ALTRO/spectograms/FH-20/1667.npy,FH-20
-0.020994449,-0.30784518,0.9773004,0.9678994,0.97752583,-0.99928933,0.99287844,1.9921677708625793,0.03651349,1.0320491,-2.0581067257060566,-2988281.25,3.2621024e-06,1.908582e-07,0.847067991242718,0.004214736834006945,/content/drive/MyDrive/N-MON/ALTRO/spectograms/FH-20/1668.npy,FH-20
0.0049293907,0.11736843,0.9772265,0.967463,0.97723895,-0.99978495,0.9923863,1.9921712577342987,-0.0164531,1.0317281,-2.0663626325610593,-2988281.25,3.4996244e-06,1.904969e-07,0.8386522642408074,0.009140938102997915,/content/drive/MyDrive/N-MON/ALTRO/spectograms/FH-20/1669.npy,FH-20
0.018080823,0.46093273,0.97896117,0.9706619,0.9791282,-1.0000651,0.992098,1.992163062095642,-0.04587158,1.0290344,-2.061909178741997,1015625.0,3.9867414e-06,1.9098887e-07,0.8567673456165454,0.009247591465728027,/content/drive/MyDrive/N-MON/ALTRO/spectograms/FH-20/1670.npy,FH-20
0.0046094474,0.19884911,0.97931105,0.9712611,0.9793219,-1.0002922,0.9918722,1.9921643733978271,-0.018857937,1.0274428,-2.072032070246906,-976562.5,2.9553196e-06,1.9186619e-07,0.8507784899831817,0.004158959173873442,/content/drive/MyDrive/N-MON/ALTRO/spectograms/FH-20/1671.npy,FH-20
0.011065952,0.4257261,0.9812662,0.9752942,0.98132867,-1.0000498,0.9921188,1.9921686202287674,-0.030244207,1.0232608,-2.09983588327188,-2988281.25,2.3656107e-06,1.9206576e-07,0.8594691490551395,0.006606483501033742,/content/drive/MyDrive/N-MON/ALTRO/spectograms/FH-20/1672.npy,FH-20
-0.0003301015,-0.12447808,0.9647248,0.94753534,0.9647248,-0.9994088,0.99275583,1.9921646416187286,-0.0005215167,1.0564586,-1.9286653183158864,-2988281.25,2.3081886e-06,1.8664514e-07,0.8358330399910607,0.006575130915243877,/content/drive/MyDrive/N-MON/ALTRO/spectograms/FH-20/1673.npy,FH-20
0.022617085,0.5200633,0.9792951,0.9707038,0.97955626,-0.99932396,0.99284625,1.9921701550483704,-0.054305926,1.0300939,-2.091526173589201,3007812.5,2.486499e-06,1.9148845e-07,0.8458749298235686,0.006754352831546723,/content/drive/MyDrive/N-MON/ALTRO/spectograms/FH-20/1674.npy,FH-20
0.01887764,0.62627906,0.9751144,0.9674485,0.97529715,-0.9986875,0.9934616,1.9921490550041199,-0.050310075,1.0315835,-1.965452851291895,-2988281.25,3.4772718e-06,1.8849852e-07,0.8404790582962637,0.006857405381123754,/content/drive/MyDrive/N-MON/ALTRO/spectograms/FH-20/1675.npy,FH-20
-0.0021842646,0.070629284,0.9811402,0.97369814,0.98114264,-0.99964345,0.99252534,1.992168739438057,-0.0034496079,1.0239065,-2.1046045362060912,3007812.5,3.9460797e-06,1.9219533e-07,0.851979745769819,0.009511517946918506,/content/drive/MyDrive/N-MON/ALTRO/spectograms/FH-20/1676.npy,FH-20
-0.0044845305,-0.058164455,0.97969383,0.97233975,0.9797041,-0.99959534,0.9925757,1.9921710193157196,0.002713669,1.0253577,-2.066033592880533,2421875.0,1.8080468e-06,1.9095441e-07,0.8439032019719084,0.0034301373518882163,/content/drive/MyDrive/N-MON/ALTRO/spectograms/FH-20/1677.npy,FH-20
0.013471602,0.4572899,0.9806372,0.97385144,0.9807297,-0.9997587,0.99238515,1.9921438694000244,-0.03595646,1.0248649,-2.088650185583968,1015625.0,3.4580107e-06,1.9085994e-07,0.8436631837556425,0.005343844031903536,/content/drive/MyDrive/N-MON/ALTRO/spectograms/FH-20/1678.npy,FH-20
0.0015013061,-0.003632445,0.98179215,0.9755815,0.9817933,-0.9995322,0.9926323,1.9921645522117615,-0.008439073,1.0224756,-2.1166104528873975,-2382812.5,2.8707827e-06,1.9137316e-07,0.8472412846178794,0.005107694549671787,/content/drive/MyDrive/N-MON/ALTRO/spectograms/FH-20/1679.npy,FH-20
0.007747764,0.2498638,0.9778215,0.9693651,0.9778522,-1.00014,0.99202037,1.9921603202819824,-0.024081446,1.0294349,-2.0428592848367053,-2988281.25,3.2218834e-06,1.9139844e-07,0.856332750518914,0.0048550784264015275,/content/drive/MyDrive/N-MON/ALTRO/spectograms/FH-20/1680.npy,FH-20
0.016613884,0.3322479,0.9758617,0.96616846,0.97600317,-0.99973553,0.9924277,1.9921632558107376,-0.042953424,1.0343401,-2.015686866247031,1015625.0,2.4310227e-06,1.915339e-07,0.857547486740723,0.002744293844824261,/content/drive/MyDrive/N-MON/ALTRO/spectograms/FH-20/1681.npy,FH-20
0.00602105,0.14087543,0.98022586,0.9725935,0.98024434,-0.9997702,0.99240303,1.9921732991933823,-0.017284717,1.0261613,-2.108748979285182,-2988281.25,4.685917e-06,1.9186976e-07,0.8424605436008822,0.003903106235319799,/content/drive/MyDrive/N-MON/ALTRO/spectograms/FH-20/1682.npy,FH-20
-0.017060138,-0.27235925,0.9753127,0.96558565,0.97546196,-0.99889463,0.9932678,1.9921623915433884,0.030290592,1.033992,-2.007175732797287,-3085937.5,2.6198327e-06,1.9040343e-07,0.856878410092944,0.007638963118155162,/content/drive/MyDrive/N-MON/ALTRO/spectograms/FH-20/1683.npy,FH-20
0.004296624,0.33989096,0.9740139,0.9650797,0.97402334,-0.9999616,0.9921899,1.9921515583992004,-0.024830712,1.032989,-1.961444475663016,-2382812.5,2.949715e-06,1.8848226e-07,0.8507115460375421,0.003949729394325446,/content/drive/MyDrive/N-MON/ALTRO/spectograms/FH-20/1684.npy,FH-20
0.0034053794,0.020769274,0.977136,0.96859676,0.977142,-0.9988584,0.9932938,1.9921522438526154,-0.0117970435,1.0295426,-2.0203276042773233,-2988281.25,3.7754833e-06,1.9130917e-07,0.853036291867239,0.005535292182725091,/content/drive/MyDrive/N-MON/ALTRO/spectograms/FH-20/1685.npy,FH-20
0.014148637,0.3793434,0.97764534,0.9687509,0.97774774,-0.99949044,0.9926605,1.9921509772539139,-0.039633013,1.0307615,-2.0445438779035277,-996093.75,2.0968587e-06,1.9117263e-07,0.8512044255247145,0.008885176200389948,/content/drive/MyDrive/N-MON/ALTRO/spectograms/FH-20/1686.npy,FH-20
-0.0008475237,-0.0075452337,0.9757741,0.9660773,0.97577447,-0.9997327,0.9924377,1.9921703934669495,-0.004787003,1.0329964,-2.0240896945313374,2343750.0,2.3467585e-06,1.908075e-07,0.8512326252338341,0.009148809895179834,/content/drive/MyDrive/N-MON/ALTRO/spectograms/FH-20/1687.npy,FH-20
0.0010426531,0.15690637,0.9779229,0.9693762,0.9779235,-0.9992789,0.9928866,1.9921655356884003,-0.009532941,1.0292909,-2.0461676720467166,-2988281.25,3.7691423e-06,1.9134364e-07,0.8535107331067086,0.008621837256753884,/content/drive/MyDrive/N-MON/ALTRO/spectograms/FH-20/1688.npy,FH-20
-0.0072774966,-0.038433652,0.9802894,0.9728976,0.9803164,-0.99942374,0.9927427,1.9921664595603943,0.008704401,1.0248597,-2.0905409264301777,-2382812.5,3.1026416e-06,1.9129291e-07,0.8507943455889093,0.00715375735217672,/content/drive/MyDrive/N-MON/ALTRO/spectograms/FH-20/1689.npy,FH-20
-0.016888045,-0.34297544,0.9777844,0.96918726,0.97793025,-0.9992932,0.9928679,1.992161050438881,0.028489651,1.0306642,-2.058786189921369,-2988281.25,3.5161333e-06,1.9129921e-07,0.8460014737766998,0.004602291927316607,/content/drive/MyDrive/N-MON/ALTRO/spectograms/FH-20/1690.npy,FH-20
-0.014264203,-0.24173097,0.9763541,0.96715945,0.9764583,-0.9994887,0.99265504,1.9921437352895737,0.023433903,1.0316843,-2.0140061013883637,-976562.5,3.1547745e-06,1.909462e-07,0.8500664740341966,0.003882578631989238,/content/drive/MyDrive/N-MON/ALTRO/spectograms/FH-20/1691.npy,FH-20
-0.005732184,0.0861949,0.9782236,0.96931016,0.97824043,-0.99980485,0.9923642,1.9921691119670868,0.0034396849,1.0296508,-2.073477396346747,2421875.0,3.8272738e-06,1.9034843e-07,0.8580691287684048,0.005600527335966405,/content/drive/MyDrive/N-MON/ALTRO/spectograms/FH-20/1692.npy,FH-20
0.0028039531,0.028772052,0.97403073,0.963947,0.9740348,-0.9986071,0.99355865,1.9921657741069794,-0.009435987,1.0357838,-1.9913807440543148,-2382812.5,4.299359e-06,1.9113553e-07,0.8495862967566409,0.007987537825397456,/content/drive/MyDrive/N-MON/ALTRO/spectograms/FH-20/1693.npy,FH-20
0.0053597125,0.21177346,0.97773707,0.9689588,0.97775173,-0.9990714,0.9930912,1.9921626150608063,-0.016850632,1.0305407,-2.07181641900183,3007812.5,2.1455523e-06,1.9074858e-07,0.8545587231916147,0.007066376944749926,/content/drive/MyDrive/N-MON/ALTRO/spectograms/FH-20/1694.npy,FH-20
0.019516917,0.49261883,0.978289,0.9700702,0.9784837,-0.99951106,0.9926557,1.9921667724847794,-0.044781737,1.0301251,-2.075324687584815,3007812.5,2.3610792e-06,1.9137391e-07,0.8514732317524281,0.0048060997994385,/content/drive/MyDrive/N-MON/ALTRO/spectograms/FH-20/1695.npy,FH-20
0.004618902,0.122001916,0.9765792,0.96675366,0.9765901,-0.9991527,0.9930184,1.9921711087226868,-0.017086934,1.0326195,-2.0401909928889683,1015625.0,2.5152065e-06,1.9041278e-07,0.8522999935947666,0.007399644406796213,/content/drive/MyDrive/N-MON/ALTRO/spectograms/FH-20/1696.npy,FH-20
0.014614772,0.3836832,0.9783837,0.97023916,0.97849286,-0.9991391,0.9930147,1.9921537786722183,-0.03658035,1.0288768,-2.044529680665298,-2988281.25,3.1928898e-06,1.9093184e-07,0.8462106314843576,0.0020296896971023714,/content/drive/MyDrive/N-MON/ALTRO/spectograms/FH-20/1697.npy,FH-20
-0.0029500504,0.109703965,0.9826458,0.9770955,0.9826502,-0.9996725,0.99248755,1.9921600222587585,-0.0017923698,1.0202982,-2.1183219115433145,-2988281.25,3.4053676e-06,1.9249666e-07,0.8514570801280528,0.0041778118983404906,/content/drive/MyDrive/N-MON/ALTRO/spectograms/FH-20/1698.npy,FH-20
0.009709951,0.29410386,0.97750366,0.96866006,0.9775519,-0.99886996,0.9932883,1.9921582788228989,-0.025770396,1.0308715,-2.0601879052871803,1015625.0,2.2622414e-06,1.9080123e-07,0.8445187897723192,0.003935748832404095,/content/drive/MyDrive/N-MON/ALTRO/spectograms/FH-20/1699.npy,FH-20
-0.014563937,-0.35117272,0.98133063,0.975175,0.98143864,-0.9996922,0.99246496,1.9921571612358093,0.02243329,1.0225112,-2.0806336954575704,-2382812.5,2.1083665e-06,1.9161985e-07,0.852387833759114,0.006403578607793879,/content/drive/MyDrive/N-MON/ALTRO/spectograms/FH-20/1700.npy,FH-20
0.01515144,0.37542427,0.978672,0.97073656,0.9787893,-0.9994772,0.9926686,1.992145836353302,-0.036558032,1.0288095,-2.0727258029851408,1621093.75,2.3385471e-06,1.9061429e-07,0.8562583443150835,0.0052673221618431045,/content/drive/MyDrive/N-MON/ALTRO/spectograms/FH-20/1701.npy,FH-20
-0.0062045995,-0.06522577,0.97866017,0.97023964,0.97867984,-0.9986676,0.99349886,1.9921664893627167,0.0073629147,1.0284897,-2.0714300204343052,-2382812.5,2.9175737e-06,1.9110286e-07,0.8443121074962889,0.003829762185706673,/content/drive/MyDrive/N-MON/ALTRO/spectograms/FH-20/1702.npy,FH-20
0.0014709361,0.17322606,0.9767746,0.9677919,0.97677565,-0.9985222,0.9936414,1.9921636134386063,-0.008748938,1.0310369,-2.0367041311533347,-2382812.5,5.8605456e-06,1.9078328e-07,0.8400261992629372,0.0064891138077390114,/content/drive/MyDrive/N-MON/ALTRO/spectograms/FH-20/1703.npy,FH-20
0.01190857,0.36380118,0.9796815,0.97207445,0.97975385,-0.99952126,0.9926466,1.9921678006649017,-0.031012638,1.026385,-2.0681455730620373,1015625.0,3.594275e-06,1.9118528e-07,0.8477950830697821,0.003488760434371337,/content/drive/MyDrive/N-MON/ALTRO/spectograms/FH-20/1704.npy,FH-20
-0.010878195,-0.22576508,0.97837156,0.9707809,0.97843206,-0.99919045,0.9929814,1.9921717792749405,0.013928536,1.0278225,-2.0549412304515986,-2988281.25,4.0219898e-06,1.913242e-07,0.8438294957456656,0.009460196330142976,/content/drive/MyDrive/N-MON/ALTRO/spectograms/FH-20/1705.npy,FH-20
0.0103955725,0.3096285,0.9787712,0.9707417,0.97882646,-0.9988934,0.99327856,1.992171972990036,-0.02621615,1.0281237,-2.076842464697748,-2988281.25,3.0980584e-06,1.9152455e-07,0.8456817626543179,0.003152792846849108,/content/drive/MyDrive/N-MON/ALTRO/spectograms/FH-20/1706.npy,FH-20
0.009186533,0.2354654,0.979808,0.97152483,0.979851,-0.99896514,0.99319834,1.9921634495258331,-0.025628777,1.0272955,-2.0977373640669716,-2988281.25,4.0942386e-06,1.9166157e-07,0.8536855344299308,0.006365845131153875,/content/drive/MyDrive/N-MON/ALTRO/spectograms/FH-20/1707.npy,FH-20
-0.017230008,-0.27999908,0.9741669,0.9646738,0.9743193,-0.99880975,0.99334955,1.99215929210186,0.029530602,1.0351676,-1.985044177304918,-2382812.5,3.547361e-06,1.8991545e-07,0.8430607435039498,0.004066765764858556,/content/drive/MyDrive/N-MON/ALTRO/spectograms/FH-20/1708.npy,FH-20
-0.0039171083,-0.046148967,0.9804542,0.97295845,0.980462,-0.9992105,0.9929594,1.9921698421239853,0.0015594538,1.0246688,-2.0772104076192273,-2382812.5,2.3811467e-06,1.9110902e-07,0.8440710481583039,0.004837505730757773,/content/drive/MyDrive/N-MON/ALTRO/spectograms/FH-20/1709.npy,FH-20
0.001321455,0.062657416,0.9744625,0.963741,0.97446334,-0.9998549,0.9923153,1.9921701848506927,-0.010734032,1.0354991,-1.9931997629532818,-2988281.25,2.6390137e-06,1.9075513e-07,0.8577987378879193,0.003387246115301697,/content/drive/MyDrive/N-MON/ALTRO/spectograms/FH-20/1710.npy,FH-20
0.0034798842,0.10326573,0.97928715,0.9711149,0.97929335,-0.9982934,0.9938744,1.9921677857637405,-0.011119672,1.027315,-2.0745412048099148,3007812.5,3.0992207e-06,1.9123692e-07,0.8444948811215367,0.007934029571489818,/content/drive/MyDrive/N-MON/ALTRO/spectograms/FH-20/1711.npy,FH-20
-0.00041825153,0.09032568,0.97349244,0.96230406,0.9734925,-0.99952066,0.99265003,1.9921707063913345,-0.006601658,1.037571,-1.9820868112767285,1015625.0,2.4381884e-06,1.9076812e-07,0.8311251492981987,0.00945574977069128,/content/drive/MyDrive/N-MON/ALTRO/spectograms/FH-20/1712.npy,FH-20
-0.0057482244,-0.10491726,0.977381,0.9679794,0.97739786,-0.9993861,0.99278265,1.9921687245368958,0.0075585013,1.0311525,-2.0583638459009412,-2382812.5,2.1813112e-06,1.9037589e-07,0.8476801905583258,0.007126001265733577,/content/drive/MyDrive/N-MON/ALTRO/spectograms/FH-20/1713.npy,FH-20
-0.016149623,-0.2411814,0.979314,0.97077996,0.97944725,-0.99901706,0.9931407,1.9921577423810959,0.026914226,1.0285215,-2.089275176013313,-1582031.25,1.7254039e-06,1.9132077e-07,0.8469636041673954,0.009751162538322443,/content/drive/MyDrive/N-MON/ALTRO/spectograms/FH-20/1714.npy,FH-20
-0.013862598,-0.30009186,0.9786406,0.9706957,0.97873884,-0.9992022,0.99295664,1.9921588748693466,0.024421675,1.0281405,-2.063491742429111,410156.25,2.256662e-06,1.9157429e-07,0.8574056806947645,0.00510416869971148,/content/drive/MyDrive/N-MON/ALTRO/spectograms/FH-20/1715.npy,FH-20
0.0070818667,0.2392985,0.97695065,0.9683922,0.97697634,-0.9989833,0.99318326,1.9921665489673615,-0.022891114,1.030839,-2.035494845802896,-390625.0,1.749411e-06,1.9101148e-07,0.8546058356499351,0.005459986444990717,/content/drive/MyDrive/N-MON/ALTRO/spectograms/FH-20/1716.npy,FH-20
-0.005853155,-0.015307049,0.97530174,0.96483856,0.97531927,-0.99965936,0.9925072,1.9921666234731674,0.0031461034,1.0341527,-2.0134938866171037,410156.25,2.6623645e-06,1.9067754e-07,0.8513658974912608,0.00408689184659051,/content/drive/MyDrive/N-MON/ALTRO/spectograms/FH-20/1717.npy,FH-20
-0.008486872,-0.09019857,0.9794534,0.9714126,0.97949016,-1.0003943,0.9917729,1.9921671748161316,0.007417264,1.0269407,-2.0753015109274324,-2382812.5,2.242129e-06,1.9014551e-07,0.8426922669000089,0.004240499692466832,/content/drive/MyDrive/N-MON/ALTRO/spectograms/FH-20/1718.npy,FH-20
-0.0026685982,-0.05827482,0.98060125,0.973172,0.9806049,-0.99979013,0.992361,1.992151141166687,-0.0014759643,1.0246793,-2.081984322539972,2421875.0,2.884584e-06,1.9156998e-07,0.846719487450497,0.004197589129338875,/content/drive/MyDrive/N-MON/ALTRO/spectograms/FH-20/1719.npy,FH-20
-0.021479307,-0.04641269,0.964893,0.94651765,0.965132,-0.9993116,0.9928463,1.9921579360961914,0.03463268,1.0577167,-1.9271504643534751,-2988281.25,2.6784608e-06,1.8511972e-07,0.8527924643079902,0.012349556987270463,/content/drive/MyDrive/N-MON/ALTRO/spectograms/FH-20/1720.npy,FH-20
-0.003379173,0.052239276,0.9758131,0.9666208,0.97581893,-0.99860895,0.993557,1.9921658635139465,-0.0017846191,1.0327626,-2.0224045097665853,-2382812.5,3.0475521e-06,1.918054e-07,0.850129560449922,0.003738090345493429,/content/drive/MyDrive/N-MON/ALTRO/spectograms/FH-20/1721.npy,FH-20
-0.00828477,-0.13216189,0.9740559,0.9635427,0.9740911,-0.9993176,0.9928503,1.9921679198741913,0.0117854895,1.0358472,-1.9869391087004342,-2382812.5,2.2094528e-06,1.9039567e-07,0.8493873024957862,0.008163583519226268,/content/drive/MyDrive/N-MON/ALTRO/spectograms/FH-20/1722.npy,FH-20
-0.0075894757,-0.15951037,0.980356,0.97365725,0.98038536,-0.9993991,0.9927684,1.9921675473451614,0.009956284,1.0244926,-2.0840551744770197,-996093.75,2.0042926e-06,1.9147141e-07,0.8563332595316344,0.008166091868975104,/content/drive/MyDrive/N-MON/ALTRO/spectograms/FH-20/1723.npy,FH-20
0.0038737473,0.22682467,0.97670686,0.9678067,0.9767146,-0.9997329,0.9924382,1.9921711385250092,-0.016904509,1.031685,-2.0497880414233522,1015625.0,2.1013593e-06,1.9140586e-07,0.8500461612677689,0.009837189771017142,/content/drive/MyDrive/N-MON/ALTRO/spectograms/FH-20/1724.npy,FH-20
0.007589903,0.19617924,0.9734039,0.9629237,0.97343343,-0.999229,0.99292624,1.9921552538871765,-0.022756279,1.0365878,-1.9632802682882187,1015625.0,3.7418736e-06,1.895838e-07,0.8526286127345345,0.009610553460419877,/content/drive/MyDrive/N-MON/ALTRO/spectograms/FH-20/1725.npy,FH-20
0.011395953,0.2777499,0.9784544,0.97005516,0.97852075,-0.99952215,0.99264055,1.9921627044677734,-0.029288447,1.0294675,-2.0696652104898376,-2988281.25,3.0765216e-06,1.9059209e-07,0.8548775644809121,0.004003677607023761,/content/drive/MyDrive/N-MON/ALTRO/spectograms/FH-20/1726.npy,FH-20
0.0017530604,0.24321026,0.974876,0.9664,0.97487754,-0.9990029,0.99316776,1.9921706467866898,-0.012373935,1.0318731,-1.9738292707222638,-2382812.5,3.383474e-06,1.9076055e-07,0.8445601579376932,0.009634800060991149,/content/drive/MyDrive/N-MON/ALTRO/spectograms/FH-20/1727.npy,FH-20
0.017167227,0.4148897,0.9769006,0.9676504,0.97705144,-0.99914944,0.9930104,1.9921597987413406,-0.043572903,1.0325722,-2.0472736721954874,1015625.0,4.7038734e-06,1.9176318e-07,0.8560128548060413,0.003380071350645899,/content/drive/MyDrive/N-MON/ALTRO/spectograms/FH-20/1728.npy,FH-20
0.008703358,0.27740946,0.9773968,0.9684144,0.9774355,-0.9999306,0.99222624,1.9921568781137466,-0.026958372,1.0306942,-2.039519577906124,-2988281.25,3.5848316e-06,1.9046432e-07,0.836721990184998,0.005786029696911249,/content/drive/MyDrive/N-MON/ALTRO/spectograms/FH-20/1729.npy,FH-20
-0.0046699536,-0.08553881,0.9769252,0.96897614,0.97693634,-0.9996437,0.9925218,1.9921655505895615,0.003023883,1.0291384,-2.012071735234117,-2382812.5,2.9660712e-06,1.8902836e-07,0.8461687077989377,0.004550366147134992,/content/drive/MyDrive/N-MON/ALTRO/spectograms/FH-20/1730.npy,FH-20
-0.00450663,-0.011447421,0.9748783,0.9646431,0.97488874,-0.9997721,0.9923958,1.9921678602695465,0.0012033505,1.0343727,-2.007345918278789,3007812.5,4.258871e-06,1.8991217e-07,0.8286040437508537,0.005815703543336412,/content/drive/MyDrive/N-MON/ALTRO/spectograms/FH-20/1731.npy,FH-20
0.00013882518,0.02794159,0.9775723,0.96837574,0.9775723,-0.9993973,0.9927662,1.9921634644269943,-0.0060689896,1.0303074,-2.0513765799594266,410156.25,2.3619968e-06,1.9142269e-07,0.8549862632197693,0.003873578234835136,/content/drive/MyDrive/N-MON/ALTRO/spectograms/FH-20/1732.npy,FH-20
0.0018551028,0.1141792,0.97711086,0.9685217,0.9771126,-0.9990837,0.9930829,1.992166593670845,-0.012644074,1.0302145,-2.039787258303125,1015625.0,2.8418085e-06,1.9119858e-07,0.8667967496377766,0.00469010141850501,/content/drive/MyDrive/N-MON/ALTRO/spectograms/FH-20/1733.npy,FH-20
-0.010554821,-0.13644743,0.9766268,0.9666842,0.97668386,-0.99969673,0.99246866,1.9921653717756271,0.016914867,1.0320071,-2.0340581754040015,-2382812.5,3.8012627e-06,1.9126632e-07,0.8442527119968852,0.005352882060082063,/content/drive/MyDrive/N-MON/ALTRO/spectograms/FH-20/1734.npy,FH-20
-0.0030787638,0.14007676,0.9766562,0.9670267,0.9766611,-1.0005816,0.9915863,1.9921679645776749,-0.0070042824,1.0320448,-2.0329559486811704,-2382812.5,3.522434e-06,1.9062989e-07,0.8551197083917772,0.00240696062473059,/content/drive/MyDrive/N-MON/ALTRO/spectograms/FH-20/1735.npy,FH-20
-0.009380392,-0.09357358,0.97548324,0.9650687,0.9755283,-0.9999268,0.992233,1.992159828543663,0.011426884,1.0342739,-2.0347705378304655,-2988281.25,3.5898736e-06,1.9124082e-07,0.8556624837003869,0.0031019248175184777,/content/drive/MyDrive/N-MON/ALTRO/spectograms/FH-20/1736.npy,FH-20
-0.0067737675,-0.11284906,0.97710705,0.96865314,0.97713053,-0.9994707,0.99269927,1.9921699464321136,0.007550757,1.0304848,-2.062540633111758,1015625.0,3.943653e-06,1.9070771e-07,0.8525330880039236,0.003102134025976299,/content/drive/MyDrive/N-MON/ALTRO/spectograms/FH-20/1737.npy,FH-20
-0.01023854,-0.16451627,0.9763288,0.967081,0.97638243,-1.0004,0.9917634,1.9921634048223495,0.013097076,1.0318867,-2.036243988820595,-2382812.5,2.9992418e-06,1.9008377e-07,0.8408861405209409,0.0067119578001356315,/content/drive/MyDrive/N-MON/ALTRO/spectograms/FH-20/1738.npy,FH-20
-0.00567999,-0.06936306,0.9773242,0.96893984,0.9773407,-0.9990784,0.9930918,1.99217027425766,0.0053534633,1.029568,-2.0365381235297777,1015625.0,3.5706464e-06,1.9120777e-07,0.8576137865908839,0.0059471524673250994,/content/drive/MyDrive/N-MON/ALTRO/spectograms/FH-20/1739.npy,FH-20
-0.020500984,-0.31125516,0.9754077,0.9651344,0.97562313,-0.99877053,0.9933989,1.9921694099903107,0.035497427,1.0352244,-2.0164641317306735,-2382812.5,2.5775626e-06,1.9039032e-07,0.8547395301275753,0.0052156925820273465,/content/drive/MyDrive/N-MON/ALTRO/spectograms/FH-20/1740.npy,FH-20
0.023412919,0.56333864,0.9794267,0.9715976,0.97970647,-0.99910015,0.9930396,1.9921398013830185,-0.054665964,1.0287315,-2.081159285636491,2421875.0,2.624343e-06,1.9103766e-07,0.8503569767897122,0.0061968944138878854,/content/drive/MyDrive/N-MON/ALTRO/spectograms/FH-20/1741.npy,FH-20
-0.012406777,-0.14818977,0.9783011,0.9699056,0.9783797,-0.99966466,0.99250394,1.9921686202287674,0.018227618,1.0286748,-2.0573389936992603,1015625.0,3.2937373e-06,1.9109467e-07,0.8416425186841803,0.007035434669886542,/content/drive/MyDrive/N-MON/ALTRO/spectograms/FH-20/1742.npy,FH-20
0.0014080808,-0.14325213,0.9676792,0.9531426,0.9676803,-0.99871224,0.9934524,1.9921647012233734,-0.0024879004,1.0497024,-1.9382331865488445,2402343.75,2.0760515e-06,1.863865e-07,0.8463411132462917,0.008783648189213025,/content/drive/MyDrive/N-MON/ALTRO/spectograms/FH-20/1743.npy,FH-20
-0.009949161,-0.073631436,0.97505635,0.9647438,0.9751071,-0.9993939,0.99277633,1.992170199751854,0.012805359,1.0347527,-2.009124633188473,3007812.5,3.025457e-06,1.9132487e-07,0.8470463194833153,0.009131625073177958,/content/drive/MyDrive/N-MON/ALTRO/spectograms/FH-20/1744.npy,FH-20
0.00432256,0.15326342,0.97712195,0.96814275,0.97713155,-0.9991536,0.9930111,1.9921647310256958,-0.01656286,1.030773,-2.0347472548147794,3007812.5,4.41018e-06,1.911653e-07,0.8388709805153027,0.006895513068693793,/content/drive/MyDrive/N-MON/ALTRO/spectograms/FH-20/1745.npy,FH-20
0.0024536347,0.015023753,0.97576165,0.96498257,0.97576475,-1.0006267,0.99154127,1.9921679943799973,-0.01239235,1.0343276,-2.0452682911515616,-2988281.25,3.1394436e-06,1.9124417e-07,0.849988869904896,0.005747854470415115,/content/drive/MyDrive/N-MON/ALTRO/spectograms/FH-20/1746.npy,FH-20
-0.0022897439,0.062936805,0.978867,0.97082216,0.9788697,-0.9996425,0.99252474,1.9921672642230988,-0.0030562321,1.027388,-2.0603168786508315,1015625.0,3.3880706e-06,1.9154427e-07,0.8578925701492301,0.003485180353220453,/content/drive/MyDrive/N-MON/ALTRO/spectograms/FH-20/1747.npy,FH-20
-0.014225441,-0.10620814,0.9744629,0.9641615,0.97456676,-1.0006893,0.99146783,1.992157056927681,0.017305,1.035371,-2.0034514811075343,1015625.0,2.0816992e-06,1.9081781e-07,0.854060200692109,0.006008011442564875,/content/drive/MyDrive/N-MON/ALTRO/spectograms/FH-20/1748.npy,FH-20
0.011517969,0.1415275,0.9777595,0.96847767,0.97782725,-0.99908656,0.99308395,1.9921704977750778,-0.028211271,1.0299182,-2.046162192177258,1015625.0,2.2179015e-06,1.9108595e-07,0.8567032484504962,0.003598984411257647,/content/drive/MyDrive/N-MON/ALTRO/spectograms/FH-20/1749.npy,FH-20
-0.017423872,-0.26909292,0.9751851,0.96514183,0.9753407,-0.99952877,0.99263144,1.9921602010726929,0.030011205,1.0348492,-2.020066919590282,1015625.0,4.20767e-06,1.911176e-07,0.8510720112510253,0.005783095386969016,/content/drive/MyDrive/N-MON/ALTRO/spectograms/FH-20/1750.npy,FH-20
0.006592242,0.12944093,0.9731932,0.9612703,0.9732156,-0.99946594,0.99269795,1.9921638667583466,-0.022238636,1.039006,-1.9916312001631689,-976562.5,2.2820504e-06,1.9089441e-07,0.8479148132312141,0.005260215462174046,/content/drive/MyDrive/N-MON/ALTRO/spectograms/FH-20/1751.npy,FH-20
0.0004320934,0.03917741,0.97698045,0.9678773,0.9769805,-0.9998032,0.99236405,1.9921672195196152,-0.008077789,1.0311024,-2.0406145037186656,-2988281.25,3.7822113e-06,1.9092239e-07,0.8455200904123774,0.005844290871853321,/content/drive/MyDrive/N-MON/ALTRO/spectograms/FH-20/1752.npy,FH-20
0.008629759,0.2978439,0.98131967,0.9751481,0.98135763,-0.99907005,0.99309695,1.992167055606842,-0.02349553,1.0228922,-2.0978215688060713,-976562.5,2.5014028e-06,1.9211024e-07,0.8555359666682414,0.006150193749138136,/content/drive/MyDrive/N-MON/ALTRO/spectograms/FH-20/1753.npy,FH-20
0.0035647778,0.07101967,0.97893196,0.970817,0.97893846,-0.9991968,0.9929677,1.992164596915245,-0.012179254,1.0277671,-2.0602406483595574,-2988281.25,2.9760806e-06,1.9126446e-07,0.8474831313214648,0.002669614796639957,/content/drive/MyDrive/N-MON/ALTRO/spectograms/FH-20/1754.npy,FH-20
0.00015807533,0.0035908264,0.9755948,0.96557736,0.9755948,-1.0002234,0.99194264,1.992166057229042,-0.0075269877,1.0336349,-2.0185768615778787,-2988281.25,3.0686488e-06,1.9046422e-07,0.852910812538614,0.0029290976898579454,/content/drive/MyDrive/N-MON/ALTRO/spectograms/FH-20/1755.npy,FH-20
0.0036985683,0.14493564,0.9783144,0.96991944,0.9783214,-0.9996946,0.99247026,1.9921648055315018,-0.016601486,1.0286477,-2.067360564702301,3007812.5,3.5981252e-06,1.9070023e-07,0.8484682278159152,0.004286135397056568,/content/drive/MyDrive/N-MON/ALTRO/spectograms/FH-20/1756.npy,FH-20
-0.0006297564,0.031347122,0.97803265,0.9697738,0.9780329,-0.9999654,0.9922045,1.9921699315309525,-0.006020458,1.0284679,-2.0432120748687748,-2382812.5,2.6473801e-06,1.9030256e-07,0.8510860512991079,0.006902893939045315,/content/drive/MyDrive/N-MON/ALTRO/spectograms/FH-20/1757.npy,FH-20
0.00069005287,0.093574345,0.97520757,0.96548325,0.9752078,-1.0001487,0.99202186,1.9921705275774002,-0.009262461,1.0338391,-2.0121547161047326,1015625.0,4.744313e-06,1.9161877e-07,0.8454800633441677,0.007822506922315434,/content/drive/MyDrive/N-MON/ALTRO/spectograms/FH-20/1758.npy,FH-20
0.0021693024,0.07854955,0.9779152,0.969489,0.9779176,-0.9994961,0.99267495,1.992171049118042,-0.010394401,1.0294021,-2.0668316415027537,3007812.5,2.9516693e-06,1.9142286e-07,0.8549237963700524,0.0049945000263440665,/content/drive/MyDrive/N-MON/ALTRO/spectograms/FH-20/1759.npy,FH-20
0.0105723385,0.3090945,0.9762502,0.96749336,0.9763074,-0.99945045,0.9927172,1.9921676814556122,-0.030388957,1.0319301,-2.017326042039474,3007812.5,3.3020701e-06,1.8976264e-07,0.843574986556438,0.004269914709301116,/content/drive/MyDrive/N-MON/ALTRO/spectograms/FH-20/1760.npy,FH-20
0.0066983523,0.2431825,0.9812114,0.97465295,0.98123425,-0.9989884,0.99317724,1.9921656399965286,-0.019801367,1.0232704,-2.088581121770985,-390625.0,3.0522424e-06,1.9253595e-07,0.8410710506883997,0.006066912256013081,/content/drive/MyDrive/N-MON/ALTRO/spectograms/FH-20/1761.npy,FH-20
0.01784349,0.41511738,0.97979933,0.97185886,0.97996175,-0.99888295,0.99328464,1.9921675771474838,-0.041158106,1.0274228,-2.0779982151579874,2421875.0,3.7353916e-06,1.920857e-07,0.8570384545409546,0.007050097142766312,/content/drive/MyDrive/N-MON/ALTRO/spectograms/FH-20/1762.npy,FH-20
-0.009264866,-0.048843626,0.97728926,0.9678509,0.9773332,-1.0017858,0.99037343,1.9921592026948929,0.005203042,1.0317916,-2.067847821764409,-2988281.25,5.5460087e-06,1.9156943e-07,0.8516274913549903,0.0069882995904747645,/content/drive/MyDrive/N-MON/ALTRO/spectograms/FH-20/1763.npy,FH-20
0.0028491039,0.11879443,0.974425,0.96452576,0.97442913,-0.9983659,0.9937972,1.992163062095642,-0.011458115,1.0348537,-1.9917443170119908,-390625.0,3.0556698e-06,1.8994713e-07,0.853551552229136,0.003660099733059626,/content/drive/MyDrive/N-MON/ALTRO/spectograms/FH-20/1764.npy,FH-20
0.011703589,0.33239335,0.97800136,0.9691382,0.97807145,-0.9995645,0.99260366,1.992168202996254,-0.03271985,1.0301563,-2.0634246007840407,3007812.5,3.4719928e-06,1.9164543e-07,0.8406414789667851,0.0052666218295908665,/content/drive/MyDrive/N-MON/ALTRO/spectograms/FH-20/1765.npy,FH-20
0.0019697733,0.11701588,0.97764593,0.9686341,0.97764784,-1.0001678,0.99199855,1.9921663701534271,-0.011728982,1.0304375,-2.0641929296904715,-2382812.5,2.5302159e-06,1.9078405e-07,0.8571913226684369,0.0036703374619191055,/content/drive/MyDrive/N-MON/ALTRO/spectograms/FH-20/1766.npy,FH-20
-0.0100909555,-0.17828873,0.97902006,0.9708917,0.97907203,-0.9985751,0.993587,1.992162063717842,0.016189545,1.0276258,-2.065717192549217,1015625.0,3.381687e-06,1.9149289e-07,0.8555727845360537,0.003569609928729676,/content/drive/MyDrive/N-MON/ALTRO/spectograms/FH-20/1767.npy,FH-20
0.016886603,0.4149302,0.97683716,0.96781695,0.9769831,-0.9991588,0.9929956,1.9921544194221497,-0.042749695,1.03256,-2.0441765967961425,-2988281.25,4.017532e-06,1.9151463e-07,0.8495492157173422,0.004666290465503848,/content/drive/MyDrive/N-MON/ALTRO/spectograms/FH-20/1768.npy,FH-20
-0.0008746777,0.07907544,0.9783215,0.97042245,0.97832185,-0.99903697,0.99311805,1.9921550154685974,-0.0049477,1.0280633,-2.0544290215870813,2421875.0,3.842758e-06,1.9121234e-07,0.8562777073263328,0.002907655269899946,/content/drive/MyDrive/N-MON/ALTRO/spectograms/FH-20/1769.npy,FH-20
0.0012646975,-0.02339812,0.9755541,0.9660862,0.97555494,-0.9999294,0.9922347,1.992164134979248,-0.0078047574,1.0329944,-2.0058546883594204,-2382812.5,3.3721499e-06,1.9099278e-07,0.848930480346912,0.007152314576640845,/content/drive/MyDrive/N-MON/ALTRO/spectograms/FH-20/1770.npy,FH-20
-0.0031953612,-0.11922248,0.9790178,0.9715755,0.97902304,-0.9981739,0.9939917,1.9921655654907227,0.004395338,1.0265956,-2.0610122874104304,-2988281.25,3.5351975e-06,1.9031664e-07,0.8548639251328835,0.0030730651999186214,/content/drive/MyDrive/N-MON/ALTRO/spectograms/FH-20/1771.npy,FH-20
-0.002714204,-0.0070075057,0.97342134,0.962136,0.97342515,-0.9991238,0.9930429,1.9921666830778122,-0.001831068,1.036973,-1.9814139682415386,-2382812.5,3.3174256e-06,1.9009752e-07,0.8441021732764433,0.005206373607297972,/content/drive/MyDrive/N-MON/ALTRO/spectograms/FH-20/1772.npy,FH-20
0.019397598,0.48491234,0.97884655,0.9706906,0.9790388,-0.9994079,0.9927334,1.9921412765979767,-0.0477767,1.0292586,-2.0670277021006793,1015625.0,2.505812e-06,1.9117822e-07,0.8480106243357727,0.004528937990849195,/content/drive/MyDrive/N-MON/ALTRO/spectograms/FH-20/1773.npy,FH-20
-0.0038423392,0.024265863,0.9778602,0.96857864,0.9778677,-0.99914324,0.99302423,1.9921675324440002,0.0020500754,1.0299258,-2.0454904951780923,1015625.0,2.7802225e-06,1.9059512e-07,0.8421539717056727,0.004840345158199072,/content/drive/MyDrive/N-MON/ALTRO/spectograms/FH-20/1774.npy,FH-20
0.0006679616,0.12628959,0.98029315,0.97254044,0.98029333,-0.9986565,0.9935106,1.9921671599149704,-0.007430404,1.0259411,-2.103551104958176,3007812.5,3.3959736e-06,1.913973e-07,0.8616563254311358,0.005201222827415987,/content/drive/MyDrive/N-MON/ALTRO/spectograms/FH-20/1775.npy,FH-20
-0.013735738,-0.23380964,0.97743505,0.9687047,0.97753155,-0.9994427,0.9927202,1.9921628534793854,0.020495152,1.0307918,-2.0566297925481933,3007812.5,2.40341e-06,1.915374e-07,0.8534601304066793,0.0025286127146758115,/content/drive/MyDrive/N-MON/ALTRO/spectograms/FH-20/1776.npy,FH-20
0.0012530382,0.08635288,0.9789258,0.97064346,0.97892666,-0.9995498,0.99261993,1.9921697229146957,-0.009153262,1.0275923,-2.070233369326896,-2382812.5,3.6250992e-06,1.9158199e-07,0.8481260264984378,0.00789318776910453,/content/drive/MyDrive/N-MON/ALTRO/spectograms/FH-20/1777.npy,FH-20
-0.007195791,-0.16352059,0.9785183,0.97054946,0.9785447,-0.9994614,0.99270767,1.992169052362442,0.008536502,1.0281974,-2.0666105832538406,1015625.0,3.819933e-06,1.9013295e-07,0.8364848673270866,0.013376457962014573,/content/drive/MyDrive/N-MON/ALTRO/spectograms/FH-20/1778.npy,FH-20
0.002496394,0.16354388,0.97750646,0.96822464,0.9775097,-1.0004946,0.9916734,1.9921679943799973,-0.01577891,1.0310402,-2.063305466589812,-2988281.25,3.8154544e-06,1.9105069e-07,0.841751401009476,0.006569854608733096,/content/drive/MyDrive/N-MON/ALTRO/spectograms/FH-20/1779.npy,FH-20
-0.00083648774,-0.035022497,0.97944283,0.9722363,0.97944325,-0.99990356,0.99226403,1.9921675622463226,-0.005831235,1.0256664,-2.0587339243489984,410156.25,2.7227898e-06,1.9064109e-07,0.8623542927592143,0.006256740493636315,/content/drive/MyDrive/N-MON/ALTRO/spectograms/FH-20/1780.npy,FH-20
0.006496946,0.24317986,0.9811596,0.97450954,0.9811811,-0.9990397,0.993131,1.9921706914901733,-0.01933388,1.0230892,-2.091681877971406,-2382812.5,3.1809998e-06,1.923272e-07,0.8451883753060152,0.005143043270083088,/content/drive/MyDrive/N-MON/ALTRO/spectograms/FH-20/1781.npy,FH-20
0.00027592372,0.14121449,0.9760292,0.96655947,0.9760293,-0.9995017,0.9926678,1.9921694993972778,-0.009436886,1.0325277,-2.031635850575979,3007812.5,2.9238684e-06,1.9035116e-07,0.8574563308411147,0.00488277229335659,/content/drive/MyDrive/N-MON/ALTRO/spectograms/FH-20/1782.npy,FH-20
0.008462593,0.19208997,0.97610533,0.9663271,0.97614205,-0.99928975,0.99287504,1.9921647757291794,-0.024713667,1.033692,-2.048602278738449,3007812.5,3.7785906e-06,1.9145048e-07,0.8421079737995947,0.008980408375572142,/content/drive/MyDrive/N-MON/ALTRO/spectograms/FH-20/1783.npy,FH-20
0.004741088,0.15679035,0.9773303,0.9680348,0.9773418,-0.9994847,0.99268186,1.9921665787696838,-0.017505541,1.0312682,-2.053822157694934,1015625.0,2.5613094e-06,1.9040186e-07,0.8474820979562183,0.009318110797990496,/content/drive/MyDrive/N-MON/ALTRO/spectograms/FH-20/1784.npy,FH-20
0.0023389917,0.14822125,0.978201,0.96984726,0.97820383,-1.000276,0.9918789,1.9921549260616302,-0.013285618,1.0286951,-2.0448826590916562,-2988281.25,2.6840855e-06,1.903987e-07,0.8649636055030003,0.005830350490111979,/content/drive/MyDrive/N-MON/ALTRO/spectograms/FH-20/1785.npy,FH-20
0.0011530425,0.10497632,0.9809019,0.9729848,0.9809027,-1.0004165,0.9917558,1.9921723455190659,-0.012585087,1.025142,-2.099692664353224,-996093.75,2.837351e-06,1.9282407e-07,0.8444730521625345,0.008598320868194363,/content/drive/MyDrive/N-MON/ALTRO/spectograms/FH-20/1786.npy,FH-20
-0.020037513,-0.35886785,0.97978127,0.97154504,0.97998613,-0.99946845,0.99270296,1.9921714067459106,0.03249699,1.0277555,-2.1067871497892057,-2382812.5,2.357665e-06,1.9056907e-07,0.8603239872837646,0.008061844305880262,/content/drive/MyDrive/N-MON/ALTRO/spectograms/FH-20/1787.npy,FH-20
0.005738094,0.19529867,0.9748105,0.9640375,0.9748274,-0.9999333,0.99223423,1.9921675473451614,-0.023776136,1.0351697,-2.0103644046070057,1015625.0,3.7763111e-06,1.9094108e-07,0.8494568768368362,0.009213215133897038,/content/drive/MyDrive/N-MON/ALTRO/spectograms/FH-20/1788.npy,FH-20
0.013617065,0.23555548,0.97486174,0.9645977,0.97495687,-0.99875736,0.99341166,1.9921690374612808,-0.031237606,1.035869,-2.0172980033361556,-2988281.25,4.781881e-06,1.9029443e-07,0.8510532713109478,0.0021615866769284743,/content/drive/MyDrive/N-MON/ALTRO/spectograms/FH-20/1789.npy,FH-20
1.0599137e-05,0.05525073,0.9756284,0.96549255,0.9756284,-0.99937904,0.9927882,1.9921672642230988,-0.0046109436,1.0339649,-2.0346579497805823,-2988281.25,2.7478623e-06,1.9056031e-07,0.8419896222376455,0.00509026095387696,/content/drive/MyDrive/N-MON/ALTRO/spectograms/FH-20/1790.npy,FH-20
0.004422286,0.19976798,0.97807515,0.9698116,0.9780851,-0.999472,0.99269134,1.9921633452177048,-0.015879273,1.029054,-2.0542704149037885,410156.25,3.012995e-06,1.9175441e-07,0.8506448883205906,0.0036604753600544644,/content/drive/MyDrive/N-MON/ALTRO/spectograms/FH-20/1791.npy,FH-20
-0.0045946664,-0.12791845,0.9788771,0.9703291,0.9788879,-0.99903655,0.99313146,1.9921680092811584,0.004473795,1.0285119,-2.0798603901341055,-2988281.25,3.185286e-06,1.9182204e-07,0.8469198668202764,0.004295444964151277,/content/drive/MyDrive/N-MON/ALTRO/spectograms/FH-20/1792.npy,FH-20
0.005091934,0.15318333,0.97999203,0.972286,0.98000526,-0.9991307,0.9930402,1.99217090010643,-0.016342824,1.0261856,-2.0886298359629096,2421875.0,2.5523466e-06,1.9138362e-07,0.8497421384505388,0.009339565411997972,/content/drive/MyDrive/N-MON/ALTRO/spectograms/FH-20/1793.npy,FH-20
0.009522263,0.29045683,0.9783389,0.97042483,0.9783852,-0.99859184,0.9935763,1.9921680986881256,-0.025641551,1.027979,-2.0387033128175958,-2988281.25,2.6475632e-06,1.9135464e-07,0.840263162422278,0.00738158761108529,/content/drive/MyDrive/N-MON/ALTRO/spectograms/FH-20/1794.npy,FH-20
0.005892201,0.37140274,0.9821519,0.9762382,0.9821696,-0.9997354,0.9924305,1.9921659529209137,-0.022506293,1.0216868,-2.116461474698079,-2988281.25,5.6089652e-06,1.9178499e-07,0.8448910918046598,0.004773463172610683,/content/drive/MyDrive/N-MON/ALTRO/spectograms/FH-20/1795.npy,FH-20
-0.0074682245,-0.11199869,0.9797972,0.9715514,0.9798256,-0.9987865,0.99338055,1.9921670705080032,0.009876552,1.0270141,-2.090755264597113,-390625.0,2.6276682e-06,1.9122318e-07,0.8651928786903588,0.015703003707562703,/content/drive/MyDrive/N-MON/ALTRO/spectograms/FH-20/1796.npy,FH-20
-0.021617431,-0.29919636,0.97828305,0.9692836,0.9785218,-0.9984936,0.9935962,1.9920898228883743,0.036730293,1.0302448,-2.070581229971337,3007812.5,2.1886794e-06,1.9186385e-07,0.8502215071384134,0.003926693625294042,/content/drive/MyDrive/N-MON/ALTRO/spectograms/FH-20/1797.npy,FH-20
-0.01640945,-0.2920518,0.9776201,0.9682629,0.9777579,-0.9991367,0.9930317,1.9921684116125107,0.029484503,1.0307403,-2.0336591495759864,1660156.25,2.0293762e-06,1.9201721e-07,0.8569348321194046,0.006276035166681396,/content/drive/MyDrive/N-MON/ALTRO/spectograms/FH-20/1798.npy,FH-20
-0.013914147,-0.22982012,0.97895557,0.97073203,0.9790545,-0.99943507,0.9927325,1.9921675622463226,0.020976046,1.0282875,-2.0863978917629336,-2988281.25,4.4140234e-06,1.9159944e-07,0.8370456501367054,0.007724340065569992,/content/drive/MyDrive/N-MON/ALTRO/spectograms/FH-20/1799.npy,FH-20
0.0076533323,0.28927755,0.97980255,0.9723078,0.9798325,-0.99976003,0.99241096,1.9921710342168808,-0.022043513,1.0265633,-2.096650118211831,-2988281.25,3.7772163e-06,1.9191702e-07,0.8401983639111993,0.011217619906178295,/content/drive/MyDrive/N-MON/ALTRO/spectograms/FH-20/1800.npy,FH-20
0.006240499,0.1890193,0.97538954,0.9654924,0.97540945,-0.99846935,0.9936979,1.9921672642230988,-0.019425195,1.0338128,-2.000618273387542,1015625.0,2.6721561e-06,1.8987424e-07,0.8594952368965213,0.006867743409364585,/content/drive/MyDrive/N-MON/ALTRO/spectograms/FH-20/1801.npy,FH-20
-0.009150123,-0.13156721,0.979178,0.97111064,0.97922075,-0.9986464,0.9935224,1.9921687692403793,0.013871845,1.0276666,-2.080890435420443,-2988281.25,2.7542467e-06,1.9144699e-07,0.8512502029596094,0.0029781358990616786,/content/drive/MyDrive/N-MON/ALTRO/spectograms/FH-20/1802.npy,FH-20
-0.0051876307,-0.042833842,0.9769442,0.96751684,0.97695804,-0.99983037,0.99233603,1.992166444659233,0.0010628913,1.0311002,-2.0392216788582402,3007812.5,1.9109993e-06,1.9105667e-07,0.8487645648511222,0.009133597781024233,/content/drive/MyDrive/N-MON/ALTRO/spectograms/FH-20/1803.npy,FH-20
0.012596047,0.21189547,0.97818595,0.9691636,0.9782671,-0.9990833,0.9930822,1.9921654909849167,-0.030412547,1.0302861,-2.074072608987475,-2382812.5,2.74418e-06,1.9080062e-07,0.8646711083128622,0.007215610496273921,/content/drive/MyDrive/N-MON/ALTRO/spectograms/FH-20/1804.npy,FH-20
-0.011614549,-0.18735242,0.980445,0.97355837,0.98051375,-0.9998558,0.99231184,1.9921676367521286,0.013565236,1.024221,-2.078559715168584,-2988281.25,4.0301416e-06,1.9140072e-07,0.8407004060415746,0.003563125561368266,/content/drive/MyDrive/N-MON/ALTRO/spectograms/FH-20/1805.npy,FH-20
-0.0051620807,0.12979418,0.96760994,0.9532239,0.9676238,-0.9990461,0.9931203,1.9921663999557495,-0.0019189093,1.049119,-1.9307456743696776,1621093.75,3.370082e-06,1.8829282e-07,0.8542779268145659,0.004020093180497644,/content/drive/MyDrive/N-MON/ALTRO/spectograms/FH-20/1806.npy,FH-20
-0.01312204,-0.20285983,0.9794162,0.970353,0.97950405,-0.9996384,0.9925133,1.9921516627073288,0.021636663,1.0287708,-2.09860682885754,-996093.75,3.7389168e-06,1.9135204e-07,0.8552230785260675,0.0044903912196713434,/content/drive/MyDrive/N-MON/ALTRO/spectograms/FH-20/1807.npy,FH-20
-0.016515981,-0.25657254,0.9788616,0.970556,0.97900087,-0.9986639,0.9934506,1.9921144545078278,0.028155882,1.028612,-2.0731066254434563,-2988281.25,2.915113e-06,1.9065976e-07,0.8444596379005923,0.00816913097219002,/content/drive/MyDrive/N-MON/ALTRO/spectograms/FH-20/1808.npy,FH-20
0.0022662159,0.09493239,0.9764894,0.96807575,0.97649205,-0.9987702,0.99338436,1.9921545684337616,-0.007369485,1.0306565,-2.022430499875491,3007812.5,3.4109098e-06,1.9079374e-07,0.8389409679172222,0.0054890982844113655,/content/drive/MyDrive/N-MON/ALTRO/spectograms/FH-20/1809.npy,FH-20
0.0049008466,0.16109748,0.9744026,0.96480834,0.9744149,-0.9989936,0.99316096,1.9921545833349228,-0.0143004125,1.0343069,-1.9853597392813482,-2988281.25,1.8960004e-06,1.9167905e-07,0.8615236364373176,0.005718689265001092,/content/drive/MyDrive/N-MON/ALTRO/spectograms/FH-20/1810.npy,FH-20
-0.0020845123,-0.060433485,0.9780163,0.96987367,0.9780185,-0.9979128,0.994256,1.9921688437461853,0.001265794,1.0282433,-2.0443850302201874,-2382812.5,2.9291652e-06,1.9069047e-07,0.8393445110446885,0.007111810957786368,/content/drive/MyDrive/N-MON/ALTRO/spectograms/FH-20/1811.npy,FH-20
0.004157191,0.18345049,0.9754493,0.9657143,0.9754582,-1.000049,0.992121,1.9921699613332748,-0.01757263,1.0340104,-2.0177671118662204,410156.25,3.0551153e-06,1.9087125e-07,0.8541743460123145,0.0035474730835543425,/content/drive/MyDrive/N-MON/ALTRO/spectograms/FH-20/1812.npy,FH-20
-0.005798826,0.050243028,0.9777225,0.96894836,0.9777398,-1.0005388,0.9916302,1.992169052362442,0.00046443116,1.0299573,-2.0549114204003773,-2988281.25,2.428408e-06,1.9173089e-07,0.8572335954183505,0.005342136496839702,/content/drive/MyDrive/N-MON/ALTRO/spectograms/FH-20/1813.npy,FH-20
0.002168781,0.18000793,0.9784159,0.9701406,0.9784183,-0.99971014,0.9924579,1.9921680688858032,-0.01411102,1.0284454,-2.0534457799783477,-2382812.5,2.7238439e-06,1.9101016e-07,0.8426419043815552,0.004912898899769489,/content/drive/MyDrive/N-MON/ALTRO/spectograms/FH-20/1814.npy,FH-20
-0.007246527,-0.08573036,0.9793215,0.9711835,0.9793483,-0.9997515,0.9924185,1.9921700209379196,0.0081567615,1.02765,-2.082365920862552,-2988281.25,3.007565e-06,1.9170933e-07,0.8488893443245236,0.007890973710028278,/content/drive/MyDrive/N-MON/ALTRO/spectograms/FH-20/1815.npy,FH-20
-0.0042771227,-0.0736846,0.97969747,0.9718212,0.97970676,-0.9994732,0.99268353,1.992156758904457,0.0010287255,1.0271643,-2.1110514225532357,1015625.0,3.7010093e-06,1.9147025e-07,0.8540044564337089,0.0035950773358384854,/content/drive/MyDrive/N-MON/ALTRO/spectograms/FH-20/1816.npy,FH-20
0.010168353,0.29749256,0.97764707,0.9692002,0.9777,-0.9993997,0.9927691,1.9921688586473465,-0.025743283,1.0297463,-2.049718943011289,-2382812.5,2.5731972e-06,1.9071388e-07,0.8426873227026442,0.005219025035920765,/content/drive/MyDrive/N-MON/ALTRO/spectograms/FH-20/1817.npy,FH-20
0.004528185,0.113890186,0.97939354,0.9715578,0.97940403,-0.9994172,0.99275,1.9921671748161316,-0.014823812,1.026635,-2.0676420090759233,-2988281.25,4.1146864e-06,1.9157311e-07,0.8431536345849063,0.009243035112583259,/content/drive/MyDrive/N-MON/ALTRO/spectograms/FH-20/1818.npy,FH-20
-0.011919935,-0.2410409,0.979976,0.97240055,0.9800485,-0.99876815,0.9933894,1.9921576082706451,0.020750359,1.0259935,-2.075918843109698,1015625.0,2.4381172e-06,1.9158657e-07,0.8451350467579031,0.003605240507157594,/content/drive/MyDrive/N-MON/ALTRO/spectograms/FH-20/1819.npy,FH-20
0.0077314633,0.38665032,0.9822867,0.9764948,0.9823172,-1.0000584,0.9921102,1.9921685457229614,-0.023349473,1.0212594,-2.105595255721018,2363281.25,1.9020274e-06,1.9168107e-07,0.8507682732982389,0.0046282820071255676,/content/drive/MyDrive/N-MON/ALTRO/spectograms/FH-20/1820.npy,FH-20
-0.013348019,-0.29504314,0.97889394,0.9712788,0.9789849,-0.99818975,0.99397737,1.992167130112648,0.02436364,1.0272044,-2.0609313579747166,-2988281.25,2.8965542e-06,1.9111454e-07,0.8445548024824688,0.005109465035731431,/content/drive/MyDrive/N-MON/ALTRO/spectograms/FH-20/1821.npy,FH-20
-0.003962264,-0.0033576966,0.9732709,0.9616351,0.97327894,-0.9994408,0.9927252,1.9921660125255585,0.00020985476,1.0379205,-1.9778804449680625,-390625.0,4.538576e-06,1.9054963e-07,0.8464194600980062,0.008606933661223485,/content/drive/MyDrive/N-MON/ALTRO/spectograms/FH-20/1822.npy,FH-20
0.010232783,0.24233915,0.9742,0.96429396,0.9742538,-0.9998253,0.9923289,1.9921541512012482,-0.027757524,1.0356667,-1.9806125824651384,-2382812.5,3.1684174e-06,1.9073363e-07,0.8503410813022666,0.004225355677774352,/content/drive/MyDrive/N-MON/ALTRO/spectograms/FH-20/1823.npy,FH-20
-0.0014941233,0.14876826,0.9799003,0.9733622,0.97990143,-0.9996626,0.99250454,1.992167130112648,-0.004967527,1.0240656,-2.0544734852590896,-2988281.25,3.3175647e-06,1.9252042e-07,0.8507000489208852,0.004719404902236859,/content/drive/MyDrive/N-MON/ALTRO/spectograms/FH-20/1824.npy,FH-20
0.0047768466,0.13054532,0.97662175,0.9670975,0.97663337,-0.9984088,0.99375904,1.9921677857637405,-0.012598835,1.0324368,-2.048577481991299,-390625.0,3.1806194e-06,1.9077748e-07,0.8478619802258391,0.003705491842633462,/content/drive/MyDrive/N-MON/ALTRO/spectograms/FH-20/1825.npy,FH-20
0.0132431835,0.41808736,0.97912776,0.9711051,0.97921735,-0.9998764,0.9922809,1.9921573102474213,-0.035087094,1.0282134,-2.073338822849986,-2988281.25,2.91916e-06,1.9174041e-07,0.8551770043087068,0.003730295283418533,/content/drive/MyDrive/N-MON/ALTRO/spectograms/FH-20/1826.npy,FH-20
-0.0065838327,-0.094164796,0.9760732,0.9669165,0.9760954,-1.0004027,0.9917621,1.992164820432663,0.004434922,1.0325066,-2.034277735007615,-2988281.25,2.1982228e-06,1.9123895e-07,0.8440396309790918,0.0052353637344653954,/content/drive/MyDrive/N-MON/ALTRO/spectograms/FH-20/1827.npy,FH-20
-0.019196859,-0.2531451,0.9733578,0.96225023,0.9735471,-0.99926746,0.99285156,1.9921190440654755,0.033516493,1.0385057,-2.0067990410200975,1015625.0,3.1810239e-06,1.9028089e-07,0.8396136598901807,0.009958533986873689,/content/drive/MyDrive/N-MON/ALTRO/spectograms/FH-20/1828.npy,FH-20
0.010398168,0.2813567,0.97542083,0.96583956,0.9754762,-0.99987376,0.9922794,1.9921531528234482,-0.02911799,1.0334687,-2.0009522881060144,3007812.5,3.0852596e-06,1.910361e-07,0.8533355037579461,0.005508189684829185,/content/drive/MyDrive/N-MON/ALTRO/spectograms/FH-20/1829.npy,FH-20
-0.00082561874,-0.08505845,0.9758476,0.96644145,0.97584796,-0.9991314,0.99303746,1.9921688586473465,-7.8412595e-05,1.0326064,-2.016568933853886,1015625.0,2.30457e-06,1.9066132e-07,0.8511808857389797,0.0031305979075245327,/content/drive/MyDrive/N-MON/ALTRO/spectograms/FH-20/1830.npy,FH-20
0.004983111,0.1176246,0.9790551,0.97110754,0.9790678,-0.9995656,0.9926007,1.9921663105487823,-0.01584632,1.0267205,-2.047153924792269,-2382812.5,2.8773957e-06,1.9166865e-07,0.8368904512982795,0.008143946201456365,/content/drive/MyDrive/N-MON/ALTRO/spectograms/FH-20/1831.npy,FH-20
0.010115435,0.19330564,0.9764232,0.9666709,0.9764756,-0.9980651,0.99410474,1.9921698719263077,-0.02470517,1.0326937,-2.0366164392706203,-2382812.5,2.4767262e-06,1.91198e-07,0.845048739468149,0.00657984053671295,/content/drive/MyDrive/N-MON/ALTRO/spectograms/FH-20/1832.npy,FH-20
-0.001497189,0.05589392,0.97436893,0.96388227,0.9743701,-0.99874973,0.99341965,1.9921693205833435,-0.004296349,1.0356871,-2.0054948376426607,3007812.5,2.9057658e-06,1.8972537e-07,0.846625600871169,0.006121264133535521,/content/drive/MyDrive/N-MON/ALTRO/spectograms/FH-20/1833.npy,FH-20
0.013373622,0.24362916,0.9730229,0.96204567,0.9731148,-0.9986457,0.9935017,1.9921474605798721,-0.03322548,1.038104,-1.966017056674976,1015625.0,5.644747e-06,1.9105369e-07,0.8514966637943056,0.003543381146357382,/content/drive/MyDrive/N-MON/ALTRO/spectograms/FH-20/1834.npy,FH-20
0.000468678,0.12581134,0.9774167,0.96844757,0.9774168,-0.99918413,0.9929856,1.9921697229146957,-0.008179966,1.0305231,-2.06481450713198,-2382812.5,2.7392655e-06,1.9072606e-07,0.8404860418898543,0.01703619318670426,/content/drive/MyDrive/N-MON/ALTRO/spectograms/FH-20/1835.npy,FH-20
-0.0031496028,0.05175082,0.9781274,0.9697229,0.9781325,-0.9990629,0.9931036,1.9921665489673615,-0.00014714072,1.0288794,-2.049995465165942,-390625.0,3.251389e-06,1.9094813e-07,0.8549244184610334,0.00827133691104688,/content/drive/MyDrive/N-MON/ALTRO/spectograms/FH-20/1836.npy,FH-20
0.009307047,0.21889386,0.98049533,0.9729366,0.9805395,-0.9999308,0.99223804,1.9921687990427017,-0.025429392,1.0258349,-2.1121272338096215,2421875.0,2.2641575e-06,1.9132008e-07,0.845047282315568,0.00890033069762591,/content/drive/MyDrive/N-MON/ALTRO/spectograms/FH-20/1837.npy,FH-20
0.018891575,0.39524397,0.9753521,0.9655189,0.97553504,-0.9993341,0.9928336,1.992167741060257,-0.046247195,1.0356685,-2.024232858916702,-2382812.5,3.7237307e-06,1.9069601e-07,0.8391945310861091,0.00795191641177547,/content/drive/MyDrive/N-MON/ALTRO/spectograms/FH-20/1838.npy,FH-20
-0.0016019411,-0.08938774,0.9776352,0.96909046,0.9776365,-0.9995448,0.99262697,1.9921717792749405,0.0013050395,1.0291938,-2.030577399562306,1015625.0,4.007636e-06,1.9202892e-07,0.8548237441128308,0.0029565315276552234,/content/drive/MyDrive/N-MON/ALTRO/spectograms/FH-20/1839.npy,FH-20
-0.012266019,-0.21413581,0.97867846,0.9708499,0.97875535,-0.99927187,0.99289584,1.9921677559614182,0.018900732,1.0277113,-2.0698488398650214,-2988281.25,3.011302e-06,1.9206624e-07,0.8610645500637351,0.00447877915473107,/content/drive/MyDrive/N-MON/ALTRO/spectograms/FH-20/1840.npy,FH-20
0.00018487834,0.06773787,0.98066485,0.9731853,0.9806649,-0.99860483,0.99355245,1.9921573251485825,-0.0042478726,1.0247861,-2.0899080463983495,-332031.25,2.0150508e-06,1.9188091e-07,0.8490855031706437,0.005977886844071126,/content/drive/MyDrive/N-MON/ALTRO/spectograms/FH-20/1841.npy,FH-20
0.0027155601,0.09057751,0.97606766,0.96681356,0.9760715,-0.9992801,0.9928921,1.992172196507454,-0.0105763795,1.0324849,-2.0392021748652693,1015625.0,2.8902564e-06,1.9123064e-07,0.8520208470927018,0.009348948882358902,/content/drive/MyDrive/N-MON/ALTRO/spectograms/FH-20/1842.npy,FH-20
-0.0074473377,-0.100649275,0.97776395,0.9698844,0.9777924,-0.99904233,0.9931207,1.9921630322933197,0.008516286,1.0283772,-2.028953933157821,410156.25,3.1926354e-06,1.9163122e-07,0.8446732719020779,0.004912573364858023,/content/drive/MyDrive/N-MON/ALTRO/spectograms/FH-20/1843.npy,FH-20
-0.0018392535,0.031980272,0.9761624,0.96612865,0.9761641,-0.99932355,0.992838,1.992161586880684,-0.003946991,1.0328418,-2.0268127448467697,3007812.5,3.863778e-06,1.9133238e-07,0.8552478733814599,0.0034386849962783138,/content/drive/MyDrive/N-MON/ALTRO/spectograms/FH-20/1844.npy,FH-20
0.023086071,0.43080878,0.97561055,0.96532327,0.97588366,-0.9987647,0.993392,1.9921567142009735,-0.052552804,1.0357764,-2.018432045991462,3007812.5,3.7353605e-06,1.9099936e-07,0.8537852518721523,0.0051400183119892995,/content/drive/MyDrive/N-MON/ALTRO/spectograms/FH-20/1845.npy,FH-20
-0.0046320003,-0.019278679,0.973089,0.9627675,0.97310007,-0.9997918,0.99236894,1.9921607226133347,0.0018505276,1.0370733,-1.98480634600901,-2988281.25,2.8557358e-06,1.908044e-07,0.860978790225724,0.007462283863470386,/content/drive/MyDrive/N-MON/ALTRO/spectograms/FH-20/1846.npy,FH-20
0.027620122,0.40576848,0.97253054,0.9603815,0.97292274,-1.0006338,0.99152344,1.9921573251485825,-0.065336235,1.0426935,-1.987510069949453,-2382812.5,4.3226496e-06,1.8959472e-07,0.8532880491216982,0.004833623208547749,/content/drive/MyDrive/N-MON/ALTRO/spectograms/FH-20/1847.npy,FH-20
0.003928433,0.25484157,0.9655954,0.9510039,0.9656034,-0.9989587,0.9932011,1.9921597838401794,-0.02221908,1.0521781,-1.897431852993089,-2988281.25,3.1951822e-06,1.8455327e-07,0.8589941261308789,0.003625785055669271,/content/drive/MyDrive/N-MON/ALTRO/spectograms/FH-20/1848.npy,FH-20
0.0066613043,0.1907194,0.97344464,0.96245915,0.9734674,-1.0006312,0.9915359,1.9921671599149704,-0.023275359,1.037638,-1.987664575265286,-2988281.25,3.852939e-06,1.8976252e-07,0.8487231081852984,0.0034124094607926696,/content/drive/MyDrive/N-MON/ALTRO/spectograms/FH-20/1849.npy,FH-20
0.0050356206,0.19331111,0.9799052,0.97271,0.9799181,-0.9981709,0.9939831,1.9921540319919586,-0.014685946,1.0251613,-2.0657604773572737,-2988281.25,3.0547328e-06,1.9118632e-07,0.8511516470144869,0.005921275693024387,/content/drive/MyDrive/N-MON/ALTRO/spectograms/FH-20/1850.npy,FH-20
0.01907576,0.38532597,0.97775024,0.9693728,0.97793627,-0.99740744,0.99474984,1.9921572655439377,-0.041592445,1.0306364,-2.0459056958290667,-2382812.5,2.5998124e-06,1.906373e-07,0.8466685505950947,0.00390093569763793,/content/drive/MyDrive/N-MON/ALTRO/spectograms/FH-20/1851.npy,FH-20
-0.0019135542,0.012257537,0.9748304,0.9648557,0.97483224,-0.99940264,0.99276406,1.9921667128801346,-0.0007650621,1.0338882,-1.9951384704441415,-2988281.25,2.8175618e-06,1.9060803e-07,0.8537586112051812,0.008743267007911285,/content/drive/MyDrive/N-MON/ALTRO/spectograms/FH-20/1852.npy,FH-20
0.024759255,0.5351239,0.9767139,0.9674671,0.97702765,-0.99991727,0.9922457,1.9921628832817078,-0.05657588,1.0336636,-2.0445635984031565,-390625.0,1.8448414e-06,1.9151453e-07,0.8501438589516319,0.004288302908804313,/content/drive/MyDrive/N-MON/ALTRO/spectograms/FH-20/1853.npy,FH-20
-0.008196975,-0.093628585,0.97881204,0.9708902,0.9788463,-0.9999336,0.9922375,1.992171123623848,0.010211618,1.0267848,-2.043783342071392,-996093.75,2.3729979e-06,1.9132308e-07,0.8429033436369144,0.008718157388626526,/content/drive/MyDrive/N-MON/ALTRO/spectograms/FH-20/1854.npy,FH-20
-0.0080218995,-0.09988947,0.9804203,0.9733308,0.9804531,-0.998273,0.9938958,1.992168828845024,0.010379277,1.0238581,-2.0722182684906905,-2382812.5,3.6721794e-06,1.915378e-07,0.8570769524760011,0.007551749992333917,/content/drive/MyDrive/N-MON/ALTRO/spectograms/FH-20/1855.npy,FH-20
0.00057709124,-0.033522643,0.97849995,0.96973723,0.9785001,-0.9982784,0.99386936,1.9921477735042572,-0.0034401068,1.0285732,-2.0531148869273554,1015625.0,2.447385e-06,1.9093773e-07,0.8472351300652516,0.007252721661582141,/content/drive/MyDrive/N-MON/ALTRO/spectograms/FH-20/1856.npy,FH-20
0.0021458117,0.055058587,0.9751292,0.96444005,0.9751316,-0.9996736,0.9924845,1.9921581447124481,-0.012941596,1.0345993,-2.010378258994929,-2382812.5,3.5365902e-06,1.8992907e-07,0.8495551990320642,0.008036304339094592,/content/drive/MyDrive/N-MON/ALTRO/spectograms/FH-20/1857.npy,FH-20
-0.004285122,-0.021180682,0.981032,0.9739185,0.9810414,-0.9977474,0.99441636,1.9921637922525406,0.0055008545,1.0236925,-2.0902039905773453,-2988281.25,3.3324275e-06,1.911061e-07,0.8495972355787607,0.002851930525765545,/content/drive/MyDrive/N-MON/ALTRO/spectograms/FH-20/1858.npy,FH-20
0.02012741,0.5276712,0.9792791,0.97214836,0.9794859,-0.9996271,0.9925184,1.992145597934723,-0.049139526,1.0276695,-2.069874497709529,410156.25,2.728313e-06,1.9083632e-07,0.8550359193244197,0.005796665494747875,/content/drive/MyDrive/N-MON/ALTRO/spectograms/FH-20/1859.npy,FH-20
-0.006822051,-0.0737147,0.9781847,0.9699493,0.97820854,-0.99955827,0.9926004,1.9921586215496063,0.004976239,1.0284929,-2.0400180039360816,-2382812.5,5.205265e-06,1.9139333e-07,0.8534435153779019,0.004396885610236297,/content/drive/MyDrive/N-MON/ALTRO/spectograms/FH-20/1860.npy,FH-20
-0.0062453086,-0.030255113,0.9753947,0.96570385,0.9754147,-0.9990021,0.99316704,1.992169201374054,0.0071837534,1.033662,-2.0163294948978043,1015625.0,3.1701559e-06,1.9053246e-07,0.8504017299799905,0.005279595494745665,/content/drive/MyDrive/N-MON/ALTRO/spectograms/FH-20/1861.npy,FH-20
0.006315873,0.11005637,0.97588485,0.96565384,0.97590524,-0.999324,0.9928211,1.9921451658010483,-0.019734763,1.034078,-2.0255977750278644,1015625.0,2.5445913e-06,1.9067305e-07,0.8579812917662816,0.01124529436992055,/content/drive/MyDrive/N-MON/ALTRO/spectograms/FH-20/1862.npy,FH-20
-0.017864738,-0.2492671,0.9762905,0.96669614,0.976454,-0.9992436,0.9929254,1.9921690225601196,0.030525293,1.0328633,-2.0169345544054513,-2382812.5,3.5556968e-06,1.9129305e-07,0.8363914036001958,0.009502412893243157,/content/drive/MyDrive/N-MON/ALTRO/spectograms/FH-20/1863.npy,FH-20
0.0033445284,0.15682718,0.9795219,0.97205955,0.97952765,-0.999395,0.992777,1.9921720027923584,-0.011490112,1.025773,-2.065156808538932,3007812.5,2.528353e-06,1.9140552e-07,0.8529190887795755,0.004010130739248711,/content/drive/MyDrive/N-MON/ALTRO/spectograms/FH-20/1864.npy,FH-20
0.011383066,0.33258373,0.97755694,0.96933174,0.9776232,-0.9993622,0.99280506,1.9921672493219376,-0.029114168,1.0298028,-2.0409088629344705,1015625.0,3.1103916e-06,1.9116632e-07,0.8551421516295246,0.0032917602862531565,/content/drive/MyDrive/N-MON/ALTRO/spectograms/FH-20/1865.npy,FH-20
0.005091673,0.16547148,0.98024046,0.97296625,0.98025364,-0.998555,0.9936133,1.9921683073043823,-0.01614478,1.0251569,-2.0824631905650373,1015625.0,2.9232265e-06,1.9139435e-07,0.852282807680471,0.007429571910174115,/content/drive/MyDrive/N-MON/ALTRO/spectograms/FH-20/1866.npy,FH-20
-0.0015510361,0.0011206861,0.97853243,0.9694595,0.9785336,-0.9988662,0.9933014,1.9921676218509674,-0.002231934,1.0294541,-2.0748361613079185,-2988281.25,3.8607873e-06,1.9096692e-07,0.8509520228452585,0.0048209578796322115,/content/drive/MyDrive/N-MON/ALTRO/spectograms/FH-20/1867.npy,FH-20
-0.014098311,-0.26458007,0.9753378,0.965206,0.97543967,-0.99893665,0.9932194,1.9921560138463974,0.026635915,1.0344795,-2.0201363634619183,3007812.5,2.372461e-06,1.907089e-07,0.8574680661798307,0.006910078894130828,/content/drive/MyDrive/N-MON/ALTRO/spectograms/FH-20/1868.npy,FH-20
0.0010999577,0.13400728,0.977862,0.9690193,0.97786266,-0.99881756,0.993347,1.9921645373106003,-0.008888993,1.0299208,-2.062914379545683,-2382812.5,3.69353e-06,1.9126952e-07,0.8468985690803773,0.0029397926063900654,/content/drive/MyDrive/N-MON/ALTRO/spectograms/FH-20/1869.npy,FH-20
0.0141649395,0.38395178,0.97885054,0.9714553,0.978953,-0.99890304,0.99325657,1.99215966463089,-0.03406656,1.0272094,-2.052943796999106,-2382812.5,2.7437982e-06,1.9093446e-07,0.8581792610262584,0.005881314626323305,/content/drive/MyDrive/N-MON/ALTRO/spectograms/FH-20/1870.npy,FH-20
-0.0011421671,0.03199549,0.9805646,0.973032,0.98056525,-0.99927986,0.99288017,1.9921600073575974,-0.0048150774,1.0249038,-2.091805572448199,-2988281.25,2.8059292e-06,1.9202548e-07,0.8431598252843392,0.00741688352754716,/content/drive/MyDrive/N-MON/ALTRO/spectograms/FH-20/1871.npy,FH-20
-0.011131084,-0.10443801,0.97729504,0.9684241,0.97735846,-0.9989641,0.99320376,1.9921678453683853,0.014845101,1.030575,-2.0382029161645283,1015625.0,2.3265718e-06,1.9160157e-07,0.8490453842068983,0.004429980118979855,/content/drive/MyDrive/N-MON/ALTRO/spectograms/FH-20/1872.npy,FH-20
0.016355217,0.37518817,0.9758979,0.96701497,0.97603494,-0.9998568,0.9922968,1.992153599858284,-0.039256394,1.0331489,-2.016615643588792,-2382812.5,2.642005e-06,1.9025214e-07,0.8591750072085381,0.005302565775261878,/content/drive/MyDrive/N-MON/ALTRO/spectograms/FH-20/1873.npy,FH-20
0.003019072,0.17665803,0.9826151,0.9762909,0.98261976,-0.99914175,0.99303246,1.9921741783618927,-0.011997013,1.0211791,-2.1155217301588243,2421875.0,3.0341587e-06,1.9217099e-07,0.8490364148754648,0.005472153250575844,/content/drive/MyDrive/N-MON/ALTRO/spectograms/FH-20/1874.npy,FH-20
-0.008075609,0.0041921763,0.9801728,0.9714645,0.9802061,-0.99955803,0.9925993,1.9921573251485825,0.0075019263,1.0268943,-2.1059669946975488,-2988281.25,3.379986e-06,1.9261958e-07,0.849326526797586,0.0029917292152851806,/content/drive/MyDrive/N-MON/ALTRO/spectograms/FH-20/1875.npy,FH-20
0.0076057767,0.286291,0.97694856,0.96826625,0.9769781,-0.9988213,0.9933507,1.9921719878911972,-0.024617333,1.0313975,-2.0482413442763363,3007812.5,2.4631058e-06,1.916433e-07,0.8524233113585,0.003517069451268213,/content/drive/MyDrive/N-MON/ALTRO/spectograms/FH-20/1876.npy,FH-20
-0.004559131,-0.10028309,0.98004353,0.9728234,0.9800542,-0.9986976,0.99347204,1.9921696186065674,0.004326789,1.0254802,-2.0873595078681593,-2382812.5,2.6715586e-06,1.9120212e-07,0.8525973747054865,0.009464896839807955,/content/drive/MyDrive/N-MON/ALTRO/spectograms/FH-20/1877.npy,FH-20
0.0043522324,0.09046018,0.98103464,0.9738047,0.9810443,-0.99928564,0.99288136,1.9921670258045197,-0.013527944,1.0239048,-2.0953212256184353,-2382812.5,2.9931086e-06,1.9228696e-07,0.8440955672537963,0.007673007756404529,/content/drive/MyDrive/N-MON/ALTRO/spectograms/FH-20/1878.npy,FH-20
-0.0031295018,-0.12402041,0.97878784,0.97064316,0.97879285,-0.9990313,0.99313164,1.9921629279851913,0.0032992205,1.0280335,-2.082304104897834,1015625.0,3.1185143e-06,1.9057492e-07,0.8477273261210527,0.003687274730156775,/content/drive/MyDrive/N-MON/ALTRO/spectograms/FH-20/1879.npy,FH-20
-0.0025990123,0.023617903,0.980419,0.9723574,0.9804224,-0.9998917,0.99227023,1.9921619147062302,-0.0033375619,1.0256302,-2.1023878185621,410156.25,2.3441821e-06,1.9174448e-07,0.8446848203577377,0.0033873494254804764,/content/drive/MyDrive/N-MON/ALTRO/spectograms/FH-20/1880.npy,FH-20
-0.0069036,-0.182401,0.98092556,0.97405845,0.9809499,-0.99870795,0.9934567,1.9921647012233734,0.010269086,1.0233823,-2.083952283809266,-2988281.25,4.6933073e-06,1.9146617e-07,0.8443335344843823,0.009670446339782205,/content/drive/MyDrive/N-MON/ALTRO/spectograms/FH-20/1881.npy,FH-20
0.0010265494,0.19996016,0.9772877,0.9681122,0.97728825,-0.99921536,0.99293554,1.9921508878469467,-0.013256244,1.0306528,-2.050384559124222,-2988281.25,2.8435163e-06,1.9111675e-07,0.8505203333439042,0.008405354756984722,/content/drive/MyDrive/N-MON/ALTRO/spectograms/FH-20/1882.npy,FH-20
0.008459142,0.21412134,0.97553164,0.96544766,0.9755683,-1.0008062,0.99135923,1.9921654760837555,-0.027059192,1.034808,-2.031561705743413,996093.75,2.7669673e-06,1.900397e-07,0.8421996283833431,0.004806919874043476,/content/drive/MyDrive/N-MON/ALTRO/spectograms/FH-20/1883.npy,FH-20
-0.010154178,-0.16760193,0.9763138,0.96769756,0.97636664,-0.9996028,0.9925611,1.992163896560669,0.014621103,1.0309538,-2.0043395034603195,-2382812.5,2.6670784e-06,1.9061207e-07,0.8574533784592495,0.004214803400622863,/content/drive/MyDrive/N-MON/ALTRO/spectograms/FH-20/1884.npy,FH-20
0.01100932,0.3284695,0.9778782,0.96927345,0.9779402,-0.9996036,0.9925644,1.992167979478836,-0.03318099,1.0300325,-2.049054149814606,1015625.0,2.5354736e-06,1.912027e-07,0.8634453156677515,0.005284893924225431,/content/drive/MyDrive/N-MON/ALTRO/spectograms/FH-20/1885.npy,FH-20
0.009392592,0.33779278,0.9802221,0.9732914,0.9802671,-0.99805313,0.99411047,1.9921636283397675,-0.023462605,1.0249931,-2.0897391155335168,-2382812.5,2.3836953e-06,1.9115475e-07,0.8502018072257886,0.005441775813305459,/content/drive/MyDrive/N-MON/ALTRO/spectograms/FH-20/1886.npy,FH-20
-0.0049797376,-0.042088456,0.97853696,0.9709115,0.97854966,-0.9990668,0.99309677,1.9921636432409286,0.0032026062,1.0271274,-2.043141544708128,-2382812.5,3.6109377e-06,1.9016346e-07,0.8481455612942117,0.004052104240484532,/content/drive/MyDrive/N-MON/ALTRO/spectograms/FH-20/1887.npy,FH-20
-0.0027732817,0.11277637,0.97845876,0.9705006,0.9784627,-1.0004869,0.9916838,1.9921706765890121,-0.005017505,1.0279195,-2.0501318159158117,-390625.0,2.0967348e-06,1.9138977e-07,0.8532113155262209,0.008150657802483472,/content/drive/MyDrive/N-MON/ALTRO/spectograms/FH-20/1888.npy,FH-20
-0.002586904,-0.050212745,0.98031396,0.9727425,0.9803173,-0.9994043,0.99276894,1.9921732246875763,0.00019120294,1.0254979,-2.099074056488674,-390625.0,2.7331732e-06,1.9183139e-07,0.8650519049976342,0.006706586549360825,/content/drive/MyDrive/N-MON/ALTRO/spectograms/FH-20/1889.npy,FH-20
0.0227961,0.19941707,0.9637369,0.94507945,0.9640064,-0.99986476,0.99228346,1.9921481907367706,-0.058664434,1.0603174,-1.8966953283622179,-2988281.25,2.6249004e-06,1.8720672e-07,0.8501594160360203,0.005145891674027001,/content/drive/MyDrive/N-MON/ALTRO/spectograms/FH-20/1890.npy,FH-20
0.0065274183,0.34781712,0.98184705,0.97578686,0.98186874,-0.9998319,0.99233687,1.9921687990427017,-0.021692825,1.0220842,-2.10366149823483,-2988281.25,3.471278e-06,1.916001e-07,0.8486906521332133,0.003802854537532916,/content/drive/MyDrive/N-MON/ALTRO/spectograms/FH-20/1891.npy,FH-20
-0.0001581545,0.07539416,0.97695255,0.9679668,0.9769526,-0.9987805,0.9933843,1.9921647906303406,-0.0051268768,1.0311952,-2.053766286482837,-2988281.25,2.9104162e-06,1.9150235e-07,0.8483617841436124,0.009697671434709025,/content/drive/MyDrive/N-MON/ALTRO/spectograms/FH-20/1892.npy,FH-20
-0.01472814,-0.20220026,0.97736865,0.9683458,0.97747964,-0.99903476,0.99313426,1.992169052362442,0.023674857,1.0309238,-2.0384710531875365,3007812.5,4.022402e-06,1.9093376e-07,0.8391233945160808,0.00245340985746124,/content/drive/MyDrive/N-MON/ALTRO/spectograms/FH-20/1893.npy,FH-20
-0.0044891457,-0.1481371,0.9802616,0.97362876,0.9802719,-0.9997222,0.99244773,1.99216990172863,0.0032620924,1.024278,-2.092154851715059,-2988281.25,3.08077e-06,1.9214491e-07,0.8561707073733915,0.0037759743893382297,/content/drive/MyDrive/N-MON/ALTRO/spectograms/FH-20/1894.npy,FH-20
-0.018592948,-0.21181715,0.9787951,0.9704513,0.9789717,-1.0008215,0.9913487,1.9921701699495316,0.025469355,1.0280341,-2.0576851767146316,1015625.0,4.1273156e-06,1.9112022e-07,0.8488517070130843,0.0050182110209342585,/content/drive/MyDrive/N-MON/ALTRO/spectograms/FH-20/1895.npy,FH-20
0.007867111,0.21900791,0.97601795,0.96648633,0.9760496,-0.9997182,0.9924485,1.9921667128801346,-0.024113366,1.0330528,-2.023783459523548,3007812.5,3.0785457e-06,1.9004948e-07,0.8506186300693932,0.006086662793269023,/content/drive/MyDrive/N-MON/ALTRO/spectograms/FH-20/1896.npy,FH-20
0.0015902758,0.109748244,0.97675806,0.9664968,0.9767593,-0.9995832,0.99258566,1.9921688735485077,-0.011787924,1.0330926,-2.0630780165303637,1718750.0,2.374427e-06,1.9156332e-07,0.849441987392517,0.0028148357446425203,/content/drive/MyDrive/N-MON/ALTRO/spectograms/FH-20/1897.npy,FH-20
-0.002160914,0.12561989,0.97773373,0.9687848,0.9777361,-0.9993005,0.99286175,1.99216228723526,-0.0055002403,1.0302924,-2.062171646462043,1015625.0,5.7491893e-06,1.914129e-07,0.8401899209865731,0.006230443538110943,/content/drive/MyDrive/N-MON/ALTRO/spectograms/FH-20/1898.npy,FH-20
0.0022420501,0.074540146,0.9774227,0.9679874,0.9774253,-0.9996748,0.99248886,1.992163598537445,-0.009784122,1.0310853,-2.059798685141833,-390625.0,4.2152888e-06,1.9103629e-07,0.8523319967710771,0.008939991570751704,/content/drive/MyDrive/N-MON/ALTRO/spectograms/FH-20/1899.npy,FH-20
-0.005017771,-0.057790905,0.9785284,0.97015524,0.9785413,-0.9991893,0.99297965,1.9921689629554749,0.0033249913,1.0285889,-2.072019655101479,1015625.0,4.248226e-06,1.9124614e-07,0.8334982940413997,0.007468252314406215,/content/drive/MyDrive/N-MON/ALTRO/spectograms/FH-20/1900.npy,FH-20
-9.070301e-05,0.14471346,0.97884977,0.97056264,0.97884977,-0.99977565,0.9923885,1.992164134979248,-0.00923584,1.0283353,-2.0734252308392396,1015625.0,2.219937e-06,1.91022e-07,0.8563567250976493,0.004764741572562979,/content/drive/MyDrive/N-MON/ALTRO/spectograms/FH-20/1901.npy,FH-20
0.0036613627,0.083315104,0.98006094,0.97238857,0.98006773,-0.9986881,0.99347734,1.992165446281433,-0.013782791,1.0248191,-2.064101596096177,1015625.0,3.2551188e-06,1.9150676e-07,0.8501118708584365,0.006246123453452811,/content/drive/MyDrive/N-MON/ALTRO/spectograms/FH-20/1902.npy,FH-20
0.0011048565,0.08681588,0.97936714,0.97234523,0.97936773,-0.9991021,0.99305546,1.992157518863678,-0.008657204,1.0255662,-2.058845807589969,-2988281.25,1.9736656e-06,1.9185191e-07,0.8452942491764255,0.004158418739841786,/content/drive/MyDrive/N-MON/ALTRO/spectograms/FH-20/1903.npy,FH-20
0.0043312362,0.09061743,0.9776366,0.96908325,0.9776462,-0.99919367,0.992977,1.9921707510948181,-0.013556692,1.0297325,-2.033606440083039,1015625.0,2.444128e-06,1.908804e-07,0.8499331480668512,0.0036929988792709268,/content/drive/MyDrive/N-MON/ALTRO/spectograms/FH-20/1904.npy,FH-20
-0.022155,-0.38191444,0.98056173,0.97309875,0.980812,-0.999095,0.99306333,1.9921583235263824,0.03788421,1.0266095,-2.1163499428644448,-2988281.25,3.0284923e-06,1.9182141e-07,0.8407861969525856,0.0049229891415737,/content/drive/MyDrive/N-MON/ALTRO/spectograms/FH-20/1905.npy,FH-20
-0.002452182,-0.14348364,0.9816646,0.97578907,0.98166764,-0.99899304,0.99317837,1.9921713918447495,0.0011042781,1.0216732,-2.095388737245253,-2382812.5,3.5439532e-06,1.9134188e-07,0.845744657307738,0.005724126542050484,/content/drive/MyDrive/N-MON/ALTRO/spectograms/FH-20/1906.npy,FH-20
-0.011993988,-0.15206033,0.97646654,0.96799976,0.9765402,-0.99968916,0.9924797,1.9921688437461853,0.014857744,1.0306522,-2.020699015458863,-2382812.5,3.8487697e-06,1.9116167e-07,0.84359775826518,0.006432169214164625,/content/drive/MyDrive/N-MON/ALTRO/spectograms/FH-20/1907.npy,FH-20
0.009468628,0.3249278,0.9794818,0.97205126,0.9795276,-0.99928916,0.99288297,1.9921721369028091,-0.025780462,1.0257317,-2.0473519163571616,-2988281.25,4.218481e-06,1.9167818e-07,0.8415593664533738,0.008189237570765224,/content/drive/MyDrive/N-MON/ALTRO/spectograms/FH-20/1908.npy,FH-20
-0.00618217,-0.06283054,0.9779919,0.97019416,0.9780114,-1.000359,0.9918071,1.9921662211418152,0.0038761108,1.0279583,-2.0364151026049866,1015625.0,3.1304821e-06,1.905244e-07,0.853498301786973,0.010954094832746392,/content/drive/MyDrive/N-MON/ALTRO/spectograms/FH-20/1909.npy,FH-20
-0.0012305833,0.019591413,0.9792529,0.97129214,0.9792536,-0.9999305,0.99223876,1.99216927587986,-0.004624568,1.0268235,-2.0721135591608517,-2382812.5,4.3433e-06,1.9182714e-07,0.8488776467304642,0.004083359864626734,/content/drive/MyDrive/N-MON/ALTRO/spectograms/FH-20/1910.npy,FH-20
0.013896447,0.3161515,0.97591233,0.9666566,0.9760112,-1.0002347,0.9919334,1.9921681731939316,-0.035313092,1.0330966,-2.010473193814967,-2382812.5,4.6608275e-06,1.9078989e-07,0.8593859561522272,0.0054416399570932006,/content/drive/MyDrive/N-MON/ALTRO/spectograms/FH-20/1911.npy,FH-20
-0.0019678753,-0.05336767,0.97827953,0.970123,0.9782815,-0.9986883,0.9934734,1.9921617060899734,-0.0030365388,1.0283612,-2.0677899500053547,1621093.75,1.7336234e-06,1.9133851e-07,0.8613089969540885,0.004942696404050519,/content/drive/MyDrive/N-MON/ALTRO/spectograms/FH-20/1912.npy,FH-20
0.008627145,0.32359958,0.9775645,0.9683954,0.9776025,-1.000592,0.9915702,1.992162212729454,-0.027742721,1.0306872,-2.0581484402496377,-2988281.25,3.3605756e-06,1.9118168e-07,0.8432759195553226,0.0038878157164595013,/content/drive/MyDrive/N-MON/ALTRO/spectograms/FH-20/1913.npy,FH-20
-0.031464364,-0.50678474,0.97477853,0.96456563,0.9752861,-0.9989493,0.99322355,1.9921727925539017,0.058141917,1.0376121,-2.0136546450971604,3007812.5,3.1903758e-06,1.9012353e-07,0.8635822810089224,0.004164206094218956,/content/drive/MyDrive/N-MON/ALTRO/spectograms/FH-20/1914.npy,FH-20
-0.009714756,-0.18209168,0.9807833,0.9742483,0.9808314,-0.99850976,0.9936615,1.9921713173389435,0.012062978,1.0238223,-2.095858010128782,-2382812.5,3.104071e-06,1.9261809e-07,0.8530476420887023,0.004051741124746891,/content/drive/MyDrive/N-MON/ALTRO/spectograms/FH-20/1915.npy,FH-20
0.0027194705,0.18876353,0.97894406,0.970749,0.9789478,-0.9987369,0.99340993,1.9921468496322632,-0.012661616,1.0274415,-2.065746694795912,1015625.0,3.9658908e-06,1.9206803e-07,0.8423883450801842,0.008096368749150195,/content/drive/MyDrive/N-MON/ALTRO/spectograms/FH-20/1916.npy,FH-20
0.004043883,0.09854733,0.97593707,0.9655858,0.9759454,-0.9991263,0.9930411,1.9921673834323883,-0.014874784,1.0336127,-2.017407649392089,-2988281.25,3.9348283e-06,1.8953617e-07,0.8486376993502869,0.007499258968700869,/content/drive/MyDrive/N-MON/ALTRO/spectograms/FH-20/1917.npy,FH-20
0.008740012,0.21914935,0.9764674,0.96696556,0.9765065,-0.9995787,0.9925898,1.9921684712171555,-0.023775239,1.0317595,-2.0145298831681693,3007812.5,2.504067e-06,1.9105853e-07,0.8530043363226462,0.007373968400519139,/content/drive/MyDrive/N-MON/ALTRO/spectograms/FH-20/1918.npy,FH-20
0.0058887335,0.28889695,0.9802029,0.9731919,0.9802207,-1.0002025,0.99195975,1.9921623021364212,-0.021998841,1.0247792,-2.0729888051897003,-2988281.25,3.0683811e-06,1.913825e-07,0.8554967082644328,0.004372856853068138,/content/drive/MyDrive/N-MON/ALTRO/spectograms/FH-20/1919.npy,FH-20
0.015903201,0.42229962,0.97093815,0.9601856,0.9710683,-0.9994564,0.9927075,1.9921639114618301,-0.049970962,1.0423478,-1.9748588503384037,-2988281.25,3.3847884e-06,1.8616731e-07,0.8570322090836684,0.003766886468668644,/content/drive/MyDrive/N-MON/ALTRO/spectograms/FH-20/1920.npy,FH-20
0.010277977,0.23823205,0.978935,0.9701857,0.97898895,-1.0000389,0.9921292,1.9921681433916092,-0.02916405,1.0293202,-2.085135384264812,1015625.0,2.9873354e-06,1.9081398e-07,0.8472307390870965,0.009296490200565352,/content/drive/MyDrive/N-MON/ALTRO/spectograms/FH-20/1921.npy,FH-20
-0.018647417,-0.2224978,0.9777924,0.9688256,0.97797024,-0.99982285,0.9923458,1.9921687096357346,0.028665863,1.0301526,-2.0611204188191143,-2988281.25,2.9672753e-06,1.9100396e-07,0.8527912742534794,0.002095353467813338,/content/drive/MyDrive/N-MON/ALTRO/spectograms/FH-20/1922.npy,FH-20
0.011388142,0.23179442,0.9754549,0.9647074,0.9755214,-0.9986458,0.99352074,1.9921665787696838,-0.0312634,1.035655,-2.0385985744630846,-2988281.25,2.3855384e-06,1.9017348e-07,0.8529968245112534,0.003820775138396522,/content/drive/MyDrive/N-MON/ALTRO/spectograms/FH-20/1923.npy,FH-20
0.005779822,0.22662273,0.9779403,0.9699629,0.97795737,-0.9999422,0.99222124,1.9921634495258331,-0.019897588,1.0285898,-2.0375775641285516,-2382812.5,4.0413415e-06,1.91548e-07,0.8484364398728353,0.007163358940938284,/content/drive/MyDrive/N-MON/ALTRO/spectograms/FH-20/1924.npy,FH-20
0.0075612837,0.21497145,0.9748568,0.965281,0.9748861,-0.99984264,0.9923283,1.9921709597110748,-0.022519557,1.033811,-1.9785348228745818,-2988281.25,3.13032e-06,1.8968487e-07,0.850451748184491,0.00348481761478778,/content/drive/MyDrive/N-MON/ALTRO/spectograms/FH-20/1925.npy,FH-20
-2.8942584e-05,0.103365675,0.9773787,0.9691883,0.9773787,-0.9981955,0.99397683,1.9921724051237106,-0.0032998305,1.0292499,-2.037447021782101,-2988281.25,3.2675416e-06,1.9049799e-07,0.8476382494115372,0.005480235189614228,/content/drive/MyDrive/N-MON/ALTRO/spectograms/FH-20/1926.npy,FH-20
-0.006646776,-0.12417792,0.98221976,0.9762549,0.9822423,-0.9991348,0.99303627,1.9921710342168808,0.0069740335,1.0212914,-2.1062338069446893,-2382812.5,3.959853e-06,1.9069917e-07,0.8450864665578419,0.0063484981108550866,/content/drive/MyDrive/N-MON/ALTRO/spectograms/FH-20/1927.npy,FH-20
0.0040216767,0.18798707,0.97708946,0.96821594,0.97709775,-0.9995769,0.99259025,1.9921671748161316,-0.0151016135,1.0309539,-2.0416718099042583,3007812.5,3.5823768e-06,1.9091854e-07,0.8453935148667411,0.002955299492258991,/content/drive/MyDrive/N-MON/ALTRO/spectograms/FH-20/1928.npy,FH-20
0.004814761,0.12245062,0.9775585,0.9685295,0.97757035,-0.99860805,0.9935561,1.9921641498804092,-0.014639391,1.030614,-2.0549256870508827,-2382812.5,4.3109553e-06,1.9122469e-07,0.8431585891155793,0.010584088121926757,/content/drive/MyDrive/N-MON/ALTRO/spectograms/FH-20/1929.npy,FH-20
-0.019268718,-0.2690078,0.9723728,0.9610687,0.9725637,-0.99937034,0.9927851,1.9921554327011108,0.034754008,1.0397857,-1.9729235927643478,2421875.0,2.816976e-06,1.8992941e-07,0.8442554838883751,0.006564644895953182,/content/drive/MyDrive/N-MON/ALTRO/spectograms/FH-20/1930.npy,FH-20
0.007734193,0.20003521,0.97755116,0.9687292,0.97758174,-0.99914986,0.99302137,1.9921712428331375,-0.022903243,1.0301738,-2.0434960116303715,-2988281.25,3.83548e-06,1.9022522e-07,0.8567922320138932,0.007499530353117803,/content/drive/MyDrive/N-MON/ALTRO/spectograms/FH-20/1931.npy,FH-20
0.010262995,0.22067752,0.97569126,0.9656151,0.97574526,-0.9980154,0.9940481,1.9920635372400284,-0.026156483,1.0342681,-2.0180880222975244,-2382812.5,3.432983e-06,1.9119663e-07,0.8448058157861629,0.005142810216590465,/content/drive/MyDrive/N-MON/ALTRO/spectograms/FH-20/1932.npy,FH-20
-0.0167229,-0.17486383,0.97520626,0.9658164,0.9753496,-0.9989301,0.9932202,1.9921502470970154,0.026460258,1.0329671,-1.9906815640748559,-2382812.5,3.19887e-06,1.9043438e-07,0.8607694639775865,0.0032970066690331938,/content/drive/MyDrive/N-MON/ALTRO/spectograms/FH-20/1933.npy,FH-20
0.013337976,0.2300382,0.9714335,0.960086,0.9715251,-1.00051,0.99165535,1.992165356874466,-0.033905167,1.0402045,-1.9376686903251843,1015625.0,3.1057218e-06,1.9002336e-07,0.8561555976255543,0.0046576677890359285,/content/drive/MyDrive/N-MON/ALTRO/spectograms/FH-20/1934.npy,FH-20
-0.00034056426,0.03945033,0.9795893,0.97232217,0.9795894,-0.9996307,0.99253786,1.9921685606241226,-0.0071910266,1.0255529,-2.064879308313605,-996093.75,2.372921e-06,1.917742e-07,0.8514900455079779,0.002549276688442139,/content/drive/MyDrive/N-MON/ALTRO/spectograms/FH-20/1935.npy,FH-20
-0.00448108,-0.10363543,0.9757954,0.9663119,0.9758057,-0.99811405,0.99404705,1.9921611100435257,0.005529329,1.0332171,-2.02509065753061,2421875.0,2.1871313e-06,1.8983255e-07,0.8515626176221149,0.004428653595925406,/content/drive/MyDrive/N-MON/ALTRO/spectograms/FH-20/1936.npy,FH-20
0.0032951252,0.052114032,0.97888714,0.9713623,0.9788927,-0.9986697,0.9934983,1.9921680241823196,-0.010177675,1.0269748,-2.069724367019779,3007812.5,3.017642e-06,1.9138862e-07,0.8567913966886471,0.00392687034065816,/content/drive/MyDrive/N-MON/ALTRO/spectograms/FH-20/1937.npy,FH-20
-0.011250533,-0.06129475,0.9802996,0.9728306,0.98036414,-0.9988142,0.9933436,1.992157831788063,0.014600009,1.0253533,-2.0918684672546366,-2382812.5,3.9505817e-06,1.9166524e-07,0.8525492804760781,0.004405964791618984,/content/drive/MyDrive/N-MON/ALTRO/spectograms/FH-20/1938.npy,FH-20
-0.012105581,-0.23006132,0.9785343,0.9703172,0.9786092,-0.9995221,0.992628,1.992150068283081,0.019871306,1.028284,-2.0660994139761577,-2382812.5,3.5314029e-06,1.9142897e-07,0.8582936468464681,0.005098289268333526,/content/drive/MyDrive/N-MON/ALTRO/spectograms/FH-20/1939.npy,FH-20
0.0037481908,-6.281454e-05,0.977277,0.96786994,0.97728413,-1.0000203,0.99214995,1.9921701550483704,-0.014632124,1.0305207,-2.0443886747968545,-2382812.5,2.2338215e-06,1.9085783e-07,0.8516845189923823,0.006388529308148478,/content/drive/MyDrive/N-MON/ALTRO/spectograms/FH-20/1940.npy,FH-20
-0.0062625012,-0.014888437,0.9766906,0.9679214,0.9767107,-0.9993437,0.9928044,1.9921480864286423,0.0062943213,1.0307026,-2.016492852628126,-2988281.25,3.9205656e-06,1.908761e-07,0.8600915388807844,0.005102342968123841,/content/drive/MyDrive/N-MON/ALTRO/spectograms/FH-20/1941.npy,FH-20
0.0023998928,0.20029142,0.97605324,0.96628284,0.9760562,-0.99898326,0.9931804,1.992163673043251,-0.013242423,1.0333962,-2.033846383856556,-2988281.25,2.1900328e-06,1.8853316e-07,0.8576531742692551,0.002400146734412212,/content/drive/MyDrive/N-MON/ALTRO/spectograms/FH-20/1942.npy,FH-20
-0.005668788,-0.09669988,0.9785836,0.97013384,0.9786,-0.9989894,0.9931757,1.9921651035547256,0.0060237576,1.0289469,-2.0824310778353023,2402343.75,2.4299454e-06,1.9096763e-07,0.8618047199328187,0.007839209690596502,/content/drive/MyDrive/N-MON/ALTRO/spectograms/FH-20/1943.npy,FH-20
-0.004892311,-0.07421669,0.9770782,0.96846473,0.9770905,-1.0000383,0.99212956,1.9921678602695465,0.0035949822,1.0299954,-2.0371515077775406,-2988281.25,3.0571075e-06,1.9142342e-07,0.847308541141978,0.0019928192027469944,/content/drive/MyDrive/N-MON/ALTRO/spectograms/FH-20/1944.npy,FH-20
0.008114538,0.31745422,0.9788553,0.9706864,0.9788889,-0.99891555,0.99325556,1.992171123623848,-0.024753023,1.0282233,-2.0711913540739033,1015625.0,3.051677e-06,1.9140396e-07,0.844484204906195,0.006074101197542891,/content/drive/MyDrive/N-MON/ALTRO/spectograms/FH-20/1945.npy,FH-20
0.00010701811,0.009149004,0.97921056,0.97099364,0.97921056,-0.9987022,0.99347174,1.9921739548444748,-0.0054650186,1.0274193,-2.087252921485807,3007812.5,2.8060042e-06,1.9089525e-07,0.8544411022956417,0.006798406863226065,/content/drive/MyDrive/N-MON/ALTRO/spectograms/FH-20/1946.npy,FH-20
-0.0051817284,-0.039780304,0.97645986,0.9669385,0.97647357,-1.0006707,0.9914968,1.9921674728393555,0.003426354,1.0319598,-2.024254034266832,-2988281.25,4.6480604e-06,1.911942e-07,0.8513719817315293,0.0058962653030142035,/content/drive/MyDrive/N-MON/ALTRO/spectograms/FH-20/1947.npy,FH-20
0.02371201,0.71523905,0.97889227,0.9713073,0.97917944,-0.9993946,0.99276525,1.9921598434448242,-0.056643378,1.0279508,-2.02292047023555,1015625.0,2.2574495e-06,1.8942072e-07,0.8448216189062367,0.011920051149967232,/content/drive/MyDrive/N-MON/ALTRO/spectograms/FH-20/1948.npy,FH-20
-0.012836726,-0.20973662,0.9782087,0.96973354,0.97829294,-0.99877435,0.9933945,1.992168813943863,0.022288958,1.0283942,-2.036854257736376,1015625.0,3.973123e-06,1.903681e-07,0.8522799278642157,0.008360898268388968,/content/drive/MyDrive/N-MON/ALTRO/spectograms/FH-20/1949.npy,FH-20
0.001677411,0.10710127,0.97696626,0.96723694,0.9769677,-0.99835706,0.9938171,1.9921741336584091,-0.010013411,1.0317848,-2.0486547643479476,2421875.0,2.1358642e-06,1.9037051e-07,0.8591287525826183,0.005190395799051863,/content/drive/MyDrive/N-MON/ALTRO/spectograms/FH-20/1950.npy,FH-20
-0.0028900867,0.04251956,0.97853374,0.97069794,0.97853804,-1.0003537,0.99181384,1.9921675473451614,-0.0025725223,1.0273917,-2.0534888574005787,1015625.0,4.1806347e-06,1.9109152e-07,0.8363147826959872,0.003377785672385441,/content/drive/MyDrive/N-MON/ALTRO/spectograms/FH-20/1951.npy,FH-20
0.016410504,0.43782717,0.9759765,0.9668207,0.9761145,-0.9996797,0.9924867,1.9921663701534271,-0.045170236,1.0331484,-2.0070028084178055,3007812.5,3.959384e-06,1.8974497e-07,0.8497456974403941,0.006104507354551303,/content/drive/MyDrive/N-MON/ALTRO/spectograms/FH-20/1952.npy,FH-20
-0.0050862557,0.0087994095,0.97771984,0.9691948,0.9777331,-0.9989799,0.99319065,1.9921705424785614,0.0033162995,1.0295991,-2.0514137864828417,3007812.5,2.3785326e-06,1.9161024e-07,0.850923594186485,0.0060540755318832015,/content/drive/MyDrive/N-MON/ALTRO/spectograms/FH-20/1953.npy,FH-20
-0.0066419262,-0.13549402,0.97893536,0.9712922,0.9789579,-0.9988143,0.99335164,1.9921659380197525,0.008465866,1.026305,-2.049037372822279,3007812.5,2.7880888e-06,1.9153221e-07,0.8440312048396965,0.013001678284227219,/content/drive/MyDrive/N-MON/ALTRO/spectograms/FH-20/1954.npy,FH-20
-0.0032589699,0.04748787,0.9773731,0.9688274,0.97737855,-0.999442,0.99272597,1.992167979478836,-0.00022654017,1.0301616,-2.056082968689177,-2988281.25,2.9871665e-06,1.9143309e-07,0.8487638406046235,0.007910601715264871,/content/drive/MyDrive/N-MON/ALTRO/spectograms/FH-20/1955.npy,FH-20
0.0023890934,0.0902027,0.97774154,0.9694675,0.97774446,-0.99957824,0.9925921,1.9921703487634659,-0.010207488,1.028834,-2.0427842465817276,-996093.75,2.4578333e-06,1.9108498e-07,0.8473572335534194,0.005669621905422686,/content/drive/MyDrive/N-MON/ALTRO/spectograms/FH-20/1956.npy,FH-20
0.00032924413,0.05896027,0.9805178,0.9735106,0.98051786,-0.99962074,0.99254656,1.9921673387289047,-0.0059663085,1.024743,-2.099836499394442,-2988281.25,5.189861e-06,1.9218344e-07,0.8519142810939329,0.0076942827914250524,/content/drive/MyDrive/N-MON/ALTRO/spectograms/FH-20/1957.npy,FH-20
0.019282691,0.45755082,0.9771956,0.96770006,0.9773859,-0.999493,0.9926748,1.9921678751707077,-0.047263224,1.0325276,-2.0374777340286503,2421875.0,1.9873266e-06,1.9177469e-07,0.8572609097673142,0.006276901845602891,/content/drive/MyDrive/N-MON/ALTRO/spectograms/FH-20/1958.npy,FH-20
0.0037910605,0.18041159,0.9782342,0.9704747,0.9782415,-0.99926233,0.99290943,1.9921717941761017,-0.013332506,1.0281476,-2.049601548942025,3007812.5,2.9000162e-06,1.9148692e-07,0.8388217243215483,0.004335641517314496,/content/drive/MyDrive/N-MON/ALTRO/spectograms/FH-20/1959.npy,FH-20
0.0026560354,0.22325937,0.97588295,0.96673423,0.9758866,-0.99941874,0.99274904,1.992167741060257,-0.015133203,1.0327346,-2.0266368610020686,3007812.5,1.9094218e-06,1.9058044e-07,0.8472687016228287,0.006570289960875089,/content/drive/MyDrive/N-MON/ALTRO/spectograms/FH-20/1960.npy,FH-20
-0.004472567,-0.0069501386,0.97435254,0.9639201,0.97436273,-0.9991666,0.99299645,1.9921630173921585,0.0018018205,1.035762,-2.0052266437494994,-2382812.5,3.2467099e-06,1.8984707e-07,0.8566995672868438,0.0047784816664751244,/content/drive/MyDrive/N-MON/ALTRO/spectograms/FH-20/1961.npy,FH-20
0.004687526,0.1802124,0.98083824,0.9737166,0.9808495,-0.999432,0.99273986,1.9921718835830688,-0.01566451,1.024173,-2.0915556231209287,-2382812.5,3.909242e-06,1.9231292e-07,0.8395482216836588,0.003254132908833231,/content/drive/MyDrive/N-MON/ALTRO/spectograms/FH-20/1962.npy,FH-20
-0.0017827654,0.05964113,0.97328985,0.96198577,0.97329146,-0.9989059,0.9932601,1.9921659529209137,-0.0013504619,1.0380431,-1.978084434262396,1015625.0,2.0992454e-06,1.9105363e-07,0.8525141968827115,0.004012575149862174,/content/drive/MyDrive/N-MON/ALTRO/spectograms/FH-20/1963.npy,FH-20
0.0067437114,0.37812757,0.96696365,0.9546052,0.9669872,-1.0007606,0.9914035,1.9921641200780869,-0.032463364,1.047254,-1.8991031758726218,-2382812.5,2.7212e-06,1.8689711e-07,0.8463724245291687,0.009397681814094741,/content/drive/MyDrive/N-MON/ALTRO/spectograms/FH-20/1964.npy,FH-20
0.0025191444,0.12647134,0.9802008,0.9722773,0.98020405,-0.99842304,0.9937203,1.9921432882547379,-0.010932345,1.0258858,-2.0885293527518414,-2988281.25,3.0556698e-06,1.911417e-07,0.8522237560202301,0.006400467651585648,/content/drive/MyDrive/N-MON/ALTRO/spectograms/FH-20/1965.npy,FH-20
0.002444548,0.14868942,0.9744227,0.96382487,0.9744258,-0.9996926,0.99248016,1.9921727627515793,-0.012912928,1.0359405,-2.0153824781919916,1015625.0,2.8634593e-06,1.9159356e-07,0.8535896994648463,0.007497539940432868,/content/drive/MyDrive/N-MON/ALTRO/spectograms/FH-20/1966.npy,FH-20
-0.006225777,-0.011026104,0.97690874,0.96769375,0.9769286,-0.9992539,0.99291295,1.9921668767929077,0.00396337,1.031299,-2.0456455330611547,-2988281.25,4.617931e-06,1.9135727e-07,0.8359810592476833,0.0039795683514865475,/content/drive/MyDrive/N-MON/ALTRO/spectograms/FH-20/1967.npy,FH-20
-0.0073005375,-0.11341947,0.9816895,0.9750442,0.98171663,-1.0001104,0.9920624,1.9921727925539017,0.0074202246,1.022777,-2.1111172263010527,-2382812.5,2.622543e-06,1.9228733e-07,0.8358609889349271,0.00842108460711627,/content/drive/MyDrive/N-MON/ALTRO/spectograms/FH-20/1968.npy,FH-20
-0.0013762458,0.04726121,0.9732919,0.9621253,0.9732929,-0.99967897,0.9924864,1.9921653866767883,-0.00479724,1.0377584,-1.9843869365993954,-2382812.5,2.660747e-06,1.8916013e-07,0.8514450636999678,0.0035994789287329223,/content/drive/MyDrive/N-MON/ALTRO/spectograms/FH-20/1969.npy,FH-20
0.01719583,0.39394122,0.9660308,0.9525786,0.9661838,-1.0006268,0.99151313,1.9921399801969528,-0.052879963,1.0507066,-1.8881437878815677,-2988281.25,2.1052595e-06,1.8804056e-07,0.8584085866788668,0.00251977451213229,/content/drive/MyDrive/N-MON/ALTRO/spectograms/FH-20/1970.npy,FH-20
0.0114750825,0.2740438,0.97777826,0.969457,0.9778456,-0.99933463,0.99282706,1.9921617060899734,-0.029162358,1.0292491,-2.0548381475995185,-2988281.25,3.430921e-06,1.9106571e-07,0.845513126776852,0.00794767034138539,/content/drive/MyDrive/N-MON/ALTRO/spectograms/FH-20/1971.npy,FH-20
-0.008762481,-0.21460325,0.9659546,0.95059645,0.9659944,-0.9996144,0.99254686,1.9921613037586212,0.014572747,1.0532324,-1.9300422462395377,-2988281.25,2.576913e-06,1.8516289e-07,0.8455876280737893,0.004134938631652315,/content/drive/MyDrive/N-MON/ALTRO/spectograms/FH-20/1972.npy,FH-20
-0.0055079428,-0.045795545,0.9752948,0.9654005,0.9753104,-0.9989619,0.9932037,1.9921656399965286,0.0060842624,1.033791,-2.0120344452925902,-2988281.25,3.795438e-06,1.9086923e-07,0.8507234258633185,0.0042114094437558135,/content/drive/MyDrive/N-MON/ALTRO/spectograms/FH-20/1973.npy,FH-20
0.005015194,0.141754,0.9779492,0.9696587,0.9779621,-0.9988848,0.9932854,1.9921702593564987,-0.013572273,1.0289679,-2.0588544346863484,-2382812.5,2.9447033e-06,1.9061633e-07,0.8533517838034306,0.008737211910934493,/content/drive/MyDrive/N-MON/ALTRO/spectograms/FH-20/1974.npy,FH-20
-0.014336001,-0.18257627,0.9747187,0.9636696,0.97482413,-0.9989814,0.99318105,1.9921624660491943,0.02428708,1.0362467,-2.014778348890972,410156.25,3.4132406e-06,1.9059294e-07,0.8607230607197086,0.006205169134842572,/content/drive/MyDrive/N-MON/ALTRO/spectograms/FH-20/1975.npy,FH-20
-0.003973845,-0.022589292,0.978668,0.97014546,0.978676,-0.99910486,0.9930618,1.9921666234731674,0.0017618265,1.028348,-2.069692836250767,3007812.5,2.4380497e-06,1.9138258e-07,0.8413538011812574,0.009028995342316234,/content/drive/MyDrive/N-MON/ALTRO/spectograms/FH-20/1976.npy,FH-20
0.0074863727,0.38286018,0.97870284,0.9711733,0.97873145,-0.99989456,0.99227583,1.9921704083681107,-0.02681722,1.0274636,-2.0471992004661814,-2382812.5,3.7798295e-06,1.9127552e-07,0.8472836285692285,0.004357631783941051,/content/drive/MyDrive/N-MON/ALTRO/spectograms/FH-20/1977.npy,FH-20
0.0021082133,0.18829256,0.9787543,0.9709811,0.97875655,-0.9991677,0.9929989,1.9921665489673615,-0.012621691,1.0271426,-2.0646845647295535,1015625.0,3.1349675e-06,1.9163078e-07,0.8460761267147807,0.007696129361127662,/content/drive/MyDrive/N-MON/ALTRO/spectograms/FH-20/1978.npy,FH-20
-0.013063189,-0.27631742,0.9768764,0.967541,0.9769637,-0.99923277,0.9929002,1.9921329468488693,0.022368632,1.0323453,-2.050495816534866,-2382812.5,2.7565416e-06,1.9046794e-07,0.8591072696963926,0.00637560750591179,/content/drive/MyDrive/N-MON/ALTRO/spectograms/FH-20/1979.npy,FH-20
0.010476276,0.43810737,0.9799653,0.9737654,0.98002136,-0.9993577,0.99281234,1.992170050740242,-0.028269203,1.0245688,-2.071764277285906,410156.25,2.566418e-06,1.9257257e-07,0.8421648692635619,0.005800987181584857,/content/drive/MyDrive/N-MON/ALTRO/spectograms/FH-20/1980.npy,FH-20
-0.0035538562,-0.04636627,0.97740597,0.9681195,0.97741246,-0.99944735,0.9927225,1.99216990172863,0.0011554167,1.03088,-2.0529490193656006,-2988281.25,2.3666944e-06,1.9127084e-07,0.8446613153001149,0.0035408906948582552,/content/drive/MyDrive/N-MON/ALTRO/spectograms/FH-20/1981.npy,FH-20
0.0035167574,0.1999329,0.9758282,0.966911,0.97583455,-0.9992565,0.99290574,1.992162212729454,-0.017149355,1.0320319,-2.00945335640571,-2988281.25,2.6165503e-06,1.9097752e-07,0.861048746368636,0.006993305572962825,/content/drive/MyDrive/N-MON/ALTRO/spectograms/FH-20/1982.npy,FH-20
-0.0008191695,-0.065212354,0.9755916,0.96580726,0.9755919,-0.9987678,0.9933996,1.9921673983335495,-0.0024663329,1.0334688,-2.011910416773903,-976562.5,2.7131282e-06,1.9122518e-07,0.8507852809994432,0.004530122326447536,/content/drive/MyDrive/N-MON/ALTRO/spectograms/FH-20/1983.npy,FH-20
0.011368097,0.31711185,0.97949135,0.9719474,0.9795573,-0.99924845,0.9929188,1.9921672493219376,-0.03155414,1.0274435,-2.0851459671527026,-2988281.25,3.2317002e-06,1.9126355e-07,0.8425678915549728,0.009896573000458977,/content/drive/MyDrive/N-MON/ALTRO/spectograms/FH-20/1984.npy,FH-20
-0.01311255,-0.24557495,0.9790026,0.9709871,0.9790904,-0.9994676,0.99269617,1.9921637773513794,0.022527596,1.0276276,-2.071647450204476,-2988281.25,4.205965e-06,1.9123644e-07,0.8439549845700371,0.004642655058580888,/content/drive/MyDrive/N-MON/ALTRO/spectograms/FH-20/1985.npy,FH-20
-0.014720046,-0.10124388,0.97484845,0.96376866,0.97495955,-0.9996865,0.9924786,1.9921651482582092,0.019657718,1.0363414,-2.023606312966556,3007812.5,3.2724708e-06,1.9132946e-07,0.8430362601051737,0.005448804631633505,/content/drive/MyDrive/N-MON/ALTRO/spectograms/FH-20/1986.npy,FH-20
0.012070224,0.21895313,0.9763369,0.9664731,0.9764115,-0.99978495,0.99238497,1.9921699464321136,-0.031141497,1.0333833,-2.036369345773717,-2382812.5,3.2877201e-06,1.9040738e-07,0.8444925701855711,0.008751078591197855,/content/drive/MyDrive/N-MON/ALTRO/spectograms/FH-20/1987.npy,FH-20
0.016354928,0.37558347,0.9741936,0.9649942,0.97433084,-0.9993925,0.9927623,1.992154821753502,-0.04313956,1.0338335,-1.9411646030508518,-2382812.5,2.9963815e-06,1.9145168e-07,0.8581592895220159,0.005830061758882454,/content/drive/MyDrive/N-MON/ALTRO/spectograms/FH-20/1988.npy,FH-20
0.0059838584,0.18047804,0.97303337,0.9624037,0.9730518,-0.9992733,0.9928933,1.9921665489673615,-0.018291555,1.0370338,-1.9551385513870898,-2382812.5,2.195291e-06,1.9058118e-07,0.856767460163083,0.004396959813661017,/content/drive/MyDrive/N-MON/ALTRO/spectograms/FH-20/1989.npy,FH-20
-0.00085463334,-0.0029569957,0.9768344,0.9679679,0.9768348,-0.99900585,0.99316186,1.9921677261590958,-0.002215867,1.0314517,-2.045691772140871,-2382812.5,4.2851366e-06,1.9107159e-07,0.8532869344540537,0.004335276040219657,/content/drive/MyDrive/N-MON/ALTRO/spectograms/FH-20/1990.npy,FH-20
-0.0032898851,0.114038125,0.9795894,0.9717346,0.97959495,-0.9992368,0.99293244,1.9921692460775375,-0.002569623,1.0262053,-2.0694280932766134,-2988281.25,4.797616e-06,1.9099448e-07,0.8543075568041284,0.012407730680876475,/content/drive/MyDrive/N-MON/ALTRO/spectograms/FH-20/1991.npy,FH-20
0.0055429605,0.15703094,0.9777026,0.9688099,0.97771835,-0.99925625,0.9929073,1.9921635389328003,-0.017328572,1.0297834,-2.041473095190555,-2988281.25,2.3215541e-06,1.9138594e-07,0.8519293166881711,0.005997027650021653,/content/drive/MyDrive/N-MON/ALTRO/spectograms/FH-20/1992.npy,FH-20
-0.0058007697,-0.09749529,0.9781783,0.9695266,0.97819555,-0.99980086,0.99236107,1.9921619594097137,0.006098592,1.0287899,-2.062362309627691,2402343.75,3.0732103e-06,1.9115978e-07,0.8418170842425906,0.007234577119878483,/content/drive/MyDrive/N-MON/ALTRO/spectograms/FH-20/1993.npy,FH-20
-0.0022520733,-0.041488446,0.9769417,0.9679135,0.9769443,-0.9985231,0.9936419,1.9921650737524033,-0.00089852425,1.0309958,-2.042372254016435,410156.25,2.7513977e-06,1.9150033e-07,0.8381262834123947,0.007665593857995182,/content/drive/MyDrive/N-MON/ALTRO/spectograms/FH-20/1994.npy,FH-20
-0.011792657,-0.112212226,0.97517246,0.9653178,0.9752438,-0.9989823,0.99318945,1.9921717941761017,0.016875794,1.0343477,-2.018112960234256,-2382812.5,2.8243762e-06,1.9021019e-07,0.8478878958689113,0.005419454672330236,/content/drive/MyDrive/N-MON/ALTRO/spectograms/FH-20/1995.npy,FH-20
-0.013817658,-0.2891734,0.9789749,0.9713993,0.9790724,-0.99997056,0.9921847,1.9921552687883377,0.021146646,1.027271,-2.071884764559864,3007812.5,3.1994805e-06,1.9013089e-07,0.8463782618696678,0.009521483590777395,/content/drive/MyDrive/N-MON/ALTRO/spectograms/FH-20/1996.npy,FH-20
0.0021407777,0.078523435,0.97776264,0.9695417,0.97776496,-0.9995117,0.9926481,1.9921598136425018,-0.010261586,1.0287548,-2.0400152316777422,3007812.5,2.743098e-06,1.9062631e-07,0.8399593158534888,0.00675254490904178,/content/drive/MyDrive/N-MON/ALTRO/spectograms/FH-20/1997.npy,FH-20
0.0224727,0.5908928,0.9796979,0.9723682,0.97995555,-0.99886286,0.9932928,1.9921556115150452,-0.05222523,1.0279467,-2.0782341368457136,-2382812.5,2.8808133e-06,1.9107432e-07,0.853938321363638,0.006392912410311964,/content/drive/MyDrive/N-MON/ALTRO/spectograms/FH-20/1998.npy,FH-20
-0.015798427,-0.2920831,0.97843295,0.9703354,0.9785605,-0.9991727,0.9929946,1.9921673089265823,0.026472548,1.0283463,-2.0540312259734215,3007812.5,3.2440257e-06,1.9186456e-07,0.8591688246869256,0.0036561686868441775,/content/drive/MyDrive/N-MON/ALTRO/spectograms/FH-20/1999.npy,FH-20
-0.0007908373,0.0117152175,0.9779033,0.96890676,0.9779036,-0.99997103,0.9921968,1.9921678602695465,-0.0057722856,1.0297997,-2.0527418685901715,410156.25,2.7538242e-06,1.901526e-07,0.8419874680217402,0.009449392250309096,/content/drive/MyDrive/N-MON/ALTRO/spectograms/FH-20/2000.npy,FH-20
-0.010505198,-0.16411586,0.9782032,0.96935123,0.97825956,-1.0001254,0.99201953,1.9921449571847916,0.0149430055,1.0291305,-2.0470809202566294,1015625.0,5.0779618e-06,1.911271e-07,0.8372589288503532,0.009387210360023258,/content/drive/MyDrive/N-MON/ALTRO/spectograms/FH-20/2001.npy,FH-20
0.005295153,0.18824181,0.978422,0.96994007,0.9784363,-0.9993231,0.9928454,1.9921685755252838,-0.018355262,1.0290822,-2.0777455487642555,1015625.0,2.5084714e-06,1.9085408e-07,0.8570385589798039,0.005324558757490857,/content/drive/MyDrive/N-MON/ALTRO/spectograms/FH-20/2002.npy,FH-20
0.0015168369,0.03554392,0.97606254,0.9665633,0.9760637,-0.999607,0.9925632,1.9921702295541763,-0.008061788,1.0321465,-2.012723714703264,-996093.75,2.1226956e-06,1.9099959e-07,0.8482934046152779,0.010132641221109467,/content/drive/MyDrive/N-MON/ALTRO/spectograms/FH-20/2003.npy,FH-20
0.009191206,0.30511418,0.96871465,0.9556847,0.9687582,-0.99950343,0.9926218,1.992125242948532,-0.03174994,1.0469191,-1.9407473861786022,1015625.0,3.7207726e-06,1.8731103e-07,0.8428503883345695,0.007805987353628577,/content/drive/MyDrive/N-MON/ALTRO/spectograms/FH-20/2004.npy,FH-20
-0.0010592446,0.14835307,0.9751855,0.9663573,0.9751861,-1.0000246,0.99213576,1.9921603351831436,-0.007565401,1.0329821,-2.0122484964330463,-2988281.25,3.0725234e-06,1.9053178e-07,0.8447268156487653,0.006093493201307517,/content/drive/MyDrive/N-MON/ALTRO/spectograms/FH-20/2005.npy,FH-20
0.0012776557,0.040286973,0.97756714,0.96858484,0.977568,-0.9987807,0.99338835,1.9921691119670868,-0.0066567864,1.0300684,-2.034907791814537,-2988281.25,3.3938695e-06,1.9096012e-07,0.8387156293297804,0.00428657303284425,/content/drive/MyDrive/N-MON/ALTRO/spectograms/FH-20/2006.npy,FH-20
-0.0077789426,-0.082097724,0.9787788,0.9708198,0.9788097,-1.0000455,0.9921256,1.9921711087226868,0.0058624567,1.0275486,-2.07019950686416,1015625.0,3.23739e-06,1.9133016e-07,0.8425991294309796,0.008118416497457636,/content/drive/MyDrive/N-MON/ALTRO/spectograms/FH-20/2007.npy,FH-20
0.010670189,0.23529908,0.9744695,0.9643428,0.9745279,-0.9991896,0.9929739,1.992163524031639,-0.027999435,1.0352377,-1.9878195440549853,-2988281.25,2.9966566e-06,1.900396e-07,0.8367411638542253,0.005371882908775119,/content/drive/MyDrive/N-MON/ALTRO/spectograms/FH-20/2008.npy,FH-20
-0.006918325,-0.1132537,0.97461766,0.9649021,0.9746422,-0.99989754,0.9922682,1.9921657145023346,0.005983425,1.034536,-1.9999810241251794,-2382812.5,3.1295783e-06,1.9045171e-07,0.8543040696337834,0.006569882538809938,/content/drive/MyDrive/N-MON/ALTRO/spectograms/FH-20/2009.npy,FH-20
