f1,f2,f3,f4,f5,f6,f7,f8,f9,f10,f11,f12,f13,f14,f15,f16,path_spec,class
-0.0124982195,-0.04166715,0.8150568,0.74669355,0.8151526,-0.9946382,0.99725145,1.9918896853923798,0.034831837,1.3583254,-0.3325777286069461,-4667968.75,5.4128657e-07,1.3308232e-07,0.9477324444972106,0.004673197886795783,/content/drive/MyDrive/N-MON/ALTRO/spectograms/LINEAR-WIDE-20/0.npy,LINEAR-WIDE-20
0.024710998,0.02861603,0.8202002,0.7514304,0.8205724,-0.9947625,0.99701077,1.9917732179164886,-0.04823502,1.3550147,-0.39499009652548367,4082031.25,4.0147935e-07,1.3365633e-07,0.9509055648881083,0.006650806333885852,/content/drive/MyDrive/N-MON/ALTRO/spectograms/LINEAR-WIDE-20/1.npy,LINEAR-WIDE-20
0.014019643,0.05259027,0.8126565,0.7446462,0.81277746,-0.9940771,0.99765414,1.9917312115430832,-0.030511316,1.3631899,-0.3209669200791928,4804687.5,6.0314835e-07,1.3310618e-07,0.9466372246365905,0.008877556633224754,/content/drive/MyDrive/N-MON/ALTRO/spectograms/LINEAR-WIDE-20/2.npy,LINEAR-WIDE-20
-0.012749978,-0.041069053,0.8119514,0.74295217,0.8120514,-0.9940605,0.9977834,1.991843968629837,0.028972937,1.365961,-0.3118351912880525,-4199218.75,3.794594e-07,1.3269864e-07,0.9435833107911191,0.012011238386183646,/content/drive/MyDrive/N-MON/ALTRO/spectograms/LINEAR-WIDE-20/3.npy,LINEAR-WIDE-20
-0.0049409945,-0.018152198,0.82102054,0.75416327,0.8210354,-0.99440557,0.9974526,1.9918582141399384,0.016572308,1.3476006,-0.3865579633324928,-3906250.0,4.8701213e-07,1.3321298e-07,0.9387321724712087,0.011354311705180519,/content/drive/MyDrive/N-MON/ALTRO/spectograms/LINEAR-WIDE-20/4.npy,LINEAR-WIDE-20
0.002986671,-0.029800668,0.8095169,0.7379048,0.80952245,-0.9944351,0.9975109,1.9919459819793701,0.013830602,1.3767496,-0.3295531353957256,2929687.5,5.029819e-07,1.3191985e-07,0.9392837765502073,0.007752215983956158,/content/drive/MyDrive/N-MON/ALTRO/spectograms/LINEAR-WIDE-20/5.npy,LINEAR-WIDE-20
-0.0027825641,0.020678924,0.8132716,0.74227476,0.8132763,-0.99468136,0.99724877,1.9919301271438599,0.005359599,1.3706148,-0.3682372093711407,-3789062.5,4.0071004e-07,1.3404873e-07,0.9461430396757277,0.003951796520700493,/content/drive/MyDrive/N-MON/ALTRO/spectograms/LINEAR-WIDE-20/6.npy,LINEAR-WIDE-20
-0.012009532,-0.04132104,0.8168253,0.7489668,0.81691355,-0.9944098,0.99755406,1.9919638335704803,0.031522032,1.3577272,-0.3680844816247336,-4453125.0,4.1094916e-07,1.3304276e-07,0.9482165293073477,0.004880335329092222,/content/drive/MyDrive/N-MON/ALTRO/spectograms/LINEAR-WIDE-20/7.npy,LINEAR-WIDE-20
-0.008328201,-0.053961605,0.81567323,0.74836206,0.8157157,-0.99516594,0.9965881,1.9917540401220322,0.032187834,1.3554283,-0.3291804781388753,4882812.5,3.803179e-07,1.32245e-07,0.9485552829736806,0.007991789660655405,/content/drive/MyDrive/N-MON/ALTRO/spectograms/LINEAR-WIDE-20/8.npy,LINEAR-WIDE-20
0.015283416,0.013238146,0.817412,0.75040674,0.8175549,-0.9944029,0.99746424,1.9918671548366547,-0.029277058,1.3535728,-0.36895838456034913,4863281.25,3.8154778e-07,1.3298799e-07,0.9455745628513816,0.011890691965188773,/content/drive/MyDrive/N-MON/ALTRO/spectograms/LINEAR-WIDE-20/9.npy,LINEAR-WIDE-20
-0.010668796,-0.033467703,0.80995584,0.74082047,0.81002617,-0.9943662,0.997483,1.9918492436408997,0.03107817,1.3726197,-0.32589845852110877,4414062.5,4.9774144e-07,1.3269315e-07,0.9402304783723303,0.011841859661143452,/content/drive/MyDrive/N-MON/ALTRO/spectograms/LINEAR-WIDE-20/10.npy,LINEAR-WIDE-20
-0.0032205936,-0.026467975,0.8119176,0.7435841,0.811924,-0.99515784,0.99684924,1.992007076740265,0.018304715,1.3671068,-0.3243652605793611,4492187.5,4.4086235e-07,1.3043707e-07,0.9328824288427977,0.008029369373233754,/content/drive/MyDrive/N-MON/ALTRO/spectograms/LINEAR-WIDE-20/11.npy,LINEAR-WIDE-20
-0.011973847,-0.022094864,0.81518143,0.7458204,0.81526935,-0.9945706,0.99734724,1.9919178485870361,0.025510078,1.3637787,-0.35696219154165487,4375000.0,4.813306e-07,1.3294155e-07,0.9423643062102196,0.006385694459858718,/content/drive/MyDrive/N-MON/ALTRO/spectograms/LINEAR-WIDE-20/12.npy,LINEAR-WIDE-20
-0.017072357,-0.068678714,0.80624515,0.7346268,0.80642587,-0.9944085,0.9975419,1.9919503927230835,0.04138513,1.3884691,-0.327462645688959,-4804687.5,4.01378e-07,1.3293557e-07,0.9460600977736127,0.003689749043087263,/content/drive/MyDrive/N-MON/ALTRO/spectograms/LINEAR-WIDE-20/13.npy,LINEAR-WIDE-20
0.0049547474,0.05281128,0.8099736,0.73861754,0.8099887,-0.9940436,0.99784875,1.9918923676013947,-0.017861346,1.3804052,-0.3571232450557097,-4667968.75,5.2135056e-07,1.3243178e-07,0.9509353405680716,0.00508998423437464,/content/drive/MyDrive/N-MON/ALTRO/spectograms/LINEAR-WIDE-20/14.npy,LINEAR-WIDE-20
0.005401639,0.070532635,0.824523,0.7611939,0.82454073,-0.9956427,0.9962948,1.991937518119812,-0.028806975,1.3319572,-0.40216861870679843,4511718.75,3.7897286e-07,1.342278e-07,0.9448649357193056,0.005094294746653277,/content/drive/MyDrive/N-MON/ALTRO/spectograms/LINEAR-WIDE-20/15.npy,LINEAR-WIDE-20
-0.0041073454,-0.029809188,0.80596876,0.735135,0.80597925,-0.99452555,0.99739873,1.991924300789833,0.013890674,1.3847599,-0.29143665598233526,-3808593.75,4.5927126e-07,1.3270578e-07,0.9431192683892057,0.012199435622587953,/content/drive/MyDrive/N-MON/ALTRO/spectograms/LINEAR-WIDE-20/16.npy,LINEAR-WIDE-20
0.009956011,0.013046734,0.816208,0.74776965,0.8162687,-0.99451256,0.99740463,1.9919171929359436,-0.01631124,1.3594716,-0.3814744915789695,4042968.75,3.9181367e-07,1.3293186e-07,0.9395281861136808,0.011386482120748914,/content/drive/MyDrive/N-MON/ALTRO/spectograms/LINEAR-WIDE-20/17.npy,LINEAR-WIDE-20
-0.010096089,-0.018264098,0.8175948,0.7508142,0.8176572,-0.99460155,0.9972932,1.9918947368860245,0.0147103015,1.3528308,-0.3680946376967872,4980468.75,4.0348948e-07,1.3303426e-07,0.9409601147326108,0.007412487820508981,/content/drive/MyDrive/N-MON/ALTRO/spectograms/LINEAR-WIDE-20/18.npy,LINEAR-WIDE-20
-0.005770231,-0.018622968,0.8155929,0.7482377,0.81561327,-0.9950421,0.9968394,1.9918815344572067,0.016495211,1.3568553,-0.3441338594856368,-3925781.25,4.5825382e-07,1.3181042e-07,0.9466117385797284,0.003799385838298215,/content/drive/MyDrive/N-MON/ALTRO/spectograms/LINEAR-WIDE-20/19.npy,LINEAR-WIDE-20
0.025241261,0.06840749,0.8206622,0.754891,0.8210503,-0.99384,0.9980314,1.9918713718652725,-0.052073225,1.3454727,-0.3860304723734781,3652343.75,4.0978853e-07,1.3311316e-07,0.948725536040271,0.0044364790835517585,/content/drive/MyDrive/N-MON/ALTRO/spectograms/LINEAR-WIDE-20/20.npy,LINEAR-WIDE-20
-0.01263599,0.005267133,0.8108692,0.742568,0.8109677,-0.9947222,0.9971888,1.991910994052887,0.014603352,1.3696367,-0.3380918747437819,-3867187.5,4.4588046e-07,1.3155234e-07,0.949659036926835,0.007641398978042433,/content/drive/MyDrive/N-MON/ALTRO/spectograms/LINEAR-WIDE-20/21.npy,LINEAR-WIDE-20
0.01847133,0.05567006,0.81259894,0.7429541,0.8128088,-0.9948618,0.9969303,1.99179208278656,-0.04486443,1.369367,-0.3329250352657668,3710937.5,4.830251e-07,1.3253819e-07,0.9442989193100573,0.011123149440874567,/content/drive/MyDrive/N-MON/ALTRO/spectograms/LINEAR-WIDE-20/22.npy,LINEAR-WIDE-20
-7.786751e-05,-0.03367077,0.80700284,0.7343462,0.8070029,-0.9945682,0.9973216,1.9918898195028305,0.014764414,1.387706,-0.32335766987794934,-4257812.5,3.873913e-07,1.3046247e-07,0.9375146874894174,0.01364385059343474,/content/drive/MyDrive/N-MON/ALTRO/spectograms/LINEAR-WIDE-20/23.npy,LINEAR-WIDE-20
-0.010822413,-0.025820866,0.8174818,0.74868,0.8175534,-0.9943425,0.9975796,1.9919220507144928,0.016667599,1.3567729,-0.370385519528024,4414062.5,4.9998465e-07,1.3298197e-07,0.9407365566225728,0.008742106147525276,/content/drive/MyDrive/N-MON/ALTRO/spectograms/LINEAR-WIDE-20/24.npy,LINEAR-WIDE-20
0.009385784,0.013481502,0.81829643,0.7504728,0.81835026,-0.9942298,0.99767447,1.9919042885303497,-0.012419481,1.3545966,-0.3740377812998431,-3847656.25,4.0165793e-07,1.3104805e-07,0.9447214405057339,0.003771545720174794,/content/drive/MyDrive/N-MON/ALTRO/spectograms/LINEAR-WIDE-20/25.npy,LINEAR-WIDE-20
0.0026480788,0.013136597,0.81412685,0.74603045,0.81413114,-0.99449265,0.99740726,1.9918999373912811,-0.004445556,1.3622237,-0.3445270991425914,4531250.0,4.6876087e-07,1.3294276e-07,0.9492367565696624,0.004384772707402158,/content/drive/MyDrive/N-MON/ALTRO/spectograms/LINEAR-WIDE-20/26.npy,LINEAR-WIDE-20
-0.0041341726,-0.0022811948,0.79774106,0.72283983,0.7977518,-0.99407953,0.9899571,1.9840366691350937,0.012318164,1.4118404,-0.2622306645290077,-4042968.75,3.792555e-07,1.2733682e-07,0.9362566933424805,0.010442881219682123,/content/drive/MyDrive/N-MON/ALTRO/spectograms/LINEAR-WIDE-20/27.npy,LINEAR-WIDE-20
-0.010372514,-0.0496643,0.8140332,0.7431422,0.8140993,-0.9947222,0.9971609,1.9918830841779709,0.030372806,1.3673799,-0.3505471830207264,-4765625.0,5.4586957e-07,1.3309747e-07,0.9436870398961592,0.01221038946512795,/content/drive/MyDrive/N-MON/ALTRO/spectograms/LINEAR-WIDE-20/28.npy,LINEAR-WIDE-20
-0.0035995531,-0.010633361,0.81229,0.7411064,0.812298,-0.99492216,0.99693954,1.99186173081398,0.015555773,1.3734993,-0.35868551025412565,4765625.0,3.9225546e-07,1.297839e-07,0.9389695037598822,0.012955227476269638,/content/drive/MyDrive/N-MON/ALTRO/spectograms/LINEAR-WIDE-20/29.npy,LINEAR-WIDE-20
-0.0032977725,-0.0067259264,0.80893147,0.7373291,0.8089382,-0.9948632,0.99703896,1.991902157664299,0.011453195,1.3786961,-0.31929997193684756,-3847656.25,5.049057e-07,1.33194e-07,0.9388103192048407,0.007550171131254729,/content/drive/MyDrive/N-MON/ALTRO/spectograms/LINEAR-WIDE-20/30.npy,LINEAR-WIDE-20
0.0007233677,0.0049783248,0.8139127,0.74587584,0.81391305,-0.99498534,0.99690783,1.9918932020664215,0.0022108445,1.3612869,-0.3368101700450731,3574218.75,4.012158e-07,1.3058295e-07,0.9456387841649413,0.004493554942139556,/content/drive/MyDrive/N-MON/ALTRO/spectograms/LINEAR-WIDE-20/31.npy,LINEAR-WIDE-20
-0.00022529339,-0.0027304054,0.8130465,0.7415312,0.8130466,-0.9946014,0.9972835,1.9918849468231201,0.014088863,1.3729261,-0.37088912841346755,-3789062.5,4.687843e-07,1.3340045e-07,0.9499961650027093,0.004807554317103026,/content/drive/MyDrive/N-MON/ALTRO/spectograms/LINEAR-WIDE-20/32.npy,LINEAR-WIDE-20
-0.0058701155,-0.009633928,0.81449157,0.7459029,0.8145128,-0.99393624,0.9979685,1.9919047504663467,0.02077393,1.3609277,-0.34586864701438735,-4023437.5,3.9264285e-07,1.3315864e-07,0.9493541345270023,0.007574274590643742,/content/drive/MyDrive/N-MON/ALTRO/spectograms/LINEAR-WIDE-20/33.npy,LINEAR-WIDE-20
0.0063505378,0.044226952,0.8134522,0.7452957,0.813477,-0.9947285,0.99717987,1.9919083714485168,-0.022320941,1.3649459,-0.35437599939234954,-4843750.0,4.195464e-07,1.3340242e-07,0.942516151839724,0.014350345627118172,/content/drive/MyDrive/N-MON/ALTRO/spectograms/LINEAR-WIDE-20/34.npy,LINEAR-WIDE-20
0.002718202,-0.0136476485,0.79924846,0.7255405,0.7992531,-0.9940337,0.9977566,1.991790309548378,0.009927112,1.407128,-0.2744775804592906,4492187.5,5.5378973e-07,1.271739e-07,0.9370131957701802,0.013455845993716381,/content/drive/MyDrive/N-MON/ALTRO/spectograms/LINEAR-WIDE-20/35.npy,LINEAR-WIDE-20
0.0020103673,0.009004027,0.81440026,0.7466815,0.81440276,-0.9947832,0.99714464,1.9919278472661972,-0.0032444024,1.3617392,-0.35577330326029,4472656.25,3.7940433e-07,1.3238365e-07,0.9412443883179122,0.0061278488077862875,/content/drive/MyDrive/N-MON/ALTRO/spectograms/LINEAR-WIDE-20/36.npy,LINEAR-WIDE-20
-0.020367464,-0.07697673,0.8157126,0.7485661,0.8159668,-0.9946549,0.9970808,1.991735726594925,0.050879747,1.3593762,-0.3583901851368997,-4589843.75,3.8452166e-07,1.3252938e-07,0.9467988961395775,0.004776544396327697,/content/drive/MyDrive/N-MON/ALTRO/spectograms/LINEAR-WIDE-20/37.npy,LINEAR-WIDE-20
-0.011673007,-0.0139107015,0.8125282,0.74396145,0.81261206,-0.99405175,0.9976609,1.9917126148939133,0.021738844,1.3658623,-0.3401375021074814,4960937.5,6.0799994e-07,1.3196727e-07,0.9490692735894903,0.00520813866759733,/content/drive/MyDrive/N-MON/ALTRO/spectograms/LINEAR-WIDE-20/38.npy,LINEAR-WIDE-20
-0.00452488,0.0048309425,0.8171157,0.75158167,0.81712824,-0.9950158,0.9968073,1.9918230772018433,0.00036215025,1.3467891,-0.32695439667918624,4511718.75,4.1453276e-07,1.3328534e-07,0.9498599717705641,0.008962453996051343,/content/drive/MyDrive/N-MON/ALTRO/spectograms/LINEAR-WIDE-20/39.npy,LINEAR-WIDE-20
0.009148104,0.0053061107,0.81552875,0.7476886,0.81558007,-0.99456036,0.9973779,1.9919382333755493,-0.014024588,1.3572965,-0.3607777888700606,3906250.0,3.9755648e-07,1.3301764e-07,0.941431030338074,0.012915546122544802,/content/drive/MyDrive/N-MON/ALTRO/spectograms/LINEAR-WIDE-20/40.npy,LINEAR-WIDE-20
-0.009887814,-0.025643818,0.8166636,0.74846464,0.81672347,-0.9941658,0.99772286,1.991888627409935,0.01733982,1.3575128,-0.3664078375341503,3671875.0,3.8507508e-07,1.3271223e-07,0.938928992030853,0.010143970896364832,/content/drive/MyDrive/N-MON/ALTRO/spectograms/LINEAR-WIDE-20/41.npy,LINEAR-WIDE-20
-0.013107025,-0.026001314,0.81582844,0.74688816,0.8159337,-0.99441445,0.99741375,1.9918282330036163,0.03355464,1.3589698,-0.3535628529571452,-4648437.5,5.108589e-07,1.3216138e-07,0.9426891632960297,0.005812516443270993,/content/drive/MyDrive/N-MON/ALTRO/spectograms/LINEAR-WIDE-20/42.npy,LINEAR-WIDE-20
-0.01702203,-0.060986873,0.8152172,0.7468664,0.8153949,-0.99443364,0.9974541,1.9918877184391022,0.039417583,1.361438,-0.35620405882593176,-4667968.75,3.9702303e-07,1.3260484e-07,0.9472376785172297,0.005495432423123895,/content/drive/MyDrive/N-MON/ALTRO/spectograms/LINEAR-WIDE-20/43.npy,LINEAR-WIDE-20
0.0023998364,-0.017453223,0.8081788,0.7365309,0.8081823,-0.9938125,0.9980204,1.9918329268693924,0.010901051,1.3810866,-0.3233778627256828,-4160156.25,3.6375815e-07,1.3213315e-07,0.9507826982700373,0.007031111806726587,/content/drive/MyDrive/N-MON/ALTRO/spectograms/LINEAR-WIDE-20/44.npy,LINEAR-WIDE-20
-0.0096025225,-0.057279766,0.81499517,0.74583495,0.8150518,-0.9946821,0.9971768,1.991858884692192,0.029634817,1.3617462,-0.35043977373426494,-4179687.5,4.0005034e-07,1.3310674e-07,0.9473576532454754,0.01000831356028254,/content/drive/MyDrive/N-MON/ALTRO/spectograms/LINEAR-WIDE-20/45.npy,LINEAR-WIDE-20
-0.014426735,-0.04123913,0.8110242,0.7421446,0.81115246,-0.9943185,0.9975746,1.9918930977582932,0.04129842,1.3702465,-0.31410322659437473,4199218.75,4.0164932e-07,1.3306386e-07,0.9380444615546352,0.01465502477112649,/content/drive/MyDrive/N-MON/ALTRO/spectograms/LINEAR-WIDE-20/46.npy,LINEAR-WIDE-20
0.0024055806,-0.0019624766,0.8003665,0.7270143,0.80037016,-0.97844946,0.9979003,1.9763497561216354,1.665429e-05,1.403149,-0.2794741106446087,4707031.25,5.149953e-07,1.263583e-07,0.9355073901140295,0.006256610737749974,/content/drive/MyDrive/N-MON/ALTRO/spectograms/LINEAR-WIDE-20/47.npy,LINEAR-WIDE-20
0.0060139494,0.0054275077,0.81272984,0.74450815,0.81275207,-0.9945169,0.9974148,1.9919317364692688,-0.0010855432,1.3626492,-0.32020586623995595,-4296875.0,4.1954556e-07,1.3317265e-07,0.944074886592498,0.005608580955738733,/content/drive/MyDrive/N-MON/ALTRO/spectograms/LINEAR-WIDE-20/48.npy,LINEAR-WIDE-20
-0.0070240633,0.020219121,0.8115079,0.74240786,0.8115383,-0.9953515,0.9965306,1.9918820708990097,0.011675884,1.3708653,-0.32092960317203645,4453125.0,3.9213674e-07,1.3276943e-07,0.9482115289146359,0.004178597973390391,/content/drive/MyDrive/N-MON/ALTRO/spectograms/LINEAR-WIDE-20/49.npy,LINEAR-WIDE-20
-0.0054846955,-0.03424698,0.811318,0.74259156,0.8113365,-0.99493104,0.9969847,1.9919157773256302,0.03384582,1.3685331,-0.3240482495999234,4589843.75,4.1315272e-07,1.3276971e-07,0.9491153504654349,0.008513323500192632,/content/drive/MyDrive/N-MON/ALTRO/spectograms/LINEAR-WIDE-20/50.npy,LINEAR-WIDE-20
0.008486606,-0.0022606456,0.7989515,0.72525865,0.79899657,-0.9787159,0.99766755,1.9763834774494171,-0.0039126314,1.404594,-0.2609898887115377,-4257812.5,5.266324e-07,1.2744778e-07,0.9396362280047919,0.012280813946159558,/content/drive/MyDrive/N-MON/ALTRO/spectograms/LINEAR-WIDE-20/51.npy,LINEAR-WIDE-20
0.0071700467,0.013294423,0.8169775,0.75046045,0.817009,-0.99440044,0.9975184,1.9919188618659973,-0.014712239,1.3509774,-0.3317306769045648,-4648437.5,4.0492583e-07,1.3297297e-07,0.9387297753744385,0.011353326082746694,/content/drive/MyDrive/N-MON/ALTRO/spectograms/LINEAR-WIDE-20/52.npy,LINEAR-WIDE-20
0.012734478,-0.010120921,0.8149149,0.74642515,0.81501436,-0.9943079,0.9976375,1.9919453859329224,-0.0062741376,1.3594064,-0.3384709449619453,4042968.75,4.031283e-07,1.3333991e-07,0.9415834145621083,0.007076778023108888,/content/drive/MyDrive/N-MON/ALTRO/spectograms/LINEAR-WIDE-20/53.npy,LINEAR-WIDE-20
-0.01577796,-0.03325713,0.8137875,0.74278754,0.81394047,-0.99395597,0.9978961,1.9918520152568817,0.041286465,1.3702549,-0.3672013635458412,-4218750.0,3.8284225e-07,1.3269488e-07,0.9467642660734777,0.004121944736016469,/content/drive/MyDrive/N-MON/ALTRO/spectograms/LINEAR-WIDE-20/54.npy,LINEAR-WIDE-20
0.008774933,0.028721135,0.8135491,0.744358,0.81359637,-0.99457824,0.9972967,1.9918749183416367,-0.018619284,1.3615144,-0.32074145784218555,4960937.5,4.071324e-07,1.3270662e-07,0.9510015396665294,0.005907267932833968,/content/drive/MyDrive/N-MON/ALTRO/spectograms/LINEAR-WIDE-20/55.npy,LINEAR-WIDE-20
-0.013282742,-0.037731186,0.8185854,0.7515404,0.81869316,-0.99462265,0.9972457,1.9918683767318726,0.0407153,1.35115,-0.3558493041562213,-3828125.0,4.205197e-07,1.3192096e-07,0.9468093086156824,0.010472741553442712,/content/drive/MyDrive/N-MON/ALTRO/spectograms/LINEAR-WIDE-20/56.npy,LINEAR-WIDE-20
-0.006112242,-0.033864323,0.81373805,0.7447517,0.81376094,-0.99469906,0.9971864,1.9918854981660843,0.018233929,1.3648256,-0.351405267039664,-4121093.75,4.0243285e-07,1.3196683e-07,0.9394582673357434,0.013621092217536407,/content/drive/MyDrive/N-MON/ALTRO/spectograms/LINEAR-WIDE-20/57.npy,LINEAR-WIDE-20
-0.0005278251,-0.0027951854,0.80973643,0.73830014,0.80973655,-0.99477816,0.9970944,1.9918725490570068,0.0019467183,1.3759465,-0.3085178696413743,-4785156.25,3.7889302e-07,1.3284838e-07,0.9382399862691285,0.008867021268758686,/content/drive/MyDrive/N-MON/ALTRO/spectograms/LINEAR-WIDE-20/58.npy,LINEAR-WIDE-20
-0.0014097891,0.004437797,0.7997568,0.7280363,0.79975814,-0.9875194,0.9830874,1.9706067591905594,0.007917175,1.3978457,-0.24375090028412327,3867187.5,5.476735e-07,1.276779e-07,0.9430353607564402,0.005668674968783026,/content/drive/MyDrive/N-MON/ALTRO/spectograms/LINEAR-WIDE-20/59.npy,LINEAR-WIDE-20
0.00654252,0.02100705,0.8134711,0.74547106,0.81349736,-0.9945148,0.99743897,1.9919537603855133,-0.018679375,1.3644215,-0.3420320490066314,4589843.75,4.1383203e-07,1.3277932e-07,0.950120798471405,0.005459721819693969,/content/drive/MyDrive/N-MON/ALTRO/spectograms/LINEAR-WIDE-20/60.npy,LINEAR-WIDE-20
0.0036811514,-0.014123604,0.8093167,0.73757344,0.80932504,-0.9944316,0.9974443,1.9918759018182755,0.013266134,1.3807088,-0.3403152472192509,4511718.75,5.157822e-07,1.3269326e-07,0.9466918609429953,0.010376498094217791,/content/drive/MyDrive/N-MON/ALTRO/spectograms/LINEAR-WIDE-20/61.npy,LINEAR-WIDE-20
-0.004475349,0.012807539,0.8348083,0.7730425,0.8348203,-0.9946983,0.9971975,1.9918957650661469,0.006173648,1.3095449,-0.4697760657395512,4492187.5,4.1212863e-07,1.358855e-07,0.9407499037843086,0.009150512820022683,/content/drive/MyDrive/N-MON/ALTRO/spectograms/LINEAR-WIDE-20/62.npy,LINEAR-WIDE-20
0.0027890601,-0.010549743,0.81110024,0.74003834,0.811105,-0.9948588,0.997063,1.9919217675924301,-0.005025497,1.3730545,-0.33063651177327025,-4628906.25,4.7229688e-07,1.324953e-07,0.9397135608496854,0.01062646279975979,/content/drive/MyDrive/N-MON/ALTRO/spectograms/LINEAR-WIDE-20/63.npy,LINEAR-WIDE-20
-0.018318353,-0.049384527,0.807464,0.7367725,0.8076718,-0.9945053,0.99730414,1.9918093979358673,0.03958047,1.381075,-0.3058584340981244,-5000000.0,3.8502526e-07,1.2986928e-07,0.9415033498154157,0.005178910838493999,/content/drive/MyDrive/N-MON/ALTRO/spectograms/LINEAR-WIDE-20/64.npy,LINEAR-WIDE-20
0.008027737,0.01363007,0.8124259,0.7442134,0.8124656,-0.994108,0.997758,1.9918659925460815,-0.006874492,1.3643075,-0.330765545974674,-3867187.5,5.381945e-07,1.3234046e-07,0.9493679073329574,0.004467051950684831,/content/drive/MyDrive/N-MON/ALTRO/spectograms/LINEAR-WIDE-20/65.npy,LINEAR-WIDE-20
-0.006951095,-0.0025536595,0.80257493,0.7302746,0.80260503,-0.99462366,0.99727476,1.9918984025716782,0.013693665,1.3947785,-0.284515511479115,3652343.75,4.5367793e-07,1.2993442e-07,0.9511474212873399,0.0060396896544168,/content/drive/MyDrive/N-MON/ALTRO/spectograms/LINEAR-WIDE-20/66.npy,LINEAR-WIDE-20
-0.005929048,-0.026213262,0.8130601,0.7434563,0.81308174,-0.9947256,0.99717903,1.9919046014547348,0.02016831,1.3652316,-0.3251919818945642,-3808593.75,4.2800684e-07,1.3104336e-07,0.9452171832944409,0.011481008727204147,/content/drive/MyDrive/N-MON/ALTRO/spectograms/LINEAR-WIDE-20/67.npy,LINEAR-WIDE-20
0.018980006,0.052257136,0.81306547,0.7422336,0.813287,-0.9945304,0.9972953,1.9918257147073746,-0.041679535,1.3703141,-0.3513806652498942,3613281.25,4.4221366e-07,1.3155184e-07,0.9368402678536293,0.013079674402355761,/content/drive/MyDrive/N-MON/ALTRO/spectograms/LINEAR-WIDE-20/68.npy,LINEAR-WIDE-20
0.017338593,0.016662572,0.81332517,0.74529994,0.81351,-0.9948288,0.9969853,1.991814136505127,-0.0307641,1.3640901,-0.32927471012285914,-4218750.0,4.0217577e-07,1.3231372e-07,0.9408114380511375,0.0066526563142821175,/content/drive/MyDrive/N-MON/ALTRO/spectograms/LINEAR-WIDE-20/69.npy,LINEAR-WIDE-20
0.01329485,0.021442939,0.81367517,0.74678236,0.81378376,-0.99411905,0.99775004,1.9918690770864487,-0.026337463,1.3607131,-0.32178704449021567,4375000.0,4.9764617e-07,1.3259887e-07,0.9459448385551261,0.004667735112311906,/content/drive/MyDrive/N-MON/ALTRO/spectograms/LINEAR-WIDE-20/70.npy,LINEAR-WIDE-20
-0.00959594,0.005340986,0.8131136,0.74437106,0.81317014,-0.9945315,0.99733937,1.991870865225792,0.014207161,1.3613571,-0.3119643587494806,-4960937.5,3.8278452e-07,1.3202242e-07,0.9507076072113103,0.0052187932686395995,/content/drive/MyDrive/N-MON/ALTRO/spectograms/LINEAR-WIDE-20/71.npy,LINEAR-WIDE-20
0.007975629,-0.0022833042,0.81447476,0.7459963,0.8145138,-0.9944525,0.9974795,1.991931974887848,-0.0012162937,1.3638482,-0.36438975459334266,4589843.75,5.207678e-07,1.3284242e-07,0.9442450156582974,0.011684174200848543,/content/drive/MyDrive/N-MON/ALTRO/spectograms/LINEAR-WIDE-20/72.npy,LINEAR-WIDE-20
-0.0012475696,0.020891037,0.8081599,0.73856103,0.80816084,-0.99470574,0.9971869,1.9918926358222961,-0.00037795832,1.3759973,-0.3044021674088341,4042968.75,4.00727e-07,1.323601e-07,0.9378354348451217,0.013412082494139223,/content/drive/MyDrive/N-MON/ALTRO/spectograms/LINEAR-WIDE-20/73.npy,LINEAR-WIDE-20
0.0027393172,0.013422312,0.81416875,0.7447383,0.81417334,-0.9943562,0.99751306,1.9918692857027054,-0.011113323,1.3638376,-0.35243235966245223,-4648437.5,4.7573218e-07,1.3314951e-07,0.942284855687751,0.006071338831873377,/content/drive/MyDrive/N-MON/ALTRO/spectograms/LINEAR-WIDE-20/74.npy,LINEAR-WIDE-20
-0.0016268158,-0.010735782,0.7998332,0.72759193,0.79983485,-0.9948212,0.9893486,1.9841697961091995,0.010902493,1.3968658,-0.2428949289570036,3515625.0,4.44906e-07,1.2511063e-07,0.9416320707603336,0.008090404487289472,/content/drive/MyDrive/N-MON/ALTRO/spectograms/LINEAR-WIDE-20/75.npy,LINEAR-WIDE-20
0.00834505,0.031997792,0.8164281,0.74912006,0.8164708,-0.99518716,0.9965816,1.9917688220739365,-0.031813167,1.352038,-0.33366833293293585,-3886718.75,4.8815485e-07,1.3233777e-07,0.9492182698477254,0.007062395358659088,/content/drive/MyDrive/N-MON/ALTRO/spectograms/LINEAR-WIDE-20/76.npy,LINEAR-WIDE-20
-0.011055479,-0.022119239,0.8134459,0.74368215,0.813521,-0.9946676,0.9972518,1.9919194132089615,0.018948074,1.36635,-0.3476063739696126,4082031.25,4.214711e-07,1.3106663e-07,0.9446838268942115,0.011900577040259975,/content/drive/MyDrive/N-MON/ALTRO/spectograms/LINEAR-WIDE-20/77.npy,LINEAR-WIDE-20
0.00977943,0.012585381,0.8159271,0.7466847,0.81598574,-0.9951253,0.9967865,1.9919117391109467,-0.009057767,1.3601395,-0.378742761507045,-3828125.0,4.1233355e-07,1.3259634e-07,0.938961315776095,0.0131281790460004,/content/drive/MyDrive/N-MON/ALTRO/spectograms/LINEAR-WIDE-20/78.npy,LINEAR-WIDE-20
-0.0074791224,0.013489385,0.81309056,0.74383974,0.813125,-0.99413526,0.9978019,1.9919371455907822,0.007957291,1.3664508,-0.34591826155606065,4980468.75,3.7331165e-07,1.3272563e-07,0.9398209698653788,0.006141038882424946,/content/drive/MyDrive/N-MON/ALTRO/spectograms/LINEAR-WIDE-20/79.npy,LINEAR-WIDE-20
-0.008933886,-0.03377638,0.8129237,0.7431326,0.8129728,-0.9946898,0.9971682,1.9918580204248428,0.02301541,1.3672882,-0.3448404883597257,-4296875.0,4.4796482e-07,1.3222612e-07,0.9479697514475895,0.004014952272518582,/content/drive/MyDrive/N-MON/ALTRO/spectograms/LINEAR-WIDE-20/80.npy,LINEAR-WIDE-20
0.0062293606,0.02106097,0.7953086,0.72046465,0.795333,-0.9732541,0.9839067,1.9571607410907745,-0.018742684,1.4136615,-0.24748939096368272,4082031.25,5.6311114e-07,1.275164e-07,0.9369539424825182,0.01162860092610291,/content/drive/MyDrive/N-MON/ALTRO/spectograms/LINEAR-WIDE-20/81.npy,LINEAR-WIDE-20
-0.010021816,-0.0337644,0.80740386,0.7366202,0.80746603,-0.9944413,0.99739337,1.9918346554040909,0.030598225,1.3805106,-0.3106267611870256,-4550781.25,4.2621716e-07,1.3154262e-07,0.9447231669047582,0.011201692068595134,/content/drive/MyDrive/N-MON/ALTRO/spectograms/LINEAR-WIDE-20/82.npy,LINEAR-WIDE-20
-2.7650833e-05,-0.010145744,0.8094977,0.73727345,0.80949765,-0.99449337,0.9974255,1.9919188767671585,0.011215125,1.3800966,-0.3384905442001137,-4785156.25,5.0459636e-07,1.3281468e-07,0.9373458250720008,0.012941861438628665,/content/drive/MyDrive/N-MON/ALTRO/spectograms/LINEAR-WIDE-20/83.npy,LINEAR-WIDE-20
0.014432183,0.051688477,0.8344138,0.7721797,0.83453864,-0.9950909,0.99688363,1.9919745475053787,-0.026620094,1.3125558,-0.485605656287489,-3789062.5,3.9294548e-07,1.3559549e-07,0.9385781570780902,0.006199826972999674,/content/drive/MyDrive/N-MON/ALTRO/spectograms/LINEAR-WIDE-20/84.npy,LINEAR-WIDE-20
0.0012321849,0.012951036,0.8107311,0.74052256,0.81073207,-0.9946493,0.9972261,1.9918754398822784,-0.00042145682,1.373357,-0.33508794122706054,-4667968.75,4.863829e-07,1.324848e-07,0.9476244435621889,0.0040182393348937705,/content/drive/MyDrive/N-MON/ALTRO/spectograms/LINEAR-WIDE-20/85.npy,LINEAR-WIDE-20
0.008656767,0.028454471,0.8187133,0.7489637,0.8187591,-0.9948664,0.99692786,1.991794228553772,-0.020800624,1.3575969,-0.3816403393314217,-4042968.75,3.8688754e-07,1.3375211e-07,0.9441707374770176,0.00992866241340906,/content/drive/MyDrive/N-MON/ALTRO/spectograms/LINEAR-WIDE-20/86.npy,LINEAR-WIDE-20
0.0076937615,0.013241481,0.8118487,0.7409924,0.8118852,-0.99437195,0.99754226,1.9919142425060272,-0.0077569447,1.3702207,-0.3424114788379785,-3964843.75,4.792098e-07,1.3227073e-07,0.9437187857230986,0.011352416543948796,/content/drive/MyDrive/N-MON/ALTRO/spectograms/LINEAR-WIDE-20/87.npy,LINEAR-WIDE-20
-0.0070793745,-0.03029823,0.80842954,0.7391729,0.8084605,-0.9948863,0.99695307,1.9918393641710281,0.02236664,1.3728676,-0.29006612076675176,3554687.5,4.0430362e-07,1.2949192e-07,0.9351253177960632,0.008749811384209221,/content/drive/MyDrive/N-MON/ALTRO/spectograms/LINEAR-WIDE-20/88.npy,LINEAR-WIDE-20
-0.01705381,-0.018313747,0.8098117,0.74109423,0.8099913,-0.99456495,0.9972372,1.991802155971527,0.029082071,1.3719093,-0.31193782366367906,-3847656.25,4.88241e-07,1.3270378e-07,0.9408395818689335,0.005952428894966735,/content/drive/MyDrive/N-MON/ALTRO/spectograms/LINEAR-WIDE-20/89.npy,LINEAR-WIDE-20
-0.003118435,-0.03446943,0.79425126,0.7195104,0.7942574,-0.97181994,0.9653648,1.9371847212314606,0.020404229,1.4131562,-0.22107223280026667,-4667968.75,4.5599808e-07,1.2434826e-07,0.9373586566868868,0.0088545677833639,/content/drive/MyDrive/N-MON/ALTRO/spectograms/LINEAR-WIDE-20/90.npy,LINEAR-WIDE-20
0.0070927236,0.052730117,0.81306225,0.74620265,0.81309325,-0.9939868,0.99779487,1.9917816668748856,-0.024656538,1.3598534,-0.3301624665576296,4824218.75,3.9849698e-07,1.3229251e-07,0.9489420690142183,0.008237648548406609,/content/drive/MyDrive/N-MON/ALTRO/spectograms/LINEAR-WIDE-20/91.npy,LINEAR-WIDE-20
-0.0016317586,-0.018050414,0.81353927,0.7443497,0.81354094,-0.9943559,0.9975138,1.9918697029352188,0.0067949486,1.3659692,-0.3480143852215144,4492187.5,3.8695882e-07,1.3215964e-07,0.9441482935542835,0.01328722247261485,/content/drive/MyDrive/N-MON/ALTRO/spectograms/LINEAR-WIDE-20/92.npy,LINEAR-WIDE-20
0.008093849,0.005027513,0.8058957,0.7349907,0.8059364,-0.99484897,0.99693596,1.9917848706245422,-0.0018902835,1.384931,-0.29629788452449735,-4785156.25,5.402291e-07,1.31339e-07,0.939804139199027,0.005700624187286108,/content/drive/MyDrive/N-MON/ALTRO/spectograms/LINEAR-WIDE-20/93.npy,LINEAR-WIDE-20
-0.00014911556,-0.017427828,0.81508374,0.74623173,0.81508374,-0.993737,0.9980965,1.9918335378170013,0.010924982,1.361333,-0.35278131292717785,-4648437.5,3.9606957e-07,1.3241139e-07,0.9434802862352558,0.005966535454273896,/content/drive/MyDrive/N-MON/ALTRO/spectograms/LINEAR-WIDE-20/94.npy,LINEAR-WIDE-20
0.00013508463,0.005890579,0.8100683,0.74147326,0.8100683,-0.99400884,0.99787277,1.991881638765335,0.0010418503,1.3706578,-0.3278315560091559,-4296875.0,4.0009036e-07,1.3242965e-07,0.9482730747263064,0.004601136680238608,/content/drive/MyDrive/N-MON/ALTRO/spectograms/LINEAR-WIDE-20/95.npy,LINEAR-WIDE-20
-0.00842179,-0.0075450027,0.8062403,0.7365007,0.80628437,-0.9957317,0.99613225,1.9918639957904816,0.01755011,1.380112,-0.279369728787943,-4472656.25,5.4097944e-07,1.2862365e-07,0.9442124029440024,0.009863827619624873,/content/drive/MyDrive/N-MON/ALTRO/spectograms/LINEAR-WIDE-20/96.npy,LINEAR-WIDE-20
-0.004882731,0.016534753,0.8088158,0.73790574,0.8088305,-0.99504274,0.9968345,1.991877242922783,0.005527938,1.3779266,-0.3208399870547157,-4550781.25,3.8320755e-07,1.3309193e-07,0.9402005590562993,0.012816078260422767,/content/drive/MyDrive/N-MON/ALTRO/spectograms/LINEAR-WIDE-20/97.npy,LINEAR-WIDE-20
-0.006614473,-0.010541283,0.8140393,0.7449,0.8140662,-0.9948174,0.9971166,1.9919340163469315,0.013654802,1.3648475,-0.36673583019096523,-3828125.0,4.219782e-07,1.3214466e-07,0.9396313411489694,0.008681594509592667,/content/drive/MyDrive/N-MON/ALTRO/spectograms/LINEAR-WIDE-20/98.npy,LINEAR-WIDE-20
-0.01414909,-0.072191544,0.8109852,0.7427499,0.81110865,-0.99394345,0.9979057,1.99184912443161,0.04344261,1.3719945,-0.3402389220804719,-4589843.75,3.7848528e-07,1.3241706e-07,0.9446723352506319,0.004251521206109968,/content/drive/MyDrive/N-MON/ALTRO/spectograms/LINEAR-WIDE-20/99.npy,LINEAR-WIDE-20
0.01067288,0.083295524,0.81332374,0.7450697,0.8133938,-0.9946351,0.99723274,1.9918678551912308,-0.0339041,1.3649143,-0.3509379811045924,-3867187.5,4.7164573e-07,1.3294375e-07,0.9506237419973359,0.005176830685230797,/content/drive/MyDrive/N-MON/ALTRO/spectograms/LINEAR-WIDE-20/100.npy,LINEAR-WIDE-20
0.008670015,-0.0029767435,0.808899,0.73626757,0.8089455,-0.99513334,0.99675286,1.9918862134218216,-0.0036403039,1.3824385,-0.34469779000194845,3613281.25,4.2542246e-07,1.306428e-07,0.9433083830753264,0.012666477972338287,/content/drive/MyDrive/N-MON/ALTRO/spectograms/LINEAR-WIDE-20/101.npy,LINEAR-WIDE-20
0.012059219,-0.0025075893,0.8234808,0.75746167,0.8235691,-0.99441916,0.99748725,1.9919064044952393,-0.011193643,1.3421371,-0.43560109546942904,-4921875.0,4.095501e-07,1.323506e-07,0.9312110743191072,0.011206886861152074,/content/drive/MyDrive/N-MON/ALTRO/spectograms/LINEAR-WIDE-20/102.npy,LINEAR-WIDE-20
0.0007155938,-0.0032315103,0.8123199,0.7438674,0.8123202,-0.99518156,0.99675906,1.9919406473636627,0.002348857,1.3674204,-0.3450045024586209,4472656.25,4.955744e-07,1.3162872e-07,0.9433511633388671,0.004516953822754259,/content/drive/MyDrive/N-MON/ALTRO/spectograms/LINEAR-WIDE-20/103.npy,LINEAR-WIDE-20
0.011179812,0.030441198,0.81747675,0.74965346,0.81755316,-0.9928882,0.99883944,1.9917276799678802,-0.023344189,1.3521093,-0.34240997137381524,4199218.75,3.8487087e-07,1.2913569e-07,0.9497492257931041,0.004763543314880447,/content/drive/MyDrive/N-MON/ALTRO/spectograms/LINEAR-WIDE-20/104.npy,LINEAR-WIDE-20
-0.00902818,-0.009275124,0.8096732,0.73909163,0.80972356,-0.9934235,0.9984964,1.9919198900461197,0.009668565,1.3777457,-0.3429515111637881,4589843.75,5.031009e-07,1.3198849e-07,0.9487992925804178,0.00840389125042603,/content/drive/MyDrive/N-MON/ALTRO/spectograms/LINEAR-WIDE-20/105.npy,LINEAR-WIDE-20
0.004449989,-0.029676734,0.80981326,0.7400499,0.8098255,-0.99432814,0.9975934,1.9919215589761734,0.009499949,1.3739028,-0.3109833771493601,3964843.75,4.0249566e-07,1.2955807e-07,0.9409314370834836,0.012101597372637931,/content/drive/MyDrive/N-MON/ALTRO/spectograms/LINEAR-WIDE-20/106.npy,LINEAR-WIDE-20
-0.006278985,-0.041414425,0.8094235,0.73785263,0.8094479,-0.99435455,0.99752754,1.991882100701332,0.023903979,1.3774328,-0.3177041259269161,-4804687.5,4.936258e-07,1.3252205e-07,0.9369492479428877,0.008558460852703561,/content/drive/MyDrive/N-MON/ALTRO/spectograms/LINEAR-WIDE-20/107.npy,LINEAR-WIDE-20
0.0028092698,-0.011069007,0.8106519,0.74113363,0.8106568,-0.99528277,0.99659806,1.9918808192014694,-0.00070164533,1.3730441,-0.34751570599911485,-4570312.5,3.9798488e-07,1.2967106e-07,0.9456766736853868,0.004735281609315645,/content/drive/MyDrive/N-MON/ALTRO/spectograms/LINEAR-WIDE-20/108.npy,LINEAR-WIDE-20
0.015567073,0.05173456,0.80561614,0.73220986,0.80576646,-0.99481714,0.9970369,1.9918540269136429,-0.042919755,1.3918415,-0.31678981645948767,-4042968.75,4.583083e-07,1.3242007e-07,0.951070946836657,0.004608714675556238,/content/drive/MyDrive/N-MON/ALTRO/spectograms/LINEAR-WIDE-20/109.npy,LINEAR-WIDE-20
0.0017013031,-0.029570678,0.8143004,0.74676806,0.8143022,-0.99417925,0.9977246,1.9919038712978363,0.013377169,1.3606623,-0.34681427720703095,-4550781.25,4.0747523e-07,1.328118e-07,0.9442940638901001,0.012063298819996078,/content/drive/MyDrive/N-MON/ALTRO/spectograms/LINEAR-WIDE-20/110.npy,LINEAR-WIDE-20
-0.015840145,-0.06194438,0.8133805,0.74528086,0.81353474,-0.9954119,0.9964975,1.9919094294309616,0.03907508,1.3642122,-0.338481687847236,4355468.75,3.9366742e-07,1.323906e-07,0.9388811882482353,0.014288895630586254,/content/drive/MyDrive/N-MON/ALTRO/spectograms/LINEAR-WIDE-20/111.npy,LINEAR-WIDE-20
-0.0035912828,-0.014534485,0.814241,0.7446835,0.8142489,-0.9946797,0.99717927,1.9918589890003204,0.01556149,1.3644812,-0.3511442732314577,4980468.75,3.8118998e-07,1.3217858e-07,0.9427522367628542,0.005131203141940805,/content/drive/MyDrive/N-MON/ALTRO/spectograms/LINEAR-WIDE-20/112.npy,LINEAR-WIDE-20
-0.008868511,-0.04173135,0.8112346,0.74091446,0.81128305,-0.9946882,0.99719304,1.9918812364339828,0.03436729,1.3727638,-0.33562042723618124,-4296875.0,4.0612306e-07,1.3330411e-07,0.9494945559876371,0.003683877724171176,/content/drive/MyDrive/N-MON/ALTRO/spectograms/LINEAR-WIDE-20/113.npy,LINEAR-WIDE-20
0.010972794,0.037132096,0.79903704,0.72612315,0.7991124,-0.9863442,0.99801373,1.9843579679727554,-0.024786636,1.404419,-0.25015464492461004,3867187.5,4.636745e-07,1.2703043e-07,0.9399741144032541,0.008250651849418022,/content/drive/MyDrive/N-MON/ALTRO/spectograms/LINEAR-WIDE-20/114.npy,LINEAR-WIDE-20
-0.0066162543,-0.010771269,0.8116264,0.74119514,0.8116533,-0.9950104,0.9969247,1.9919350743293762,0.012772744,1.3725567,-0.3329032586048407,4863281.25,3.9033907e-07,1.3221054e-07,0.940144837358106,0.014039916516529189,/content/drive/MyDrive/N-MON/ALTRO/spectograms/LINEAR-WIDE-20/115.npy,LINEAR-WIDE-20
0.010042828,0.0024471632,0.8082112,0.73724604,0.80827355,-0.9935399,0.99839973,1.9919396787881851,-0.0044687237,1.3790771,-0.3230238646461442,4472656.25,4.9559355e-07,1.3209394e-07,0.9357735190319704,0.00960580029105558,/content/drive/MyDrive/N-MON/ALTRO/spectograms/LINEAR-WIDE-20/116.npy,LINEAR-WIDE-20
-0.011631802,-0.028972186,0.81255746,0.7420299,0.81264067,-0.99363154,0.9982098,1.9918413162231445,0.033479836,1.3705881,-0.338463279168841,-4804687.5,3.9667094e-07,1.323788e-07,0.9449136757832287,0.004015799791346653,/content/drive/MyDrive/N-MON/ALTRO/spectograms/LINEAR-WIDE-20/117.npy,LINEAR-WIDE-20
0.016857848,0.036819756,0.8098036,0.74036974,0.80997914,-0.9943086,0.9975284,1.9918369352817535,-0.031711,1.3745592,-0.31637883586683835,-4667968.75,4.976458e-07,1.3202191e-07,0.9495990868563366,0.005826255779119335,/content/drive/MyDrive/N-MON/ALTRO/spectograms/LINEAR-WIDE-20/118.npy,LINEAR-WIDE-20
0.021816405,0.029566761,0.80774087,0.7374659,0.80803543,-0.97853863,0.99801576,1.9765544384717941,-0.039841507,1.3785468,-0.29315251144932664,-4042968.75,3.9763964e-07,1.3218725e-07,0.9439258781402635,0.011631106332868178,/content/drive/MyDrive/N-MON/ALTRO/spectograms/LINEAR-WIDE-20/119.npy,LINEAR-WIDE-20
0.002910924,0.019933239,0.8143008,0.74643433,0.81430596,-0.99544024,0.99643797,1.9918782114982605,-0.012274916,1.3598336,-0.3347562836574519,-4707031.25,5.16761e-07,1.3227506e-07,0.9393568524536585,0.011903249350490067,/content/drive/MyDrive/N-MON/ALTRO/spectograms/LINEAR-WIDE-20/120.npy,LINEAR-WIDE-20
0.01098408,0.013897792,0.8066407,0.73721737,0.8067154,-0.9938072,0.9980983,1.9919055104255676,-0.0073618907,1.3795356,-0.30198149315635014,4765625.0,4.0200368e-07,1.2917477e-07,0.9408258854151539,0.006710637169497866,/content/drive/MyDrive/N-MON/ALTRO/spectograms/LINEAR-WIDE-20/121.npy,LINEAR-WIDE-20
-0.020276118,-0.036923513,0.81816477,0.75125587,0.81841594,-0.9937022,0.99806505,1.99176724255085,0.041334447,1.3539658,-0.36890665294122027,-3789062.5,4.855946e-07,1.3272319e-07,0.9481914660649253,0.005170019671689799,/content/drive/MyDrive/N-MON/ALTRO/spectograms/LINEAR-WIDE-20/122.npy,LINEAR-WIDE-20
0.0057855127,-0.0033477007,0.81341004,0.7424888,0.8134306,-0.99521756,0.9965712,1.9917887449264526,-0.009062331,1.3725083,-0.38079363003189937,4003906.25,3.973231e-07,1.3216226e-07,0.9507368213958749,0.007238778724713994,/content/drive/MyDrive/N-MON/ALTRO/spectograms/LINEAR-WIDE-20/123.npy,LINEAR-WIDE-20
-0.002259809,-0.02557542,0.8104551,0.7416261,0.81045824,-0.9940366,0.9978421,1.9918786585330963,0.015669223,1.3695626,-0.30099285326284264,-3828125.0,4.0014712e-07,1.3252404e-07,0.9408797195813781,0.014871562459661371,/content/drive/MyDrive/N-MON/ALTRO/spectograms/LINEAR-WIDE-20/124.npy,LINEAR-WIDE-20
0.0059203785,0.035689037,0.80880135,0.73803526,0.80882305,-0.99534976,0.99655485,1.9919046312570572,-0.007992061,1.3780035,-0.30433836639315903,4335937.5,3.8797597e-07,1.3258023e-07,0.937757027360868,0.009012241138126648,/content/drive/MyDrive/N-MON/ALTRO/spectograms/LINEAR-WIDE-20/125.npy,LINEAR-WIDE-20
-0.0037592556,0.0003463684,0.8101302,0.741786,0.81013894,-0.9955841,0.9963509,1.9919349551200867,0.0046870625,1.3730597,-0.3301115971952787,4687500.0,3.8242214e-07,1.3206886e-07,0.9450978364133149,0.004506981563347628,/content/drive/MyDrive/N-MON/ALTRO/spectograms/LINEAR-WIDE-20/126.npy,LINEAR-WIDE-20
0.014700209,0.07378723,0.80403924,0.7341547,0.80417365,-0.99232095,0.9994893,1.991810217499733,-0.03710976,1.3848938,-0.2633875707943433,4453125.0,5.407566e-07,1.2675255e-07,0.9483579066147028,0.005657162188747966,/content/drive/MyDrive/N-MON/ALTRO/spectograms/LINEAR-WIDE-20/127.npy,LINEAR-WIDE-20
0.006362735,0.043416075,0.80735403,0.73843956,0.80737907,-0.99542934,0.99648917,1.9919185489416122,-0.01988146,1.376107,-0.2939420264471623,4062500.0,4.0143274e-07,1.3213219e-07,0.9454943038321393,0.010980766124180839,/content/drive/MyDrive/N-MON/ALTRO/spectograms/LINEAR-WIDE-20/128.npy,LINEAR-WIDE-20
0.014173261,0.053370275,0.8095937,0.7390985,0.8097177,-0.99344844,0.998438,1.9918864220380783,-0.028496463,1.3742126,-0.31863473843347656,-4785156.25,3.7156397e-07,1.3138342e-07,0.9393617481612921,0.012580475066618036,/content/drive/MyDrive/N-MON/ALTRO/spectograms/LINEAR-WIDE-20/129.npy,LINEAR-WIDE-20
0.0019408035,-0.030288719,0.80497205,0.7320248,0.8049744,-0.9949734,0.996933,1.9919064044952393,0.007930473,1.3873552,-0.2770191699551302,4609375.0,4.031329e-07,1.3250248e-07,0.9382813913390977,0.004925520990142415,/content/drive/MyDrive/N-MON/ALTRO/spectograms/LINEAR-WIDE-20/130.npy,LINEAR-WIDE-20
-0.007640358,-0.040588956,0.8093591,0.7391821,0.80939513,-0.9934634,0.99844795,1.9919113665819168,0.02964236,1.3776273,-0.34007123912733583,-4667968.75,4.1087264e-07,1.3232543e-07,0.9486963401405306,0.004653001638542772,/content/drive/MyDrive/N-MON/ALTRO/spectograms/LINEAR-WIDE-20/131.npy,LINEAR-WIDE-20
0.00915981,-0.008658655,0.8093497,0.7363442,0.8094016,-0.99292797,0.9989637,1.9918917119503021,-0.0021025669,1.3838257,-0.35027292873235727,-4687500.0,4.986876e-07,1.3213064e-07,0.9480572026549055,0.010612062549339956,/content/drive/MyDrive/N-MON/ALTRO/spectograms/LINEAR-WIDE-20/132.npy,LINEAR-WIDE-20
-0.0077858833,0.0121186655,0.8159126,0.7486981,0.8159498,-0.9956622,0.9962212,1.9918833822011948,0.015397836,1.3561455,-0.34693044658412486,-4921875.0,4.099501e-07,1.3270653e-07,0.940825275308468,0.012260485844344584,/content/drive/MyDrive/N-MON/ALTRO/spectograms/LINEAR-WIDE-20/133.npy,LINEAR-WIDE-20
0.0062831696,0.03990507,0.8119977,0.7425235,0.8120221,-0.9952135,0.9966562,1.99186971783638,-0.012508026,1.367507,-0.34289188721140473,-4726562.5,4.869186e-07,1.321354e-07,0.9383970773760322,0.008551759070525156,/content/drive/MyDrive/N-MON/ALTRO/spectograms/LINEAR-WIDE-20/134.npy,LINEAR-WIDE-20
0.001231452,0.019600011,0.80921984,0.73984545,0.8092208,-0.9959346,0.99585414,1.9917886853218079,-0.015239699,1.373276,-0.3074752924799463,-4531250.0,3.7378314e-07,1.3161147e-07,0.9480712498382537,0.0041582778232544335,/content/drive/MyDrive/N-MON/ALTRO/spectograms/LINEAR-WIDE-20/135.npy,LINEAR-WIDE-20
6.4435003e-06,-0.024976311,0.79522765,0.7206557,0.7952277,-0.96223736,0.99845815,1.960695505142212,0.023836806,1.4158721,-0.23977975103887872,4589843.75,4.3194643e-07,1.2435987e-07,0.9496924797383233,0.007680177898942905,/content/drive/MyDrive/N-MON/ALTRO/spectograms/LINEAR-WIDE-20/136.npy,LINEAR-WIDE-20
-0.021728428,-0.072065264,0.81434256,0.74575794,0.8146324,-0.9939212,0.9979968,1.9919180423021317,0.047596943,1.3648876,-0.3578774471131353,3554687.5,4.0127787e-07,1.3196347e-07,0.9428882653420564,0.012279282739935789,/content/drive/MyDrive/N-MON/ALTRO/spectograms/LINEAR-WIDE-20/137.npy,LINEAR-WIDE-20
0.0035716668,0.02802115,0.80701315,0.7356801,0.807021,-0.99514157,0.9967381,1.9918795973062515,-0.010763987,1.3825046,-0.2988933555135259,-3847656.25,4.0942655e-07,1.300237e-07,0.9365442033500881,0.010216831139584142,/content/drive/MyDrive/N-MON/ALTRO/spectograms/LINEAR-WIDE-20/138.npy,LINEAR-WIDE-20
-0.009098659,-0.014691592,0.8146798,0.74608445,0.8147306,-0.99511963,0.99672353,1.991843193769455,0.017256236,1.3581941,-0.33704833944016255,3671875.0,4.635821e-07,1.3251574e-07,0.9457038501272667,0.005727024882999224,/content/drive/MyDrive/N-MON/ALTRO/spectograms/LINEAR-WIDE-20/139.npy,LINEAR-WIDE-20
-0.020857444,-0.08493145,0.813086,0.74410194,0.8133535,-0.99490523,0.996895,1.991800218820572,0.056324337,1.3656247,-0.3269196355757559,-3945312.5,3.8030726e-07,1.315953e-07,0.950218294624303,0.0059684015604008125,/content/drive/MyDrive/N-MON/ALTRO/spectograms/LINEAR-WIDE-20/140.npy,LINEAR-WIDE-20
-0.012885268,-0.026862025,0.8093186,0.73750925,0.8094212,-0.9954213,0.99647814,1.9918994456529617,0.033749357,1.3794373,-0.3234826179678142,4492187.5,5.0656917e-07,1.3221133e-07,0.9440636816779764,0.012026868588284974,/content/drive/MyDrive/N-MON/ALTRO/spectograms/LINEAR-WIDE-20/141.npy,LINEAR-WIDE-20
-0.011731039,-0.020964947,0.8063116,0.73773474,0.8063969,-0.9934169,0.99264073,1.9860576391220093,0.023157574,1.3812834,-0.30212126232522085,-4414062.5,4.095116e-07,1.318076e-07,0.937270898217599,0.011235051229244,/content/drive/MyDrive/N-MON/ALTRO/spectograms/LINEAR-WIDE-20/142.npy,LINEAR-WIDE-20
-0.011700466,-0.028088361,0.8138509,0.74483675,0.813935,-0.9927638,0.9990709,1.9918347001075745,0.034964975,1.3622758,-0.34135821941876465,4550781.25,4.6193338e-07,1.3200629e-07,0.9429114282701198,0.006185110066818507,/content/drive/MyDrive/N-MON/ALTRO/spectograms/LINEAR-WIDE-20/143.npy,LINEAR-WIDE-20
0.011805631,0.013614305,0.81471574,0.7472173,0.8148013,-0.98831177,0.9979281,1.9862398505210876,-0.0072946874,1.3567597,-0.3257818901467654,4160156.25,4.0485756e-07,1.3260134e-07,0.9494420251545491,0.005291467513318149,/content/drive/MyDrive/N-MON/ALTRO/spectograms/LINEAR-WIDE-20/144.npy,LINEAR-WIDE-20
0.008602261,0.029039182,0.81461036,0.74475914,0.8146558,-0.9943692,0.99745363,1.9918228685855865,-0.02505632,1.3615932,-0.3256187623533765,4941406.25,3.7637727e-07,1.319309e-07,0.9472356091791543,0.010321439015905591,/content/drive/MyDrive/N-MON/ALTRO/spectograms/LINEAR-WIDE-20/145.npy,LINEAR-WIDE-20
-0.013285967,-0.052535344,0.8099584,0.74041885,0.8100674,-0.9937782,0.9981126,1.991890862584114,0.036548715,1.3738805,-0.31844701335474845,-4921875.0,3.8753944e-07,1.3198172e-07,0.9379293354691025,0.012611572502311309,/content/drive/MyDrive/N-MON/ALTRO/spectograms/LINEAR-WIDE-20/146.npy,LINEAR-WIDE-20
0.0038826538,0.005173766,0.8131172,0.7445647,0.8131264,-0.99482006,0.99712723,1.9919472932815552,0.0021778631,1.3648127,-0.3362355331048016,-4726562.5,3.8117477e-07,1.3197486e-07,0.9410876970091872,0.006034577456153724,/content/drive/MyDrive/N-MON/ALTRO/spectograms/LINEAR-WIDE-20/147.npy,LINEAR-WIDE-20
0.0031289482,-0.028278854,0.79178375,0.71667576,0.79178995,-0.93447423,0.9736633,1.9081375449895859,-0.0011241968,1.4213958,-0.21271431796784068,-4160156.25,5.1757246e-07,1.2348973e-07,0.9421656072565208,0.006521424620369032,/content/drive/MyDrive/N-MON/ALTRO/spectograms/LINEAR-WIDE-20/148.npy,LINEAR-WIDE-20
0.0055799144,0.029264048,0.81301355,0.74529636,0.81303275,-0.99390185,0.99788105,1.9917829483747482,-0.014100414,1.3617152,-0.33602940299414297,4003906.25,3.9543312e-07,1.3221567e-07,0.9484120117949423,0.007468591254835248,/content/drive/MyDrive/N-MON/ALTRO/spectograms/LINEAR-WIDE-20/149.npy,LINEAR-WIDE-20
-0.013388952,-0.033305172,0.8082835,0.7371813,0.8083944,-0.99397963,0.99784195,1.9918215870857239,0.02971698,1.3784233,-0.3106246496591841,3984375.0,3.91998e-07,1.3223791e-07,0.9442832838890305,0.01060276375110326,/content/drive/MyDrive/N-MON/ALTRO/spectograms/LINEAR-WIDE-20/150.npy,LINEAR-WIDE-20
-0.009228836,-0.015507357,0.8141121,0.7460946,0.81416446,-0.9958973,0.9959867,1.991884008049965,0.012494458,1.3606514,-0.3435275177094007,4921875.0,3.7250794e-07,1.3225869e-07,0.9400284020303294,0.007440775848895598,/content/drive/MyDrive/N-MON/ALTRO/spectograms/LINEAR-WIDE-20/151.npy,LINEAR-WIDE-20
0.0068217497,0.027944183,0.8141151,0.74537945,0.81414366,-0.9953883,0.99648815,1.991876482963562,-0.012021389,1.362471,-0.3360118845976833,4472656.25,4.9558946e-07,1.3285239e-07,0.9452644824295974,0.005732989162104259,/content/drive/MyDrive/N-MON/ALTRO/spectograms/LINEAR-WIDE-20/152.npy,LINEAR-WIDE-20
0.023755267,0.059820775,0.8194852,0.75244206,0.8198294,-0.99462,0.99725366,1.9918736666440964,-0.04798533,1.3503296,-0.360252643940724,-4316406.25,3.9761372e-07,1.3244043e-07,0.9501344739680231,0.006208516628799923,/content/drive/MyDrive/N-MON/ALTRO/spectograms/LINEAR-WIDE-20/153.npy,LINEAR-WIDE-20
0.014448739,0.020657735,0.80708206,0.73664194,0.8072114,-0.99491745,0.9969653,1.9918827414512634,-0.018571036,1.3814017,-0.3062173477723623,4492187.5,4.8268777e-07,1.3162474e-07,0.942606496291851,0.012816527154050813,/content/drive/MyDrive/N-MON/ALTRO/spectograms/LINEAR-WIDE-20/154.npy,LINEAR-WIDE-20
0.005578023,-0.0100529175,0.80818504,0.7364223,0.8082043,-0.99421793,0.9977045,1.9919224679470062,-0.004581767,1.3808439,-0.30064183854957804,-4199218.75,3.9150754e-07,1.3132542e-07,0.9364295352100238,0.011128763162401044,/content/drive/MyDrive/N-MON/ALTRO/spectograms/LINEAR-WIDE-20/155.npy,LINEAR-WIDE-20
0.0015911045,0.010756909,0.8108306,0.7401157,0.8108321,-0.99300736,0.9988361,1.9918434917926788,0.005653433,1.3742373,-0.3380148115323466,-4804687.5,5.0282324e-07,1.3168558e-07,0.9462274751662634,0.004433434628166738,/content/drive/MyDrive/N-MON/ALTRO/spectograms/LINEAR-WIDE-20/156.npy,LINEAR-WIDE-20
-0.013701219,-0.05831054,0.80754924,0.7377927,0.80766547,-0.99568415,0.9962652,1.9919493347406387,0.046726666,1.378634,-0.31103567640745766,4375000.0,4.2712824e-07,1.3166354e-07,0.9508208417700303,0.004557045319348738,/content/drive/MyDrive/N-MON/ALTRO/spectograms/LINEAR-WIDE-20/157.npy,LINEAR-WIDE-20
-0.014382566,-0.034013566,0.80792946,0.7369541,0.8080574,-0.99475193,0.9970635,1.9918154180049896,0.040281363,1.3817828,-0.3278421871228919,-4257812.5,4.701069e-07,1.3325636e-07,0.9470592480588987,0.00892655122903477,/content/drive/MyDrive/N-MON/ALTRO/spectograms/LINEAR-WIDE-20/158.npy,LINEAR-WIDE-20
-0.01563146,-0.055821165,0.80305547,0.7302877,0.8032076,-0.9930893,0.998786,1.991875320672989,0.04160355,1.3980392,-0.3073332891809183,3535156.25,4.200167e-07,1.3078036e-07,0.9361994061851197,0.012135959672117202,/content/drive/MyDrive/N-MON/ALTRO/spectograms/LINEAR-WIDE-20/159.npy,LINEAR-WIDE-20
-0.0122453505,0.0022556272,0.80908316,0.73798084,0.80917585,-0.9937643,0.99807954,1.9918438494205475,0.023841854,1.3769712,-0.32054872431680625,-4296875.0,4.0476147e-07,1.3155002e-07,0.9441418583571588,0.004366798594721033,/content/drive/MyDrive/N-MON/ALTRO/spectograms/LINEAR-WIDE-20/160.npy,LINEAR-WIDE-20
-0.012321156,-0.055678062,0.80055195,0.7274739,0.8006467,-0.99295825,0.9989414,1.9918996840715408,0.040184356,1.4014742,-0.28409069863831704,3652343.75,4.795369e-07,1.3130298e-07,0.9499047417564395,0.004592683149059207,/content/drive/MyDrive/N-MON/ALTRO/spectograms/LINEAR-WIDE-20/161.npy,LINEAR-WIDE-20
0.0099961795,0.04058958,0.81309587,0.74461734,0.8131573,-0.99443156,0.99748796,1.991919532418251,-0.023421535,1.3658648,-0.36920949152438365,4863281.25,3.9711045e-07,1.3244694e-07,0.9462273268356142,0.009981869688557821,/content/drive/MyDrive/N-MON/ALTRO/spectograms/LINEAR-WIDE-20/162.npy,LINEAR-WIDE-20
-0.0063327495,-0.021384094,0.7869206,0.7119131,0.786946,-0.93940437,0.91405845,1.8534628003835678,0.012978379,1.4298042,-0.1749278464503875,-4414062.5,5.2955323e-07,1.2224666e-07,0.9343405026901743,0.013807135632842308,/content/drive/MyDrive/N-MON/ALTRO/spectograms/LINEAR-WIDE-20/163.npy,LINEAR-WIDE-20
0.0049045207,-0.02612491,0.81198233,0.74099874,0.8119972,-0.99482155,0.9970929,1.991914451122284,0.0008722051,1.372794,-0.345516204422439,4492187.5,3.821217e-07,1.324245e-07,0.9410813166273313,0.006147331200427104,/content/drive/MyDrive/N-MON/ALTRO/spectograms/LINEAR-WIDE-20/164.npy,LINEAR-WIDE-20
-0.004412833,-0.005400346,0.8138685,0.74426234,0.81388044,-0.99351394,0.99835,1.9918639808893204,0.018715432,1.3636774,-0.3265039640545996,-4453125.0,4.1844405e-07,1.3252873e-07,0.9500375396793623,0.004224287161030028,/content/drive/MyDrive/N-MON/ALTRO/spectograms/LINEAR-WIDE-20/165.npy,LINEAR-WIDE-20
0.01750625,0.040734835,0.8101814,0.7406869,0.8103705,-0.9942471,0.9975118,1.991758868098259,-0.03618213,1.3757441,-0.32650393789111487,4941406.25,3.8617094e-07,1.3138424e-07,0.9493514363218052,0.008443310210997963,/content/drive/MyDrive/N-MON/ALTRO/spectograms/LINEAR-WIDE-20/166.npy,LINEAR-WIDE-20
-0.015807223,-0.047006212,0.81427056,0.74650013,0.81442386,-0.9960778,0.99577326,1.9918510168790817,0.028240537,1.3613408,-0.3444942389146678,-4707031.25,4.1047588e-07,1.3204755e-07,0.9391210381724491,0.013959734648630154,/content/drive/MyDrive/N-MON/ALTRO/spectograms/LINEAR-WIDE-20/167.npy,LINEAR-WIDE-20
0.013706883,0.030073956,0.8139966,0.7464281,0.814112,-0.99325544,0.9986581,1.9919135719537735,-0.019539993,1.3623818,-0.3438826121544959,3671875.0,4.1830236e-07,1.3210564e-07,0.9415507461015488,0.006576808600417545,/content/drive/MyDrive/N-MON/ALTRO/spectograms/LINEAR-WIDE-20/168.npy,LINEAR-WIDE-20
-0.010575729,-0.02083778,0.8159514,0.74902564,0.81601995,-0.99328583,0.99850225,1.991788074374199,0.028999025,1.3559518,-0.3411295205369492,-4589843.75,3.9660503e-07,1.3207611e-07,0.9481721391922135,0.004610975713056444,/content/drive/MyDrive/N-MON/ALTRO/spectograms/LINEAR-WIDE-20/169.npy,LINEAR-WIDE-20
-0.009544185,0.002406451,0.8126026,0.744129,0.8126586,-0.9935438,0.99835175,1.9918955862522125,0.010921771,1.3679188,-0.3454385418617677,-3964843.75,4.1588288e-07,1.3229128e-07,0.9489214822600796,0.007732767586515124,/content/drive/MyDrive/N-MON/ALTRO/spectograms/LINEAR-WIDE-20/170.npy,LINEAR-WIDE-20
0.019354004,0.07593982,0.81154495,0.74384385,0.8117757,-0.994254,0.9976095,1.9918635487556458,-0.043161955,1.3685396,-0.34965263267945457,4199218.75,3.9170376e-07,1.3250707e-07,0.9399770868633246,0.013602865200270578,/content/drive/MyDrive/N-MON/ALTRO/spectograms/LINEAR-WIDE-20/171.npy,LINEAR-WIDE-20
0.003429944,-0.019143334,0.8123252,0.74378514,0.8123324,-0.9956602,0.9962476,1.9919078052043915,-8.712008e-05,1.3669119,-0.3325826817124736,3750000.0,4.2267408e-07,1.3177376e-07,0.9403549985812062,0.008444002401223923,/content/drive/MyDrive/N-MON/ALTRO/spectograms/LINEAR-WIDE-20/172.npy,LINEAR-WIDE-20
0.007862645,0.020438995,0.81104684,0.7417217,0.8110849,-0.9950551,0.99680126,1.9918563812971115,-0.021945003,1.3686748,-0.3054594123805777,4687500.0,3.9933227e-07,1.3164441e-07,0.9465177394360307,0.005107505338268344,/content/drive/MyDrive/N-MON/ALTRO/spectograms/LINEAR-WIDE-20/173.npy,LINEAR-WIDE-20
0.009709892,0.002253587,0.7934742,0.7178422,0.7935336,-0.96250266,0.9847451,1.9472477436065674,-0.011076219,1.4203209,-0.23167245635988476,-3945312.5,6.532844e-07,1.2350955e-07,0.9423973001145969,0.009175192427077167,/content/drive/MyDrive/N-MON/ALTRO/spectograms/LINEAR-WIDE-20/174.npy,LINEAR-WIDE-20
0.014518705,0.014737444,0.8103563,0.74059045,0.8104864,-0.9928765,0.9990406,1.9919171035289764,-0.020388989,1.3758123,-0.3463276966323604,4863281.25,4.0354496e-07,1.3197236e-07,0.9429113481627553,0.012436105154811779,/content/drive/MyDrive/N-MON/ALTRO/spectograms/LINEAR-WIDE-20/175.npy,LINEAR-WIDE-20
-0.0009216976,0.02575712,0.8113865,0.742804,0.81138706,-0.99352574,0.99834955,1.991875246167183,-0.005112691,1.3674625,-0.31153470241802783,-4570312.5,3.992002e-07,1.3247102e-07,0.9402426427485086,0.008623295591928678,/content/drive/MyDrive/N-MON/ALTRO/spectograms/LINEAR-WIDE-20/176.npy,LINEAR-WIDE-20
0.0073664254,0.009879506,0.8116141,0.7425084,0.81164753,-0.99393576,0.9978166,1.9917524009943008,-0.012570959,1.3685142,-0.3282227655451041,4609375.0,4.129968e-07,1.31578e-07,0.945946771235572,0.004921522307585268,/content/drive/MyDrive/N-MON/ALTRO/spectograms/LINEAR-WIDE-20/177.npy,LINEAR-WIDE-20
-0.0010115838,0.03620748,0.7927104,0.7182234,0.792711,-0.96379936,0.92091703,1.8847163915634155,-0.0098430235,1.4141846,-0.17961422591563203,-4667968.75,5.2677257e-07,1.2431745e-07,0.9403650562598425,0.007853143498258426,/content/drive/MyDrive/N-MON/ALTRO/spectograms/LINEAR-WIDE-20/178.npy,LINEAR-WIDE-20
-0.003983029,-0.018156426,0.8091322,0.7389846,0.80914205,-0.9946755,0.9971235,1.9917990267276764,0.0035124298,1.3758255,-0.3046772244842658,4941406.25,4.0245908e-07,1.3143921e-07,0.9451964125246493,0.012159054262031302,/content/drive/MyDrive/N-MON/ALTRO/spectograms/LINEAR-WIDE-20/179.npy,LINEAR-WIDE-20
-0.005489317,0.01940079,0.8064663,0.7346183,0.80648494,-0.99613667,0.99579215,1.9919288009405136,0.0023821248,1.3847394,-0.294422878154844,-4707031.25,5.083998e-07,1.3179854e-07,0.9378783940309108,0.01096037724225342,/content/drive/MyDrive/N-MON/ALTRO/spectograms/LINEAR-WIDE-20/180.npy,LINEAR-WIDE-20
0.0110538835,0.041263506,0.81158537,0.7393834,0.81166065,-0.9938108,0.99810725,1.991918072104454,-0.022153476,1.374477,-0.3454478035896439,3886718.75,4.0279005e-07,1.3213035e-07,0.9433422699949352,0.005746966219658986,/content/drive/MyDrive/N-MON/ALTRO/spectograms/LINEAR-WIDE-20/181.npy,LINEAR-WIDE-20
0.0033617774,0.012304101,0.8037172,0.7306297,0.80372417,-0.9954731,0.9964384,1.9919115006923676,-0.0081576025,1.393356,-0.2908934076466202,-4589843.75,4.067796e-07,1.3105796e-07,0.9472830079392675,0.007869992556858845,/content/drive/MyDrive/N-MON/ALTRO/spectograms/LINEAR-WIDE-20/182.npy,LINEAR-WIDE-20
-0.008475536,0.0062389337,0.807838,0.7389402,0.8078825,-0.99360186,0.99828506,1.991886928677559,0.01278175,1.3778982,-0.30075804673159656,3535156.25,4.2485752e-07,1.3152058e-07,0.9438803585945277,0.011185458300523317,/content/drive/MyDrive/N-MON/ALTRO/spectograms/LINEAR-WIDE-20/183.npy,LINEAR-WIDE-20
-0.0050168657,0.0061194114,0.8081205,0.73765206,0.8081361,-0.9935581,0.9982904,1.9918485134840012,0.009820774,1.3792665,-0.3083530719316575,4785156.25,4.036435e-07,1.3131071e-07,0.940191105300658,0.011305817389136065,/content/drive/MyDrive/N-MON/ALTRO/spectograms/LINEAR-WIDE-20/184.npy,LINEAR-WIDE-20
0.007798542,0.037313003,0.810474,0.7420669,0.8105115,-0.9936555,0.99821556,1.9918710589408875,-0.020427775,1.3719612,-0.33605133384984864,3750000.0,4.225564e-07,1.3148853e-07,0.9422374125723766,0.006566565149291369,/content/drive/MyDrive/N-MON/ALTRO/spectograms/LINEAR-WIDE-20/185.npy,LINEAR-WIDE-20
0.007226224,0.005857857,0.81249833,0.74271,0.81253046,-0.9940859,0.9977851,1.991871029138565,-0.0028026085,1.3666307,-0.3338229344564293,-4667968.75,3.9527114e-07,1.3228563e-07,0.9508284944121197,0.0050008706045392,/content/drive/MyDrive/N-MON/ALTRO/spectograms/LINEAR-WIDE-20/186.npy,LINEAR-WIDE-20
0.002836337,-0.013570514,0.80333304,0.7327473,0.803338,-0.99389917,0.9979917,1.991890862584114,0.0065342537,1.3927227,-0.3023121703610868,4453125.0,4.793764e-07,1.3123613e-07,0.9495880539815917,0.008660325886247,/content/drive/MyDrive/N-MON/ALTRO/spectograms/LINEAR-WIDE-20/187.npy,LINEAR-WIDE-20
0.014152191,0.04841037,0.8014507,0.7270588,0.80157566,-0.9944759,0.99742794,1.991903841495514,-0.033531606,1.4034088,-0.2911720466242126,-4062500.0,3.8874504e-07,1.3174721e-07,0.936640979874777,0.012975488871281046,/content/drive/MyDrive/N-MON/ALTRO/spectograms/LINEAR-WIDE-20/188.npy,LINEAR-WIDE-20
0.010460885,0.032383822,0.8121448,0.74345374,0.81221217,-0.99482995,0.997107,1.9919370114803314,-0.022055665,1.3678747,-0.3397849638511393,4472656.25,4.886248e-07,1.3196063e-07,0.9402010637605852,0.006457628689574241,/content/drive/MyDrive/N-MON/ALTRO/spectograms/LINEAR-WIDE-20/189.npy,LINEAR-WIDE-20
0.005063589,0.020594012,0.81361383,0.74466103,0.8136296,-0.9950086,0.99678016,1.9917887598276138,-0.012077657,1.3624947,-0.3277306550485487,-4902343.75,4.1076407e-07,1.3164366e-07,0.9495233461763571,0.005189640653184782,/content/drive/MyDrive/N-MON/ALTRO/spectograms/LINEAR-WIDE-20/190.npy,LINEAR-WIDE-20
-0.016023463,-0.0101494575,0.8095055,0.7391292,0.8096641,-0.99423397,0.9976156,1.9918495565652847,0.031615373,1.3735112,-0.3040431511757343,-4667968.75,5.145339e-07,1.3197351e-07,0.9466478732291448,0.009752416426631966,/content/drive/MyDrive/N-MON/ALTRO/spectograms/LINEAR-WIDE-20/191.npy,LINEAR-WIDE-20
-0.014412107,-0.010258596,0.8133631,0.7455449,0.81349075,-0.9945025,0.99732727,1.9918297678232193,0.026890578,1.3638222,-0.3335617414638411,-4433593.75,4.1439048e-07,1.292795e-07,0.9419673563705149,0.011085050952257888,/content/drive/MyDrive/N-MON/ALTRO/spectograms/LINEAR-WIDE-20/192.npy,LINEAR-WIDE-20
-0.012413922,-0.04911123,0.8092184,0.7397037,0.8093136,-0.99412066,0.9977502,1.9918709099292755,0.037971694,1.3741812,-0.30341326661091383,-3847656.25,4.6890275e-07,1.3114176e-07,0.9407488021315169,0.007082786130113599,/content/drive/MyDrive/N-MON/ALTRO/spectograms/LINEAR-WIDE-20/193.npy,LINEAR-WIDE-20
-0.017977048,-0.05769436,0.8221876,0.75661606,0.8223841,-0.9950558,0.99678123,1.991837039589882,0.04368735,1.338054,-0.3714738956450506,-4472656.25,3.9368706e-07,1.2975332e-07,0.9486073066331967,0.005185976845120489,/content/drive/MyDrive/N-MON/ALTRO/spectograms/LINEAR-WIDE-20/194.npy,LINEAR-WIDE-20
0.02772776,0.04111261,0.8123676,0.742365,0.8128407,-0.9939233,0.99772614,1.991649478673935,-0.04998618,1.372539,-0.34961583882903124,-3886718.75,4.4062384e-07,1.3025544e-07,0.9474682685727419,0.009305647252797915,/content/drive/MyDrive/N-MON/ALTRO/spectograms/LINEAR-WIDE-20/195.npy,LINEAR-WIDE-20
-0.0089463275,-0.0041427123,0.8114293,0.7423657,0.8114786,-0.9962312,0.99567044,1.9919016659259796,0.019436907,1.3688813,-0.3224518299930895,3691406.25,5.1724174e-07,1.3119433e-07,0.9394412365159798,0.013196120769256872,/content/drive/MyDrive/N-MON/ALTRO/spectograms/LINEAR-WIDE-20/196.npy,LINEAR-WIDE-20
-0.0051568965,-0.017086377,0.8134996,0.7435991,0.81351596,-0.9935981,0.99830127,1.9918994307518005,0.02271157,1.3683877,-0.35566198908054514,4570312.5,3.9639005e-07,1.3290641e-07,0.9408734538080874,0.007612757800826848,/content/drive/MyDrive/N-MON/ALTRO/spectograms/LINEAR-WIDE-20/197.npy,LINEAR-WIDE-20
-0.015586903,-0.06000524,0.8105498,0.7395206,0.8106997,-0.99343836,0.99840015,1.9918385446071625,0.04634707,1.3754233,-0.32346027760312623,4453125.0,4.9894e-07,1.3179493e-07,0.9473857631883512,0.0037964402089448084,/content/drive/MyDrive/N-MON/ALTRO/spectograms/LINEAR-WIDE-20/198.npy,LINEAR-WIDE-20
0.0027816668,-0.011321355,0.81116515,0.74103403,0.8111699,-0.9956371,0.99627674,1.9919138997793198,-0.0016704454,1.3739452,-0.34374306020740797,4648437.5,3.6907363e-07,1.3262365e-07,0.9492439713995684,0.007662648719874006,/content/drive/MyDrive/N-MON/ALTRO/spectograms/LINEAR-WIDE-20/199.npy,LINEAR-WIDE-20
-0.016058614,-0.030314159,0.8109865,0.74151504,0.8111455,-0.9948332,0.9970217,1.9918548613786697,0.033393275,1.3700516,-0.31559970320406994,4511718.75,4.9178567e-07,1.3132328e-07,0.9419788048516612,0.011373146073489816,/content/drive/MyDrive/N-MON/ALTRO/spectograms/LINEAR-WIDE-20/200.npy,LINEAR-WIDE-20
0.010528461,0.013019746,0.8124537,0.7436607,0.81252193,-0.9947188,0.9971497,1.991868481040001,-0.016421834,1.3671662,-0.34482625952181867,4980468.75,4.079941e-07,1.3133244e-07,0.9405649518515586,0.006852859398474962,/content/drive/MyDrive/N-MON/ALTRO/spectograms/LINEAR-WIDE-20/201.npy,LINEAR-WIDE-20
0.005621199,0.013573942,0.8093825,0.7394993,0.809402,-0.9939341,0.99781454,1.9917486011981964,-0.007643985,1.375098,-0.3081637842656201,-4296875.0,4.5138898e-07,1.3159999e-07,0.9552548271130115,0.003750799409420053,/content/drive/MyDrive/N-MON/ALTRO/spectograms/LINEAR-WIDE-20/202.npy,LINEAR-WIDE-20
-0.020734783,-0.07229324,0.8131747,0.74471104,0.8134391,-0.994068,0.997813,1.9918810576200485,0.058715355,1.363182,-0.32489068575854774,-4902343.75,4.037158e-07,1.3238979e-07,0.949691409701365,0.007207721353475455,/content/drive/MyDrive/N-MON/ALTRO/spectograms/LINEAR-WIDE-20/203.npy,LINEAR-WIDE-20
0.0020409273,-0.017996322,0.81066406,0.74266386,0.8106667,-0.9945691,0.9973021,1.991871252655983,0.00035067165,1.3713177,-0.3344282483864359,-4550781.25,3.8456002e-07,1.3211488e-07,0.9394464271571632,0.013698924724787549,/content/drive/MyDrive/N-MON/ALTRO/spectograms/LINEAR-WIDE-20/204.npy,LINEAR-WIDE-20
-0.015303717,-0.041427307,0.81296813,0.7443238,0.8131122,-0.9942983,0.9975839,1.9918822199106216,0.03240371,1.3660042,-0.3265709711257482,3671875.0,4.752139e-07,1.3184581e-07,0.9408823618885382,0.006522208401422906,/content/drive/MyDrive/N-MON/ALTRO/spectograms/LINEAR-WIDE-20/205.npy,LINEAR-WIDE-20
0.017695878,0.039678082,0.80471176,0.73185045,0.80490637,-0.9952674,0.9965437,1.9918110966682434,-0.041785967,1.3903334,-0.2885732885922777,3867187.5,3.8695592e-07,1.3109417e-07,0.9489790849724159,0.004060635091639583,/content/drive/MyDrive/N-MON/ALTRO/spectograms/LINEAR-WIDE-20/206.npy,LINEAR-WIDE-20
0.0051216097,0.021500705,0.8066274,0.734661,0.80664366,-0.9939042,0.9980203,1.9919244647026062,0.0022118902,1.3831645,-0.2980281917692694,4589843.75,4.2638973e-07,1.3188802e-07,0.9487098981815001,0.00827660158299177,/content/drive/MyDrive/N-MON/ALTRO/spectograms/LINEAR-WIDE-20/207.npy,LINEAR-WIDE-20
-0.014387192,-0.04941163,0.811117,0.7409951,0.8112446,-0.9945249,0.9973595,1.9918844252824783,0.034039754,1.3729823,-0.3362722919289701,-4472656.25,3.9405978e-07,1.3142024e-07,0.942447470905596,0.012377443431907727,/content/drive/MyDrive/N-MON/ALTRO/spectograms/LINEAR-WIDE-20/208.npy,LINEAR-WIDE-20
0.003757165,-0.002019666,0.8139111,0.74395835,0.8139197,-0.9939192,0.9978758,1.9917949885129929,-0.00460891,1.3646549,-0.348845050882174,4707031.25,3.994164e-07,1.3239847e-07,0.9413617302566113,0.006617276748189531,/content/drive/MyDrive/N-MON/ALTRO/spectograms/LINEAR-WIDE-20/209.npy,LINEAR-WIDE-20
-0.008417989,-0.0020346686,0.81247354,0.7435392,0.8125171,-0.99422437,0.99765885,1.9918832331895828,0.011464956,1.3664844,-0.33206031842378014,-4726562.5,4.223376e-07,1.3209981e-07,0.9482349161165569,0.00485991090535167,/content/drive/MyDrive/N-MON/ALTRO/spectograms/LINEAR-WIDE-20/210.npy,LINEAR-WIDE-20
-0.021460222,-0.052539222,0.8131373,0.7442583,0.8134204,-0.9937879,0.99795294,1.9917407929897308,0.05504072,1.365729,-0.3200477365899711,-4902343.75,4.0690043e-07,1.3159425e-07,0.9493775813185291,0.00808945637183105,/content/drive/MyDrive/N-MON/ALTRO/spectograms/LINEAR-WIDE-20/211.npy,LINEAR-WIDE-20
-0.012855636,-0.0366565,0.8043486,0.7325535,0.80445135,-0.99346006,0.9750856,1.9685457050800323,0.033927083,1.3908763,-0.2939954427128245,-4121093.75,4.220128e-07,1.3156014e-07,0.9376846167046174,0.01290459400416592,/content/drive/MyDrive/N-MON/ALTRO/spectograms/LINEAR-WIDE-20/212.npy,LINEAR-WIDE-20
0.00056724454,-0.010688463,0.80686045,0.73525846,0.8068606,-0.9948392,0.99709564,1.9919347912073135,0.0076809553,1.3848232,-0.31810416647321926,-4785156.25,3.9175595e-07,1.318862e-07,0.9388093070101663,0.008197591591771402,/content/drive/MyDrive/N-MON/ALTRO/spectograms/LINEAR-WIDE-20/213.npy,LINEAR-WIDE-20
-0.0049044304,-0.022199774,0.81318367,0.743698,0.81319845,-0.9946513,0.99712193,1.9917732775211334,0.012914786,1.3643101,-0.3340938486294568,-4902343.75,3.8503464e-07,1.3204854e-07,0.9496829769405297,0.004463751303452328,/content/drive/MyDrive/N-MON/ALTRO/spectograms/LINEAR-WIDE-20/214.npy,LINEAR-WIDE-20
-0.009927566,-0.010776084,0.8064419,0.7346118,0.806503,-0.9949695,0.9968959,1.9918653815984726,0.025986556,1.3866978,-0.3277838397773537,4003906.25,3.8558798e-07,1.3244114e-07,0.9498231452390336,0.008608987136669872,/content/drive/MyDrive/N-MON/ALTRO/spectograms/LINEAR-WIDE-20/215.npy,LINEAR-WIDE-20
-0.0030425186,0.009144824,0.80758786,0.7378384,0.8075936,-0.9946995,0.99720085,1.9919002801179886,0.00021055006,1.378889,-0.31142862003360083,4941406.25,3.9946696e-07,1.3203615e-07,0.9378560375057767,0.015690092783090574,/content/drive/MyDrive/N-MON/ALTRO/spectograms/LINEAR-WIDE-20/216.npy,LINEAR-WIDE-20
0.0022726145,0.01437961,0.81263286,0.7434903,0.812636,-0.9931083,0.99870574,1.9918140172958374,0.0010552214,1.3650895,-0.3164575155676995,-4433593.75,3.7789982e-07,1.311104e-07,0.9421675966117196,0.0061263414232397735,/content/drive/MyDrive/N-MON/ALTRO/spectograms/LINEAR-WIDE-20/217.npy,LINEAR-WIDE-20
0.0125978105,-0.01116155,0.81090623,0.74224806,0.81100404,-0.9952732,0.9965725,1.9918456822633743,-0.015335499,1.3683085,-0.32218712580469255,-4453125.0,4.1442092e-07,1.3163424e-07,0.9480189879963812,0.003934094752997239,/content/drive/MyDrive/N-MON/ALTRO/spectograms/LINEAR-WIDE-20/218.npy,LINEAR-WIDE-20
-0.006641434,-0.05325058,0.8034538,0.72963065,0.80348116,-0.9946503,0.9972451,1.991895392537117,0.026066547,1.3973286,-0.2908295236229216,4511718.75,4.9820665e-07,1.3077468e-07,0.9494593361420338,0.0077046147539988575,/content/drive/MyDrive/N-MON/ALTRO/spectograms/LINEAR-WIDE-20/219.npy,LINEAR-WIDE-20
-0.01092136,-0.03347289,0.8109808,0.7396195,0.8110543,-0.9942332,0.99763536,1.9918685555458069,0.03167486,1.3783916,-0.36733352225913685,4707031.25,3.779263e-07,1.3120106e-07,0.9388857823003377,0.014020119895481334,/content/drive/MyDrive/N-MON/ALTRO/spectograms/LINEAR-WIDE-20/220.npy,LINEAR-WIDE-20
-0.008382704,-0.07259342,0.81051403,0.7400183,0.8105573,-0.99438846,0.9974982,1.9918866753578186,0.030047461,1.3774095,-0.34814872555098486,-4726562.5,4.792064e-07,1.3121962e-07,0.9386859518640872,0.00713636317643017,/content/drive/MyDrive/N-MON/ALTRO/spectograms/LINEAR-WIDE-20/221.npy,LINEAR-WIDE-20
-0.0022947097,-0.040362667,0.8049571,0.7319263,0.80496037,-0.9934566,0.99843156,1.9918881356716156,0.013307815,1.3937153,-0.3132419220757471,4824218.75,4.0999652e-07,1.2598133e-07,0.942982536084798,0.007760096320005747,/content/drive/MyDrive/N-MON/ALTRO/spectograms/LINEAR-WIDE-20/222.npy,LINEAR-WIDE-20
-0.003936661,0.017963238,0.81052476,0.74090374,0.81053436,-0.9935981,0.99829274,1.9918908029794693,0.0034396264,1.3692932,-0.31177275936728777,-4667968.75,4.943063e-07,1.3144171e-07,0.9486259405494172,0.008801843208830925,/content/drive/MyDrive/N-MON/ALTRO/spectograms/LINEAR-WIDE-20/223.npy,LINEAR-WIDE-20
0.0037356329,0.005432034,0.81624985,0.7473448,0.8162584,-0.99447906,0.9973216,1.9918006658554077,-0.005837064,1.3587152,-0.3541668327872315,3964843.75,3.1900788e-07,1.3282764e-07,0.9385096578873302,0.014423598555857205,/content/drive/MyDrive/N-MON/ALTRO/spectograms/LINEAR-WIDE-20/224.npy,LINEAR-WIDE-20
0.0146429455,0.028306033,0.8137448,0.74371094,0.81387645,-0.99492025,0.99692243,1.9918427020311356,-0.03462971,1.3671523,-0.35139826713233113,-3906250.0,4.6581454e-07,1.3280197e-07,0.939646369923844,0.007956080917147482,/content/drive/MyDrive/N-MON/ALTRO/spectograms/LINEAR-WIDE-20/225.npy,LINEAR-WIDE-20
0.0070795584,0.005401359,0.81086326,0.7413589,0.81089413,-0.9944012,0.9975407,1.9919419437646866,-0.004311577,1.3721434,-0.3451563914014085,3671875.0,4.1339766e-07,1.2976321e-07,0.9472218721496604,0.005060738815085489,/content/drive/MyDrive/N-MON/ALTRO/spectograms/LINEAR-WIDE-20/226.npy,LINEAR-WIDE-20
-0.010525671,-0.02231555,0.80870795,0.7396145,0.80877644,-0.99485445,0.99700516,1.9918596297502518,0.023174152,1.3737468,-0.30171900455329503,-3730468.75,3.987389e-07,1.3155555e-07,0.9500964273164948,0.006783062919193944,/content/drive/MyDrive/N-MON/ALTRO/spectograms/LINEAR-WIDE-20/227.npy,LINEAR-WIDE-20
-0.0061111576,-0.025922615,0.8136344,0.74506605,0.8136574,-0.99460936,0.99727726,1.9918866008520126,0.01080351,1.3641794,-0.3548570974757511,3691406.25,4.5577426e-07,1.3101881e-07,0.9401917599134071,0.012403646234594829,/content/drive/MyDrive/N-MON/ALTRO/spectograms/LINEAR-WIDE-20/228.npy,LINEAR-WIDE-20
-0.0060893125,-0.018285189,0.8079027,0.7367104,0.80792564,-0.9946806,0.99724996,1.9919305592775345,0.008975645,1.3786691,-0.31174527030872856,-4941406.25,3.9398677e-07,1.3229453e-07,0.9385971477268285,0.009696934872661857,/content/drive/MyDrive/N-MON/ALTRO/spectograms/LINEAR-WIDE-20/229.npy,LINEAR-WIDE-20
0.016683534,0.040673275,0.8137327,0.74496937,0.8139037,-0.994348,0.9974536,1.991801604628563,-0.024349557,1.3645282,-0.3475925023302163,4453125.0,4.7080206e-07,1.3168824e-07,0.9469373158091807,0.004763806834969049,/content/drive/MyDrive/N-MON/ALTRO/spectograms/LINEAR-WIDE-20/230.npy,LINEAR-WIDE-20
-0.007660419,0.0047620474,0.8123329,0.7422008,0.81236905,-0.9951834,0.9967259,1.9919093400239944,0.0051660873,1.370644,-0.35072072463782,4589843.75,4.23493e-07,1.323574e-07,0.9494469075407426,0.007564936007394926,/content/drive/MyDrive/N-MON/ALTRO/spectograms/LINEAR-WIDE-20/231.npy,LINEAR-WIDE-20
-0.010560153,-0.026051443,0.8090774,0.73890007,0.8091463,-0.99455607,0.9973417,1.9918978065252304,0.021003973,1.375823,-0.3183530681965624,-4199218.75,3.7710586e-07,1.3185277e-07,0.9378626075195068,0.014204832252532591,/content/drive/MyDrive/N-MON/ALTRO/spectograms/LINEAR-WIDE-20/232.npy,LINEAR-WIDE-20
0.0029316677,-0.02549497,0.8137666,0.74736047,0.81377184,-0.9941523,0.9976705,1.9918228089809418,-0.0023197168,1.3568178,-0.33019470828567965,-4648437.5,4.045756e-07,1.3219974e-07,0.9408806766830078,0.007501587260630502,/content/drive/MyDrive/N-MON/ALTRO/spectograms/LINEAR-WIDE-20/233.npy,LINEAR-WIDE-20
-0.01630945,-0.049751975,0.81076247,0.7420243,0.81092656,-0.99495625,0.99691933,1.9918756037950516,0.041799825,1.3692298,-0.30967824604313166,4902343.75,4.2312587e-07,1.3165402e-07,0.9462561479670256,0.004546998551626173,/content/drive/MyDrive/N-MON/ALTRO/spectograms/LINEAR-WIDE-20/234.npy,LINEAR-WIDE-20
-0.007849296,0.008980865,0.80558944,0.7321442,0.8056277,-0.9947939,0.9971032,1.991897076368332,0.004578411,1.3951545,-0.3497680149444734,-4902343.75,4.0962217e-07,1.3186752e-07,0.9478397212471582,0.009941223932369084,/content/drive/MyDrive/N-MON/ALTRO/spectograms/LINEAR-WIDE-20/235.npy,LINEAR-WIDE-20
-0.008197242,0.006111624,0.8051317,0.7333713,0.80517346,-0.99384046,0.99221796,1.9860584288835526,0.012855423,1.3880695,-0.29905654380571456,4863281.25,4.4964347e-07,1.3042842e-07,0.9377994925597666,0.01233411691151025,/content/drive/MyDrive/N-MON/ALTRO/spectograms/LINEAR-WIDE-20/236.npy,LINEAR-WIDE-20
-0.013834937,-0.07303554,0.80987155,0.74116457,0.8099897,-0.9947121,0.99719626,1.991908386349678,0.046374638,1.3708484,-0.314432258246666,4472656.25,3.8703126e-07,1.320968e-07,0.938555613513296,0.007575778989623737,/content/drive/MyDrive/N-MON/ALTRO/spectograms/LINEAR-WIDE-20/237.npy,LINEAR-WIDE-20
-0.02597651,-0.04226745,0.81531096,0.7487319,0.8157247,-0.99529195,0.9965572,1.9918491393327713,0.049163748,1.3570191,-0.348995116174594,-4960937.5,4.0852495e-07,1.3179498e-07,0.9472303766573427,0.004333476654508123,/content/drive/MyDrive/N-MON/ALTRO/spectograms/LINEAR-WIDE-20/238.npy,LINEAR-WIDE-20
-0.005904245,-0.030683368,0.807392,0.73764914,0.80741364,-0.9954859,0.9964256,1.9919115453958511,0.018143468,1.3805448,-0.3134304199807164,-4609375.0,3.8268243e-07,1.3193002e-07,0.9483247614656871,0.008710725466898267,/content/drive/MyDrive/N-MON/ALTRO/spectograms/LINEAR-WIDE-20/239.npy,LINEAR-WIDE-20
0.0016215558,0.005361651,0.80802,0.73594224,0.80802166,-0.99462944,0.99731123,1.991940677165985,0.0020921498,1.37728,-0.30244208537223927,-4414062.5,4.1967428e-07,1.3074856e-07,0.9475940738214813,0.0073349764828698205,/content/drive/MyDrive/N-MON/ALTRO/spectograms/LINEAR-WIDE-20/240.npy,LINEAR-WIDE-20
0.011544497,0.01184096,0.8080535,0.7377503,0.808136,-0.99579716,0.99612486,1.9919220507144928,-0.015377702,1.379296,-0.31238817530617713,-4648437.5,3.7330724e-07,1.3162777e-07,0.9398524688391974,0.005934389311390725,/content/drive/MyDrive/N-MON/ALTRO/spectograms/LINEAR-WIDE-20/241.npy,LINEAR-WIDE-20
-0.00558711,-0.010951406,0.8111076,0.74147797,0.81112677,-0.9952729,0.99662644,1.9918993264436722,0.010671483,1.3689548,-0.3245862051733478,4589843.75,4.1948888e-07,1.3256562e-07,0.949608955499605,0.004537804151328705,/content/drive/MyDrive/N-MON/ALTRO/spectograms/LINEAR-WIDE-20/242.npy,LINEAR-WIDE-20
0.0054027243,-0.0021464715,0.79255974,0.7186448,0.7925781,-0.9396041,0.974222,1.913826122879982,-0.008416115,1.4172922,-0.20830860700826836,3710937.5,4.9438444e-07,1.2308988e-07,0.9429889903237929,0.009985648841877918,/content/drive/MyDrive/N-MON/ALTRO/spectograms/LINEAR-WIDE-20/243.npy,LINEAR-WIDE-20
0.009254175,0.013563244,0.8125342,0.7423812,0.8125869,-0.9942178,0.9976807,1.99189855158329,-0.016132832,1.3684468,-0.338618757705179,4707031.25,4.177674e-07,1.3153496e-07,0.9393264105819991,0.013401722475123208,/content/drive/MyDrive/N-MON/ALTRO/spectograms/LINEAR-WIDE-20/244.npy,LINEAR-WIDE-20
0.012498184,0.036195826,0.80961984,0.7416001,0.8097163,-0.9949726,0.9969244,1.991897001862526,-0.022395877,1.3695191,-0.29653270225611117,-4726562.5,5.1221673e-07,1.3130152e-07,0.9396389974719772,0.005977907207802445,/content/drive/MyDrive/N-MON/ALTRO/spectograms/LINEAR-WIDE-20/245.npy,LINEAR-WIDE-20
0.0142071685,0.028477918,0.81162965,0.74378407,0.811754,-0.99489206,0.9969667,1.9918587356805801,-0.027340453,1.3643198,-0.3001954415457525,4609375.0,3.8662156e-07,1.3181528e-07,0.9474879186346596,0.005237403889088681,/content/drive/MyDrive/N-MON/ALTRO/spectograms/LINEAR-WIDE-20/246.npy,LINEAR-WIDE-20
0.0007961578,-0.007509076,0.80360186,0.73234165,0.80360234,-0.99565715,0.99624586,1.991903007030487,0.0033031483,1.3908547,-0.2923092173488132,-3964843.75,4.8969883e-07,1.3163813e-07,0.949373243081015,0.008742166289974549,/content/drive/MyDrive/N-MON/ALTRO/spectograms/LINEAR-WIDE-20/247.npy,LINEAR-WIDE-20
-0.0018146157,-0.018447168,0.8089377,0.7371104,0.80893975,-0.9946977,0.9971467,1.9918444007635117,0.011457588,1.3779342,-0.3045324176547518,4414062.5,3.965134e-07,1.3127396e-07,0.9367742290632699,0.013108722708419056,/content/drive/MyDrive/N-MON/ALTRO/spectograms/LINEAR-WIDE-20/248.npy,LINEAR-WIDE-20
-0.012122578,-0.018576829,0.8094754,0.738007,0.8095662,-0.99492985,0.99693,1.9918598681688309,0.026052319,1.3755928,-0.3161051036049606,-3847656.25,4.7318017e-07,1.3122923e-07,0.9397867026399592,0.005676858358462699,/content/drive/MyDrive/N-MON/ALTRO/spectograms/LINEAR-WIDE-20/249.npy,LINEAR-WIDE-20
0.006781232,-0.048874523,0.8078881,0.7374936,0.8079165,-0.99399304,0.99789625,1.9918893426656723,0.005664108,1.3807184,-0.31934869969591795,4589843.75,4.0235236e-07,1.315794e-07,0.9483383065383415,0.004523878263818062,/content/drive/MyDrive/N-MON/ALTRO/spectograms/LINEAR-WIDE-20/250.npy,LINEAR-WIDE-20
-0.008622197,-0.0023429736,0.80574965,0.7332972,0.8057958,-0.994485,0.9974245,1.9919095486402512,0.0075934497,1.3906587,-0.3333822186012504,-4902343.75,3.9876298e-07,1.3144833e-07,0.9452433227041607,0.011552985453120817,/content/drive/MyDrive/N-MON/ALTRO/spectograms/LINEAR-WIDE-20/251.npy,LINEAR-WIDE-20
-0.011445681,-0.0023745778,0.808585,0.73635495,0.80866605,-0.99452424,0.99741566,1.9919398874044418,0.016655851,1.3845499,-0.3512367943472158,4863281.25,4.2038212e-07,1.315641e-07,0.9383312774602792,0.01311864276712203,/content/drive/MyDrive/N-MON/ALTRO/spectograms/LINEAR-WIDE-20/252.npy,LINEAR-WIDE-20
0.005860912,0.013131668,0.80969715,0.74041855,0.80971843,-0.9946325,0.9972364,1.991868868470192,-0.012966201,1.3707017,-0.3031924733543613,4843750.0,4.076298e-07,1.317264e-07,0.9408606866597111,0.005550547990614468,/content/drive/MyDrive/N-MON/ALTRO/spectograms/LINEAR-WIDE-20/253.npy,LINEAR-WIDE-20
0.005381354,0.020773582,0.8126887,0.7433009,0.81270653,-0.99470425,0.99708873,1.9917929768562317,-0.010252365,1.3674554,-0.33705095828962606,-4804687.5,3.7643784e-07,1.3145925e-07,0.9500526459727174,0.005349843444377959,/content/drive/MyDrive/N-MON/ALTRO/spectograms/LINEAR-WIDE-20/254.npy,LINEAR-WIDE-20
0.010640401,0.004069155,0.811609,0.7422539,0.81167877,-0.995664,0.99623644,1.9919004291296005,-0.011343298,1.3705568,-0.3507340809563272,-4824218.75,3.7800075e-07,1.3158133e-07,0.9462016131704458,0.010470221229220027,/content/drive/MyDrive/N-MON/ALTRO/spectograms/LINEAR-WIDE-20/255.npy,LINEAR-WIDE-20
0.017419659,0.029518003,0.81289625,0.74271095,0.8130829,-0.9935074,0.9981404,1.99164779484272,-0.026678137,1.3675381,-0.33466630525257923,-4570312.5,6.6903857e-07,1.3137122e-07,0.9383990267216128,0.00806940737421965,/content/drive/MyDrive/N-MON/ALTRO/spectograms/LINEAR-WIDE-20/256.npy,LINEAR-WIDE-20
0.0045548333,0.0374273,0.80512965,0.73375183,0.8051425,-0.9936226,0.99823374,1.9918563514947891,-0.016351461,1.386313,-0.2896943007808287,4980468.75,3.7981576e-07,1.3174437e-07,0.9409158562791577,0.004051655348525812,/content/drive/MyDrive/N-MON/ALTRO/spectograms/LINEAR-WIDE-20/257.npy,LINEAR-WIDE-20
0.010010266,0.06120965,0.8063467,0.7360069,0.8064088,-0.99321175,0.99864125,1.9918529987335205,-0.028570298,1.38145,-0.2895232446200212,-3867187.5,5.050762e-07,1.3125349e-07,0.949954856517689,0.004937291211849153,/content/drive/MyDrive/N-MON/ALTRO/spectograms/LINEAR-WIDE-20/258.npy,LINEAR-WIDE-20
-0.013246595,-0.048548516,0.8152807,0.74813414,0.81538826,-0.99385875,0.99801064,1.9918693900108337,0.039304864,1.356434,-0.32144932134324844,4726562.5,4.003142e-07,1.3154528e-07,0.946413801330487,0.010865008051119868,/content/drive/MyDrive/N-MON/ALTRO/spectograms/LINEAR-WIDE-20/259.npy,LINEAR-WIDE-20
0.0062551363,-0.0012589945,0.7997908,0.7260265,0.7998153,-0.99319243,0.99871874,1.99191115796566,0.003940782,1.4035101,-0.2824452270626657,-3906250.0,4.468609e-07,1.3106097e-07,0.9352320762777139,0.010687930667158962,/content/drive/MyDrive/N-MON/ALTRO/spectograms/LINEAR-WIDE-20/260.npy,LINEAR-WIDE-20
0.015323944,0.02828588,0.8045173,0.7334852,0.80466324,-0.98910475,0.9970063,1.9861110895872116,-0.028016308,1.3848492,-0.2676116697705285,3671875.0,4.746023e-07,1.2952805e-07,0.9435886818293401,0.004879835500729502,/content/drive/MyDrive/N-MON/ALTRO/spectograms/LINEAR-WIDE-20/261.npy,LINEAR-WIDE-20
-0.0035026632,-0.011291165,0.8067776,0.7350225,0.8067853,-0.99535924,0.9965163,1.991875559091568,0.004562067,1.3861297,-0.3280674766421249,4824218.75,4.1823787e-07,1.3158004e-07,0.9492909536500747,0.006657246910803329,/content/drive/MyDrive/N-MON/ALTRO/spectograms/LINEAR-WIDE-20/262.npy,LINEAR-WIDE-20
0.008917979,0.009154762,0.8078957,0.7381842,0.80794495,-0.9946157,0.9972663,1.9918819665908813,-0.011947791,1.3770556,-0.3115247951881842,4335937.5,4.9708444e-07,1.304069e-07,0.9430187811903374,0.01143005464733634,/content/drive/MyDrive/N-MON/ALTRO/spectograms/LINEAR-WIDE-20/263.npy,LINEAR-WIDE-20
0.001852951,0.04472943,0.8323254,0.7709076,0.8323275,-0.994251,0.99769676,1.9919477850198746,-0.01129787,1.3139552,-0.447846709227652,-4199218.75,4.158393e-07,1.3243684e-07,0.9353576138468684,0.011831651089705688,/content/drive/MyDrive/N-MON/ALTRO/spectograms/LINEAR-WIDE-20/264.npy,LINEAR-WIDE-20
-0.00453065,-0.025273563,0.80254656,0.72944266,0.8025594,-0.99385476,0.99802727,1.9918820410966873,0.012021698,1.3944438,-0.28468482997559275,4453125.0,5.001994e-07,1.3114533e-07,0.9425543507654475,0.0038768468220950056,/content/drive/MyDrive/N-MON/ALTRO/spectograms/LINEAR-WIDE-20/265.npy,LINEAR-WIDE-20
0.010472407,0.037011705,0.8116608,0.74209887,0.81172836,-0.9942086,0.99765426,1.9918628185987473,-0.027380662,1.3697568,-0.35344926865477533,-3964843.75,3.892364e-07,1.2875334e-07,0.9501105890692949,0.006241113266832911,/content/drive/MyDrive/N-MON/ALTRO/spectograms/LINEAR-WIDE-20/266.npy,LINEAR-WIDE-20
0.013536031,0.03665974,0.809491,0.738349,0.80960417,-0.9945111,0.99734974,1.991860806941986,-0.029822676,1.3797902,-0.3237741194734679,-4687500.0,4.82393e-07,1.3094586e-07,0.9423955893121001,0.01352512174837694,/content/drive/MyDrive/N-MON/ALTRO/spectograms/LINEAR-WIDE-20/267.npy,LINEAR-WIDE-20
-0.014345221,-0.04179632,0.81000745,0.7420652,0.8101345,-0.9946364,0.9972174,1.9918537735939026,0.026082244,1.3692969,-0.300285917176062,-4902343.75,3.7627055e-07,1.2920579e-07,0.9347783783119433,0.010065843117721459,/content/drive/MyDrive/N-MON/ALTRO/spectograms/LINEAR-WIDE-20/268.npy,LINEAR-WIDE-20
-0.0073243515,-0.03711269,0.8143343,0.746014,0.8143672,-0.99400485,0.9978579,1.9918627887964249,0.027049454,1.3602749,-0.3313573463226157,-4667968.75,4.6155378e-07,1.3151077e-07,0.9369494165487088,0.008017825620631233,/content/drive/MyDrive/N-MON/ALTRO/spectograms/LINEAR-WIDE-20/269.npy,LINEAR-WIDE-20
-0.0052572344,0.012603382,0.8116558,0.7427109,0.81167287,-0.99503833,0.9967799,1.9918182492256165,0.009194646,1.3669815,-0.32443428992458145,-4843750.0,3.8347554e-07,1.2852598e-07,0.9497607725604419,0.008782353623316514,/content/drive/MyDrive/N-MON/ALTRO/spectograms/LINEAR-WIDE-20/270.npy,LINEAR-WIDE-20
-0.010680209,-0.023029035,0.8118874,0.74362415,0.81195766,-0.995554,0.9963558,1.991909772157669,0.01809186,1.3626276,-0.3126416980731054,-3964843.75,4.6374657e-07,1.3094777e-07,0.9420351688407227,0.012267327851920902,/content/drive/MyDrive/N-MON/ALTRO/spectograms/LINEAR-WIDE-20/271.npy,LINEAR-WIDE-20
0.010536677,-0.0022151251,0.8044558,0.73139465,0.80452484,-0.994331,0.9975935,1.9919245094060898,-0.011648823,1.3889872,-0.281437734791954,3671875.0,4.709306e-07,1.2943366e-07,0.9383828527305413,0.008384523089613708,/content/drive/MyDrive/N-MON/ALTRO/spectograms/LINEAR-WIDE-20/272.npy,LINEAR-WIDE-20
-0.0019442749,-0.027530812,0.81059504,0.74059176,0.8105974,-0.9960147,0.9957962,1.991810917854309,0.012865034,1.3731779,-0.3287638065871158,-3945312.5,4.19069e-07,1.295044e-07,0.9489960066912875,0.004089376081779084,/content/drive/MyDrive/N-MON/ALTRO/spectograms/LINEAR-WIDE-20/273.npy,LINEAR-WIDE-20
-0.011637983,0.012205506,0.80844444,0.7391814,0.80852824,-0.9954398,0.9964641,1.9919039011001587,0.015957024,1.3755283,-0.3017579127644502,4882812.5,4.457767e-07,1.3084784e-07,0.9487803438158526,0.008811465297383327,/content/drive/MyDrive/N-MON/ALTRO/spectograms/LINEAR-WIDE-20/274.npy,LINEAR-WIDE-20
-0.008806732,-0.033120893,0.80628574,0.73494345,0.80633384,-0.99394614,0.9979657,1.9919118732213974,0.02319953,1.3845952,-0.29950363701091665,-4980468.75,3.8905463e-07,1.2838719e-07,0.9371852550220483,0.014396111484156855,/content/drive/MyDrive/N-MON/ALTRO/spectograms/LINEAR-WIDE-20/275.npy,LINEAR-WIDE-20
0.0007056313,0.022642698,0.80319136,0.7304626,0.80319166,-0.9929556,0.9989033,1.9918588697910309,-0.0018574287,1.3948231,-0.29515067772032755,4492187.5,5.091224e-07,1.3103133e-07,0.9389050384137786,0.0055787384340582075,/content/drive/MyDrive/N-MON/ALTRO/spectograms/LINEAR-WIDE-20/276.npy,LINEAR-WIDE-20
-0.010322883,-0.058037974,0.8120191,0.7428151,0.81208473,-0.9955005,0.9964119,1.9919124245643616,0.036346525,1.3699843,-0.3431420060933307,-4472656.25,4.2254464e-07,1.2893602e-07,0.9494216917442537,0.004068976666491977,/content/drive/MyDrive/N-MON/ALTRO/spectograms/LINEAR-WIDE-20/277.npy,LINEAR-WIDE-20
-0.010917244,-0.002275833,0.8294606,0.7645647,0.8295324,-0.9944834,0.99744123,1.991924673318863,0.02144835,1.3254863,-0.4368608127968142,-4687500.0,4.1087364e-07,1.4014383e-07,0.9497024571089963,0.005931793220630797,/content/drive/MyDrive/N-MON/ALTRO/spectograms/LINEAR-WIDE-20/278.npy,LINEAR-WIDE-20
-0.00021790934,0.023198247,0.80422133,0.73166156,0.80422133,-0.99621516,0.9957043,1.9919194877147675,-0.008859824,1.3902422,-0.2805483597067414,4238281.25,3.7782516e-07,1.2847377e-07,0.9375069174174167,0.012363154516315582,/content/drive/MyDrive/N-MON/ALTRO/spectograms/LINEAR-WIDE-20/279.npy,LINEAR-WIDE-20
0.004924031,-0.0070508467,0.8098042,0.73984224,0.80981916,-0.9952028,0.99668497,1.9918877184391022,-0.008940587,1.3713849,-0.30287595446985727,-4570312.5,5.227651e-07,1.3098122e-07,0.9454837420813843,0.0035623150017320827,/content/drive/MyDrive/N-MON/ALTRO/spectograms/LINEAR-WIDE-20/280.npy,LINEAR-WIDE-20
-0.013344052,-0.061103307,0.81441754,0.7463775,0.8145268,-0.9945255,0.9972839,1.9918093532323837,0.045187373,1.3596967,-0.3244138873670722,4707031.25,3.7225354e-07,1.2908552e-07,0.9495988196437433,0.0059001018986450954,/content/drive/MyDrive/N-MON/ALTRO/spectograms/LINEAR-WIDE-20/281.npy,LINEAR-WIDE-20
-0.0066517424,-0.003999225,0.8095475,0.7388568,0.8095748,-0.99591696,0.9959769,1.9918938875198364,0.009017213,1.3751458,-0.3214820707612188,-3906250.0,4.876834e-07,1.3114231e-07,0.9436686813247026,0.012637199679076467,/content/drive/MyDrive/N-MON/ALTRO/spectograms/LINEAR-WIDE-20/282.npy,LINEAR-WIDE-20
0.003122311,0.012836847,0.80416936,0.7308578,0.80417544,-0.9948882,0.9970302,1.9919183850288391,-0.010311805,1.3936915,-0.30366001641499374,4218750.0,3.8640778e-07,1.2845334e-07,0.9380829846401043,0.009509017157971996,/content/drive/MyDrive/N-MON/ALTRO/spectograms/LINEAR-WIDE-20/283.npy,LINEAR-WIDE-20
-0.02716941,-0.081362285,0.80118597,0.72873026,0.8016465,-0.9952166,0.9830196,1.978236198425293,0.06354886,1.4007603,-0.28375560961051616,-3847656.25,4.393636e-07,1.2996267e-07,0.9443860062323894,0.00444884590062211,/content/drive/MyDrive/N-MON/ALTRO/spectograms/LINEAR-WIDE-20/284.npy,LINEAR-WIDE-20
-0.008588539,-0.0340537,0.8098727,0.73993605,0.8099183,-0.99491954,0.9969313,1.991850882768631,0.021632377,1.3699993,-0.2992255404396308,4375000.0,4.2273965e-07,1.3051447e-07,0.9504852061854896,0.006040416431805003,/content/drive/MyDrive/N-MON/ALTRO/spectograms/LINEAR-WIDE-20/285.npy,LINEAR-WIDE-20
0.008446932,0.0013833959,0.80617225,0.73390806,0.80621654,-0.9945265,0.9973412,1.9918677508831024,-0.004994069,1.3872031,-0.30452051387252876,-4785156.25,3.8787556e-07,1.2843333e-07,0.9415225745020673,0.013633175543676943,/content/drive/MyDrive/N-MON/ALTRO/spectograms/LINEAR-WIDE-20/286.npy,LINEAR-WIDE-20
-0.00427704,-0.008624157,0.8105324,0.74009854,0.81054366,-0.99282455,0.9991036,1.9919281303882599,0.013169716,1.3739712,-0.31664238102888753,4492187.5,5.209593e-07,1.314871e-07,0.9385547315530273,0.008770358368933688,/content/drive/MyDrive/N-MON/ALTRO/spectograms/LINEAR-WIDE-20/287.npy,LINEAR-WIDE-20
-0.011258253,-0.027020179,0.80932814,0.73721486,0.80940646,-0.9956246,0.9962693,1.9918939024209976,0.030617718,1.38085,-0.3211939691153757,4472656.25,4.022174e-07,1.2855406e-07,0.9483646055917185,0.0036182891648653503,/content/drive/MyDrive/N-MON/ALTRO/spectograms/LINEAR-WIDE-20/288.npy,LINEAR-WIDE-20
0.0050797346,0.0065348195,0.81255925,0.74216425,0.8125751,-0.9934505,0.9983821,1.9918326139450073,-0.0035571288,1.36714,-0.3364915162749337,4453125.0,4.832468e-07,1.3199318e-07,0.9496288217785138,0.008988576028153355,/content/drive/MyDrive/N-MON/ALTRO/spectograms/LINEAR-WIDE-20/289.npy,LINEAR-WIDE-20
0.009245526,0.022738269,0.80974305,0.7407706,0.8097958,-0.9928313,0.99905646,1.9918877631425858,-0.012819323,1.3689107,-0.2966790944747092,4335937.5,3.9993577e-07,1.2832568e-07,0.9405167100596227,0.012427241444506628,/content/drive/MyDrive/N-MON/ALTRO/spectograms/LINEAR-WIDE-20/290.npy,LINEAR-WIDE-20
0.018451447,-0.024624854,0.8057758,0.7351446,0.80598706,-0.97781795,0.99859303,1.9764109700918198,-0.014768512,1.3853619,-0.2977104139828334,-4785156.25,4.5414615e-07,1.3091562e-07,0.9418610280174882,0.005849474958612262,/content/drive/MyDrive/N-MON/ALTRO/spectograms/LINEAR-WIDE-20/291.npy,LINEAR-WIDE-20
-0.014613486,-0.036333,0.79806244,0.7242782,0.79819626,-0.9931432,0.9754545,1.9685977101325989,0.04181352,1.4084003,-0.24978146953210356,4199218.75,3.87957e-07,1.2874405e-07,0.9479761764656408,0.0038972012535855986,/content/drive/MyDrive/N-MON/ALTRO/spectograms/LINEAR-WIDE-20/292.npy,LINEAR-WIDE-20
0.008787142,-0.01254403,0.8111351,0.74219245,0.81118274,-0.99285585,0.99902,1.9918758571147919,-0.0034324774,1.3700376,-0.34833857531714607,-3964843.75,4.9546446e-07,1.3153323e-07,0.9476446032007522,0.008966213763420884,/content/drive/MyDrive/N-MON/ALTRO/spectograms/LINEAR-WIDE-20/293.npy,LINEAR-WIDE-20
0.0056676837,0.02107273,0.8081048,0.7362644,0.8081247,-0.99450016,0.99738157,1.9918817430734634,-0.007639669,1.3816782,-0.33703204051211977,4667968.75,4.023186e-07,1.2956568e-07,0.9373254021097804,0.012757347807710975,/content/drive/MyDrive/N-MON/ALTRO/spectograms/LINEAR-WIDE-20/294.npy,LINEAR-WIDE-20
0.013386528,0.037376642,0.8120166,0.74211824,0.81212693,-0.9937155,0.99823356,1.9919490814208984,-0.030374551,1.3723404,-0.35328665361208345,-3847656.25,4.9716886e-07,1.31189e-07,0.9353978959851088,0.007976193941229394,/content/drive/MyDrive/N-MON/ALTRO/spectograms/LINEAR-WIDE-20/295.npy,LINEAR-WIDE-20
0.022673057,0.060974926,0.8087294,0.739731,0.80904716,-0.9935024,0.99821323,1.9917156398296356,-0.048528973,1.3733436,-0.29513309401260124,3730468.75,4.322466e-07,1.2982554e-07,0.948950634927343,0.005006254993414665,/content/drive/MyDrive/N-MON/ALTRO/spectograms/LINEAR-WIDE-20/296.npy,LINEAR-WIDE-20
0.0059336014,0.01041127,0.8004884,0.72517675,0.80051035,-0.9934338,0.99848145,1.9919152557849884,-0.010208878,1.4074732,-0.29559258841626523,-4238281.25,4.0791832e-07,1.2900398e-07,0.9488071569666807,0.009012090097683768,/content/drive/MyDrive/N-MON/ALTRO/spectograms/LINEAR-WIDE-20/297.npy,LINEAR-WIDE-20
0.005864836,0.020698851,0.80846167,0.7380364,0.80848294,-0.994897,0.997033,1.991929978132248,-0.0070999595,1.3747225,-0.2913189230167791,4492187.5,4.8936823e-07,1.3052451e-07,0.9370642303859378,0.011289787928024644,/content/drive/MyDrive/N-MON/ALTRO/spectograms/LINEAR-WIDE-20/298.npy,LINEAR-WIDE-20
0.002571279,0.0043197316,0.80939376,0.7388773,0.8093979,-0.995458,0.99637073,1.9918287247419357,0.0043765763,1.375825,-0.31567653351646474,-4472656.25,4.0502917e-07,1.2845615e-07,0.9435862942091569,0.004918143875371438,/content/drive/MyDrive/N-MON/ALTRO/spectograms/LINEAR-WIDE-20/299.npy,LINEAR-WIDE-20
0.0020177087,0.0081169605,0.86373144,0.8092434,0.86373377,-0.99573237,0.9963455,1.9920778721570969,-0.0064643174,1.2500659,-0.7466057003922747,-2480468.75,3.0723534e-06,1.4386843e-07,0.8926915629088839,0.051001820410325006,/content/drive/MyDrive/N-MON/ALTRO/spectograms/LINEAR-WIDE-20/300.npy,LINEAR-WIDE-20
-0.014783928,-0.03464847,0.8096466,0.7396365,0.8097815,-0.99554336,0.9963609,1.9919042587280273,0.027756492,1.37652,-0.3276466489495099,4785156.25,3.9887323e-07,1.2857521e-07,0.9439376966811459,0.011450094637191117,/content/drive/MyDrive/N-MON/ALTRO/spectograms/LINEAR-WIDE-20/301.npy,LINEAR-WIDE-20
-0.005360207,-0.019198786,0.8080213,0.7377074,0.80803907,-0.9955139,0.9963625,1.9918764680624008,0.01026674,1.3782152,-0.31551499126169,-4785156.25,5.2502617e-07,1.3154187e-07,0.9373362264029375,0.009154582717721876,/content/drive/MyDrive/N-MON/ALTRO/spectograms/LINEAR-WIDE-20/302.npy,LINEAR-WIDE-20
-0.023472574,-0.034600023,0.8109072,0.7395101,0.8112469,-0.9951693,0.9965625,1.9917317777872086,0.052125867,1.3761126,-0.3348646194113406,-4960937.5,3.9049485e-07,1.3186424e-07,0.9469946013832704,0.004417596761590887,/content/drive/MyDrive/N-MON/ALTRO/spectograms/LINEAR-WIDE-20/303.npy,LINEAR-WIDE-20
0.0036474008,0.036781378,0.80658466,0.735636,0.8065929,-0.9942062,0.9976743,1.9918804466724396,-0.01741239,1.3826549,-0.2955472441219663,-3867187.5,4.602476e-07,1.3173802e-07,0.9498030281446874,0.006493983306052234,/content/drive/MyDrive/N-MON/ALTRO/spectograms/LINEAR-WIDE-20/304.npy,LINEAR-WIDE-20
-0.006106753,-0.005134969,0.8051135,0.73193383,0.8051366,-0.99331594,0.9984834,1.9917993396520615,0.018661859,1.3896444,-0.2841215213909988,4414062.5,3.8751452e-07,1.2901742e-07,0.9429439901966641,0.011151344020992045,/content/drive/MyDrive/N-MON/ALTRO/spectograms/LINEAR-WIDE-20/305.npy,LINEAR-WIDE-20
0.0024935175,-0.00315785,0.80099046,0.72675604,0.80099434,-0.9952763,0.99659646,1.99187271296978,-0.012768369,1.4008735,-0.28872103071579247,-3847656.25,4.9825417e-07,1.3085491e-07,0.9386441630161623,0.006094187843785771,/content/drive/MyDrive/N-MON/ALTRO/spectograms/LINEAR-WIDE-20/306.npy,LINEAR-WIDE-20
0.016790474,0.04894741,0.8086975,0.73794407,0.8088718,-0.99387443,0.99796987,1.991844281554222,-0.03650252,1.3782848,-0.30460636660375695,3574218.75,4.1948314e-07,1.3012986e-07,0.946896590967242,0.004611072791471022,/content/drive/MyDrive/N-MON/ALTRO/spectograms/LINEAR-WIDE-20/307.npy,LINEAR-WIDE-20
-0.01909668,-0.04938037,0.82410985,0.7559779,0.8243311,-0.99458474,0.9973147,1.9918994158506393,0.04505822,1.3461941,-0.43575554991743026,-4257812.5,4.1442712e-07,1.3152957e-07,0.9484649976256574,0.007140477298534565,/content/drive/MyDrive/N-MON/ALTRO/spectograms/LINEAR-WIDE-20/308.npy,LINEAR-WIDE-20
-0.011092073,-0.025474733,0.8031113,0.73202777,0.8031879,-0.9940921,0.9978107,1.9919028133153915,0.030998962,1.3920718,-0.29708891714092645,4492187.5,4.747956e-07,1.3043888e-07,0.9367856418266782,0.013731270135128181,/content/drive/MyDrive/N-MON/ALTRO/spectograms/LINEAR-WIDE-20/309.npy,LINEAR-WIDE-20
0.0020484915,0.0064243246,0.81022894,0.7423645,0.8102315,-0.9934995,0.99835724,1.991856724023819,-0.001431457,1.3673488,-0.2908764999148056,4921875.0,4.0780262e-07,1.2871868e-07,0.9422738792020744,0.004796353846049092,/content/drive/MyDrive/N-MON/ALTRO/spectograms/LINEAR-WIDE-20/310.npy,LINEAR-WIDE-20
-0.0095985895,-0.033413697,0.8084854,0.7359036,0.8085423,-0.9943157,0.99760234,1.9919180274009705,0.031308655,1.3811294,-0.30967499698316125,-4746093.75,4.6070016e-07,1.3166553e-07,0.9491217759491696,0.005456564266238177,/content/drive/MyDrive/N-MON/ALTRO/spectograms/LINEAR-WIDE-20/311.npy,LINEAR-WIDE-20
-0.009356609,-0.04029438,0.81135124,0.7409231,0.8114052,-0.9931937,0.9987248,1.9919185489416122,0.028032083,1.3710876,-0.31333284126358774,-4511718.75,3.833195e-07,1.2767626e-07,0.9460858305298196,0.01061547332260575,/content/drive/MyDrive/N-MON/ALTRO/spectograms/LINEAR-WIDE-20/312.npy,LINEAR-WIDE-20
-0.0013301955,-0.026057275,0.80483794,0.7338342,0.804839,-0.9945972,0.99729216,1.991889327764511,0.015133873,1.3850644,-0.27099980878789787,-4785156.25,4.9720296e-07,1.3078451e-07,0.9387561138255629,0.009899195843309718,/content/drive/MyDrive/N-MON/ALTRO/spectograms/LINEAR-WIDE-20/313.npy,LINEAR-WIDE-20
-0.009622568,-0.024338884,0.81225824,0.7425487,0.8123153,-0.992843,0.99906534,1.9919082969427109,0.021450326,1.3679607,-0.32210766916639877,-4199218.75,3.7514053e-07,1.2854332e-07,0.9438006590675367,0.004477781522804414,/content/drive/MyDrive/N-MON/ALTRO/spectograms/LINEAR-WIDE-20/314.npy,LINEAR-WIDE-20
-0.011518947,-0.05944216,0.8124319,0.74434483,0.81251353,-0.99287254,0.99906415,1.9919366985559464,0.042438675,1.3678902,-0.3506516707287136,-4667968.75,4.5945288e-07,1.3156583e-07,0.9501606315632083,0.006752801026671055,/content/drive/MyDrive/N-MON/ALTRO/spectograms/LINEAR-WIDE-20/315.npy,LINEAR-WIDE-20
-8.781385e-05,-0.025048077,0.8091724,0.73986745,0.8091725,-0.99378127,0.9980955,1.9918768107891083,0.011660296,1.376359,-0.31086607901885455,-4589843.75,4.0926346e-07,1.2891184e-07,0.9408711306778951,0.014638805998134349,/content/drive/MyDrive/N-MON/ALTRO/spectograms/LINEAR-WIDE-20/316.npy,LINEAR-WIDE-20
0.00297148,0.00566653,0.8105828,0.7399282,0.8105883,-0.9942387,0.99761564,1.9918543100357056,-0.009358134,1.3721777,-0.30407265228739633,-3847656.25,4.6540495e-07,1.3022745e-07,0.9402750514012612,0.008667982788364842,/content/drive/MyDrive/N-MON/ALTRO/spectograms/LINEAR-WIDE-20/317.npy,LINEAR-WIDE-20
-0.011085553,-0.018515667,0.8087126,0.7396859,0.8087886,-0.99498284,0.99694633,1.9919291734695435,0.0097183995,1.3746638,-0.32323617564828855,3574218.75,4.2820446e-07,1.2992815e-07,0.9465055363941044,0.00525884648791796,/content/drive/MyDrive/N-MON/ALTRO/spectograms/LINEAR-WIDE-20/318.npy,LINEAR-WIDE-20
-0.00083490374,0.04749506,0.8050716,0.7362687,0.805072,-0.99523365,0.9965538,1.9917874336242676,-0.014505866,1.381908,-0.28418621799506927,-3886718.75,4.3226387e-07,1.287249e-07,0.9483288994174883,0.009855987721989248,/content/drive/MyDrive/N-MON/ALTRO/spectograms/LINEAR-WIDE-20/319.npy,LINEAR-WIDE-20
-0.011310148,-0.041704804,0.8065899,0.7344213,0.80666924,-0.99458903,0.99731284,1.9919018596410751,0.024463197,1.3877474,-0.321005908769438,3691406.25,4.8489943e-07,1.3067702e-07,0.9371073006480211,0.014001160121006676,/content/drive/MyDrive/N-MON/ALTRO/spectograms/LINEAR-WIDE-20/320.npy,LINEAR-WIDE-20
-0.0020405483,0.0066871066,0.80748737,0.73709106,0.80749,-0.99308354,0.9988177,1.9919012486934662,0.008506946,1.3792424,-0.30458214985436627,4570312.5,4.011436e-07,1.2815343e-07,0.9417372633571865,0.005147420820578634,/content/drive/MyDrive/N-MON/ALTRO/spectograms/LINEAR-WIDE-20/321.npy,LINEAR-WIDE-20
0.005947434,0.021253955,0.82361764,0.75601953,0.8236391,-0.9942724,0.9974867,1.9917591214179993,-0.013105363,1.3427736,-0.42099103776484637,4453125.0,3.932397e-07,1.394856e-07,0.9522392112560958,0.003227070666569539,/content/drive/MyDrive/N-MON/ALTRO/spectograms/LINEAR-WIDE-20/322.npy,LINEAR-WIDE-20
-0.0066563655,-0.0323245,0.81052035,0.74034935,0.8105476,-0.9930719,0.9988549,1.9919267743825912,0.027912116,1.3730093,-0.3279269867054665,4335937.5,3.806805e-07,1.2811313e-07,0.9468120609153259,0.010441919517487224,/content/drive/MyDrive/N-MON/ALTRO/spectograms/LINEAR-WIDE-20/323.npy,LINEAR-WIDE-20
-0.007883592,-0.0415181,0.8096011,0.7400059,0.80963945,-0.99453527,0.9973363,1.9918715953826904,0.025506223,1.377575,-0.33696857576440487,-4785156.25,5.070599e-07,1.3148058e-07,0.9375850053995658,0.012806446648958752,/content/drive/MyDrive/N-MON/ALTRO/spectograms/LINEAR-WIDE-20/324.npy,LINEAR-WIDE-20
0.0086222,0.038706176,0.8065368,0.73556066,0.8065829,-0.99628675,0.99559975,1.9918864369392395,-0.020547358,1.382599,-0.2958460149781629,4980468.75,3.9786238e-07,1.3161967e-07,0.9432801340522281,0.0039813972717295636,/content/drive/MyDrive/N-MON/ALTRO/spectograms/LINEAR-WIDE-20/325.npy,LINEAR-WIDE-20
-0.007761514,-0.071509495,0.80552995,0.73577124,0.8055674,-0.9932202,0.9986861,1.991906300187111,0.036900643,1.3855004,-0.31092011001093944,-4667968.75,5.2994403e-07,1.3096374e-07,0.950347815604797,0.005239804291029459,/content/drive/MyDrive/N-MON/ALTRO/spectograms/LINEAR-WIDE-20/326.npy,LINEAR-WIDE-20
0.01626454,0.03219314,0.8106762,0.7402122,0.8108394,-0.99503076,0.9968562,1.9918869137763977,-0.03644528,1.3713942,-0.31678251004000935,-4472656.25,3.8272086e-07,1.3124435e-07,0.9449480158466975,0.0102744903874921,/content/drive/MyDrive/N-MON/ALTRO/spectograms/LINEAR-WIDE-20/327.npy,LINEAR-WIDE-20
-0.0023278256,-0.02896719,0.8138885,0.74555385,0.81389177,-0.9937408,0.99813104,1.9918718189001083,0.009577261,1.361015,-0.3377860055162244,-4921875.0,3.952012e-07,1.3124622e-07,0.9393459663436647,0.009432389766539135,/content/drive/MyDrive/N-MON/ALTRO/spectograms/LINEAR-WIDE-20/328.npy,LINEAR-WIDE-20
-0.004432943,-0.016883742,0.80733633,0.73511565,0.80734855,-0.99341923,0.9985006,1.9919197857379913,0.01892419,1.3846503,-0.3162758152391191,4160156.25,4.134152e-07,1.3135644e-07,0.948160499547122,0.003772869996845223,/content/drive/MyDrive/N-MON/ALTRO/spectograms/LINEAR-WIDE-20/329.npy,LINEAR-WIDE-20
0.014385053,0.07600181,0.8128155,0.7451292,0.81294274,-0.9941308,0.9977042,1.9918350130319595,-0.038800083,1.3596823,-0.29893419238347374,-3886718.75,4.4233403e-07,1.2960108e-07,0.9499183058495988,0.007037088587682106,/content/drive/MyDrive/N-MON/ALTRO/spectograms/LINEAR-WIDE-20/330.npy,LINEAR-WIDE-20
-0.011590217,-0.027305724,0.80486417,0.73218405,0.8049476,-0.9958974,0.99599326,1.9918906539678574,0.024850572,1.3884106,-0.2975016427833933,3632812.5,4.7303578e-07,1.3177693e-07,0.937599458868376,0.013385376896727353,/content/drive/MyDrive/N-MON/ALTRO/spectograms/LINEAR-WIDE-20/331.npy,LINEAR-WIDE-20
-0.0057983873,0.00631478,0.805633,0.73528343,0.80565387,-0.9935385,0.9983552,1.9918937534093857,0.010995209,1.3828229,-0.30719788225720646,-4570312.5,3.8362495e-07,1.3131486e-07,0.939281246974992,0.0051456799187743095,/content/drive/MyDrive/N-MON/ALTRO/spectograms/LINEAR-WIDE-20/332.npy,LINEAR-WIDE-20
0.025129464,0.08268301,0.8056003,0.7346337,0.8059921,-0.9953611,0.9963423,1.9917033910751343,-0.064918555,1.3891231,-0.3035625463227084,4453125.0,5.071866e-07,1.3120817e-07,0.9487291321800039,0.004081774509550141,/content/drive/MyDrive/N-MON/ALTRO/spectograms/LINEAR-WIDE-20/333.npy,LINEAR-WIDE-20
0.011064698,-0.0011917034,0.80783176,0.7380733,0.8079075,-0.99335253,0.9985556,1.9919080883264542,-0.009255787,1.3774107,-0.3090602581263254,4335937.5,3.7881418e-07,1.2786464e-07,0.9482705805204346,0.009587562442563364,/content/drive/MyDrive/N-MON/ALTRO/spectograms/LINEAR-WIDE-20/334.npy,LINEAR-WIDE-20
0.016746875,0.0128803775,0.8116676,0.7414187,0.8118404,-0.9947498,0.99709576,1.9918455481529236,-0.02448519,1.3698478,-0.3387615307593449,4570312.5,4.868649e-07,1.310425e-07,0.9393253285067709,0.01139447381552527,/content/drive/MyDrive/N-MON/ALTRO/spectograms/LINEAR-WIDE-20/335.npy,LINEAR-WIDE-20
-0.0020137753,0.012431331,0.81194913,0.7443617,0.8119517,-0.99509686,0.99677694,1.9918738007545471,-0.00078800967,1.3614962,-0.2998110403384794,4023437.5,4.1101347e-07,1.3140954e-07,0.9453580613313217,0.005399416224008626,/content/drive/MyDrive/N-MON/ALTRO/spectograms/LINEAR-WIDE-20/336.npy,LINEAR-WIDE-20
-0.008537559,0.02031701,0.8118163,0.74370134,0.81186116,-0.99511963,0.9967147,1.9918343126773834,0.0010232948,1.3664638,-0.33305052268587876,-4667968.75,5.20843e-07,1.3160246e-07,0.9497099425760724,0.005772902507181094,/content/drive/MyDrive/N-MON/ALTRO/spectograms/LINEAR-WIDE-20/337.npy,LINEAR-WIDE-20
0.0031449823,-0.0012652357,0.80539465,0.7347595,0.80540085,-0.99331504,0.99855995,1.9918749928474426,-0.004159199,1.3841748,-0.29137129265213,4960937.5,4.136387e-07,1.2833904e-07,0.9463873184965613,0.009416905959349837,/content/drive/MyDrive/N-MON/ALTRO/spectograms/LINEAR-WIDE-20/338.npy,LINEAR-WIDE-20
0.0022493924,0.028289067,0.80475754,0.7323619,0.8047607,-0.9949173,0.99701023,1.9919275343418121,-0.005467422,1.3896682,-0.29279030587151766,-4707031.25,4.672406e-07,1.3061435e-07,0.9379167618287205,0.009791025234675113,/content/drive/MyDrive/N-MON/ALTRO/spectograms/LINEAR-WIDE-20/339.npy,LINEAR-WIDE-20
0.004144513,0.012966622,0.8079931,0.73584986,0.8080037,-0.9946033,0.99734414,1.9919474124908447,-0.008867597,1.3811408,-0.3183611482966474,-4667968.75,4.0373854e-07,1.3137338e-07,0.9454774647590161,0.004980535432047895,/content/drive/MyDrive/N-MON/ALTRO/spectograms/LINEAR-WIDE-20/340.npy,LINEAR-WIDE-20
-0.0026772157,0.0055466993,0.81438655,0.7443193,0.814391,-0.99411446,0.9976865,1.9918009489774704,0.0138428435,1.3634095,-0.34000205558230967,-3886718.75,4.6847342e-07,1.3001974e-07,0.9490463492868699,0.008018486852655495,/content/drive/MyDrive/N-MON/ALTRO/spectograms/LINEAR-WIDE-20/341.npy,LINEAR-WIDE-20
0.011288289,0.005482587,0.81107897,0.7414067,0.8111575,-0.9943692,0.997521,1.9918901920318604,-0.02057677,1.3686355,-0.32656761569306625,3691406.25,4.7100124e-07,1.2999513e-07,0.9383267867395954,0.013613092068083315,/content/drive/MyDrive/N-MON/ALTRO/spectograms/LINEAR-WIDE-20/342.npy,LINEAR-WIDE-20
0.00120018,0.004650455,0.8100288,0.73995095,0.8100297,-0.99534106,0.9965715,1.9919125884771347,-0.00045073556,1.3740592,-0.3437150043376641,-4277343.75,4.1387554e-07,1.2907566e-07,0.9393610212030077,0.006167707981125464,/content/drive/MyDrive/N-MON/ALTRO/spectograms/LINEAR-WIDE-20/343.npy,LINEAR-WIDE-20
0.0081473505,0.044464134,0.81377715,0.7445099,0.8138179,-0.9945042,0.9973378,1.9918420761823654,-0.021226099,1.3637397,-0.3429195127864758,3652343.75,4.3450933e-07,1.3463281e-07,0.9449898820235304,0.0086112736368979,/content/drive/MyDrive/N-MON/ALTRO/spectograms/LINEAR-WIDE-20/344.npy,LINEAR-WIDE-20
-0.008625971,-0.032380335,0.80684865,0.7343341,0.8068947,-0.9932728,0.9986232,1.9918959736824036,0.020278793,1.3868339,-0.31937493515110227,4687500.0,3.7428973e-07,1.2829663e-07,0.94723165044731,0.01061530824351392,/content/drive/MyDrive/N-MON/ALTRO/spectograms/LINEAR-WIDE-20/345.npy,LINEAR-WIDE-20
-0.006990266,-0.018883172,0.8089367,0.73788846,0.80896693,-0.99542284,0.9964837,1.9919065535068512,0.014752032,1.3788534,-0.3269751916450617,4570312.5,5.082917e-07,1.3148144e-07,0.9363124195742427,0.01337852668448992,/content/drive/MyDrive/N-MON/ALTRO/spectograms/LINEAR-WIDE-20/346.npy,LINEAR-WIDE-20
-0.0025573468,-0.039850146,0.8081625,0.73921496,0.80816644,-0.99651814,0.99525917,1.991777241230011,0.013724634,1.3754177,-0.30187471566106716,-3847656.25,3.7324608e-07,1.3343251e-07,0.9438664571417013,0.0031870885631126735,/content/drive/MyDrive/N-MON/ALTRO/spectograms/LINEAR-WIDE-20/347.npy,LINEAR-WIDE-20
-0.0029228707,-0.003699565,0.8063571,0.73610806,0.80636233,-0.9957963,0.9961142,1.99191053211689,0.0013187063,1.380664,-0.30220688582225474,-4824218.75,4.8285733e-07,1.3117904e-07,0.9497624638593981,0.005574480842962726,/content/drive/MyDrive/N-MON/ALTRO/spectograms/LINEAR-WIDE-20/348.npy,LINEAR-WIDE-20
0.0231998,0.06767495,0.8092708,0.7399148,0.8096032,-0.9946961,0.99708295,1.991779014468193,-0.05309015,1.3750161,-0.30435270289263905,4785156.25,3.787262e-07,1.3149888e-07,0.9456093538290127,0.010795275875954018,/content/drive/MyDrive/N-MON/ALTRO/spectograms/LINEAR-WIDE-20/349.npy,LINEAR-WIDE-20
0.00012303829,0.0153484605,0.8019462,0.72872573,0.8019462,-0.9922546,0.9996249,1.991879478096962,-0.008355184,1.3962295,-0.2748673575455963,-4707031.25,5.278531e-07,1.3133024e-07,0.9366092739837193,0.010565380462618722,/content/drive/MyDrive/N-MON/ALTRO/spectograms/LINEAR-WIDE-20/350.npy,LINEAR-WIDE-20
-0.005290388,-0.017151456,0.8107201,0.7410242,0.8107374,-0.99349374,0.9984134,1.9919071197509766,0.017875649,1.3680588,-0.2948150251728229,4472656.25,4.0802405e-07,1.3196237e-07,0.9446174155943157,0.00435294713957853,/content/drive/MyDrive/N-MON/ALTRO/spectograms/LINEAR-WIDE-20/351.npy,LINEAR-WIDE-20
0.0067816707,0.029728703,0.8031821,0.728548,0.8032108,-0.99365973,0.9982742,1.9919339716434479,-0.015965892,1.4015247,-0.3221734394544883,-4902343.75,4.0130698e-07,1.3183146e-07,0.9499098504617758,0.006537885834321327,/content/drive/MyDrive/N-MON/ALTRO/spectograms/LINEAR-WIDE-20/352.npy,LINEAR-WIDE-20
0.0088267485,0.020772148,0.8116197,0.7413777,0.8116677,-0.99474245,0.9971479,1.9918903708457947,-0.014632953,1.3682921,-0.3196804967921346,3535156.25,4.3976925e-07,1.3127044e-07,0.9412212372822932,0.012536071956858208,/content/drive/MyDrive/N-MON/ALTRO/spectograms/LINEAR-WIDE-20/353.npy,LINEAR-WIDE-20
0.017858135,0.036432512,0.8098794,0.739542,0.8100763,-0.99475133,0.9970848,1.991836130619049,-0.03157005,1.3749014,-0.3122474333883033,-4980468.75,3.9870926e-07,1.2946298e-07,0.9391005057930918,0.008027235602067249,/content/drive/MyDrive/N-MON/ALTRO/spectograms/LINEAR-WIDE-20/354.npy,LINEAR-WIDE-20
0.018607382,0.036196098,0.82561,0.7606081,0.8258196,-0.99492556,0.99696887,1.9918944239616394,-0.04285703,1.3316758,-0.40356388818689937,4394531.25,4.687739e-07,1.3135087e-07,0.9435501778904312,0.005384229778343369,/content/drive/MyDrive/N-MON/ALTRO/spectograms/LINEAR-WIDE-20/355.npy,LINEAR-WIDE-20
0.0046896297,0.00010372116,0.8085904,0.7380581,0.80860406,-0.9900496,0.9959963,1.9860459119081497,0.00418353,1.3740282,-0.29288680062287054,-4160156.25,3.6450092e-07,1.2848275e-07,0.9488036545036567,0.008785527259215328,/content/drive/MyDrive/N-MON/ALTRO/spectograms/LINEAR-WIDE-20/356.npy,LINEAR-WIDE-20
0.026052421,0.06836336,0.8105765,0.7405469,0.81099504,-0.99393153,0.9978194,1.991750955581665,-0.05092532,1.3743243,-0.3425438068925254,4414062.5,4.9297495e-07,1.3091616e-07,0.9406655604087159,0.01413277581605003,/content/drive/MyDrive/N-MON/ALTRO/spectograms/LINEAR-WIDE-20/357.npy,LINEAR-WIDE-20
-0.002791421,0.001557678,0.80818665,0.73709804,0.8081914,-0.99446917,0.9974507,1.9919198900461197,0.0026773715,1.3795111,-0.3244193460249375,-4902343.75,3.9217005e-07,1.2748758e-07,0.940978326203028,0.006420549132192566,/content/drive/MyDrive/N-MON/ALTRO/spectograms/LINEAR-WIDE-20/358.npy,LINEAR-WIDE-20
0.008891577,-0.010620372,0.8116379,0.7421818,0.81168664,-0.994655,0.9971838,1.9918388277292252,0.000979888,1.3690839,-0.32184241005378855,-4667968.75,5.546581e-07,1.3201982e-07,0.9477893989876484,0.004734444357537087,/content/drive/MyDrive/N-MON/ALTRO/spectograms/LINEAR-WIDE-20/359.npy,LINEAR-WIDE-20
-0.0060663973,-0.048482798,0.8110873,0.74089134,0.81111,-0.99355555,0.99818325,1.9917387515306473,0.029844945,1.3725866,-0.3297450635170184,4960937.5,3.771323e-07,1.2789648e-07,0.9469705220228604,0.01033173657699309,/content/drive/MyDrive/N-MON/ALTRO/spectograms/LINEAR-WIDE-20/360.npy,LINEAR-WIDE-20
0.00835594,0.028241504,0.81553155,0.74948514,0.81557435,-0.99515796,0.99676025,1.9919182062149048,-0.015000049,1.3522788,-0.3127292744898399,-4707031.25,5.050913e-07,1.3117472e-07,0.9391978449965122,0.012411065247202098,/content/drive/MyDrive/N-MON/ALTRO/spectograms/LINEAR-WIDE-20/361.npy,LINEAR-WIDE-20
0.013424111,0.03637381,0.81000686,0.7388092,0.81011814,-0.99483234,0.99706715,1.9918994903564453,-0.034091774,1.3752079,-0.3314857638400285,4316406.25,3.8463685e-07,1.3120615e-07,0.9417580607290812,0.007329150082068106,/content/drive/MyDrive/N-MON/ALTRO/spectograms/LINEAR-WIDE-20/362.npy,LINEAR-WIDE-20
-0.02202794,-0.0267636,0.8119494,0.74267656,0.8122482,-0.99528575,0.99647063,1.9917563945055008,0.037006043,1.3697351,-0.322297825149236,-3945312.5,4.9548606e-07,1.3034162e-07,0.9476710917035869,0.0050557776434340075,/content/drive/MyDrive/N-MON/ALTRO/spectograms/LINEAR-WIDE-20/363.npy,LINEAR-WIDE-20
-0.010302587,-0.027174987,0.8063044,0.73675245,0.80637026,-0.9958831,0.9959583,1.9918414056301117,0.02409355,1.3814714,-0.28641722192687624,3632812.5,4.409623e-07,1.3100862e-07,0.9474010542369529,0.009516134015307232,/content/drive/MyDrive/N-MON/ALTRO/spectograms/LINEAR-WIDE-20/364.npy,LINEAR-WIDE-20
0.006595989,-0.0108695775,0.8097161,0.7382776,0.8097429,-0.995139,0.9967833,1.9919223487377167,-0.009522582,1.3774042,-0.31421186306192184,4316406.25,4.0296703e-07,1.3109721e-07,0.940304058439243,0.01021841837427721,/content/drive/MyDrive/N-MON/ALTRO/spectograms/LINEAR-WIDE-20/365.npy,LINEAR-WIDE-20
-0.010377875,-0.017339472,0.80815834,0.73815197,0.80822504,-0.99366695,0.9981868,1.9918537884950638,0.030559223,1.378277,-0.31469337994789826,3652343.75,4.340323e-07,1.3051712e-07,0.943620907319521,0.005634291018345878,/content/drive/MyDrive/N-MON/ALTRO/spectograms/LINEAR-WIDE-20/366.npy,LINEAR-WIDE-20
-0.006240348,-0.026546266,0.8094336,0.74000686,0.80945766,-0.9951946,0.9967491,1.9919437319040298,0.023127615,1.3736538,-0.30590209198090357,4746093.75,4.1509102e-07,1.3129534e-07,0.9495904517290152,0.004406268402083128,/content/drive/MyDrive/N-MON/ALTRO/spectograms/LINEAR-WIDE-20/367.npy,LINEAR-WIDE-20
-0.001038909,-0.017723218,0.7834425,0.70523244,0.78344315,-0.90830064,0.92745334,1.835753932595253,0.01445273,1.4462262,-0.17068320734542042,-4414062.5,4.715269e-07,1.2143956e-07,0.9431935316880311,0.011426658826250456,/content/drive/MyDrive/N-MON/ALTRO/spectograms/LINEAR-WIDE-20/368.npy,LINEAR-WIDE-20
0.012452202,-0.0034896103,0.80768555,0.73647,0.8077815,-0.99545693,0.99644524,1.991902157664299,-0.017660225,1.3815033,-0.31178562360984696,-4550781.25,3.909708e-07,1.3092487e-07,0.9368622521673597,0.011751237730740443,/content/drive/MyDrive/N-MON/ALTRO/spectograms/LINEAR-WIDE-20/369.npy,LINEAR-WIDE-20
-0.0095784,-0.018038016,0.80518323,0.7311659,0.80524015,-0.994536,0.99737763,1.9919136017560959,0.019166604,1.3931015,-0.3116172812384087,4316406.25,3.8940905e-07,1.309543e-07,0.9451416935196644,0.005424742790986887,/content/drive/MyDrive/N-MON/ALTRO/spectograms/LINEAR-WIDE-20/370.npy,LINEAR-WIDE-20
-0.025417944,-0.09143466,0.8050003,0.733924,0.8054015,-0.9936916,0.9905114,1.9842030256986618,0.07049414,1.3878306,-0.277311848621845,4824218.75,4.1961226e-07,1.316631e-07,0.9492887489597692,0.004792355422586987,/content/drive/MyDrive/N-MON/ALTRO/spectograms/LINEAR-WIDE-20/371.npy,LINEAR-WIDE-20
0.008317072,0.026144914,0.80053014,0.72866267,0.8005733,-0.98752725,0.99870515,1.9862323850393295,-0.013580637,1.3956974,-0.2556912926427791,-4335937.5,3.9398748e-07,1.3081902e-07,0.943245682389428,0.011062543210740081,/content/drive/MyDrive/N-MON/ALTRO/spectograms/LINEAR-WIDE-20/372.npy,LINEAR-WIDE-20
-0.007662934,-0.009596257,0.80454415,0.7323638,0.8045807,-0.99394655,0.99789226,1.9918387830257416,0.013762779,1.3895742,-0.29142483952872233,4843750.0,4.5316108e-07,1.3206585e-07,0.9455492613250462,0.007557827143800672,/content/drive/MyDrive/N-MON/ALTRO/spectograms/LINEAR-WIDE-20/373.npy,LINEAR-WIDE-20
-0.0071507655,-0.0035115753,0.80398506,0.73302406,0.80401695,-0.99548507,0.99636,1.9918451011180878,0.01491036,1.3845696,-0.24757315733993768,4609375.0,3.9755616e-07,1.310987e-07,0.9436505863918465,0.00377285551067722,/content/drive/MyDrive/N-MON/ALTRO/spectograms/LINEAR-WIDE-20/374.npy,LINEAR-WIDE-20
0.0048446693,0.0043733306,0.8041613,0.73317397,0.80417585,-0.9954654,0.99637675,1.991842120885849,-0.013694824,1.3868756,-0.27450221377518436,4960937.5,3.835954e-07,1.313673e-07,0.9509885311326421,0.006861460942797417,/content/drive/MyDrive/N-MON/ALTRO/spectograms/LINEAR-WIDE-20/375.npy,LINEAR-WIDE-20
0.00861273,0.012258278,0.80653095,0.7335227,0.8065769,-0.9953042,0.99656117,1.9918653666973114,-0.0109939305,1.3878803,-0.30071606884080115,4570312.5,4.0690065e-07,1.3184142e-07,0.9406556749327318,0.013203165797910296,/content/drive/MyDrive/N-MON/ALTRO/spectograms/LINEAR-WIDE-20/376.npy,LINEAR-WIDE-20
0.00842265,0.013285942,0.79594344,0.7242755,0.795988,-0.91837317,0.99753934,1.9159125238656998,-0.0031706588,1.4016032,-0.2140774398177322,4335937.5,6.0835566e-07,1.290989e-07,0.940510978435402,0.007970810945782818,/content/drive/MyDrive/N-MON/ALTRO/spectograms/LINEAR-WIDE-20/377.npy,LINEAR-WIDE-20
0.012055579,0.028946172,0.80664194,0.73513716,0.806732,-0.99432963,0.9975786,1.9919082522392273,-0.024886992,1.3829532,-0.3041397292021407,-4296875.0,3.8504064e-07,1.3134121e-07,0.9467470295953307,0.004830159868758561,/content/drive/MyDrive/N-MON/ALTRO/spectograms/LINEAR-WIDE-20/378.npy,LINEAR-WIDE-20
-0.02018555,-0.017386645,0.8097293,0.7388364,0.80998087,-0.99369717,0.9980572,1.991754338145256,0.037899677,1.3733124,-0.29905609784028553,4824218.75,4.083587e-07,1.315127e-07,0.9495703493526879,0.007869890307820303,/content/drive/MyDrive/N-MON/ALTRO/spectograms/LINEAR-WIDE-20/379.npy,LINEAR-WIDE-20
0.013144571,0.011904145,0.8107512,0.740599,0.8108577,-0.9956937,0.9962101,1.9919037520885468,-0.03158057,1.3709265,-0.32437157032813346,-4550781.25,3.8644652e-07,1.3100265e-07,0.9398030621516585,0.01249350519352057,/content/drive/MyDrive/N-MON/ALTRO/spectograms/LINEAR-WIDE-20/380.npy,LINEAR-WIDE-20
0.0030197564,0.016916405,0.82218957,0.7561041,0.8221951,-0.9945578,0.9973873,1.9919451028108597,-0.008245755,1.3398551,-0.38173500129045934,-4726562.5,5.851751e-07,1.3651972e-07,0.9431848465055446,0.004934327796514977,/content/drive/MyDrive/N-MON/ALTRO/spectograms/LINEAR-WIDE-20/381.npy,LINEAR-WIDE-20
-0.0154930055,-0.041132618,0.8123458,0.7427087,0.81249356,-0.99402606,0.9977599,1.9917859584093094,0.045184605,1.3686066,-0.3257284764910332,4609375.0,3.8489554e-07,1.3087651e-07,0.9479211412855313,0.004877752612242991,/content/drive/MyDrive/N-MON/ALTRO/spectograms/LINEAR-WIDE-20/382.npy,LINEAR-WIDE-20
0.007839593,0.02788765,0.80416495,0.7319834,0.8042032,-0.99528503,0.9965894,1.9918744564056396,-0.013040384,1.3899939,-0.29109008778891543,-4765625.0,5.038011e-07,1.3083553e-07,0.9492153331411307,0.008979275947787671,/content/drive/MyDrive/N-MON/ALTRO/spectograms/LINEAR-WIDE-20/383.npy,LINEAR-WIDE-20
0.012829294,0.013684681,0.8057117,0.73341286,0.80581385,-0.99410236,0.9977364,1.9918387532234192,-0.024030153,1.3850555,-0.29867469349875375,-4414062.5,3.8650944e-07,1.3161113e-07,0.9390582302735633,0.012704973963102054,/content/drive/MyDrive/N-MON/ALTRO/spectograms/LINEAR-WIDE-20/384.npy,LINEAR-WIDE-20
-0.0057240212,-0.001479951,0.8000557,0.72642624,0.8000761,-0.9935269,0.9673684,1.9608952850103378,0.0027832594,1.4010822,-0.26111863135799773,-4003906.25,4.6604842e-07,1.2949026e-07,0.9385860660561336,0.007194540664179811,/content/drive/MyDrive/N-MON/ALTRO/spectograms/LINEAR-WIDE-20/385.npy,LINEAR-WIDE-20
0.0032056065,0.01287538,0.8085806,0.73847693,0.8085869,-0.99464846,0.99719024,1.991838738322258,-0.011276294,1.3738585,-0.29235097813898137,-4667968.75,4.013891e-07,1.3165209e-07,0.9477556723762406,0.00394377117024863,/content/drive/MyDrive/N-MON/ALTRO/spectograms/LINEAR-WIDE-20/386.npy,LINEAR-WIDE-20
0.0007806211,0.0082385745,0.79861474,0.72344255,0.7986151,-0.9955146,0.99638814,1.991902694106102,-0.000501866,1.41115,-0.28028064445571943,-3886718.75,4.506765e-07,1.3043055e-07,0.9502166247486323,0.00812444564399443,/content/drive/MyDrive/N-MON/ALTRO/spectograms/LINEAR-WIDE-20/387.npy,LINEAR-WIDE-20
0.016981585,0.005169272,0.80970365,0.7393687,0.8098817,-0.994758,0.9971329,1.9918909072875977,-0.026618287,1.3771038,-0.32591684784313213,3691406.25,4.8393014e-07,1.3117642e-07,0.9402122515645234,0.013431845501846026,/content/drive/MyDrive/N-MON/ALTRO/spectograms/LINEAR-WIDE-20/388.npy,LINEAR-WIDE-20
0.010157388,0.013673295,0.80481285,0.73102355,0.8048769,-0.9940933,0.9978245,1.9919178038835526,-0.011220682,1.3940908,-0.31523221944531266,-4472656.25,3.916111e-07,1.2925938e-07,0.9371321345903675,0.007286608792850256,/content/drive/MyDrive/N-MON/ALTRO/spectograms/LINEAR-WIDE-20/389.npy,LINEAR-WIDE-20
-0.02020488,-0.017456185,0.8132038,0.74647874,0.81345475,-0.9936568,0.99814224,1.9917990565299988,0.03890168,1.3586375,-0.3168794114045773,4453125.0,4.5473035e-07,1.3134974e-07,0.9466007538868556,0.004824283330076954,/content/drive/MyDrive/N-MON/ALTRO/spectograms/LINEAR-WIDE-20/390.npy,LINEAR-WIDE-20
-0.0066868793,-0.026351519,0.81122154,0.7435209,0.8112491,-0.9949739,0.9969053,1.991879254579544,0.021013096,1.3646611,-0.29816447094216436,4335937.5,3.9651837e-07,1.292632e-07,0.9471966514035203,0.009595157333168597,/content/drive/MyDrive/N-MON/ALTRO/spectograms/LINEAR-WIDE-20/391.npy,LINEAR-WIDE-20
-0.0053959484,-0.010819645,0.82223433,0.75550294,0.8222521,-0.9950313,0.99683446,1.9918657392263412,0.006288557,1.3416731,-0.3856834125017913,4667968.75,4.400834e-07,1.3784378e-07,0.9368171613240058,0.01157176214523672,/content/drive/MyDrive/N-MON/ALTRO/spectograms/LINEAR-WIDE-20/392.npy,LINEAR-WIDE-20
0.012819565,0.022449704,0.8103873,0.7374298,0.8104887,-0.99316454,0.998759,1.9919234663248062,-0.020188184,1.3801922,-0.36108446563267826,4199218.75,3.877242e-07,1.2826956e-07,0.9404960826363763,0.0047515286060810505,/content/drive/MyDrive/N-MON/ALTRO/spectograms/LINEAR-WIDE-20/393.npy,LINEAR-WIDE-20
0.0055831308,0.01294734,0.8076369,0.7357843,0.80765617,-0.9947344,0.99713624,1.9918706864118576,-0.012822107,1.3818733,-0.31562656633418673,-4667968.75,5.8519333e-07,1.3178212e-07,0.9493354511285345,0.004456163226582437,/content/drive/MyDrive/N-MON/ALTRO/spectograms/LINEAR-WIDE-20/394.npy,LINEAR-WIDE-20
0.020369934,0.06813083,0.8090411,0.73878175,0.8092975,-0.99412626,0.9976289,1.991755187511444,-0.045920365,1.3777822,-0.3128079695002387,4062500.0,3.8536047e-07,1.281903e-07,0.9478505413047401,0.00951333127258437,/content/drive/MyDrive/N-MON/ALTRO/spectograms/LINEAR-WIDE-20/395.npy,LINEAR-WIDE-20
-0.0012094748,-0.0030691482,0.81078035,0.7399064,0.81078124,-0.9951602,0.9967093,1.9918694645166397,-0.00052807835,1.3754929,-0.3395993279497943,-2519531.25,5.9421814e-07,1.3214378e-07,0.9378881952538569,0.010403434066403051,/content/drive/MyDrive/N-MON/ALTRO/spectograms/LINEAR-WIDE-20/396.npy,LINEAR-WIDE-20
-0.0077424287,0.012672961,0.80478895,0.7330144,0.80482626,-0.994894,0.996997,1.9918910562992096,0.014719035,1.3871913,-0.27420065858596676,4121093.75,4.0069295e-07,1.287955e-07,0.9435300516353643,0.004476066445031162,/content/drive/MyDrive/N-MON/ALTRO/spectograms/LINEAR-WIDE-20/397.npy,LINEAR-WIDE-20
-0.0027481667,0.0039268527,0.814185,0.7440944,0.8141897,-0.9960421,0.9958285,1.9918705821037292,-0.0062033446,1.366122,-0.35957277219518524,-3789062.5,4.4303727e-07,1.3101973e-07,0.9498736689401851,0.005787957537128726,/content/drive/MyDrive/N-MON/ALTRO/spectograms/LINEAR-WIDE-20/398.npy,LINEAR-WIDE-20
-0.005502022,-0.008861398,0.8067605,0.7359293,0.80677927,-0.9931745,0.9987339,1.9919083714485168,0.008990166,1.3826582,-0.3042180499484105,3632812.5,4.265924e-07,1.2884419e-07,0.9428333732991163,0.012196074425599435,/content/drive/MyDrive/N-MON/ALTRO/spectograms/LINEAR-WIDE-20/399.npy,LINEAR-WIDE-20
-0.0032067127,0.0050814766,0.8234028,0.7559898,0.823409,-0.9947241,0.9971864,1.99191053211689,0.0055802595,1.3398184,-0.403397938896645,-4570312.5,3.7091695e-07,1.356915e-07,0.9352881800237831,0.009477128096022988,/content/drive/MyDrive/N-MON/ALTRO/spectograms/LINEAR-WIDE-20/400.npy,LINEAR-WIDE-20
0.015136877,0.035464764,0.7993349,0.7257883,0.79947823,-0.9880503,0.9962135,1.9842637479305267,-0.031445265,1.4050438,-0.2760653633316271,4394531.25,4.870911e-07,1.3033959e-07,0.9443117294353458,0.0038750279049473563,/content/drive/MyDrive/N-MON/ALTRO/spectograms/LINEAR-WIDE-20/401.npy,LINEAR-WIDE-20
-0.009426609,-0.037106045,0.8073623,0.73676133,0.80741733,-0.99407244,0.9978148,1.9918872267007828,0.031535845,1.3790067,-0.2831906018032032,-3964843.75,4.0759298e-07,1.2792191e-07,0.9496135667022143,0.005772874174475131,/content/drive/MyDrive/N-MON/ALTRO/spectograms/LINEAR-WIDE-20/402.npy,LINEAR-WIDE-20
-0.018464224,-0.048913285,0.8088054,0.7389962,0.8090161,-0.99390304,0.9978744,1.9917774200439453,0.04401293,1.3730536,-0.2941181135822514,-4785156.25,4.8820965e-07,1.3140804e-07,0.9446290741805763,0.010998397355328097,/content/drive/MyDrive/N-MON/ALTRO/spectograms/LINEAR-WIDE-20/403.npy,LINEAR-WIDE-20
-0.015834678,-0.032303885,0.8057076,0.735432,0.80586314,-0.9930474,0.99877936,1.9918267875909805,0.033078983,1.3847796,-0.3029431015519092,-4453125.0,3.881388e-07,1.2737392e-07,0.9359173104163038,0.009708388468660246,/content/drive/MyDrive/N-MON/ALTRO/spectograms/LINEAR-WIDE-20/404.npy,LINEAR-WIDE-20
0.0075490507,0.012959004,0.80640393,0.7374149,0.80643934,-0.99472165,0.9971751,1.9918967485427856,-0.00849594,1.381439,-0.3118083669948116,-4667968.75,5.114714e-07,1.3017365e-07,0.9466946560903549,0.0036497950262234682,/content/drive/MyDrive/N-MON/ALTRO/spectograms/LINEAR-WIDE-20/405.npy,LINEAR-WIDE-20
-0.00030746748,-0.05632402,0.8055876,0.7358374,0.80558765,-0.9936208,0.9981813,1.9918020814657211,0.019924399,1.3829293,-0.29664671914456,4902343.75,3.5723653e-07,1.2651392e-07,0.9499833501893296,0.007909133611208366,/content/drive/MyDrive/N-MON/ALTRO/spectograms/LINEAR-WIDE-20/406.npy,LINEAR-WIDE-20
0.005953202,-0.0034780584,0.8066216,0.7355912,0.8066436,-0.99554884,0.9963714,1.9919202625751495,-0.0034596466,1.3850863,-0.3129649215146514,-3964843.75,4.6783865e-07,1.3122147e-07,0.9426030525715509,0.01222304671612562,/content/drive/MyDrive/N-MON/ALTRO/spectograms/LINEAR-WIDE-20/407.npy,LINEAR-WIDE-20
0.012404798,0.028774831,0.8034398,0.7326996,0.8035356,-0.9789636,0.9975033,1.9764669239521027,-0.020465067,1.3881729,-0.26765554896189603,3964843.75,4.1658006e-07,1.2755204e-07,0.9379836131233646,0.008888261734094325,/content/drive/MyDrive/N-MON/ALTRO/spectograms/LINEAR-WIDE-20/408.npy,LINEAR-WIDE-20
0.0075804326,0.032119535,0.8345048,0.7718264,0.83453923,-0.99511606,0.996796,1.991912066936493,-0.017994996,1.3120276,-0.47150274908368506,-3945312.5,4.20439e-07,1.4056445e-07,0.9532254664638378,0.00557999450290804,/content/drive/MyDrive/N-MON/ALTRO/spectograms/LINEAR-WIDE-20/409.npy,LINEAR-WIDE-20
0.007437258,0.004696594,0.8067282,0.73380536,0.80676246,-0.9952564,0.9966192,1.9918756783008575,-0.0062055504,1.3876435,-0.32079251924821606,3632812.5,4.260276e-07,1.2972731e-07,0.9493394975590892,0.0072594078735779815,/content/drive/MyDrive/N-MON/ALTRO/spectograms/LINEAR-WIDE-20/410.npy,LINEAR-WIDE-20
-0.0036375942,-0.033779617,0.8050106,0.7338543,0.80501884,-0.99457747,0.9972737,1.9918511807918549,0.017314801,1.3866817,-0.28919124859202683,-3828125.0,3.9978147e-07,1.3117923e-07,0.9393136303652103,0.014661926059839814,/content/drive/MyDrive/N-MON/ALTRO/spectograms/LINEAR-WIDE-20/411.npy,LINEAR-WIDE-20
-0.008381312,-0.018128319,0.8106226,0.7408572,0.8106659,-0.9945253,0.9973738,1.9918991178274155,0.013697376,1.3722786,-0.3131927756643541,4394531.25,4.7651105e-07,1.3082082e-07,0.9400819078554361,0.006257221986816393,/content/drive/MyDrive/N-MON/ALTRO/spectograms/LINEAR-WIDE-20/412.npy,LINEAR-WIDE-20
-0.0003267498,-0.0028228555,0.80702186,0.7363091,0.8070219,-0.9948257,0.9970078,1.9918334931135178,0.00014519927,1.3789825,-0.2896767397484946,-4472656.25,3.8447405e-07,1.2819638e-07,0.9428281487227826,0.010263938271728152,/content/drive/MyDrive/N-MON/ALTRO/spectograms/LINEAR-WIDE-20/413.npy,LINEAR-WIDE-20
0.0028844022,0.017097669,0.80569696,0.7348073,0.80570215,-0.99437255,0.9975152,1.991887778043747,-0.007334757,1.383872,-0.3224038470778262,4511718.75,5.2314715e-07,1.305374e-07,0.9484597360269565,0.010023263236436238,/content/drive/MyDrive/N-MON/ALTRO/spectograms/LINEAR-WIDE-20/414.npy,LINEAR-WIDE-20
-0.0063361656,-0.012645631,0.8037206,0.73076135,0.80374557,-0.9929901,0.9989016,1.9918917119503021,0.015734566,1.3917574,-0.2810076082940577,-4921875.0,4.137858e-07,1.3106254e-07,0.9377575795827668,0.013397821503543314,/content/drive/MyDrive/N-MON/ALTRO/spectograms/LINEAR-WIDE-20/415.npy,LINEAR-WIDE-20
0.0027873262,0.0162891,0.8060719,0.73501426,0.8060767,-0.9952019,0.99671876,1.9919206649065018,-0.0073944805,1.3838243,-0.30314712232364915,-4785156.25,4.4975113e-07,1.3080866e-07,0.9412081191103674,0.005910583116630641,/content/drive/MyDrive/N-MON/ALTRO/spectograms/LINEAR-WIDE-20/416.npy,LINEAR-WIDE-20
-0.008656462,-0.0110338675,0.8104109,0.7403773,0.81045717,-0.99513197,0.996741,1.9918729811906815,0.021780629,1.3712772,-0.3096790065781373,-3945312.5,3.7559258e-07,1.3292299e-07,0.9399887599268092,0.005826837798659979,/content/drive/MyDrive/N-MON/ALTRO/spectograms/LINEAR-WIDE-20/417.npy,LINEAR-WIDE-20
-0.0010173335,-0.00931135,0.80683976,0.734406,0.8068404,-0.99337924,0.99846137,1.9918405711650848,3.3471977e-05,1.3851602,-0.302197387005788,-4765625.0,4.7451815e-07,1.3035225e-07,0.9459816677532147,0.009733207998405536,/content/drive/MyDrive/N-MON/ALTRO/spectograms/LINEAR-WIDE-20/418.npy,LINEAR-WIDE-20
0.0056317737,-0.0073964237,0.7997754,0.72782093,0.7997952,-0.98209447,0.99631625,1.9784107357263565,-0.006723273,1.3982247,-0.2501040954784398,-5000000.0,4.117213e-07,1.3182282e-07,0.9393342751910199,0.013720778185355607,/content/drive/MyDrive/N-MON/ALTRO/spectograms/LINEAR-WIDE-20/419.npy,LINEAR-WIDE-20
0.004201883,-0.008978967,0.8078956,0.73679835,0.80790657,-0.993139,0.99876446,1.991903468966484,0.008851594,1.3811227,-0.31086665679610725,-3847656.25,4.7737916e-07,1.311194e-07,0.9413045202765313,0.005567511333799429,/content/drive/MyDrive/N-MON/ALTRO/spectograms/LINEAR-WIDE-20/420.npy,LINEAR-WIDE-20
0.008429247,0.0016657955,0.8126462,0.74437314,0.81268996,-0.9942539,0.99761015,1.9918640404939651,-0.011761437,1.3628004,-0.3289829801840388,-4667968.75,4.2975503e-07,1.3214482e-07,0.9472149655916254,0.004318600417305423,/content/drive/MyDrive/N-MON/ALTRO/spectograms/LINEAR-WIDE-20/421.npy,LINEAR-WIDE-20
0.0077064857,0.009668063,0.79628533,0.722994,0.7963226,-0.9551641,0.9823244,1.9374884814023972,-0.0121069215,1.4061638,-0.21638840259068115,-4902343.75,3.8129053e-07,1.3117938e-07,0.9455825643462834,0.01096699188618369,/content/drive/MyDrive/N-MON/ALTRO/spectograms/LINEAR-WIDE-20/422.npy,LINEAR-WIDE-20
-0.009454611,-0.007901164,0.7924317,0.7189946,0.7924881,-0.9570178,0.9103202,1.8673380464315414,0.014888019,1.4125106,-0.16957838532154235,-3632812.5,4.3531833e-07,1.2459674e-07,0.9369670253679978,0.010060019675473167,/content/drive/MyDrive/N-MON/ALTRO/spectograms/LINEAR-WIDE-20/423.npy,LINEAR-WIDE-20
-0.013570372,-0.01854847,0.8049942,0.7330938,0.8051086,-0.99481726,0.9970385,1.9918557852506638,0.023008717,1.388094,-0.28966191413274356,3671875.0,4.403557e-07,1.307503e-07,0.9413225313804553,0.005646424378955602,/content/drive/MyDrive/N-MON/ALTRO/spectograms/LINEAR-WIDE-20/424.npy,LINEAR-WIDE-20
-0.014431668,-0.048646666,0.8084574,0.7390997,0.8085861,-0.9936143,0.9982304,1.9918447136878967,0.050888702,1.3761277,-0.2961975019666544,-4492187.5,3.9797183e-07,1.2923184e-07,0.9498858232372478,0.005180781318925925,/content/drive/MyDrive/N-MON/ALTRO/spectograms/LINEAR-WIDE-20/425.npy,LINEAR-WIDE-20
-0.011399584,-0.019000787,0.8073439,0.73609364,0.80742437,-0.99554825,0.9963853,1.991933524608612,0.025209274,1.3836187,-0.31617459478662824,4335937.5,4.4568444e-07,1.3060938e-07,0.9464799516082176,0.010545013162274765,/content/drive/MyDrive/N-MON/ALTRO/spectograms/LINEAR-WIDE-20/426.npy,LINEAR-WIDE-20
0.0007351284,0.005131514,0.8068651,0.7343857,0.8068654,-0.9947597,0.9971102,1.9918698519468307,-0.006243965,1.387239,-0.3172805406219378,4414062.5,4.0982428e-07,1.3163768e-07,0.9365409569823938,0.012179537078313077,/content/drive/MyDrive/N-MON/ALTRO/spectograms/LINEAR-WIDE-20/427.npy,LINEAR-WIDE-20
0.007194539,0.014779195,0.80411625,0.73060924,0.8041485,-0.9927707,0.9990469,1.9918175786733627,-0.011680889,1.3904878,-0.2762568816397223,4707031.25,4.1886642e-07,1.2982235e-07,0.9428174259123259,0.004462613747110529,/content/drive/MyDrive/N-MON/ALTRO/spectograms/LINEAR-WIDE-20/428.npy,LINEAR-WIDE-20
0.005482011,0.037482545,0.8027533,0.73104554,0.80277205,-0.9936611,0.99822253,1.991883635520935,-0.013355896,1.393179,-0.2883375922355019,4589843.75,4.0430194e-07,1.3110089e-07,0.9507105140417962,0.005257770420301795,/content/drive/MyDrive/N-MON/ALTRO/spectograms/LINEAR-WIDE-20/429.npy,LINEAR-WIDE-20
0.013663986,0.016992783,0.80533016,0.73476994,0.805446,-0.9945844,0.99732023,1.9919045865535736,-0.017956154,1.386546,-0.296791725961013,-4472656.25,3.8358553e-07,1.3018946e-07,0.9450735857673462,0.012291547260748952,/content/drive/MyDrive/N-MON/ALTRO/spectograms/LINEAR-WIDE-20/430.npy,LINEAR-WIDE-20
-0.008750807,-0.022283878,0.8044203,0.73211086,0.8044679,-0.9948611,0.9970225,1.9918836206197739,0.008490597,1.3919098,-0.2964408491929743,4492187.5,5.3608284e-07,1.3082476e-07,0.9358613926601731,0.01129145106417761,/content/drive/MyDrive/N-MON/ALTRO/spectograms/LINEAR-WIDE-20/431.npy,LINEAR-WIDE-20
-2.898407e-05,-0.009806733,0.80942804,0.7380441,0.80942804,-0.9940083,0.99779487,1.991803154349327,-0.002310058,1.3786596,-0.33221461148349374,-4570312.5,4.1636497e-07,1.2863714e-07,0.944835138658429,0.005214612558849699,/content/drive/MyDrive/N-MON/ALTRO/spectograms/LINEAR-WIDE-20/432.npy,LINEAR-WIDE-20
0.011956184,0.035852984,0.79710174,0.72244453,0.7971914,-0.9661752,0.9966444,1.9628195613622665,-0.02160807,1.4119651,-0.2631877394451304,-4746093.75,4.583044e-07,1.3088716e-07,0.9506875803175314,0.00472091084399997,/content/drive/MyDrive/N-MON/ALTRO/spectograms/LINEAR-WIDE-20/433.npy,LINEAR-WIDE-20
0.003604721,-0.009265569,0.80437785,0.73300374,0.80438596,-0.99351096,0.9983152,1.9918261766433716,-0.0029519638,1.3871007,-0.2617130562120443,4335937.5,3.9309944e-07,1.288344e-07,0.9359354916522548,0.009652261338696625,/content/drive/MyDrive/N-MON/ALTRO/spectograms/LINEAR-WIDE-20/434.npy,LINEAR-WIDE-20
0.005957564,0.068016455,0.80670285,0.736593,0.8067249,-0.9941968,0.9976638,1.9918605983257294,-0.021469496,1.380388,-0.2915856477407389,-4628906.25,4.829097e-07,1.3036282e-07,0.9373108048641607,0.01027080988069762,/content/drive/MyDrive/N-MON/ALTRO/spectograms/LINEAR-WIDE-20/435.npy,LINEAR-WIDE-20
0.013326261,0.04763259,0.7943865,0.7183478,0.7944983,-0.9561994,0.9967236,1.9529230147600174,-0.030777233,1.4187813,-0.237404034976482,4824218.75,3.8428223e-07,1.3104349e-07,0.9430517582359722,0.004407161906099956,/content/drive/MyDrive/N-MON/ALTRO/spectograms/LINEAR-WIDE-20/436.npy,LINEAR-WIDE-20
-0.0067723054,-0.041332047,0.80660737,0.73657984,0.80663574,-0.99441445,0.98188114,1.9762955754995346,0.014031886,1.3782337,-0.2888340947380287,4589843.75,5.6573987e-07,1.3078471e-07,0.9469462443995129,0.0044362975440609825,/content/drive/MyDrive/N-MON/ALTRO/spectograms/LINEAR-WIDE-20/437.npy,LINEAR-WIDE-20
-0.014057518,-0.041503254,0.8077002,0.7361781,0.8078225,-0.99445415,0.997416,1.991870179772377,0.03691337,1.381122,-0.29341840165988053,-4687500.0,4.6124526e-07,1.2998588e-07,0.9434661487202146,0.012240718013844267,/content/drive/MyDrive/N-MON/ALTRO/spectograms/LINEAR-WIDE-20/438.npy,LINEAR-WIDE-20
-0.014462327,-0.01568985,0.80435795,0.7325802,0.80448794,-0.99591714,0.9959121,1.9918292313814163,0.020193,1.3901408,-0.2854049178140202,3535156.25,4.126739e-07,1.3043616e-07,0.9365027286395375,0.01149387326635791,/content/drive/MyDrive/N-MON/ALTRO/spectograms/LINEAR-WIDE-20/439.npy,LINEAR-WIDE-20
0.006134597,0.013744273,0.8082452,0.7378936,0.8082685,-0.99375147,0.9981064,1.9918579012155533,-0.014594792,1.3775289,-0.30084176764393,-3867187.5,4.5943762e-07,1.3031405e-07,0.9432378407959887,0.005754623133353177,/content/drive/MyDrive/N-MON/ALTRO/spectograms/LINEAR-WIDE-20/440.npy,LINEAR-WIDE-20
0.0020922814,0.006859671,0.79864633,0.7255172,0.7986491,-0.99293834,0.99894977,1.9918881356716156,0.0039527277,1.4047037,-0.2618136677075552,3652343.75,4.8991444e-07,1.2888319e-07,0.9492517766145558,0.004852656099436225,/content/drive/MyDrive/N-MON/ALTRO/spectograms/LINEAR-WIDE-20/441.npy,LINEAR-WIDE-20
0.0064511043,-0.0076699676,0.8091597,0.73910373,0.8091854,-0.99581116,0.9960333,1.9918444603681564,-0.006968692,1.3741758,-0.31142431000788495,-3808593.75,4.0234983e-07,1.2849048e-07,0.9448319780643293,0.0113854061425376,/content/drive/MyDrive/N-MON/ALTRO/spectograms/LINEAR-WIDE-20/442.npy,LINEAR-WIDE-20
-0.002729581,-0.02574492,0.8069751,0.7359263,0.8069798,-0.9942087,0.99764365,1.991852343082428,0.019936768,1.3802469,-0.289401454399255,4414062.5,4.6554698e-07,1.312034e-07,0.9405584602509565,0.010543350709170451,/content/drive/MyDrive/N-MON/ALTRO/spectograms/LINEAR-WIDE-20/443.npy,LINEAR-WIDE-20
0.0037415961,0.03518351,0.80534345,0.73631495,0.8053522,-0.99604875,0.99585336,1.9919021129608154,-0.0133492565,1.3829755,-0.2883701413222105,4746093.75,4.1075876e-07,1.2736531e-07,0.9406111768891539,0.006424966730915972,/content/drive/MyDrive/N-MON/ALTRO/spectograms/LINEAR-WIDE-20/444.npy,LINEAR-WIDE-20
0.00024163436,0.01253877,0.8036216,0.7302678,0.8036216,-0.99509174,0.9967735,1.9918652325868607,-0.0065566497,1.3929931,-0.2837870462359319,-4667968.75,4.7562588e-07,1.3127845e-07,0.9503860723410016,0.0047620293779693105,/content/drive/MyDrive/N-MON/ALTRO/spectograms/LINEAR-WIDE-20/445.npy,LINEAR-WIDE-20
0.022877129,0.02954517,0.81213486,0.74199545,0.812457,-0.99388117,0.9978191,1.9917003214359283,-0.04740335,1.3650107,-0.292815949405557,4609375.0,3.7473478e-07,1.2793132e-07,0.9477574623817758,0.009224159888256749,/content/drive/MyDrive/N-MON/ALTRO/spectograms/LINEAR-WIDE-20/446.npy,LINEAR-WIDE-20
-0.00072642136,0.02880493,0.8089142,0.7382738,0.8089145,-0.99442786,0.9974879,1.9919157922267914,-0.0048807547,1.3761269,-0.29690109370698636,-4707031.25,4.9105716e-07,1.3091872e-07,0.9393079174515542,0.012197114284656236,/content/drive/MyDrive/N-MON/ALTRO/spectograms/LINEAR-WIDE-20/447.npy,LINEAR-WIDE-20
0.008071581,-0.0015910554,0.8082057,0.73763967,0.808246,-0.99357146,0.99832326,1.9918947219848633,-0.006590823,1.3776766,-0.32359957485948077,-4140625.0,3.9696317e-07,1.3047456e-07,0.9442125224214417,0.004268552090777968,/content/drive/MyDrive/N-MON/ALTRO/spectograms/LINEAR-WIDE-20/448.npy,LINEAR-WIDE-20
0.004760374,-0.026302062,0.80720365,0.73695683,0.8072177,-0.99488807,0.99698806,1.9918761551380157,-0.0070499894,1.3789625,-0.29911060470073025,-3945312.5,4.5335145e-07,1.3097755e-07,0.9479129652967422,0.004594891015103384,/content/drive/MyDrive/N-MON/ALTRO/spectograms/LINEAR-WIDE-20/449.npy,LINEAR-WIDE-20
-0.00489742,-0.0035101916,0.8066747,0.73489916,0.8066896,-0.9955414,0.99634975,1.991891160607338,0.008061389,1.3825827,-0.301347220976509,4589843.75,4.0895733e-07,1.3145348e-07,0.9472173604589367,0.010055661148996194,/content/drive/MyDrive/N-MON/ALTRO/spectograms/LINEAR-WIDE-20/450.npy,LINEAR-WIDE-20
-0.017655151,-0.03420805,0.81197333,0.7417212,0.8121652,-0.9951936,0.99671775,1.9919113665819168,0.039989423,1.3720793,-0.32331587987042376,4785156.25,3.9216704e-07,1.316784e-07,0.9394932158066973,0.012590574641905387,/content/drive/MyDrive/N-MON/ALTRO/spectograms/LINEAR-WIDE-20/451.npy,LINEAR-WIDE-20
-0.0029269739,0.003019807,0.80767244,0.7357284,0.8076778,-0.99285805,0.99904,1.991898074746132,-0.0013691587,1.3798162,-0.303896806102678,-3847656.25,4.449123e-07,1.3033471e-07,0.9421466143869492,0.006301303606981701,/content/drive/MyDrive/N-MON/ALTRO/spectograms/LINEAR-WIDE-20/452.npy,LINEAR-WIDE-20
-0.0063419873,-0.024572855,0.8101493,0.74137276,0.81017417,-0.993226,0.99867433,1.9919003248214722,0.02509228,1.3723209,-0.31464617781315696,-4667968.75,4.2936264e-07,1.316661e-07,0.9474148054945517,0.003912604875735341,/content/drive/MyDrive/N-MON/ALTRO/spectograms/LINEAR-WIDE-20/453.npy,LINEAR-WIDE-20
-0.024843514,-0.0343015,0.80978745,0.7382611,0.8101684,-0.9948019,0.9969428,1.9917446821928024,0.04395333,1.3774245,-0.3288902529642269,-3886718.75,4.7631042e-07,1.2942614e-07,0.9477097065380424,0.008936705151964375,/content/drive/MyDrive/N-MON/ALTRO/spectograms/LINEAR-WIDE-20/454.npy,LINEAR-WIDE-20
-0.008715326,-0.04263503,0.8048401,0.73342407,0.80488724,-0.9954806,0.9964084,1.9918889999389648,0.026231173,1.3861704,-0.2841678212044513,3691406.25,4.48236e-07,1.2909993e-07,0.9385728863764498,0.01367215439626722,/content/drive/MyDrive/N-MON/ALTRO/spectograms/LINEAR-WIDE-20/455.npy,LINEAR-WIDE-20
0.011365942,0.016545778,0.80492926,0.7337675,0.80500954,-0.97964436,0.99689114,1.9765354990959167,-0.023395473,1.3859081,-0.27571524370101763,-4980468.75,3.8307454e-07,1.287265e-07,0.9387326312721918,0.007586491821641262,/content/drive/MyDrive/N-MON/ALTRO/spectograms/LINEAR-WIDE-20/456.npy,LINEAR-WIDE-20
-0.011300083,-0.0406166,0.81315345,0.7428476,0.81323195,-0.9936289,0.99831104,1.9919399470090866,0.030367043,1.3707824,-0.3523146787257111,4902343.75,4.326305e-07,1.3388177e-07,0.9424879154015318,0.007443960903012598,/content/drive/MyDrive/N-MON/ALTRO/spectograms/LINEAR-WIDE-20/457.npy,LINEAR-WIDE-20
0.008310311,-0.0039101536,0.80741906,0.7378972,0.80746186,-0.99583507,0.99604535,1.9918803870677948,-0.0079513155,1.3784912,-0.30846197209268944,4179687.5,3.8251414e-07,1.2805181e-07,0.9485673304333898,0.008241904660795801,/content/drive/MyDrive/N-MON/ALTRO/spectograms/LINEAR-WIDE-20/458.npy,LINEAR-WIDE-20
-0.013246541,-0.017377641,0.8038536,0.7314124,0.80396265,-0.9939155,0.99792117,1.991836667060852,0.026834218,1.3905361,-0.2798912145745841,4511718.75,4.9647144e-07,1.294824e-07,0.9398290788822421,0.013015042892679327,/content/drive/MyDrive/N-MON/ALTRO/spectograms/LINEAR-WIDE-20/459.npy,LINEAR-WIDE-20
0.004127284,0.022485096,0.80752665,0.7360529,0.8075372,-0.99288654,0.9990051,1.9918916523456573,-0.007275556,1.3809129,-0.2949392005477486,-4550781.25,3.8525374e-07,1.2651716e-07,0.9395519549066151,0.006734481752357615,/content/drive/MyDrive/N-MON/ALTRO/spectograms/LINEAR-WIDE-20/460.npy,LINEAR-WIDE-20
-0.013708265,-0.025469095,0.80841625,0.73813576,0.8085325,-0.9939889,0.9979347,1.9919236153364182,0.027989635,1.3783753,-0.3083584669288043,4472656.25,4.942571e-07,1.302626e-07,0.9466740162827842,0.005010229186408486,/content/drive/MyDrive/N-MON/ALTRO/spectograms/LINEAR-WIDE-20/461.npy,LINEAR-WIDE-20
0.0035751753,0.036588185,0.8145732,0.7456012,0.8145811,-0.99454623,0.9972012,1.9917474538087845,-0.0136533575,1.3611668,-0.343520997777108,-2382812.5,3.0012893e-07,1.3420069e-07,0.9516686799909015,0.004218450769760203,/content/drive/MyDrive/N-MON/ALTRO/spectograms/LINEAR-WIDE-20/462.npy,LINEAR-WIDE-20
0.008490294,0.019681279,0.8054143,0.733391,0.805459,-0.9900864,0.99614227,1.9862286150455475,-0.008839958,1.3883321,-0.30737623880840925,-4765625.0,4.522382e-07,1.3040086e-07,0.9404494455675304,0.01341610251948695,/content/drive/MyDrive/N-MON/ALTRO/spectograms/LINEAR-WIDE-20/463.npy,LINEAR-WIDE-20
-2.7572632e-05,-0.04176054,0.8361948,0.77518785,0.8361948,-0.99462956,0.99726725,1.991896778345108,0.0055331434,1.3037504,-0.45748888492083595,-4628906.25,4.2914405e-07,1.424347e-07,0.938833803967042,0.00679466815531922,/content/drive/MyDrive/N-MON/ALTRO/spectograms/LINEAR-WIDE-20/464.npy,LINEAR-WIDE-20
0.018306745,0.036081877,0.79886293,0.72313625,0.7990726,-0.9951074,0.9967024,1.9918098002672195,-0.043053366,1.4099538,-0.2690860862740073,-3847656.25,4.5768732e-07,1.2969087e-07,0.9439368709225482,0.004197120279368678,/content/drive/MyDrive/N-MON/ALTRO/spectograms/LINEAR-WIDE-20/465.npy,LINEAR-WIDE-20
0.0064601605,0.03601222,0.82130164,0.7548054,0.8213271,-0.99492764,0.99691886,1.9918465316295624,-0.027258607,1.3471124,-0.4119078825568946,4277343.75,4.123816e-07,1.3648813e-07,0.9407869570994036,0.005676544325878698,/content/drive/MyDrive/N-MON/ALTRO/spectograms/LINEAR-WIDE-20/466.npy,LINEAR-WIDE-20
0.0027506275,-0.010680044,0.80722326,0.73572016,0.8072279,-0.99475133,0.9970722,1.991823598742485,0.0051936423,1.3824378,-0.30771888326247876,-4882812.5,4.025309e-07,1.2883194e-07,0.9412732998289681,0.013823196617098413,/content/drive/MyDrive/N-MON/ALTRO/spectograms/LINEAR-WIDE-20/467.npy,LINEAR-WIDE-20
-0.02011702,-0.050434016,0.805411,0.7345956,0.80566216,-0.9955895,0.9886103,1.9841998219490051,0.045143683,1.3841575,-0.26949877377943665,4394531.25,4.6290074e-07,1.3087828e-07,0.9364066047887099,0.009021362370560306,/content/drive/MyDrive/N-MON/ALTRO/spectograms/LINEAR-WIDE-20/468.npy,LINEAR-WIDE-20
-0.003632216,-0.018509684,0.80427116,0.73405266,0.8042793,-0.9948677,0.97373086,1.9685985296964645,0.0073897243,1.3844638,-0.2688795730725345,4824218.75,4.0557327e-07,1.2750559e-07,0.9458400350756643,0.004566141983727638,/content/drive/MyDrive/N-MON/ALTRO/spectograms/LINEAR-WIDE-20/469.npy,LINEAR-WIDE-20
0.024897419,0.067688,0.8166583,0.74802834,0.8170377,-0.9946169,0.9971156,1.9917325377464294,-0.06213704,1.3589983,-0.3448971338030883,-4902343.75,5.030821e-07,1.3159047e-07,0.9500421572356391,0.00639318601237421,/content/drive/MyDrive/N-MON/ALTRO/spectograms/LINEAR-WIDE-20/470.npy,LINEAR-WIDE-20
0.0107700005,0.002271904,0.81122345,0.7413564,0.8112949,-0.9936786,0.9982004,1.9918790608644485,-0.01347422,1.369912,-0.30433205774751493,4492187.5,4.2034324e-07,1.3096677e-07,0.9430850352761957,0.012922114212109096,/content/drive/MyDrive/N-MON/ALTRO/spectograms/LINEAR-WIDE-20/471.npy,LINEAR-WIDE-20
-0.015145119,0.001665795,0.80836207,0.735751,0.8085039,-0.9942888,0.99760544,1.9918942302465439,0.031731363,1.3836803,-0.33444146934101415,-4785156.25,4.764753e-07,1.3079091e-07,0.9378040998551803,0.00988885764920569,/content/drive/MyDrive/N-MON/ALTRO/spectograms/LINEAR-WIDE-20/472.npy,LINEAR-WIDE-20
-0.016809136,-0.032706805,0.8110775,0.7421309,0.8112517,-0.9935482,0.99824816,1.9917963743209839,0.04219598,1.3712204,-0.3230811704366011,4980468.75,3.885815e-07,1.3050673e-07,0.9467845707419058,0.005096876742234958,/content/drive/MyDrive/N-MON/ALTRO/spectograms/LINEAR-WIDE-20/473.npy,LINEAR-WIDE-20
-0.0012239122,-0.007545498,0.80684847,0.7356291,0.8068494,-0.99561304,0.9962581,1.991871103644371,-0.0031905512,1.3819189,-0.3147057687967304,4960937.5,4.126437e-07,1.3113524e-07,0.9497644873223845,0.0063114751734027535,/content/drive/MyDrive/N-MON/ALTRO/spectograms/LINEAR-WIDE-20/474.npy,LINEAR-WIDE-20
0.0017825679,-0.018064713,0.8031657,0.7339056,0.80316764,-0.99436086,0.9974945,1.9918553978204727,0.0009911268,1.3882028,-0.29341833544486573,-4843750.0,4.2515813e-07,1.308164e-07,0.9453176764494549,0.010426819468003027,/content/drive/MyDrive/N-MON/ALTRO/spectograms/LINEAR-WIDE-20/475.npy,LINEAR-WIDE-20
-0.011805269,-0.01641846,0.80958927,0.7399109,0.8096754,-0.99275386,0.99914837,1.9919022470712662,0.019830465,1.3743864,-0.3191986600850668,-4003906.25,4.668499e-07,1.3006425e-07,0.9373035555845552,0.010632742080517846,/content/drive/MyDrive/N-MON/ALTRO/spectograms/LINEAR-WIDE-20/476.npy,LINEAR-WIDE-20
0.01640548,0.0670843,0.80808663,0.7389801,0.80825317,-0.9952195,0.996629,1.99184849858284,-0.041756615,1.3775551,-0.30504162494197307,3574218.75,4.4341206e-07,1.3124603e-07,0.94301666597759,0.005144958753219957,/content/drive/MyDrive/N-MON/ALTRO/spectograms/LINEAR-WIDE-20/477.npy,LINEAR-WIDE-20
-0.0008443222,-0.024983915,0.7986931,0.7250439,0.79869354,-0.99371606,0.97680986,1.9705259203910828,0.009492974,1.4062452,-0.26095028758285477,-3886718.75,4.199465e-07,1.2848045e-07,0.9510485392914596,0.0049106301852937006,/content/drive/MyDrive/N-MON/ALTRO/spectograms/LINEAR-WIDE-20/478.npy,LINEAR-WIDE-20
-0.003262032,-0.0045872815,0.8055702,0.73458946,0.8055768,-0.99275535,0.9991754,1.9919308125972748,0.009663652,1.3866862,-0.30053448449523856,3691406.25,4.5158473e-07,1.3054341e-07,0.9456535628868485,0.011739882151331829,/content/drive/MyDrive/N-MON/ALTRO/spectograms/LINEAR-WIDE-20/479.npy,LINEAR-WIDE-20
0.011233767,-0.019111734,0.80919474,0.7391344,0.8092727,-0.9955728,0.99627495,1.9918477684259415,-0.013548634,1.376358,-0.3077059892827779,4316406.25,4.0257697e-07,1.2877251e-07,0.9407307019846955,0.010794229304040528,/content/drive/MyDrive/N-MON/ALTRO/spectograms/LINEAR-WIDE-20/480.npy,LINEAR-WIDE-20
-0.019811295,-0.024703119,0.8044869,0.7316716,0.8047308,-0.993137,0.9985999,1.9917369037866592,0.041940413,1.3934519,-0.2967865232388204,4394531.25,5.021543e-07,1.3078756e-07,0.9444448849722887,0.004433586939441606,/content/drive/MyDrive/N-MON/ALTRO/spectograms/LINEAR-WIDE-20/481.npy,LINEAR-WIDE-20
0.0062758485,0.009464449,0.8098689,0.7405123,0.80989313,-0.9942304,0.997703,1.9919334203004837,-0.0022159081,1.3712335,-0.30301853924885613,-4667968.75,4.119854e-07,1.2769424e-07,0.9494165504575205,0.004892772939566419,/content/drive/MyDrive/N-MON/ALTRO/spectograms/LINEAR-WIDE-20/482.npy,LINEAR-WIDE-20
-0.0013854599,0.028646724,0.8077538,0.7377213,0.807755,-0.99446213,0.98177737,1.9762395173311234,-0.0124113355,1.3776437,-0.3001399957259273,-4687500.0,5.005836e-07,1.2988477e-07,0.9468321603056433,0.01100273575073883,/content/drive/MyDrive/N-MON/ALTRO/spectograms/LINEAR-WIDE-20/483.npy,LINEAR-WIDE-20
0.00394032,-0.011663373,0.8095737,0.73952687,0.8095833,-0.99592054,0.99595886,1.991879403591156,-0.0040183384,1.3730369,-0.2914582959001938,4492187.5,3.8091537e-07,1.2783198e-07,0.9394754424189504,0.011840843082551514,/content/drive/MyDrive/N-MON/ALTRO/spectograms/LINEAR-WIDE-20/484.npy,LINEAR-WIDE-20
0.011482217,0.075580865,0.8098656,0.74078965,0.8099471,-0.99463576,0.9972796,1.9919153451919556,-0.03644214,1.372631,-0.3183252197013059,-4726562.5,5.1405937e-07,1.3079216e-07,0.9410204945548655,0.006896139019408053,/content/drive/MyDrive/N-MON/ALTRO/spectograms/LINEAR-WIDE-20/485.npy,LINEAR-WIDE-20
-0.005769513,0.006271424,0.80575484,0.7354128,0.80577546,-0.9934676,0.9984221,1.9918897300958633,0.01108396,1.380681,-0.2739880794778805,4082031.25,3.85264e-07,1.3006247e-07,0.9494901715266012,0.005097435143034067,/content/drive/MyDrive/N-MON/ALTRO/spectograms/LINEAR-WIDE-20/486.npy,LINEAR-WIDE-20
-0.010918412,-0.024044441,0.805473,0.73459685,0.80554706,-0.99268657,0.99921244,1.991899013519287,0.02178894,1.3861469,-0.2885350137571524,-3964843.75,4.7234735e-07,1.2999325e-07,0.9487502859060815,0.00853517213423985,/content/drive/MyDrive/N-MON/ALTRO/spectograms/LINEAR-WIDE-20/487.npy,LINEAR-WIDE-20
-0.00718403,-0.011415879,0.80706567,0.73603225,0.8070977,-0.9955081,0.99632865,1.9918367713689804,0.014608841,1.3798828,-0.28943325325772584,3613281.25,4.2197576e-07,1.2875952e-07,0.9388280149191373,0.01443533594408288,/content/drive/MyDrive/N-MON/ALTRO/spectograms/LINEAR-WIDE-20/488.npy,LINEAR-WIDE-20
0.019686732,0.04140141,0.8057144,0.733774,0.80595493,-0.9936044,0.9981675,1.9917719662189484,-0.03430272,1.3873143,-0.2942204464983328,-3847656.25,4.7081514e-07,1.2904096e-07,0.9384743071133161,0.007239051521263674,/content/drive/MyDrive/N-MON/ALTRO/spectograms/LINEAR-WIDE-20/489.npy,LINEAR-WIDE-20
-0.0170212,-0.034830015,0.80642235,0.7345615,0.80660194,-0.99561006,0.99625564,1.9918656647205353,0.028763719,1.3836653,-0.29676948845202855,3671875.0,4.5473828e-07,1.3063244e-07,0.9468632025487252,0.005414778261220153,/content/drive/MyDrive/N-MON/ALTRO/spectograms/LINEAR-WIDE-20/490.npy,LINEAR-WIDE-20
-0.011426516,0.0062441216,0.80631655,0.7337524,0.8063975,-0.99347794,0.9983803,1.9918582290410995,0.025063662,1.3854724,-0.30057944432145256,-4843750.0,3.9441613e-07,1.277441e-07,0.950983254688634,0.006294331447046273,/content/drive/MyDrive/N-MON/ALTRO/spectograms/LINEAR-WIDE-20/491.npy,LINEAR-WIDE-20
0.009674855,0.009263114,0.81088775,0.7416448,0.81094545,-0.99438614,0.9974956,1.9918817579746246,-0.0118886195,1.369077,-0.30222344445492777,4433593.75,4.932016e-07,1.3095593e-07,0.9421988635547465,0.012127248562675698,/content/drive/MyDrive/N-MON/ALTRO/spectograms/LINEAR-WIDE-20/492.npy,LINEAR-WIDE-20
-0.017731324,-0.038340278,0.80983144,0.73763865,0.81002545,-0.9952394,0.9966202,1.991859570145607,0.042434372,1.3800347,-0.32943707533097843,4316406.25,3.9015836e-07,1.2795002e-07,0.9378914477406665,0.010924709485483497,/content/drive/MyDrive/N-MON/ALTRO/spectograms/LINEAR-WIDE-20/493.npy,LINEAR-WIDE-20
0.0130232,0.037549138,0.8008383,0.72696924,0.80094415,-0.98598886,0.9982008,1.9841896742582321,-0.020260938,1.3997922,-0.28449801180373424,4453125.0,4.4264357e-07,1.300518e-07,0.9442355347295923,0.004142039889189548,/content/drive/MyDrive/N-MON/ALTRO/spectograms/LINEAR-WIDE-20/494.npy,LINEAR-WIDE-20
0.013691813,0.043311283,0.8112124,0.740814,0.811328,-0.9956745,0.996187,1.9918614625930786,-0.035782512,1.367758,-0.2917205689873362,-4667968.75,3.9742073e-07,1.2861767e-07,0.9501194816978834,0.0061211049553142926,/content/drive/MyDrive/N-MON/ALTRO/spectograms/LINEAR-WIDE-20/495.npy,LINEAR-WIDE-20
-0.0054486194,-0.02046718,0.7989765,0.7237173,0.7989951,-0.99292904,0.98356026,1.9764892905950546,0.014753905,1.4092579,-0.2765390955427104,-4687500.0,5.016842e-07,1.3024925e-07,0.9481785711780073,0.00905306362789309,/content/drive/MyDrive/N-MON/ALTRO/spectograms/LINEAR-WIDE-20/496.npy,LINEAR-WIDE-20
-0.0153918555,-0.022527862,0.80769354,0.73694384,0.80784017,-0.994969,0.9968606,1.9918296039104462,0.023336783,1.3774118,-0.285701189505586,4238281.25,3.7650756e-07,1.2758079e-07,0.9354994392516951,0.012386376717275285,/content/drive/MyDrive/N-MON/ALTRO/spectograms/LINEAR-WIDE-20/497.npy,LINEAR-WIDE-20
0.006071927,0.004328921,0.81087005,0.7419109,0.81089276,-0.99554,0.9963529,1.9918928742408752,-0.006836612,1.3687938,-0.31399090725845735,-3867187.5,4.3220805e-07,1.3025691e-07,0.9442149629320522,0.004187497817762394,/content/drive/MyDrive/N-MON/ALTRO/spectograms/LINEAR-WIDE-20/498.npy,LINEAR-WIDE-20
0.0048460686,0.015277812,0.8063606,0.7330898,0.80637515,-0.9923581,0.999538,1.9918961226940155,0.004768502,1.3914379,-0.3180210136122056,3652343.75,3.8747217e-07,1.2873639e-07,0.9489034133400904,0.0048032581651422665,/content/drive/MyDrive/N-MON/ALTRO/spectograms/LINEAR-WIDE-20/499.npy,LINEAR-WIDE-20
-0.013822986,-0.027041242,0.8058779,0.7341449,0.8059965,-0.9955324,0.96531755,1.960849940776825,0.022507437,1.3845156,-0.291629942285237,-3808593.75,4.6239126e-07,1.2909877e-07,0.9469468172322197,0.010546390833387924,/content/drive/MyDrive/N-MON/ALTRO/spectograms/LINEAR-WIDE-20/500.npy,LINEAR-WIDE-20
0.007034703,0.013215631,0.8059617,0.73419714,0.8059925,-0.99444276,0.99745,1.9918927252292633,-0.0013498592,1.3856524,-0.2926034403579375,3613281.25,4.3392342e-07,1.3083839e-07,0.941368134859384,0.011302750923589643,/content/drive/MyDrive/N-MON/ALTRO/spectograms/LINEAR-WIDE-20/501.npy,LINEAR-WIDE-20
0.00056327105,-0.012304479,0.800575,0.7273217,0.80057526,-0.9962629,0.9800745,1.9763374030590057,0.0048914617,1.397091,-0.24500965370222982,-3847656.25,3.808598e-07,1.2905114e-07,0.941577257700978,0.004671841764627092,/content/drive/MyDrive/N-MON/ALTRO/spectograms/LINEAR-WIDE-20/502.npy,LINEAR-WIDE-20
0.006515697,-0.0030302794,0.80756927,0.73690075,0.80759555,-0.9951272,0.9967675,1.9918947517871857,-0.0033489582,1.3798255,-0.30840603962293234,4472656.25,4.944599e-07,1.3048485e-07,0.9475953037363538,0.004980212204429608,/content/drive/MyDrive/N-MON/ALTRO/spectograms/LINEAR-WIDE-20/503.npy,LINEAR-WIDE-20
-0.0059927427,-0.0076323384,0.80042994,0.7254027,0.80045235,-0.995803,0.982664,1.9784670025110245,0.008914862,1.4040903,-0.2793925031714376,-4902343.75,3.9208777e-07,1.3111381e-07,0.9506405807830123,0.007480825570342665,/content/drive/MyDrive/N-MON/ALTRO/spectograms/LINEAR-WIDE-20/504.npy,LINEAR-WIDE-20
-0.0076111546,0.004573188,0.8075212,0.7376616,0.8075571,-0.9952375,0.9966787,1.9919162392616272,0.012636465,1.3771589,-0.28402235505481876,4492187.5,5.5871584e-07,1.299341e-07,0.941835613012737,0.01203222996587333,/content/drive/MyDrive/N-MON/ALTRO/spectograms/LINEAR-WIDE-20/505.npy,LINEAR-WIDE-20
-0.008988102,-0.017573304,0.81486005,0.7467422,0.8149096,-0.9938804,0.998035,1.9919154047966003,0.025373532,1.3627654,-0.3457349026668882,-4179687.5,3.901515e-07,1.2736342e-07,0.9354371474959449,0.009712964804261964,/content/drive/MyDrive/N-MON/ALTRO/spectograms/LINEAR-WIDE-20/506.npy,LINEAR-WIDE-20
-0.006799983,-0.009716449,0.80314445,0.729473,0.8031733,-0.99389184,0.9980105,1.991902381181717,0.01647766,1.3954864,-0.2947994393937102,-4746093.75,4.615591e-07,1.3082074e-07,0.9445956787003922,0.003800413791113803,/content/drive/MyDrive/N-MON/ALTRO/spectograms/LINEAR-WIDE-20/507.npy,LINEAR-WIDE-20
0.0056896782,-0.02601938,0.8143674,0.74743235,0.81438726,-0.9946537,0.99734014,1.991993859410286,0.00046245853,1.3622062,-0.36281930892924763,-4667968.75,3.9559765e-07,1.3455647e-07,0.9459261084725489,0.005743200792425138,/content/drive/MyDrive/N-MON/ALTRO/spectograms/LINEAR-WIDE-20/508.npy,LINEAR-WIDE-20
0.007711688,0.0508345,0.8061684,0.7335718,0.8062053,-0.9958176,0.996024,1.9918416440486908,-0.023887962,1.3877208,-0.29881932395965916,-4687500.0,5.064916e-07,1.3051479e-07,0.9456681011657734,0.011366666156469906,/content/drive/MyDrive/N-MON/ALTRO/spectograms/LINEAR-WIDE-20/509.npy,LINEAR-WIDE-20
-0.024172992,-0.06678908,0.802388,0.7294839,0.802752,-0.9962505,0.97238576,1.9686363190412521,0.047535054,1.3992678,-0.29692147056817764,3535156.25,4.028075e-07,1.3043285e-07,0.9367972001989553,0.011969711783851684,/content/drive/MyDrive/N-MON/ALTRO/spectograms/LINEAR-WIDE-20/510.npy,LINEAR-WIDE-20
-0.0057025873,0.0049265865,0.80619866,0.73444176,0.8062188,-0.9948228,0.9970772,1.9919000267982483,0.011521513,1.3847858,-0.2947206099162819,-4023437.5,4.3628924e-07,1.2932426e-07,0.940985128009668,0.005505817565710263,/content/drive/MyDrive/N-MON/ALTRO/spectograms/LINEAR-WIDE-20/511.npy,LINEAR-WIDE-20
-0.009519494,-0.02680372,0.80342925,0.73287493,0.8034857,-0.9955507,0.9906893,1.9862399995326996,0.019366017,1.3885307,-0.278711609686206,3554687.5,4.7662596e-07,1.3090366e-07,0.9494194673572618,0.0048413277054685806,/content/drive/MyDrive/N-MON/ALTRO/spectograms/LINEAR-WIDE-20/512.npy,LINEAR-WIDE-20
-0.0030955654,-0.017682327,0.80946136,0.7378738,0.8094673,-0.9939978,0.99789244,1.991890236735344,0.011517741,1.3781166,-0.340290728478161,3847656.25,4.1218846e-07,1.3077255e-07,0.9488981746796505,0.008173914658240926,/content/drive/MyDrive/N-MON/ALTRO/spectograms/LINEAR-WIDE-20/513.npy,LINEAR-WIDE-20
-0.0076072137,-0.025559805,0.8059882,0.73379695,0.8060241,-0.9940438,0.9921714,1.9862152636051178,0.014628833,1.3853358,-0.29013650779643385,4414062.5,4.59567e-07,1.3096042e-07,0.9377075249165101,0.014030299758707624,/content/drive/MyDrive/N-MON/ALTRO/spectograms/LINEAR-WIDE-20/514.npy,LINEAR-WIDE-20
0.0038393154,0.016418494,0.81151134,0.7419772,0.8115204,-0.99516606,0.9967556,1.991921678185463,-0.009734606,1.3710902,-0.34466720505320236,-3847656.25,3.5896537e-07,1.3227722e-07,0.9454423994769474,0.005815198130079713,/content/drive/MyDrive/N-MON/ALTRO/spectograms/LINEAR-WIDE-20/515.npy,LINEAR-WIDE-20
0.010706395,0.043482672,0.8077459,0.73755723,0.8078168,-0.9953669,0.99654365,1.9919104874134064,-0.026550295,1.3800653,-0.3129550133316067,4472656.25,5.166348e-07,1.3132465e-07,0.9449519916587661,0.0049691386417445105,/content/drive/MyDrive/N-MON/ALTRO/spectograms/LINEAR-WIDE-20/516.npy,LINEAR-WIDE-20
0.009677606,0.05120425,0.80043805,0.7260861,0.8004965,-0.9952212,0.99648654,1.9917077422142029,-0.025205093,1.40655,-0.3030782197259737,4804687.5,4.0214113e-07,1.2872238e-07,0.9401723743023707,0.00897198390320412,/content/drive/MyDrive/N-MON/ALTRO/spectograms/LINEAR-WIDE-20/517.npy,LINEAR-WIDE-20
-0.007111329,-0.011059908,0.80464554,0.73585194,0.80467695,-0.9952852,0.98900473,1.984289899468422,0.0074650333,1.3821287,-0.28243281420346567,-4765625.0,4.9169006e-07,1.303522e-07,0.9435311658710694,0.011657825838739009,/content/drive/MyDrive/N-MON/ALTRO/spectograms/LINEAR-WIDE-20/518.npy,LINEAR-WIDE-20
-0.0041402443,-0.026781803,0.80367506,0.73208946,0.80368567,-0.9954842,0.99638,1.9918641597032547,0.008844596,1.3924752,-0.29994019980905595,4765625.0,4.3115298e-07,1.2772443e-07,0.937878193225887,0.011847058904838483,/content/drive/MyDrive/N-MON/ALTRO/spectograms/LINEAR-WIDE-20/519.npy,LINEAR-WIDE-20
0.010132285,0.005342126,0.8034018,0.73256314,0.8034657,-0.9791482,0.99730206,1.976450264453888,-0.014056111,1.3869413,-0.2646137764108839,-4648437.5,4.4448672e-07,1.3048766e-07,0.9395345150187442,0.005811726845445484,/content/drive/MyDrive/N-MON/ALTRO/spectograms/LINEAR-WIDE-20/520.npy,LINEAR-WIDE-20
-0.013027136,-0.0214112,0.80814344,0.73897195,0.8082484,-0.9939799,0.9978987,1.9918786138296127,0.027331056,1.3756579,-0.28570398604760794,-4667968.75,4.0540667e-07,1.282425e-07,0.9485382802518119,0.004796197980011915,/content/drive/MyDrive/N-MON/ALTRO/spectograms/LINEAR-WIDE-20/521.npy,LINEAR-WIDE-20
-0.002998457,0.012867231,0.8048667,0.7325708,0.80487233,-0.99467814,0.9971417,1.9918198734521866,-0.0030728376,1.3908993,-0.29806393492078886,-3886718.75,5.017778e-07,1.2982667e-07,0.9483801235699473,0.009545759209901574,/content/drive/MyDrive/N-MON/ALTRO/spectograms/LINEAR-WIDE-20/522.npy,LINEAR-WIDE-20
-0.014370485,-0.018327227,0.8050583,0.73580873,0.80518657,-0.9946557,0.97400355,1.9686592817306519,0.02503682,1.3820674,-0.28322321505696746,3691406.25,4.462087e-07,1.3080248e-07,0.939891480240292,0.01336363359192945,/content/drive/MyDrive/N-MON/ALTRO/spectograms/LINEAR-WIDE-20/523.npy,LINEAR-WIDE-20
-0.007840202,-0.049979754,0.8088342,0.7382081,0.80887216,-0.9949826,0.9968361,1.991818755865097,0.028797317,1.3744303,-0.30005699044881873,-4375000.0,4.201585e-07,1.2879556e-07,0.9378434601198471,0.011013888559330958,/content/drive/MyDrive/N-MON/ALTRO/spectograms/LINEAR-WIDE-20/524.npy,LINEAR-WIDE-20
0.019956646,0.044394415,0.8089543,0.7394386,0.80920047,-0.99458253,0.997208,1.9917905032634735,-0.03741832,1.373493,-0.29940598618440195,4394531.25,4.6830561e-07,1.3088479e-07,0.9432715047547625,0.00410936980004599,/content/drive/MyDrive/N-MON/ALTRO/spectograms/LINEAR-WIDE-20/525.npy,LINEAR-WIDE-20
-0.013671383,-0.029416647,0.79054636,0.71516454,0.7906645,-0.9805615,0.90615356,1.8867150843143463,0.027243933,1.4245881,-0.20064404670215563,-4570312.5,4.6452627e-07,1.2819052e-07,0.9440790878767712,0.009295706520246735,/content/drive/MyDrive/N-MON/ALTRO/spectograms/LINEAR-WIDE-20/526.npy,LINEAR-WIDE-20
-0.0191404,-0.033739902,0.80798703,0.7365259,0.8082137,-0.99456507,0.9973086,1.9918736666440964,0.035287485,1.3834684,-0.32384260593789194,4511718.75,5.159592e-07,1.3065858e-07,0.9442323302850989,0.012347562315207455,/content/drive/MyDrive/N-MON/ALTRO/spectograms/LINEAR-WIDE-20/527.npy,LINEAR-WIDE-20
-0.009717332,-0.0377354,0.8133142,0.74531204,0.8133723,-0.9946009,0.99731094,1.9919118583202362,0.01978954,1.361719,-0.33461462305299705,4863281.25,4.3281278e-07,1.311758e-07,0.9385378648610896,0.01211056309025801,/content/drive/MyDrive/N-MON/ALTRO/spectograms/LINEAR-WIDE-20/528.npy,LINEAR-WIDE-20
-0.013926753,-0.006287038,0.8097514,0.74051833,0.8098711,-0.99437654,0.9974938,1.991870328783989,0.02845293,1.3734248,-0.29713166883673037,-4726562.5,4.7434253e-07,1.3110744e-07,0.9432635327859051,0.004684826921902837,/content/drive/MyDrive/N-MON/ALTRO/spectograms/LINEAR-WIDE-20/529.npy,LINEAR-WIDE-20
-0.022444978,-0.06495024,0.80266047,0.727928,0.80297416,-0.99444306,0.99726826,1.9917113482952118,0.062571876,1.4018524,-0.2862623196805504,-4804687.5,3.8664018e-07,1.3087501e-07,0.9466628627735086,0.00365310213481678,/content/drive/MyDrive/N-MON/ALTRO/spectograms/LINEAR-WIDE-20/530.npy,LINEAR-WIDE-20
0.012545158,0.059793375,0.809189,0.7391996,0.80928624,-0.9869931,0.99721473,1.9842078387737274,-0.03258559,1.3724209,-0.28968132483170284,-4765625.0,4.5883428e-07,1.3007725e-07,0.9500414321092153,0.006939150212557487,/content/drive/MyDrive/N-MON/ALTRO/spectograms/LINEAR-WIDE-20/531.npy,LINEAR-WIDE-20
0.007979199,0.051179938,0.8060977,0.73618287,0.8061372,-0.99531287,0.9964746,1.9917874783277512,-0.024840582,1.3792884,-0.27081557506580023,4570312.5,3.8400188e-07,1.3078838e-07,0.9427950371919308,0.012477727547107022,/content/drive/MyDrive/N-MON/ALTRO/spectograms/LINEAR-WIDE-20/532.npy,LINEAR-WIDE-20
5.147314e-05,-0.026947668,0.80776423,0.73747426,0.8077642,-0.995541,0.9963313,1.9918722659349442,0.01456809,1.3799087,-0.3178951105617661,-4921875.0,4.1310463e-07,1.3065767e-07,0.9373352602808094,0.011313775158310715,/content/drive/MyDrive/N-MON/ALTRO/spectograms/LINEAR-WIDE-20/533.npy,LINEAR-WIDE-20
0.008022553,0.0054882355,0.80845803,0.73826885,0.80849785,-0.99439937,0.9974592,1.9918585419654846,-0.008405489,1.3762774,-0.2891970465321584,4472656.25,5.2435075e-07,1.3142886e-07,0.9440990608462168,0.005062993677547848,/content/drive/MyDrive/N-MON/ALTRO/spectograms/LINEAR-WIDE-20/534.npy,LINEAR-WIDE-20
0.017404007,0.06596031,0.79927385,0.72627354,0.7994633,-0.99638003,0.99541175,1.9917917996644974,-0.053489104,1.402826,-0.2661343997355018,4453125.0,4.7579354e-07,1.3016489e-07,0.95053870617846,0.004699637131085883,/content/drive/MyDrive/N-MON/ALTRO/spectograms/LINEAR-WIDE-20/535.npy,LINEAR-WIDE-20
-0.002171287,-0.027045218,0.8082905,0.739457,0.8082934,-0.99551475,0.9963629,1.9918776452541351,0.014731299,1.3717775,-0.27612412261936037,4589843.75,3.8974176e-07,1.3109639e-07,0.9484279152731905,0.009046060529790963,/content/drive/MyDrive/N-MON/ALTRO/spectograms/LINEAR-WIDE-20/536.npy,LINEAR-WIDE-20
-0.016719773,-0.060764156,0.80863875,0.73706055,0.80881155,-0.99409544,0.9977813,1.9918767660856247,0.048613176,1.3839186,-0.3259345946485618,-4042968.75,3.7601453e-07,1.3136038e-07,0.9400565164468093,0.013434541949587923,/content/drive/MyDrive/N-MON/ALTRO/spectograms/LINEAR-WIDE-20/537.npy,LINEAR-WIDE-20
0.0038100504,0.008479576,0.80748576,0.73667824,0.8074947,-0.9952238,0.9966746,1.9918984323740005,-0.0019907854,1.3805778,-0.31556304458245077,-4707031.25,5.307863e-07,1.3061378e-07,0.9410878061315353,0.008236864423896604,/content/drive/MyDrive/N-MON/ALTRO/spectograms/LINEAR-WIDE-20/538.npy,LINEAR-WIDE-20
-0.0030497918,-0.005370938,0.807415,0.7382878,0.8074208,-0.993454,0.99266064,1.9861145913600922,0.006432729,1.3749083,-0.27838105269233016,-4726562.5,4.52643e-07,1.3045904e-07,0.9467674121398872,0.005613736545150388,/content/drive/MyDrive/N-MON/ALTRO/spectograms/LINEAR-WIDE-20/539.npy,LINEAR-WIDE-20
0.018046366,0.051645435,0.80271417,0.7310625,0.802917,-0.97951984,0.99672496,1.9762448072433472,-0.040712,1.391065,-0.26069646600886653,4453125.0,5.391177e-07,1.299253e-07,0.9428623393917969,0.0095682812280897,/content/drive/MyDrive/N-MON/ALTRO/spectograms/LINEAR-WIDE-20/540.npy,LINEAR-WIDE-20
0.005048711,-0.0024333016,0.8061246,0.7352608,0.8061404,-0.9943721,0.99745715,1.9918292462825775,-0.006023635,1.3801811,-0.2808210556267189,4433593.75,3.8454394e-07,1.2988208e-07,0.9378208177483687,0.00938104209837029,/content/drive/MyDrive/N-MON/ALTRO/spectograms/LINEAR-WIDE-20/541.npy,LINEAR-WIDE-20
0.011719256,0.020464431,0.81037414,0.7398409,0.8104589,-0.99510306,0.99682975,1.9919328093528748,-0.019510657,1.3745563,-0.3292307459061733,4570312.5,3.9115295e-07,1.307645e-07,0.9401234137965013,0.01161281926799696,/content/drive/MyDrive/N-MON/ALTRO/spectograms/LINEAR-WIDE-20/542.npy,LINEAR-WIDE-20
-0.016194027,-0.042328924,0.7997564,0.7287147,0.7999203,-0.9953609,0.97320384,1.968564748764038,0.030320408,1.3965526,-0.25086142316210946,4394531.25,4.6063414e-07,1.3030206e-07,0.9408478933737574,0.005701077718026087,/content/drive/MyDrive/N-MON/ALTRO/spectograms/LINEAR-WIDE-20/543.npy,LINEAR-WIDE-20
0.003489063,-0.010732585,0.81050104,0.7411912,0.81050855,-0.99498117,0.996891,1.9918722212314606,0.005271291,1.3694391,-0.3297124938216368,-4570312.5,4.072222e-07,1.2820169e-07,0.9484172152062051,0.004475511007512617,/content/drive/MyDrive/N-MON/ALTRO/spectograms/LINEAR-WIDE-20/544.npy,LINEAR-WIDE-20
0.02425952,0.013205802,0.80723816,0.7358407,0.8076026,-0.9943507,0.997365,1.9917156547307968,-0.027675344,1.3835386,-0.3253188385762825,4707031.25,3.724061e-07,1.2690097e-07,0.9482396553116117,0.008446825132099618,/content/drive/MyDrive/N-MON/ALTRO/spectograms/LINEAR-WIDE-20/545.npy,LINEAR-WIDE-20
-0.00986146,-0.041816875,0.80555713,0.73458034,0.80561745,-0.99485016,0.99704,1.991890087723732,0.022052607,1.3841692,-0.27255170293809716,4492187.5,4.877663e-07,1.2949847e-07,0.9427849986292617,0.01323072358254439,/content/drive/MyDrive/N-MON/ALTRO/spectograms/LINEAR-WIDE-20/546.npy,LINEAR-WIDE-20
0.0022088594,0.024668716,0.8165751,0.7468942,0.8165781,-0.9947144,0.9971265,1.991840898990631,-0.008472623,1.3609118,-0.3707024577707526,3867187.5,3.355878e-07,1.3327484e-07,0.9416609880365865,0.00614929651905189,/content/drive/MyDrive/N-MON/ALTRO/spectograms/LINEAR-WIDE-20/547.npy,LINEAR-WIDE-20
0.01083461,0.044364773,0.8060496,0.73520035,0.8061224,-0.9945654,0.9972812,1.9918466359376907,-0.024060406,1.383153,-0.30072771083011063,-4648437.5,4.7157954e-07,1.3072554e-07,0.9412908752135436,0.005425964663238463,/content/drive/MyDrive/N-MON/ALTRO/spectograms/LINEAR-WIDE-20/548.npy,LINEAR-WIDE-20
0.012739338,0.04412937,0.81126875,0.74312085,0.8113688,-0.99461305,0.99720836,1.9918213933706284,-0.032088492,1.36385,-0.2844123415150036,4628906.25,4.039599e-07,1.2818847e-07,0.9491222776840631,0.003967996047030695,/content/drive/MyDrive/N-MON/ALTRO/spectograms/LINEAR-WIDE-20/549.npy,LINEAR-WIDE-20
-0.012845241,-0.06518902,0.80343777,0.73254025,0.80354047,-0.994619,0.97389555,1.9685145914554596,0.033855584,1.3898352,-0.27940614057633095,-3886718.75,4.4516835e-07,1.3063993e-07,0.9507448335459112,0.006546887694017798,/content/drive/MyDrive/N-MON/ALTRO/spectograms/LINEAR-WIDE-20/550.npy,LINEAR-WIDE-20
0.0040050563,0.0015301444,0.8046004,0.7317784,0.8046104,-0.988595,0.9974731,1.9860681295394897,0.0032108668,1.390352,-0.28128917843356327,3535156.25,4.430686e-07,1.2826669e-07,0.9387810182284454,0.013609004624677611,/content/drive/MyDrive/N-MON/ALTRO/spectograms/LINEAR-WIDE-20/551.npy,LINEAR-WIDE-20
-0.0026862926,0.0131292455,0.80601394,0.7355433,0.8060184,-0.99470484,0.99719167,1.9918964952230453,-0.008043895,1.3799222,-0.2898819141572063,-3828125.0,4.38548e-07,1.2939302e-07,0.9404084066617651,0.008903951344374461,/content/drive/MyDrive/N-MON/ALTRO/spectograms/LINEAR-WIDE-20/552.npy,LINEAR-WIDE-20
0.0020534855,0.009617228,0.8071417,0.73465246,0.8071444,-0.99408317,0.9977339,1.9918170720338821,-0.006716726,1.3867514,-0.3157822291482094,3652343.75,4.3585092e-07,1.306344e-07,0.945042365995966,0.004203135334113225,/content/drive/MyDrive/N-MON/ALTRO/spectograms/LINEAR-WIDE-20/553.npy,LINEAR-WIDE-20
-0.007724984,-0.022688944,0.79649144,0.7225632,0.79652894,-0.97974676,0.97349,1.9532367885112762,0.02214735,1.4120948,-0.2410398891592581,-4296875.0,4.1775542e-07,1.2562455e-07,0.9505930717342308,0.004906470100245114,/content/drive/MyDrive/N-MON/ALTRO/spectograms/LINEAR-WIDE-20/554.npy,LINEAR-WIDE-20
0.0024962984,0.02077337,0.79956895,0.72574705,0.79957294,-0.9947136,0.9971899,1.9919035285711288,-0.009564993,1.407276,-0.2983472181428858,4453125.0,4.7444405e-07,1.3029651e-07,0.9504959869585765,0.007465277089609247,/content/drive/MyDrive/N-MON/ALTRO/spectograms/LINEAR-WIDE-20/555.npy,LINEAR-WIDE-20
0.014056771,0.0441534,0.80806243,0.7383744,0.8081847,-0.9947616,0.99708426,1.991845816373825,-0.030993717,1.3747679,-0.2738511010662946,4687500.0,3.8877812e-07,1.2787342e-07,0.9391625126187788,0.013065816493921797,/content/drive/MyDrive/N-MON/ALTRO/spectograms/LINEAR-WIDE-20/556.npy,LINEAR-WIDE-20
0.010858998,0.052686498,0.8087355,0.7391671,0.8088084,-0.9941151,0.99776536,1.9918804913759232,-0.033503145,1.3764977,-0.31080837136104045,4472656.25,5.17414e-07,1.2991279e-07,0.9386096702492707,0.010155980103062057,/content/drive/MyDrive/N-MON/ALTRO/spectograms/LINEAR-WIDE-20/557.npy,LINEAR-WIDE-20
-0.013404424,-0.02245801,0.80674165,0.7352557,0.80685294,-0.9948784,0.9970433,1.9919217228889465,0.021258716,1.3840611,-0.30344557201890965,4980468.75,4.1669293e-07,1.3095283e-07,0.9436117400321962,0.003892749052031728,/content/drive/MyDrive/N-MON/ALTRO/spectograms/LINEAR-WIDE-20/558.npy,LINEAR-WIDE-20
0.008841314,0.013140241,0.8067673,0.73629844,0.8068157,-0.9946099,0.9972444,1.9918543100357056,-0.016827127,1.3789059,-0.28085503541940515,-4667968.75,5.2142695e-07,1.301726e-07,0.9506887665317223,0.004821388505245882,/content/drive/MyDrive/N-MON/ALTRO/spectograms/LINEAR-WIDE-20/559.npy,LINEAR-WIDE-20
-0.02610448,-0.04921049,0.8112218,0.74106675,0.8116417,-0.9944398,0.9974029,1.9918426722288132,0.050429694,1.3743597,-0.34797128746831263,4511718.75,3.9908312e-07,1.3103345e-07,0.9464451837260837,0.011268102585037814,/content/drive/MyDrive/N-MON/ALTRO/spectograms/LINEAR-WIDE-20/560.npy,LINEAR-WIDE-20
0.004149722,-0.002473192,0.78435117,0.70716125,0.78436214,-0.9164292,0.9506733,1.8671025186777115,0.0007226086,1.4437293,-0.18338410631867952,-4062500.0,4.4543833e-07,1.2976821e-07,0.9382401048749512,0.015250648007787119,/content/drive/MyDrive/N-MON/ALTRO/spectograms/LINEAR-WIDE-20/561.npy,LINEAR-WIDE-20
0.009886396,-0.030107206,0.80736107,0.7381063,0.8074216,-0.99475574,0.99708307,1.9918388426303864,6.0587772e-05,1.3781681,-0.3066930400893809,3671875.0,3.8624637e-07,1.3040145e-07,0.941701208271515,0.006450244949093297,/content/drive/MyDrive/N-MON/ALTRO/spectograms/LINEAR-WIDE-20/562.npy,LINEAR-WIDE-20
0.013393883,0.044770516,0.804262,0.7349413,0.80437344,-0.99402416,0.98431253,1.9783367365598679,-0.03190997,1.3845563,-0.2771908361041958,4980468.75,3.9693225e-07,1.3027353e-07,0.9450074766156178,0.0035156350936116207,/content/drive/MyDrive/N-MON/ALTRO/spectograms/LINEAR-WIDE-20/563.npy,LINEAR-WIDE-20
-0.0011615205,-0.041907534,0.80230176,0.7305392,0.8023026,-0.9947861,0.9970936,1.9918797016143799,0.02023966,1.3946737,-0.29176253227763393,4160156.25,3.8802375e-07,1.3082882e-07,0.9502520780223154,0.005710626115635695,/content/drive/MyDrive/N-MON/ALTRO/spectograms/LINEAR-WIDE-20/564.npy,LINEAR-WIDE-20
0.01231081,0.032153446,0.8092048,0.7382651,0.80929846,-0.995006,0.99682015,1.9918261766433716,-0.032016072,1.3753351,-0.30175384233326963,4667968.75,3.7051012e-07,1.3091505e-07,0.9470295147974142,0.010644707609392415,/content/drive/MyDrive/N-MON/ALTRO/spectograms/LINEAR-WIDE-20/565.npy,LINEAR-WIDE-20
0.0027967314,-0.033848263,0.7991967,0.7239346,0.7992016,-0.97906554,0.99736613,1.9764317125082016,0.010310672,1.4094182,-0.2737716045854254,-4921875.0,4.1732415e-07,1.3112229e-07,0.9362809844794378,0.012909125363782309,/content/drive/MyDrive/N-MON/ALTRO/spectograms/LINEAR-WIDE-20/566.npy,LINEAR-WIDE-20
0.007076968,-0.0028374286,0.8087813,0.7394769,0.8088123,-0.9947119,0.99715286,1.9918647557497025,-0.0066651097,1.3716528,-0.2979025611579368,-4726562.5,4.9241356e-07,1.2995814e-07,0.9438196500257027,0.005445829539021997,/content/drive/MyDrive/N-MON/ALTRO/spectograms/LINEAR-WIDE-20/567.npy,LINEAR-WIDE-20
0.010694686,0.0058508688,0.8065043,0.7337421,0.80657524,-0.99414176,0.99777454,1.9919163137674332,-0.0154232355,1.388244,-0.3116435455080496,4667968.75,3.7851456e-07,1.305701e-07,0.9470851610331551,0.004642838935198861,/content/drive/MyDrive/N-MON/ALTRO/spectograms/LINEAR-WIDE-20/568.npy,LINEAR-WIDE-20
-0.008790489,-0.037789732,0.80873656,0.73917335,0.8087843,-0.99469113,0.99716765,1.9918587654829025,0.027727395,1.3718286,-0.29107149333301685,-4667968.75,4.71869e-07,1.3081032e-07,0.9503624842230748,0.005971021897846633,/content/drive/MyDrive/N-MON/ALTRO/spectograms/LINEAR-WIDE-20/569.npy,LINEAR-WIDE-20
-0.020482602,-0.06893892,0.80941796,0.7393432,0.8096771,-0.99448466,0.9972714,1.9917560815811157,0.056650493,1.3755752,-0.30021733683147656,4062500.0,4.0127168e-07,1.2850036e-07,0.9456587787641135,0.010906582461276492,/content/drive/MyDrive/N-MON/ALTRO/spectograms/LINEAR-WIDE-20/570.npy,LINEAR-WIDE-20
-0.0025010624,-0.0060775643,0.80844027,0.7388396,0.8084442,-0.9942742,0.99763185,1.9919060319662094,0.010333575,1.3750212,-0.29738044812967346,-3906250.0,4.4538243e-07,1.3013911e-07,0.9394062962863216,0.011391919781604996,/content/drive/MyDrive/N-MON/ALTRO/spectograms/LINEAR-WIDE-20/571.npy,LINEAR-WIDE-20
-0.009647629,-0.025557991,0.80610234,0.73603,0.8061601,-0.9942984,0.9919489,1.9862473011016846,0.021783756,1.3823844,-0.2790350510300367,3671875.0,4.769944e-07,1.290799e-07,0.9402112788940977,0.0063960412249785764,/content/drive/MyDrive/N-MON/ALTRO/spectograms/LINEAR-WIDE-20/572.npy,LINEAR-WIDE-20
-0.00011580467,-0.010499422,0.80767053,0.73673826,0.80767053,-0.99484766,0.9969536,1.9918012470006943,-0.007447873,1.3804058,-0.30790035091258805,-3789062.5,3.995608e-07,1.2816737e-07,0.9501269339023484,0.00421546249289923,/content/drive/MyDrive/N-MON/ALTRO/spectograms/LINEAR-WIDE-20/573.npy,LINEAR-WIDE-20
-0.0022256374,-0.026040904,0.80746996,0.73679775,0.80747306,-0.99477065,0.9971252,1.9918958246707916,0.017802726,1.3814664,-0.3175169920424149,4589843.75,4.1047602e-07,1.3089772e-07,0.9505232856033615,0.007016165790186125,/content/drive/MyDrive/N-MON/ALTRO/spectograms/LINEAR-WIDE-20/574.npy,LINEAR-WIDE-20
-0.00062269304,0.0051992377,0.8101509,0.7400694,0.8101511,-0.9947333,0.9971307,1.9918639957904816,-0.002214295,1.3730947,-0.3161381590957105,4160156.25,4.2253956e-07,1.2839432e-07,0.9410463773156375,0.013632034015750848,/content/drive/MyDrive/N-MON/ALTRO/spectograms/LINEAR-WIDE-20/575.npy,LINEAR-WIDE-20
-0.00017599679,0.020999108,0.8156294,0.74426866,0.8156295,-0.994556,0.9973714,1.9919273853302002,-0.0059975935,1.3656155,-0.3811969420728448,4492187.5,5.198686e-07,1.3020191e-07,0.9390659279127902,0.010531606795056192,/content/drive/MyDrive/N-MON/ALTRO/spectograms/LINEAR-WIDE-20/576.npy,LINEAR-WIDE-20
-0.011247596,-0.010212619,0.8084683,0.73884106,0.8085465,-0.9943477,0.9975114,1.9918590784072876,0.017034095,1.3771539,-0.33139086737711676,4570312.5,4.2454747e-07,1.275914e-07,0.9452352342254009,0.003865724436332662,/content/drive/MyDrive/N-MON/ALTRO/spectograms/LINEAR-WIDE-20/577.npy,LINEAR-WIDE-20
0.0042725406,0.027536985,0.80453795,0.73345274,0.80454934,-0.9956005,0.99614,1.9917405098676682,-0.021980302,1.3859231,-0.2712894334966701,-4746093.75,4.6676482e-07,1.3060037e-07,0.9447779651960833,0.009816302969827016,/content/drive/MyDrive/N-MON/ALTRO/spectograms/LINEAR-WIDE-20/578.npy,LINEAR-WIDE-20
0.015826887,0.0088831615,0.8033825,0.7296938,0.8035383,-0.9948849,0.99699295,1.991877868771553,-0.02678447,1.3983482,-0.2952469657382234,4785156.25,3.8107194e-07,1.273078e-07,0.9493222780173752,0.008326294357687041,/content/drive/MyDrive/N-MON/ALTRO/spectograms/LINEAR-WIDE-20/579.npy,LINEAR-WIDE-20
-0.012031252,-0.018135812,0.8045655,0.7315421,0.80465543,-0.9946241,0.9972452,1.9918693155050278,0.031999305,1.3928841,-0.30050317248411507,-4785156.25,4.7030323e-07,1.2972569e-07,0.941792281441785,0.014571292288844025,/content/drive/MyDrive/N-MON/ALTRO/spectograms/LINEAR-WIDE-20/580.npy,LINEAR-WIDE-20
-0.0080275405,0.0014473188,0.8018354,0.73125285,0.80187565,-0.99443555,0.99743664,1.9918722212314606,0.014530856,1.3922018,-0.2767936381314168,4492187.5,4.0712317e-07,1.2781112e-07,0.9362859739405258,0.010099696208696577,/content/drive/MyDrive/N-MON/ALTRO/spectograms/LINEAR-WIDE-20/581.npy,LINEAR-WIDE-20
-0.0005057635,-0.0098615885,0.8080938,0.7383463,0.8080939,-0.99410695,0.99781305,1.991919994354248,0.009015574,1.3748356,-0.2823111861408344,-3867187.5,5.1898724e-07,1.3028142e-07,0.946183506716745,0.00394484049862654,/content/drive/MyDrive/N-MON/ALTRO/spectograms/LINEAR-WIDE-20/582.npy,LINEAR-WIDE-20
-0.026929993,-0.049378064,0.8133436,0.7434514,0.8137893,-0.99431664,0.9973216,1.9916382282972336,0.0618181,1.3669059,-0.32538722063316794,3652343.75,4.299784e-07,1.2967041e-07,0.9498784145081128,0.005185154533140265,/content/drive/MyDrive/N-MON/ALTRO/spectograms/LINEAR-WIDE-20/583.npy,LINEAR-WIDE-20
0.003043678,0.028556304,0.8052922,0.7332272,0.805298,-0.9946272,0.9972323,1.9918595403432846,-0.007899359,1.3869408,-0.307424186754898,-3808593.75,4.2424773e-07,1.2905387e-07,0.9489438940723065,0.009421161097436664,/content/drive/MyDrive/N-MON/ALTRO/spectograms/LINEAR-WIDE-20/584.npy,LINEAR-WIDE-20
0.015040271,0.020245705,0.82042557,0.75300956,0.82056344,-0.9951833,0.9967548,1.9919380992650986,-0.026932815,1.3446926,-0.3659186049676083,3613281.25,4.2113882e-07,1.3022066e-07,0.9382207014990351,0.012649210567640809,/content/drive/MyDrive/N-MON/ALTRO/spectograms/LINEAR-WIDE-20/585.npy,LINEAR-WIDE-20
-0.016814025,-0.05337916,0.8053587,0.73203135,0.8055342,-0.9945475,0.9973049,1.9918523877859116,0.049999587,1.3915739,-0.30049901002825063,-4101562.5,3.7185504e-07,1.2809193e-07,0.9381106566560921,0.00834601355521866,/content/drive/MyDrive/N-MON/ALTRO/spectograms/LINEAR-WIDE-20/586.npy,LINEAR-WIDE-20
-0.013656383,-0.04967776,0.8070752,0.73788315,0.8071907,-0.9947144,0.9971837,1.991898074746132,0.035438333,1.382522,-0.31750028950914466,4472656.25,5.029613e-07,1.303944e-07,0.9446930671275582,0.005143041410789993,/content/drive/MyDrive/N-MON/ALTRO/spectograms/LINEAR-WIDE-20/587.npy,LINEAR-WIDE-20
0.005349587,-0.010236385,0.8126758,0.7428809,0.8126934,-0.9945028,0.9972567,1.9917594939470291,-0.008786149,1.3658546,-0.32483500405002463,4804687.5,3.8459214e-07,1.2717001e-07,0.9507465774076427,0.00613682972250381,/content/drive/MyDrive/N-MON/ALTRO/spectograms/LINEAR-WIDE-20/588.npy,LINEAR-WIDE-20
-0.017821254,-0.037748277,0.80527496,0.73314536,0.8054721,-0.9946687,0.9971633,1.9918320029973984,0.041076005,1.3889432,-0.2868970662108873,-4765625.0,4.9847637e-07,1.3046179e-07,0.9475132048375355,0.009695640448896781,/content/drive/MyDrive/N-MON/ALTRO/spectograms/LINEAR-WIDE-20/589.npy,LINEAR-WIDE-20
0.0020361028,0.044229053,0.80375355,0.73160654,0.8037561,-0.9947268,0.9971704,1.9918971806764603,-0.012236412,1.3917027,-0.2949283844641767,4062500.0,3.6371787e-07,1.2718442e-07,0.9408095474941857,0.011466706503508962,/content/drive/MyDrive/N-MON/ALTRO/spectograms/LINEAR-WIDE-20/590.npy,LINEAR-WIDE-20
-0.0014209385,0.0055353595,0.80583,0.73539907,0.80583125,-0.9943567,0.99751914,1.9918758422136307,-1.8605999e-05,1.3818144,-0.2869112724489914,-4648437.5,4.822922e-07,1.3006951e-07,0.942705055169428,0.005997120995993553,/content/drive/MyDrive/N-MON/ALTRO/spectograms/LINEAR-WIDE-20/591.npy,LINEAR-WIDE-20
0.0041484116,0.008828145,0.8113173,0.74244153,0.811328,-0.9949132,0.99693185,1.9918451011180878,-0.0039496836,1.3703649,-0.3509563288146459,-4667968.75,3.7877592e-07,1.3147046e-07,0.947983938575329,0.004710808708423159,/content/drive/MyDrive/N-MON/ALTRO/spectograms/LINEAR-WIDE-20/592.npy,LINEAR-WIDE-20
0.018538803,0.036324862,0.8035242,0.72923136,0.803738,-0.99487185,0.99690187,1.9917737543582916,-0.03957245,1.3940191,-0.28626538126784695,4804687.5,4.4033865e-07,1.3044169e-07,0.9456016415754501,0.007554956090358404,/content/drive/MyDrive/N-MON/ALTRO/spectograms/LINEAR-WIDE-20/593.npy,LINEAR-WIDE-20
0.008633916,-0.0027018155,0.8021892,0.7314508,0.80223566,-0.98125577,0.9971694,1.978425145149231,-0.0062452285,1.3909055,-0.2683619879942497,-4550781.25,4.3433712e-07,1.3015674e-07,0.9446147456911087,0.012284782013591131,/content/drive/MyDrive/N-MON/ALTRO/spectograms/LINEAR-WIDE-20/594.npy,LINEAR-WIDE-20
0.008362316,-0.010307383,0.80613583,0.73602504,0.80617917,-0.99457335,0.99727565,1.9918490052223206,-0.010698782,1.3802497,-0.29007844547188466,4042968.75,3.7807052e-07,1.3072066e-07,0.940429265335849,0.011791644143024329,/content/drive/MyDrive/N-MON/ALTRO/spectograms/LINEAR-WIDE-20/595.npy,LINEAR-WIDE-20
0.019318432,0.021453265,0.80633765,0.7355298,0.80656904,-0.99397016,0.9978161,1.991786241531372,-0.035084307,1.3837966,-0.2946592376718976,3593750.0,4.7306398e-07,1.3060611e-07,0.9389431408727335,0.006415646902944578,/content/drive/MyDrive/N-MON/ALTRO/spectograms/LINEAR-WIDE-20/596.npy,LINEAR-WIDE-20
0.00037847375,0.012524137,0.7919262,0.7179784,0.79192626,-0.9506133,0.9440349,1.8946482241153717,-0.0011883528,1.4177119,-0.19491132970654423,4179687.5,5.3657254e-07,1.2391897e-07,0.9332523049452606,0.01123401047047125,/content/drive/MyDrive/N-MON/ALTRO/spectograms/LINEAR-WIDE-20/597.npy,LINEAR-WIDE-20
0.007057783,0.036789306,0.80096865,0.72817713,0.80099976,-0.9943861,0.9975084,1.9918945282697678,-0.017202282,1.4024178,-0.29685506589373045,4453125.0,4.7209076e-07,1.3081794e-07,0.9498886991997858,0.006824114561520964,/content/drive/MyDrive/N-MON/ALTRO/spectograms/LINEAR-WIDE-20/598.npy,LINEAR-WIDE-20
0.004864846,0.04415322,0.8043135,0.73271084,0.8043282,-0.99475044,0.99714345,1.9918939173221588,-0.015445004,1.3866332,-0.28367088398478935,-4179687.5,4.046106e-07,1.3079793e-07,0.9456064374719653,0.01128566402704538,/content/drive/MyDrive/N-MON/ALTRO/spectograms/LINEAR-WIDE-20/599.npy,LINEAR-WIDE-20
-0.009835886,-0.0021125767,0.8064344,0.7345067,0.80649436,-0.9941933,0.99769753,1.9918908327817917,0.012775656,1.3862128,-0.3131706642228683,-4785156.25,5.0900815e-07,1.307801e-07,0.9404736572441008,0.01112135634785075,/content/drive/MyDrive/N-MON/ALTRO/spectograms/LINEAR-WIDE-20/600.npy,LINEAR-WIDE-20
-0.0131278075,-0.056913584,0.80771035,0.7371161,0.8078169,-0.9943827,0.9975071,1.991889774799347,0.034866255,1.381663,-0.3219465424903919,-4902343.75,3.9490715e-07,1.2744421e-07,0.9410548915909116,0.006109348491781914,/content/drive/MyDrive/N-MON/ALTRO/spectograms/LINEAR-WIDE-20/601.npy,LINEAR-WIDE-20
0.011610554,0.03672543,0.80544174,0.73400587,0.8055254,-0.9943694,0.9975132,1.9918825775384903,-0.027699253,1.3865285,-0.291590790124194,-4667968.75,5.1802084e-07,1.3047813e-07,0.9470485328608402,0.00500564337620948,/content/drive/MyDrive/N-MON/ALTRO/spectograms/LINEAR-WIDE-20/602.npy,LINEAR-WIDE-20
-0.009077997,-0.06588659,0.80722284,0.7371005,0.80727386,-0.99536574,0.99646807,1.9918337911367416,0.035981946,1.3775445,-0.2812592484948918,4296875.0,3.8621218e-07,1.302281e-07,0.9503804446084109,0.006958140113176718,/content/drive/MyDrive/N-MON/ALTRO/spectograms/LINEAR-WIDE-20/603.npy,LINEAR-WIDE-20
-0.00940959,-0.0064964727,0.8024294,0.73024607,0.8024846,-0.9945741,0.9972865,1.9918606281280518,0.018773586,1.395685,-0.2946321519846463,-3964843.75,4.7449467e-07,1.2962155e-07,0.9429403462261521,0.012047113602174642,/content/drive/MyDrive/N-MON/ALTRO/spectograms/LINEAR-WIDE-20/604.npy,LINEAR-WIDE-20
0.0076631913,-0.002581839,0.80191034,0.72860676,0.80194694,-0.99461496,0.9972544,1.9918693155050278,-0.012623406,1.3974788,-0.2868655609035554,3671875.0,3.9488978e-07,1.3010595e-07,0.9365230035629467,0.011425935447556585,/content/drive/MyDrive/N-MON/ALTRO/spectograms/LINEAR-WIDE-20/605.npy,LINEAR-WIDE-20
-0.010808243,-0.018768493,0.80543536,0.7343082,0.8055079,-0.99504256,0.9968465,1.9918890744447708,0.019612411,1.3884338,-0.31615562771846417,4765625.0,3.7579252e-07,1.3072199e-07,0.9430943367723095,0.005984125001663156,/content/drive/MyDrive/N-MON/ALTRO/spectograms/LINEAR-WIDE-20/606.npy,LINEAR-WIDE-20
-0.011422953,-0.026392605,0.8076858,0.73693675,0.80776656,-0.994946,0.98939717,1.9843431413173676,0.019304229,1.3822032,-0.32014137421780575,4316406.25,4.304329e-07,1.3033535e-07,0.9485833706395765,0.005154339154189276,/content/drive/MyDrive/N-MON/ALTRO/spectograms/LINEAR-WIDE-20/607.npy,LINEAR-WIDE-20
-0.019852284,-0.06498884,0.8141678,0.7450253,0.8144098,-0.9946415,0.9972569,1.991898313164711,0.054550108,1.3665081,-0.347268930923721,-4746093.75,4.0265908e-07,1.3135227e-07,0.9504041943870595,0.006444336694926763,/content/drive/MyDrive/N-MON/ALTRO/spectograms/LINEAR-WIDE-20/608.npy,LINEAR-WIDE-20
0.007047112,0.0130401505,0.80422413,0.7332823,0.804255,-0.994548,0.99733007,1.991878092288971,-0.019328516,1.3871121,-0.28505382590028827,4707031.25,3.8990328e-07,1.3106484e-07,0.9434921187479712,0.012254104146520815,/content/drive/MyDrive/N-MON/ALTRO/spectograms/LINEAR-WIDE-20/609.npy,LINEAR-WIDE-20
-0.016714483,-0.010208764,0.8087118,0.736877,0.80888456,-0.99441135,0.99752724,1.9919386357069016,0.035552263,1.382511,-0.34074773534649794,-4199218.75,3.7809434e-07,1.3029926e-07,0.9395852483825801,0.011833334831153447,/content/drive/MyDrive/N-MON/ALTRO/spectograms/LINEAR-WIDE-20/610.npy,LINEAR-WIDE-20
5.5451394e-05,-0.018700339,0.79911953,0.7262225,0.79911953,-0.9952244,0.99092,1.9861444532871246,0.008387598,1.4027729,-0.25962096878380614,4179687.5,3.8553122e-07,1.3046323e-07,0.9385299156306883,0.00542466089229302,/content/drive/MyDrive/N-MON/ALTRO/spectograms/LINEAR-WIDE-20/611.npy,LINEAR-WIDE-20
-0.009657849,-0.03348627,0.80462956,0.73486024,0.8046875,-0.9942217,0.9976192,1.991840898990631,0.028087407,1.385193,-0.2895284849762493,4316406.25,3.9553228e-07,1.3044686e-07,0.9468678767905427,0.0037344040445456395,/content/drive/MyDrive/N-MON/ALTRO/spectograms/LINEAR-WIDE-20/612.npy,LINEAR-WIDE-20
-0.021281512,-0.096254796,0.8067595,0.735783,0.80704015,-0.9944497,0.99725354,1.9917032122612,0.06776045,1.3813816,-0.28377594531073325,-4902343.75,4.0165176e-07,1.3017981e-07,0.9513758370068515,0.0064380773901046955,/content/drive/MyDrive/N-MON/ALTRO/spectograms/LINEAR-WIDE-20/613.npy,LINEAR-WIDE-20
-0.006370179,0.005097377,0.81367284,0.74411243,0.81369776,-0.99480826,0.99707353,1.9918818026781082,0.014906456,1.3659141,-0.35721960568389044,-3808593.75,4.927536e-07,1.3104395e-07,0.9451048477248771,0.01194310686438594,/content/drive/MyDrive/N-MON/ALTRO/spectograms/LINEAR-WIDE-20/614.npy,LINEAR-WIDE-20
-0.01438228,-0.014219978,0.8065554,0.73497206,0.80668366,-0.9944877,0.99739635,1.9918840825557709,0.029031353,1.3869206,-0.32369061240668195,4570312.5,3.801208e-07,1.3152584e-07,0.9386180538256621,0.012616189957591182,/content/drive/MyDrive/N-MON/ALTRO/spectograms/LINEAR-WIDE-20/615.npy,LINEAR-WIDE-20
-0.015617203,-0.034166288,0.8074235,0.7347721,0.8075745,-0.9949062,0.9969255,1.9918317198753357,0.031602014,1.3843404,-0.3149401810374536,-3847656.25,4.173271e-07,1.3071656e-07,0.9410128774848974,0.0069106061950752725,/content/drive/MyDrive/N-MON/ALTRO/spectograms/LINEAR-WIDE-20/616.npy,LINEAR-WIDE-20
0.009985165,0.028460398,0.80365777,0.73173386,0.8037198,-0.99477017,0.9971295,1.9918996393680573,-0.018276881,1.3920743,-0.281049207722604,4746093.75,3.8074867e-07,1.3068046e-07,0.9489578401505319,0.00471724718167663,/content/drive/MyDrive/N-MON/ALTRO/spectograms/LINEAR-WIDE-20/617.npy,LINEAR-WIDE-20
-0.021170368,-0.01102032,0.8100249,0.7395535,0.8103015,-0.99499434,0.99673027,1.9917246252298355,0.036461066,1.3719436,-0.3218186227793539,-4902343.75,3.8026548e-07,1.3119075e-07,0.9504688747767805,0.007548301923661872,/content/drive/MyDrive/N-MON/ALTRO/spectograms/LINEAR-WIDE-20/618.npy,LINEAR-WIDE-20
-0.0021193498,-0.018227007,0.80934924,0.7387797,0.809352,-0.9947691,0.99711037,1.9918794929981232,0.0139982775,1.3715754,-0.2938775735392395,4062500.0,3.8993443e-07,1.3053302e-07,0.9447443706294845,0.011495605412054754,/content/drive/MyDrive/N-MON/ALTRO/spectograms/LINEAR-WIDE-20/619.npy,LINEAR-WIDE-20
-0.005161207,-0.0024010574,0.80866826,0.7387485,0.80868477,-0.99444,0.99747777,1.9919177442789078,0.011605355,1.3754207,-0.2932449442758235,4785156.25,3.8768147e-07,1.3112344e-07,0.9393755111377757,0.014144079813153425,/content/drive/MyDrive/N-MON/ALTRO/spectograms/LINEAR-WIDE-20/620.npy,LINEAR-WIDE-20
0.0011360866,-0.03795073,0.80682003,0.7353379,0.8068209,-0.99481916,0.9970695,1.9918886721134186,0.009208862,1.3863515,-0.3239489347280343,-4707031.25,5.04141e-07,1.3056396e-07,0.941563616685332,0.006686686106770843,/content/drive/MyDrive/N-MON/ALTRO/spectograms/LINEAR-WIDE-20/621.npy,LINEAR-WIDE-20
0.013378562,0.028220221,0.80515546,0.734947,0.8052666,-0.9951394,0.99673676,1.991876170039177,-0.02491386,1.3851308,-0.297940772848147,4160156.25,4.1462823e-07,1.3054091e-07,0.9457755364660874,0.005001800726286978,/content/drive/MyDrive/N-MON/ALTRO/spectograms/LINEAR-WIDE-20/622.npy,LINEAR-WIDE-20
0.0026588026,0.020900171,0.8038572,0.7316652,0.8038616,-0.9945272,0.9972568,1.9917840659618378,-0.016676815,1.3908918,-0.2776023615687234,-4746093.75,5.168591e-07,1.3024982e-07,0.9495098309207617,0.005779158813478561,/content/drive/MyDrive/N-MON/ALTRO/spectograms/LINEAR-WIDE-20/623.npy,LINEAR-WIDE-20
0.011813373,0.032924503,0.8098644,0.74004394,0.8099506,-0.9942204,0.997672,1.9918923825025558,-0.022910593,1.3736585,-0.3151614947249862,3984375.0,3.985019e-07,1.2771537e-07,0.947518397425992,0.00982848870205073,/content/drive/MyDrive/N-MON/ALTRO/spectograms/LINEAR-WIDE-20/624.npy,LINEAR-WIDE-20
-0.003128252,0.005634728,0.80329937,0.7310729,0.80330545,-0.9940629,0.99771655,1.9917794317007065,0.013617863,1.3948717,-0.28423441592123855,-3984375.0,4.908667e-07,1.308587e-07,0.938730522529992,0.013504005870007902,/content/drive/MyDrive/N-MON/ALTRO/spectograms/LINEAR-WIDE-20/625.npy,LINEAR-WIDE-20
0.0016749072,0.029642044,0.8013947,0.72784,0.8013965,-0.99377894,0.99052733,1.9843063056468964,-0.0121995555,1.3973377,-0.2740582663140386,-4355468.75,3.7338907e-07,1.2855071e-07,0.9382872833588005,0.008230949410615302,/content/drive/MyDrive/N-MON/ALTRO/spectograms/LINEAR-WIDE-20/626.npy,LINEAR-WIDE-20
-0.004318392,-0.0025999,0.80251503,0.7286245,0.80252665,-0.9947464,0.97368586,1.9684322327375412,0.0017084132,1.3977,-0.2745779155103626,-3867187.5,4.500396e-07,1.3027636e-07,0.9447961334586916,0.005036714881415471,/content/drive/MyDrive/N-MON/ALTRO/spectograms/LINEAR-WIDE-20/627.npy,LINEAR-WIDE-20
-0.004371392,-0.029399484,0.81288314,0.7436133,0.8128949,-0.994223,0.9975705,1.991793543100357,0.022482833,1.3662924,-0.33518837459448225,3652343.75,4.3000765e-07,1.2972414e-07,0.9510104505858243,0.005325924684510025,/content/drive/MyDrive/N-MON/ALTRO/spectograms/LINEAR-WIDE-20/628.npy,LINEAR-WIDE-20
0.0022840127,0.00574753,0.82577693,0.7616152,0.82578015,-0.9941961,0.9976816,1.9918777346611023,-0.01046266,1.3318874,-0.41595789067191735,-4863281.25,3.6364727e-07,1.3694334e-07,0.9480927568287636,0.009163221268335194,/content/drive/MyDrive/N-MON/ALTRO/spectograms/LINEAR-WIDE-20/629.npy,LINEAR-WIDE-20
0.0045308126,-0.0023434872,0.8064997,0.7363533,0.8065124,-0.98656845,0.99762756,1.984196051955223,0.005627725,1.3804376,-0.2873542070961862,4414062.5,4.780987e-07,1.3044841e-07,0.9388443527144473,0.014890587554201602,/content/drive/MyDrive/N-MON/ALTRO/spectograms/LINEAR-WIDE-20/630.npy,LINEAR-WIDE-20
0.009910862,0.004906773,0.81640375,0.747944,0.81646395,-0.9950416,0.9968993,1.9919409304857254,-0.011953392,1.3567811,-0.3604475173806315,4707031.25,3.8293925e-07,1.3040395e-07,0.9332541316108537,0.009642141640991891,/content/drive/MyDrive/N-MON/ALTRO/spectograms/LINEAR-WIDE-20/631.npy,LINEAR-WIDE-20
0.003839242,0.02116223,0.81012136,0.74224174,0.8101305,-0.9944463,0.99748945,1.99193574488163,-0.009836848,1.3712661,-0.3249200264438389,-4726562.5,4.536176e-07,1.3096354e-07,0.9443957666085674,0.004662820456204583,/content/drive/MyDrive/N-MON/ALTRO/spectograms/LINEAR-WIDE-20/632.npy,LINEAR-WIDE-20
-0.011862282,-0.040258132,0.800716,0.7264243,0.80080384,-0.99336743,0.9830215,1.9763889163732529,0.037769236,1.4004194,-0.274448334680634,-4960937.5,4.0132636e-07,1.3069945e-07,0.9497664440627867,0.0039385851993776295,/content/drive/MyDrive/N-MON/ALTRO/spectograms/LINEAR-WIDE-20/633.npy,LINEAR-WIDE-20
0.015575369,0.02075715,0.80560464,0.733345,0.80575514,-0.99466676,0.9971838,1.991850584745407,-0.031969126,1.3875651,-0.30274352624347867,-4667968.75,5.1690404e-07,1.3016387e-07,0.9502453951528103,0.007516246856642771,/content/drive/MyDrive/N-MON/ALTRO/spectograms/LINEAR-WIDE-20/634.npy,LINEAR-WIDE-20
0.0065986933,0.01300121,0.8004916,0.7271295,0.8005188,-0.9945482,0.99731445,1.9918626546859741,-0.008361066,1.4013608,-0.2884373324941799,-4941406.25,4.07734e-07,1.2754914e-07,0.9470263182208802,0.009835194645730827,/content/drive/MyDrive/N-MON/ALTRO/spectograms/LINEAR-WIDE-20/635.npy,LINEAR-WIDE-20
0.008629745,-0.01824195,0.8046331,0.7314733,0.80467933,-0.99473107,0.997165,1.9918960630893707,-0.004513909,1.3919052,-0.3125678624334701,-4003906.25,4.6399254e-07,1.3064772e-07,0.9386019310689853,0.010360323275218956,/content/drive/MyDrive/N-MON/ALTRO/spectograms/LINEAR-WIDE-20/636.npy,LINEAR-WIDE-20
0.00073731015,-0.014417984,0.79947114,0.72687596,0.79947144,-0.994745,0.9971004,1.9918454587459564,-0.0025252295,1.4006631,-0.2595790447776657,4042968.75,4.356291e-07,1.2688284e-07,0.937504472658264,0.008916387035217183,/content/drive/MyDrive/N-MON/ALTRO/spectograms/LINEAR-WIDE-20/637.npy,LINEAR-WIDE-20
0.010187189,0.05210997,0.8037518,0.72903615,0.8038164,-0.9946124,0.99724245,1.991854876279831,-0.03282334,1.3970236,-0.30780885529700985,-3789062.5,4.176703e-07,1.3103225e-07,0.9485792933583832,0.0037880178295839058,/content/drive/MyDrive/N-MON/ALTRO/spectograms/LINEAR-WIDE-20/638.npy,LINEAR-WIDE-20
0.0035319605,-0.0024421262,0.803478,0.73204046,0.80348575,-0.99449664,0.99739724,1.9918938875198364,-0.00070745446,1.3914001,-0.2844016129477184,-4023437.5,3.9608685e-07,1.307495e-07,0.9508039790875462,0.007071365825603874,/content/drive/MyDrive/N-MON/ALTRO/spectograms/LINEAR-WIDE-20/639.npy,LINEAR-WIDE-20
-0.01436698,-0.014447849,0.8040615,0.7313531,0.8041898,-0.994671,0.9972082,1.9918791502714157,0.021899644,1.3941323,-0.297435591719145,3613281.25,3.9757904e-07,1.3003492e-07,0.9452259227758959,0.013792667077234009,/content/drive/MyDrive/N-MON/ALTRO/spectograms/LINEAR-WIDE-20/640.npy,LINEAR-WIDE-20
0.003229375,0.013376196,0.8028889,0.73077685,0.80289537,-0.9944105,0.9974444,1.9918549060821533,-0.0019956904,1.3925928,-0.28023663920211306,-3847656.25,4.7884464e-07,1.2716399e-07,0.9337839381309821,0.011185018271990022,/content/drive/MyDrive/N-MON/ALTRO/spectograms/LINEAR-WIDE-20/641.npy,LINEAR-WIDE-20
0.013032032,0.01702372,0.8084574,0.7373204,0.8085624,-0.99464226,0.9972594,1.9919016659259796,-0.02221712,1.3779953,-0.29743840799430565,3671875.0,4.7934066e-07,1.3068575e-07,0.9404311429977015,0.009313547374941318,/content/drive/MyDrive/N-MON/ALTRO/spectograms/LINEAR-WIDE-20/642.npy,LINEAR-WIDE-20
-0.008272125,-0.018142883,0.7977034,0.7234482,0.7977463,-0.99461186,0.9760082,1.970620021224022,0.02514863,1.4076883,-0.2350375122402958,-5000000.0,3.9052807e-07,1.2805783e-07,0.9449128306542619,0.003948476443666688,/content/drive/MyDrive/N-MON/ALTRO/spectograms/LINEAR-WIDE-20/643.npy,LINEAR-WIDE-20
0.0048314487,0.03653239,0.806163,0.7346553,0.8061775,-0.99445295,0.9974451,1.9918980300426483,-0.0129392,1.383154,-0.28276737056427514,4375000.0,5.016348e-07,1.3040571e-07,0.9501022429912634,0.005157254491013421,/content/drive/MyDrive/N-MON/ALTRO/spectograms/LINEAR-WIDE-20/644.npy,LINEAR-WIDE-20
-0.012573668,-0.006450166,0.80235213,0.728148,0.8024506,-0.9945868,0.99729556,1.9918823838233948,0.023739932,1.4004,-0.30635943869056004,4726562.5,3.9902332e-07,1.3044718e-07,0.9484573428157861,0.010398855978259318,/content/drive/MyDrive/N-MON/ALTRO/spectograms/LINEAR-WIDE-20/645.npy,LINEAR-WIDE-20
0.009376439,0.012964567,0.80630666,0.7341442,0.80636114,-0.99461037,0.99731404,1.9919243901968002,-0.017970636,1.3864715,-0.3007246143482184,-4707031.25,4.415924e-07,1.3031874e-07,0.9402785050260418,0.012917133055055189,/content/drive/MyDrive/N-MON/ALTRO/spectograms/LINEAR-WIDE-20/646.npy,LINEAR-WIDE-20
0.00822156,-0.03379654,0.8022629,0.73173434,0.80230504,-0.99449265,0.9974132,1.9919058829545975,0.00096566445,1.3908063,-0.2699092393263759,-4570312.5,4.1262686e-07,1.30525e-07,0.9380760477263113,0.009023046066459608,/content/drive/MyDrive/N-MON/ALTRO/spectograms/LINEAR-WIDE-20/647.npy,LINEAR-WIDE-20
0.00881904,0.03774108,0.80113286,0.7297455,0.80118144,-0.99350184,0.96723485,1.960736706852913,-0.029518997,1.3938962,-0.24823591749298324,4394531.25,3.887497e-07,1.3022078e-07,0.9428046633453668,0.00426960405286912,/content/drive/MyDrive/N-MON/ALTRO/spectograms/LINEAR-WIDE-20/648.npy,LINEAR-WIDE-20
-0.011842351,-0.006458906,0.80978954,0.74066406,0.80987614,-0.99448687,0.9974169,1.9919037967920303,0.022815512,1.3716885,-0.3115302932255136,-4453125.0,4.4027558e-07,1.3139802e-07,0.9488219458613494,0.005103376056446644,/content/drive/MyDrive/N-MON/ALTRO/spectograms/LINEAR-WIDE-20/649.npy,LINEAR-WIDE-20
-0.008981048,-0.018548373,0.80571014,0.73488414,0.8057602,-0.99482226,0.9970561,1.9918783754110336,0.018465355,1.3849943,-0.3095255556064559,4296875.0,3.84857e-07,1.3039595e-07,0.949592975908834,0.007954485809879069,/content/drive/MyDrive/N-MON/ALTRO/spectograms/LINEAR-WIDE-20/650.npy,LINEAR-WIDE-20
0.007289591,0.0053604664,0.80679846,0.7359633,0.8068313,-0.99458385,0.9973419,1.991925686597824,-0.009530379,1.3829427,-0.30186885717492296,4492187.5,5.332383e-07,1.307214e-07,0.9398028602797164,0.01007749843062575,/content/drive/MyDrive/N-MON/ALTRO/spectograms/LINEAR-WIDE-20/651.npy,LINEAR-WIDE-20
-0.008313951,0.012853542,0.8071085,0.7355541,0.8071514,-0.9948113,0.9971074,1.9919186681509018,0.0072364006,1.3828263,-0.300082447265437,-4199218.75,3.9173082e-07,1.3057243e-07,0.9381226892139813,0.012169603168861782,/content/drive/MyDrive/N-MON/ALTRO/spectograms/LINEAR-WIDE-20/652.npy,LINEAR-WIDE-20
0.014043808,0.020399548,0.7916421,0.7177417,0.7917667,-0.90166044,0.98890203,1.8905624449253082,-0.018038647,1.4165868,-0.19192263110403573,4179687.5,5.528227e-07,1.274706e-07,0.9426233864489101,0.0073186033821906055,/content/drive/MyDrive/N-MON/ALTRO/spectograms/LINEAR-WIDE-20/653.npy,LINEAR-WIDE-20
-0.0099288635,-0.0024365087,0.8053344,0.7346277,0.8053956,-0.9945359,0.99734247,1.9918784350156784,0.019757314,1.3848767,-0.2915470366123937,-4882812.5,4.0921566e-07,1.3006996e-07,0.9484732010356298,0.005497508892972225,/content/drive/MyDrive/N-MON/ALTRO/spectograms/LINEAR-WIDE-20/654.npy,LINEAR-WIDE-20
0.015521275,0.08738236,0.80606955,0.7364867,0.80621904,-0.99444634,0.9973511,1.991797462105751,-0.047285296,1.379816,-0.2662533267263233,4511718.75,4.62254e-07,1.2958208e-07,0.9509749855927181,0.006459501730997395,/content/drive/MyDrive/N-MON/ALTRO/spectograms/LINEAR-WIDE-20/655.npy,LINEAR-WIDE-20
-0.0001823206,0.017322248,0.8122998,0.7424676,0.8122998,-0.99413794,0.9976664,1.9918043911457062,-0.0024136887,1.3663052,-0.33242196335673857,-3105468.75,3.1414638e-07,1.3207901e-07,0.945126287451976,0.010542921988129311,/content/drive/MyDrive/N-MON/ALTRO/spectograms/LINEAR-WIDE-20/656.npy,LINEAR-WIDE-20
0.0027888613,-0.018047664,0.80745625,0.73798484,0.8074611,-0.9944445,0.9974046,1.9918490946292877,0.009116238,1.379233,-0.29955789646591857,4414062.5,4.9834114e-07,1.309709e-07,0.9377280004244424,0.014221738943136308,/content/drive/MyDrive/N-MON/ALTRO/spectograms/LINEAR-WIDE-20/657.npy,LINEAR-WIDE-20
0.00021925116,-0.014572941,0.8097135,0.73934454,0.8097135,-0.9948395,0.9969747,1.9918141961097717,0.00538207,1.3748466,-0.3082258821946705,4394531.25,3.7017128e-07,1.268705e-07,0.9410447393126383,0.007486152521683296,/content/drive/MyDrive/N-MON/ALTRO/spectograms/LINEAR-WIDE-20/658.npy,LINEAR-WIDE-20
0.010805813,0.028492702,0.81116617,0.742095,0.81123817,-0.9948503,0.9969999,1.9918501675128937,-0.014108577,1.3673836,-0.30540456388891724,-4726562.5,5.768844e-07,1.305939e-07,0.9468843547253611,0.0039328975792367995,/content/drive/MyDrive/N-MON/ALTRO/spectograms/LINEAR-WIDE-20/659.npy,LINEAR-WIDE-20
0.009620952,0.051439986,0.80205816,0.7274379,0.80211586,-0.99523145,0.99670976,1.9919412285089493,-0.02669277,1.4028616,-0.2919736885415142,4199218.75,3.7053326e-07,1.2774846e-07,0.9499304913580204,0.0053002876482764975,/content/drive/MyDrive/N-MON/ALTRO/spectograms/LINEAR-WIDE-20/660.npy,LINEAR-WIDE-20
0.006405857,0.028911818,0.8053527,0.73479456,0.80537814,-0.99428827,0.99758,1.9918682873249054,-0.016599808,1.3827946,-0.2723228144313269,-3964843.75,4.907836e-07,1.3026775e-07,0.9485859572648296,0.009104639748072785,/content/drive/MyDrive/N-MON/ALTRO/spectograms/LINEAR-WIDE-20/661.npy,LINEAR-WIDE-20
-0.011218027,-0.01745309,0.80740595,0.73728377,0.80748385,-0.9939308,0.9979472,1.991878017783165,0.023172013,1.376068,-0.2838202935842721,4960937.5,3.8289556e-07,1.2815184e-07,0.9433413637896055,0.012072454646925322,/content/drive/MyDrive/N-MON/ALTRO/spectograms/LINEAR-WIDE-20/662.npy,LINEAR-WIDE-20
0.0039528697,0.012994481,0.810068,0.7385093,0.81007767,-0.99445975,0.9973423,1.99180206656456,-0.0039351666,1.3770106,-0.3215160070948545,-4003906.25,4.4198694e-07,1.2890835e-07,0.9384184746461808,0.010745594782226009,/content/drive/MyDrive/N-MON/ALTRO/spectograms/LINEAR-WIDE-20/663.npy,LINEAR-WIDE-20
0.0018656893,0.020548146,0.8006352,0.7300531,0.8006373,-0.98149055,0.97354376,1.9550342857837677,-0.009229338,1.3907818,-0.2310505386125029,3769531.25,3.9896324e-07,1.2888819e-07,0.9413153329754909,0.008009445145315193,/content/drive/MyDrive/N-MON/ALTRO/spectograms/LINEAR-WIDE-20/664.npy,LINEAR-WIDE-20
-0.005581064,-0.025367688,0.8110428,0.74265903,0.8110619,-0.9940487,0.9977264,1.9917751252651215,0.016594911,1.3690594,-0.31152148772769117,4199218.75,3.9580988e-07,1.2845712e-07,0.9491187366810401,0.004768195252269868,/content/drive/MyDrive/N-MON/ALTRO/spectograms/LINEAR-WIDE-20/665.npy,LINEAR-WIDE-20
0.015868217,-0.01010376,0.8048407,0.7339968,0.8049971,-0.99441147,0.99746,1.9918714761734009,-0.015745966,1.3873912,-0.30930393574418524,4375000.0,4.7209699e-07,1.3023998e-07,0.9500154552434628,0.006675999336792916,/content/drive/MyDrive/N-MON/ALTRO/spectograms/LINEAR-WIDE-20/666.npy,LINEAR-WIDE-20
0.0284525,0.04149376,0.81156373,0.7415377,0.8120624,-0.99349916,0.9983127,1.991811916232109,-0.051554553,1.3730623,-0.32649507713658654,4199218.75,3.7805958e-07,1.2987485e-07,0.945998905339037,0.011575910791021951,/content/drive/MyDrive/N-MON/ALTRO/spectograms/LINEAR-WIDE-20/667.npy,LINEAR-WIDE-20
-0.008185539,0.004852106,0.81156415,0.7429177,0.81160545,-0.9948402,0.9970334,1.9918736070394516,0.012187427,1.3659075,-0.31363695154282134,4492187.5,5.1248196e-07,1.3028381e-07,0.9401079811206782,0.012246477507085945,/content/drive/MyDrive/N-MON/ALTRO/spectograms/LINEAR-WIDE-20/668.npy,LINEAR-WIDE-20
0.0106039075,0.005206827,0.8072786,0.73442286,0.80734825,-0.9947348,0.99717534,1.9919101148843765,-0.009918371,1.3834362,-0.30897202050519923,4570312.5,3.8517874e-07,1.2731385e-07,0.9405513856782007,0.007739346878517254,/content/drive/MyDrive/N-MON/ALTRO/spectograms/LINEAR-WIDE-20/669.npy,LINEAR-WIDE-20
-0.025957994,-0.053526543,0.8053782,0.7324747,0.80579644,-0.99469113,0.99699736,1.9916884452104568,0.06316382,1.3932474,-0.30843652094039087,-4804687.5,5.4085757e-07,1.3125067e-07,0.9454616516845786,0.0042667576398595685,/content/drive/MyDrive/N-MON/ALTRO/spectograms/LINEAR-WIDE-20/670.npy,LINEAR-WIDE-20
0.015018538,0.03672094,0.80511755,0.7361388,0.8052576,-0.9943482,0.99751043,1.9918586611747742,-0.03144954,1.3806968,-0.26590016870914834,-4667968.75,3.84899e-07,1.3052338e-07,0.9512852114500623,0.004716977845603257,/content/drive/MyDrive/N-MON/ALTRO/spectograms/LINEAR-WIDE-20/671.npy,LINEAR-WIDE-20
-0.022576034,-0.087971956,0.803429,0.7330288,0.8037462,-0.9939325,0.98238295,1.9763154238462448,0.06377964,1.3912921,-0.2853968826116261,-4687500.0,4.82821e-07,1.2954234e-07,0.9505826733111404,0.007571151726733581,/content/drive/MyDrive/N-MON/ALTRO/spectograms/LINEAR-WIDE-20/672.npy,LINEAR-WIDE-20
-0.004068612,0.009687534,0.8067413,0.7371555,0.8067516,-0.9941531,0.9977288,1.9918819069862366,0.004849062,1.3806792,-0.3046314423861479,4863281.25,4.124669e-07,1.3064678e-07,0.9413935118640149,0.012512481258032192,/content/drive/MyDrive/N-MON/ALTRO/spectograms/LINEAR-WIDE-20/673.npy,LINEAR-WIDE-20
-0.016646521,-0.018324118,0.8059345,0.7355297,0.80610645,-0.9946361,0.9972556,1.991891771554947,0.026849959,1.3807895,-0.27740470584920207,-4570312.5,3.9688368e-07,1.3081845e-07,0.939575825460677,0.010485249129460932,/content/drive/MyDrive/N-MON/ALTRO/spectograms/LINEAR-WIDE-20/674.npy,LINEAR-WIDE-20
-0.0015298252,0.0016143741,0.808061,0.73622906,0.8080625,-0.99434346,0.9975409,1.9918843656778336,-0.0044724797,1.3823311,-0.3231206272649648,3593750.0,4.109566e-07,1.3011571e-07,0.9436265259120751,0.006204419696949962,/content/drive/MyDrive/N-MON/ALTRO/spectograms/LINEAR-WIDE-20/675.npy,LINEAR-WIDE-20
0.00015384579,-0.0020333175,0.80790496,0.7386987,0.80790496,-0.99410796,0.99780333,1.9919113218784332,0.0017399376,1.3760437,-0.2881761038661025,-4882812.5,3.95516e-07,1.3057343e-07,0.9487639645719697,0.004289487564434988,/content/drive/MyDrive/N-MON/ALTRO/spectograms/LINEAR-WIDE-20/676.npy,LINEAR-WIDE-20
0.008851904,0.051967915,0.8024515,0.7315577,0.80250025,-0.9947797,0.99708474,1.9918644726276398,-0.0250455,1.3936737,-0.29059478668957806,3652343.75,4.5762542e-07,1.3067861e-07,0.9503367029143575,0.005950722246564198,/content/drive/MyDrive/N-MON/ALTRO/spectograms/LINEAR-WIDE-20/677.npy,LINEAR-WIDE-20
0.0075980844,-0.010332279,0.8027417,0.7307462,0.80277765,-0.97899663,0.99725807,1.9762547016143799,-0.0064251646,1.3947604,-0.31191729631390175,-4179687.5,3.9318607e-07,1.3056086e-07,0.9477685008995669,0.010244548280192759,/content/drive/MyDrive/N-MON/ALTRO/spectograms/LINEAR-WIDE-20/678.npy,LINEAR-WIDE-20
-0.011386021,-0.0017802222,0.8035457,0.7314994,0.80362636,-0.99382174,0.9980562,1.9918779581785202,0.025989247,1.3932981,-0.29521671464840094,4414062.5,4.6841362e-07,1.3013482e-07,0.9419661947561637,0.011375260483614038,/content/drive/MyDrive/N-MON/ALTRO/spectograms/LINEAR-WIDE-20/679.npy,LINEAR-WIDE-20
0.0013146524,0.021018792,0.80338144,0.7300553,0.8033826,-0.99433464,0.9975492,1.9918837994337082,-0.0041015605,1.3923095,-0.2817052274035118,-4492187.5,3.7860718e-07,1.2964884e-07,0.9406306600885603,0.01009284355574741,/content/drive/MyDrive/N-MON/ALTRO/spectograms/LINEAR-WIDE-20/680.npy,LINEAR-WIDE-20
0.0067584496,0.020869037,0.8071999,0.7368224,0.8072282,-0.99456453,0.9973146,1.9918791204690933,-0.001602142,1.3789357,-0.30154144953904727,-4726562.5,5.175732e-07,1.3040871e-07,0.9441010245517376,0.005240930729836833,/content/drive/MyDrive/N-MON/ALTRO/spectograms/LINEAR-WIDE-20/681.npy,LINEAR-WIDE-20
-0.0056557273,-0.003034235,0.8119147,0.7428748,0.8119344,-0.99504983,0.9967071,1.9917568862438202,0.013669543,1.3679518,-0.33586121751057896,-4042968.75,3.6589114e-07,1.3436306e-07,0.9499770288198868,0.0026868676758430455,/content/drive/MyDrive/N-MON/ALTRO/spectograms/LINEAR-WIDE-20/682.npy,LINEAR-WIDE-20
0.010534415,0.03649944,0.8078496,0.73674184,0.8079183,-0.9945809,0.9973358,1.9919167309999466,-0.028701132,1.377378,-0.28730883039689215,-4765625.0,5.0343033e-07,1.3035205e-07,0.9508574628578473,0.006958533597509431,/content/drive/MyDrive/N-MON/ALTRO/spectograms/LINEAR-WIDE-20/683.npy,LINEAR-WIDE-20
0.0007532454,-0.00585323,0.7984151,0.7244907,0.7984155,-0.99382925,0.9980268,1.9918560087680817,0.008243392,1.4061177,-0.25265876793698816,-4101562.5,3.6932178e-07,1.2851639e-07,0.9459303479405321,0.009771883334371314,/content/drive/MyDrive/N-MON/ALTRO/spectograms/LINEAR-WIDE-20/684.npy,LINEAR-WIDE-20
-0.008147131,-0.025775924,0.80816686,0.7374512,0.8082079,-0.99438447,0.9839614,1.978345900774002,0.014977264,1.3762743,-0.2928963146462752,-3906250.0,4.5142718e-07,1.2955408e-07,0.9403551444403753,0.012074211877634102,/content/drive/MyDrive/N-MON/ALTRO/spectograms/LINEAR-WIDE-20/685.npy,LINEAR-WIDE-20
0.005524683,-0.017927852,0.803599,0.73186857,0.803618,-0.99443054,0.99747026,1.9919008314609528,-0.0015937353,1.390686,-0.2898702057243724,3671875.0,4.67852e-07,1.3069214e-07,0.9379093936135814,0.008768665096991457,/content/drive/MyDrive/N-MON/ALTRO/spectograms/LINEAR-WIDE-20/686.npy,LINEAR-WIDE-20
-0.005768451,0.005958668,0.7921845,0.7164945,0.79220545,-0.96251506,0.95143795,1.9139530062675476,0.016165651,1.422257,-0.21096354471396073,-3945312.5,4.1457008e-07,1.2935485e-07,0.9431326467290366,0.006905971836299783,/content/drive/MyDrive/N-MON/ALTRO/spectograms/LINEAR-WIDE-20/687.npy,LINEAR-WIDE-20
0.010261683,0.02885411,0.80642045,0.73759866,0.8064858,-0.9944183,0.9974611,1.9918793737888336,-0.025332933,1.3775046,-0.2699391642551491,3730468.75,4.12549e-07,1.3060895e-07,0.9488523207141213,0.00402609115504879,/content/drive/MyDrive/N-MON/ALTRO/spectograms/LINEAR-WIDE-20/688.npy,LINEAR-WIDE-20
0.011765019,0.043753978,0.8063778,0.7334576,0.80646366,-0.9952804,0.99663854,1.991918906569481,-0.030163752,1.395472,-0.34899964491803026,4355468.75,3.7658393e-07,1.2853674e-07,0.9498514117856156,0.007091392258036073,/content/drive/MyDrive/N-MON/ALTRO/spectograms/LINEAR-WIDE-20/689.npy,LINEAR-WIDE-20
-0.004587495,-0.03401164,0.8077977,0.7362388,0.80781066,-0.99483424,0.99706244,1.9918966442346573,0.0128355045,1.3794658,-0.2931355575392659,4433593.75,5.061278e-07,1.3033818e-07,0.9467364309361309,0.009910216496178806,/content/drive/MyDrive/N-MON/ALTRO/spectograms/LINEAR-WIDE-20/690.npy,LINEAR-WIDE-20
-0.0076012285,-0.010782705,0.8092808,0.7379049,0.8093166,-0.9948351,0.9968128,1.9916479140520096,0.021702977,1.3782364,-0.32100346032042115,4199218.75,3.119415e-07,1.3209663e-07,0.9380751993079257,0.011832072690389153,/content/drive/MyDrive/N-MON/ALTRO/spectograms/LINEAR-WIDE-20/691.npy,LINEAR-WIDE-20
-0.017051144,-0.014131974,0.80710214,0.736959,0.8072823,-0.99441624,0.9974532,1.9918694645166397,0.03170207,1.381791,-0.30150589481894763,-4707031.25,4.8395736e-07,1.307521e-07,0.9386528037437556,0.009804095244789741,/content/drive/MyDrive/N-MON/ALTRO/spectograms/LINEAR-WIDE-20/692.npy,LINEAR-WIDE-20
-5.1294326e-05,0.0054096337,0.8046595,0.73489755,0.8046595,-0.99450713,0.9973868,1.9918939620256424,-0.0022577753,1.3837504,-0.2745720478333623,-4296875.0,4.1142275e-07,1.3079496e-07,0.9425544085971553,0.003913632522156123,/content/drive/MyDrive/N-MON/ALTRO/spectograms/LINEAR-WIDE-20/693.npy,LINEAR-WIDE-20
0.0036783486,0.024971072,0.8074006,0.73492455,0.8074089,-0.9944491,0.9973847,1.9918338060379028,-0.016033012,1.3863162,-0.3124932007543172,-4531250.0,3.7904036e-07,1.3101163e-07,0.949341927905961,0.0043836073685621195,/content/drive/MyDrive/N-MON/ALTRO/spectograms/LINEAR-WIDE-20/694.npy,LINEAR-WIDE-20
-0.00058001134,-0.010779962,0.8076084,0.7386623,0.80760854,-0.9948609,0.99701416,1.9918750673532486,0.009492203,1.3771075,-0.290278760118735,-4667968.75,4.15579e-07,1.3134265e-07,0.9494415018552089,0.005338004500574406,/content/drive/MyDrive/N-MON/ALTRO/spectograms/LINEAR-WIDE-20/695.npy,LINEAR-WIDE-20
0.016267037,0.052374244,0.80751723,0.7366687,0.8076811,-0.9941312,0.9976798,1.9918109774589539,-0.034267962,1.3816195,-0.3137892950010298,-4472656.25,3.742883e-07,1.300443e-07,0.9468082910156483,0.010941237426355449,/content/drive/MyDrive/N-MON/ALTRO/spectograms/LINEAR-WIDE-20/696.npy,LINEAR-WIDE-20
-0.009975786,-0.010818374,0.8065162,0.7358562,0.80657786,-0.99496174,0.98925555,1.9842172712087631,0.025663454,1.3819759,-0.28512912014006997,4492187.5,4.3530088e-07,1.3026192e-07,0.9401527221008382,0.01403139270514873,/content/drive/MyDrive/N-MON/ALTRO/spectograms/LINEAR-WIDE-20/697.npy,LINEAR-WIDE-20
-0.008308664,0.00923155,0.8165922,0.7497362,0.81663454,-0.9944813,0.99734163,1.9918229430913925,0.014631652,1.3524983,-0.34029092267913896,4687500.0,4.5220503e-07,1.3460937e-07,0.9423911959491329,0.010004402810703071,/content/drive/MyDrive/N-MON/ALTRO/spectograms/LINEAR-WIDE-20/698.npy,LINEAR-WIDE-20
-0.010585612,-0.025773033,0.80942494,0.73842007,0.80949414,-0.9943042,0.9974943,1.9917984455823898,0.028676413,1.3791565,-0.3202183629879799,3593750.0,4.5331583e-07,1.3048995e-07,0.9435662717930426,0.006597961243952549,/content/drive/MyDrive/N-MON/ALTRO/spectograms/LINEAR-WIDE-20/699.npy,LINEAR-WIDE-20
0.0034735703,0.028967246,0.80160004,0.7279644,0.8016076,-0.99430966,0.99000293,1.984312579035759,-0.011042269,1.3942962,-0.24839933340181564,4902343.75,3.9461548e-07,1.3044766e-07,0.9487576341173299,0.0043716527793294805,/content/drive/MyDrive/N-MON/ALTRO/spectograms/LINEAR-WIDE-20/700.npy,LINEAR-WIDE-20
-0.005664658,0.0047129337,0.8019698,0.7278779,0.80198985,-0.9952595,0.99088025,1.9861397594213486,-0.0030124434,1.4012834,-0.3025887075998429,4453125.0,5.0946727e-07,1.3016188e-07,0.9510341132763478,0.00671564684956789,/content/drive/MyDrive/N-MON/ALTRO/spectograms/LINEAR-WIDE-20/701.npy,LINEAR-WIDE-20
-0.0078069246,-0.010047323,0.80453974,0.7317759,0.80457765,-0.9941641,0.99767935,1.9918434768915176,0.016836215,1.3917919,-0.3056507422343612,4218750.0,3.8930548e-07,1.3045508e-07,0.9482367098729636,0.00908655128785903,/content/drive/MyDrive/N-MON/ALTRO/spectograms/LINEAR-WIDE-20/702.npy,LINEAR-WIDE-20
0.0032849493,0.001417218,0.80466217,0.7322001,0.80466884,-0.9791652,0.9972775,1.9764427542686462,-0.0012222524,1.3864088,-0.27189654112360906,-4472656.25,4.075498e-07,1.3011847e-07,0.9399166725911856,0.013221348365418162,/content/drive/MyDrive/N-MON/ALTRO/spectograms/LINEAR-WIDE-20/703.npy,LINEAR-WIDE-20
0.0060053063,-0.010061189,0.8049913,0.72998863,0.80501366,-0.9943838,0.99749005,1.9918738305568695,0.0035668565,1.3938587,-0.30742560291084964,4492187.5,4.1849012e-07,1.3012254e-07,0.9395082915632363,0.011196058093593766,/content/drive/MyDrive/N-MON/ALTRO/spectograms/LINEAR-WIDE-20/704.npy,LINEAR-WIDE-20
-0.002946637,-0.006293383,0.8071902,0.73647225,0.8071956,-0.9944393,0.99747455,1.991913840174675,0.010152853,1.3794355,-0.28670742337646093,-4570312.5,3.922914e-07,1.3120257e-07,0.9424066672605729,0.004860832579712253,/content/drive/MyDrive/N-MON/ALTRO/spectograms/LINEAR-WIDE-20/705.npy,LINEAR-WIDE-20
0.020359032,0.037777964,0.81083894,0.74116504,0.8110944,-0.9933837,0.9983909,1.9917746186256409,-0.040333908,1.3708335,-0.31230355046513847,-3847656.25,4.3641424e-07,1.3056919e-07,0.9476950337011809,0.0050833880580739635,/content/drive/MyDrive/N-MON/ALTRO/spectograms/LINEAR-WIDE-20/706.npy,LINEAR-WIDE-20
0.0005324783,-0.04125358,0.8093024,0.7394667,0.80930257,-0.99427223,0.9975418,1.9918140172958374,0.01816197,1.3714885,-0.30069623800533674,4589843.75,4.102617e-07,1.318535e-07,0.9499205067564396,0.005725312660549852,/content/drive/MyDrive/N-MON/ALTRO/spectograms/LINEAR-WIDE-20/707.npy,LINEAR-WIDE-20
-0.009093407,-0.0025122513,0.80500937,0.7322926,0.8050607,-0.9946139,0.9972347,1.9918485879898071,0.01876124,1.3904436,-0.3087359207255914,4296875.0,4.1176173e-07,1.3005946e-07,0.9499045975852567,0.007374729701560114,/content/drive/MyDrive/N-MON/ALTRO/spectograms/LINEAR-WIDE-20/708.npy,LINEAR-WIDE-20
0.006127244,0.0055294186,0.8066225,0.73458815,0.80664575,-0.99431366,0.9974984,1.9918120503425598,-0.0063932603,1.384634,-0.2930169229858449,4277343.75,4.9336046e-07,1.2968493e-07,0.9359226409268862,0.010152929261030345,/content/drive/MyDrive/N-MON/ALTRO/spectograms/LINEAR-WIDE-20/709.npy,LINEAR-WIDE-20
-0.009627132,-0.041441508,0.80539715,0.7350832,0.8054547,-0.9943811,0.97622794,1.9706090837717056,0.028058302,1.3829921,-0.2761452662804996,-4785156.25,3.8512835e-07,1.3034543e-07,0.9366877416390257,0.012087072831427813,/content/drive/MyDrive/N-MON/ALTRO/spectograms/LINEAR-WIDE-20/710.npy,LINEAR-WIDE-20
0.0070056026,-0.010257032,0.8075811,0.7351282,0.8076115,-0.9945697,0.9973148,1.991884559392929,0.000126323,1.3855232,-0.3398491751635647,4550781.25,3.7033706e-07,1.3027632e-07,0.9421716969613032,0.007220744277090778,/content/drive/MyDrive/N-MON/ALTRO/spectograms/LINEAR-WIDE-20/711.npy,LINEAR-WIDE-20
-0.01256073,-0.021764081,0.8045787,0.7330018,0.8046767,-0.99424595,0.9976192,1.9918651431798935,0.027911885,1.3858262,-0.27290335795181087,4316406.25,3.858361e-07,1.299932e-07,0.9451071721351376,0.004824668958632416,/content/drive/MyDrive/N-MON/ALTRO/spectograms/LINEAR-WIDE-20/712.npy,LINEAR-WIDE-20
-0.010280822,-0.018029599,0.8084607,0.7385233,0.8085261,-0.9942874,0.9975606,1.9918480217456818,0.02193187,1.3737028,-0.2734032537501597,4453125.0,3.9083056e-07,1.3029523e-07,0.9505915759257442,0.004789147495310123,/content/drive/MyDrive/N-MON/ALTRO/spectograms/LINEAR-WIDE-20/713.npy,LINEAR-WIDE-20
-0.0050401934,-0.014036272,0.80201876,0.73072624,0.8020346,-0.994369,0.9975265,1.9918954819440842,0.015092456,1.391134,-0.27087028936115864,4960937.5,4.111339e-07,1.303506e-07,0.9507187057990517,0.008398488128012428,/content/drive/MyDrive/N-MON/ALTRO/spectograms/LINEAR-WIDE-20/714.npy,LINEAR-WIDE-20
0.0054090037,0.03606649,0.80280834,0.7296196,0.8028266,-0.9949806,0.9969185,1.9918990731239319,-0.010516863,1.3987637,-0.2853258034569609,-4042968.75,4.548817e-07,1.301238e-07,0.9436642764021776,0.013408425412152047,/content/drive/MyDrive/N-MON/ALTRO/spectograms/LINEAR-WIDE-20/715.npy,LINEAR-WIDE-20
-0.00705705,0.013198639,0.8076676,0.73539853,0.8076985,-0.994424,0.99747527,1.9918992966413498,0.011024375,1.3814197,-0.276745889803821,4492187.5,3.992738e-07,1.3046672e-07,0.9385137390256544,0.011820394308369175,/content/drive/MyDrive/N-MON/ALTRO/spectograms/LINEAR-WIDE-20/716.npy,LINEAR-WIDE-20
-0.0072192634,-0.0021773544,0.80912876,0.73958755,0.80916095,-0.9942278,0.9976825,1.9919103682041168,0.008961705,1.3724865,-0.3140241959739535,-3828125.0,4.5522413e-07,1.3109684e-07,0.9389821614815546,0.009175834652004144,/content/drive/MyDrive/N-MON/ALTRO/spectograms/LINEAR-WIDE-20/717.npy,LINEAR-WIDE-20
0.0017984541,0.009071946,0.8077013,0.7369299,0.8077033,-0.9946424,0.9971772,1.9918195605278015,-0.0042383773,1.3778406,-0.28253789908227145,4609375.0,4.0703176e-07,1.310757e-07,0.9449506304689815,0.0035206265709932147,/content/drive/MyDrive/N-MON/ALTRO/spectograms/LINEAR-WIDE-20/718.npy,LINEAR-WIDE-20
-0.0018244743,-0.010442866,0.80496794,0.73219204,0.80497,-0.99477226,0.9971307,1.9919029474258423,0.009310465,1.3885341,-0.3001373073548229,4589843.75,4.159118e-07,1.3032472e-07,0.9491946232845361,0.004535066527336912,/content/drive/MyDrive/N-MON/ALTRO/spectograms/LINEAR-WIDE-20/719.npy,LINEAR-WIDE-20
-0.010987465,-0.06463948,0.8014797,0.72970206,0.8015549,-0.99410415,0.9900526,1.984156757593155,0.041987125,1.3948317,-0.2634907392859135,-4902343.75,4.0229952e-07,1.3025206e-07,0.9509264430715967,0.006733417437076833,/content/drive/MyDrive/N-MON/ALTRO/spectograms/LINEAR-WIDE-20/720.npy,LINEAR-WIDE-20
-0.004991845,-0.025717841,0.80079764,0.7287973,0.8008132,-0.99433726,0.99757576,1.9919130057096481,0.02229495,1.3980559,-0.27772343787551723,4062500.0,3.7889725e-07,1.3077843e-07,0.9473067162117332,0.010520639417526676,/content/drive/MyDrive/N-MON/ALTRO/spectograms/LINEAR-WIDE-20/721.npy,LINEAR-WIDE-20
0.0064188587,0.036507092,0.80434304,0.7319768,0.8043686,-0.9944067,0.9974214,1.9918280988931656,-0.020562222,1.3927928,-0.29061676391121616,-4414062.5,3.8903374e-07,1.3050348e-07,0.9417628009830443,0.013591283647117432,/content/drive/MyDrive/N-MON/ALTRO/spectograms/LINEAR-WIDE-20/722.npy,LINEAR-WIDE-20
0.014960877,0.0367141,0.8062282,0.7353955,0.80636704,-0.99437827,0.99738276,1.9917609840631485,-0.026083425,1.3845645,-0.28883021838140277,-4863281.25,3.9544827e-07,1.30258e-07,0.9379231888167296,0.01176925917550037,/content/drive/MyDrive/N-MON/ALTRO/spectograms/LINEAR-WIDE-20/723.npy,LINEAR-WIDE-20
-0.008441903,0.013007782,0.80205935,0.72968566,0.8021038,-0.99468523,0.99723226,1.9919175058603287,0.01333089,1.3973205,-0.2976263177461843,-4726562.5,4.845236e-07,1.3006508e-07,0.9412809921269826,0.006980585978839696,/content/drive/MyDrive/N-MON/ALTRO/spectograms/LINEAR-WIDE-20/724.npy,LINEAR-WIDE-20
-0.004003834,-0.017550983,0.8076312,0.7360202,0.8076411,-0.99403226,0.99778587,1.9918181151151657,0.020666037,1.3823924,-0.3076160456197644,4765625.0,4.032208e-07,1.3052669e-07,0.9471560322701769,0.004384503836703361,/content/drive/MyDrive/N-MON/ALTRO/spectograms/LINEAR-WIDE-20/725.npy,LINEAR-WIDE-20
0.007174747,0.05642406,0.8070171,0.7361625,0.80704904,-0.99421227,0.99768853,1.9919008314609528,-0.023933273,1.3848591,-0.3126717943444107,-4667968.75,5.2530487e-07,1.310413e-07,0.9503753775168862,0.004557592806123814,/content/drive/MyDrive/N-MON/ALTRO/spectograms/LINEAR-WIDE-20/726.npy,LINEAR-WIDE-20
-0.017803017,-0.01848508,0.8095349,0.7382391,0.8097306,-0.99484694,0.9969543,1.9918012619018555,0.04329652,1.3741716,-0.29332741436096044,4257812.5,3.7928024e-07,1.274581e-07,0.9509053224176436,0.0068157404536787055,/content/drive/MyDrive/N-MON/ALTRO/spectograms/LINEAR-WIDE-20/727.npy,LINEAR-WIDE-20
-0.005979849,-0.02180985,0.8027033,0.73165786,0.80272555,-0.97905177,0.99745107,1.9765028357505798,0.01904544,1.3919262,-0.27192170610925015,-3808593.75,4.8589544e-07,1.304986e-07,0.9440785851209861,0.011714243861105169,/content/drive/MyDrive/N-MON/ALTRO/spectograms/LINEAR-WIDE-20/728.npy,LINEAR-WIDE-20
-0.00722202,-0.010076321,0.80510515,0.73409545,0.8051375,-0.9942284,0.9976561,1.9918845295906067,0.02034242,1.3858025,-0.28537089445691877,3613281.25,4.05882e-07,1.2825885e-07,0.939209795189765,0.013551362886248234,/content/drive/MyDrive/N-MON/ALTRO/spectograms/LINEAR-WIDE-20/729.npy,LINEAR-WIDE-20
0.01438001,0.012789639,0.80649614,0.7342831,0.8066243,-0.9947264,0.99712014,1.9918465465307236,-0.012863549,1.38838,-0.3159776580497483,-3847656.25,4.544015e-07,1.2875306e-07,0.9394890263498135,0.009171909475682614,/content/drive/MyDrive/N-MON/ALTRO/spectograms/LINEAR-WIDE-20/730.npy,LINEAR-WIDE-20
-0.0074793883,-0.009867616,0.8057719,0.7344266,0.80580664,-0.99415565,0.9977116,1.9918672442436218,0.015345135,1.3872153,-0.3069087467001995,4472656.25,4.5916852e-07,1.2922897e-07,0.944982126931948,0.004379914467256862,/content/drive/MyDrive/N-MON/ALTRO/spectograms/LINEAR-WIDE-20/731.npy,LINEAR-WIDE-20
-0.00046491908,0.012296554,0.8100697,0.7404474,0.8100698,-0.99534076,0.99648345,1.9918241947889328,-0.0014631448,1.3723,-0.3175088464287176,4648437.5,3.9150265e-07,1.3010897e-07,0.9429973852147963,0.009959391420612487,/content/drive/MyDrive/N-MON/ALTRO/spectograms/LINEAR-WIDE-20/732.npy,LINEAR-WIDE-20
0.007878185,-0.025737809,0.80451614,0.73372066,0.8045547,-0.99445206,0.9974433,1.9918953627347946,0.007890996,1.3869042,-0.29312773992375096,4375000.0,5.061509e-07,1.2967217e-07,0.9501768072035903,0.00630132465463846,/content/drive/MyDrive/N-MON/ALTRO/spectograms/LINEAR-WIDE-20/733.npy,LINEAR-WIDE-20
0.012809432,0.02882789,0.81008536,0.7401794,0.8101866,-0.9944341,0.9974036,1.9918377250432968,-0.028984645,1.3697429,-0.2837692449129331,-4843750.0,3.766122e-07,1.2754658e-07,0.9491334905487457,0.008667517386260462,/content/drive/MyDrive/N-MON/ALTRO/spectograms/LINEAR-WIDE-20/734.npy,LINEAR-WIDE-20
-0.013671919,-0.041536003,0.8068149,0.7351986,0.8069307,-0.99452966,0.9741459,1.9686755985021591,0.0290555,1.378873,-0.2681834615723694,4589843.75,5.1344364e-07,1.3033812e-07,0.9437946212744146,0.011712784725291189,/content/drive/MyDrive/N-MON/ALTRO/spectograms/LINEAR-WIDE-20/735.npy,LINEAR-WIDE-20
-0.010740479,-0.04178359,0.8039726,0.7331614,0.80404437,-0.99475026,0.9816332,1.9763834327459335,0.02972694,1.3860035,-0.26788412884864965,4316406.25,3.749856e-07,1.2702583e-07,0.9384155117450395,0.013751306028290488,/content/drive/MyDrive/N-MON/ALTRO/spectograms/LINEAR-WIDE-20/736.npy,LINEAR-WIDE-20
-0.008663688,-0.018199304,0.80855197,0.7400858,0.80859846,-0.9946935,0.9971982,1.9918917417526245,0.022310477,1.372254,-0.2895312283916952,-4648437.5,4.9638896e-07,1.2986627e-07,0.9412392862201757,0.008186172828199256,/content/drive/MyDrive/N-MON/ALTRO/spectograms/LINEAR-WIDE-20/737.npy,LINEAR-WIDE-20
-0.0031021633,-0.021948233,0.80158955,0.72947854,0.80159557,-0.99437475,0.99740696,1.9917817562818527,0.0047132024,1.3970349,-0.2811797983598662,-4570312.5,4.065579e-07,1.2475346e-07,0.9378675320588534,0.0065591771132161684,/content/drive/MyDrive/N-MON/ALTRO/spectograms/LINEAR-WIDE-20/738.npy,LINEAR-WIDE-20
0.005298847,-0.001964584,0.8031942,0.7332191,0.8032117,-0.99409133,0.9902316,1.984322875738144,-0.012778136,1.3886123,-0.27834558753208605,-3945312.5,4.7531267e-07,1.2974189e-07,0.9465878077129797,0.004879162007304977,/content/drive/MyDrive/N-MON/ALTRO/spectograms/LINEAR-WIDE-20/739.npy,LINEAR-WIDE-20
-0.0029928375,-0.026217313,0.8122476,0.7429951,0.81225306,-0.99478173,0.9970334,1.9918151497840881,0.004357753,1.3669187,-0.3222895577709687,-4453125.0,3.8197916e-07,1.3060645e-07,0.9494797330559293,0.006227301774732336,/content/drive/MyDrive/N-MON/ALTRO/spectograms/LINEAR-WIDE-20/740.npy,LINEAR-WIDE-20
-0.011312281,-0.07255716,0.8096496,0.74241716,0.8097286,-0.9943092,0.99759775,1.991906926035881,0.038447138,1.3662491,-0.3011602457591246,-3886718.75,4.1880875e-07,1.3029185e-07,0.9478538002612983,0.010355163469803155,/content/drive/MyDrive/N-MON/ALTRO/spectograms/LINEAR-WIDE-20/741.npy,LINEAR-WIDE-20
-0.0028685513,-0.018162897,0.8066549,0.73493105,0.80665994,-0.9945634,0.99732834,1.9918917417526245,0.014132516,1.38059,-0.2750838030188235,3691406.25,4.451335e-07,1.296152e-07,0.9438325654652922,0.011564753979115229,/content/drive/MyDrive/N-MON/ALTRO/spectograms/LINEAR-WIDE-20/742.npy,LINEAR-WIDE-20
-0.006742445,-0.0018981341,0.80958945,0.7397291,0.8096175,-0.99386144,0.99806833,1.9919297993183136,0.008750907,1.3744426,-0.30895263251560323,-4570312.5,3.824629e-07,1.3080344e-07,0.9399281243482591,0.012291230828109734,/content/drive/MyDrive/N-MON/ALTRO/spectograms/LINEAR-WIDE-20/743.npy,LINEAR-WIDE-20
-0.015171437,-0.033612728,0.8032644,0.7323215,0.8034076,-0.99449,0.9973526,1.9918426275253296,0.03120424,1.3900526,-0.2716562454044721,4394531.25,5.228299e-07,1.2962558e-07,0.9376271324165459,0.00883978973812042,/content/drive/MyDrive/N-MON/ALTRO/spectograms/LINEAR-WIDE-20/744.npy,LINEAR-WIDE-20
0.013120843,0.013373047,0.8043353,0.7336799,0.80444235,-0.97900176,0.9975089,1.976510614156723,-0.023766724,1.3847182,-0.26722673971916866,4472656.25,3.9556073e-07,1.2694292e-07,0.9446571181198637,0.004483539096168984,/content/drive/MyDrive/N-MON/ALTRO/spectograms/LINEAR-WIDE-20/745.npy,LINEAR-WIDE-20
-0.004255149,0.004949403,0.8157062,0.7473978,0.81571734,-0.9950426,0.9967574,1.991799995303154,0.014075598,1.3603191,-0.3704831869794961,4453125.0,4.6160116e-07,1.3605943e-07,0.9390313262301136,0.006928464632054785,/content/drive/MyDrive/N-MON/ALTRO/spectograms/LINEAR-WIDE-20/746.npy,LINEAR-WIDE-20
-0.0028003196,-0.03423547,0.8021172,0.728514,0.8021221,-0.9949458,0.9969641,1.9919099360704422,0.018968744,1.3997099,-0.28536745456971346,-4667968.75,3.809804e-07,1.2734026e-07,0.9506272039085373,0.005992312729528684,/content/drive/MyDrive/N-MON/ALTRO/spectograms/LINEAR-WIDE-20/747.npy,LINEAR-WIDE-20
-0.0018690138,-0.03337486,0.804842,0.7345666,0.8048441,-0.9940691,0.99768704,1.991756111383438,0.021031078,1.3848606,-0.29027811640961254,-4687500.0,5.9470176e-07,1.2942664e-07,0.9479690527638654,0.010862647316057957,/content/drive/MyDrive/N-MON/ALTRO/spectograms/LINEAR-WIDE-20/748.npy,LINEAR-WIDE-20
0.0018964071,-0.0023558082,0.7972672,0.72369236,0.79726946,-0.99420345,0.9819823,1.9761857241392136,-0.0032685993,1.4079233,-0.2475904546144757,-4765625.0,3.9261383e-07,1.2751238e-07,0.9410913779538399,0.01285159487295366,/content/drive/MyDrive/N-MON/ALTRO/spectograms/LINEAR-WIDE-20/749.npy,LINEAR-WIDE-20
0.0061192997,0.021023016,0.8035756,0.73228633,0.8035989,-0.9867538,0.99755746,1.9843112528324127,-0.0103692645,1.3895042,-0.2705629144094496,-4882812.5,4.4665896e-07,1.2956863e-07,0.939178640906273,0.01326011900470474,/content/drive/MyDrive/N-MON/ALTRO/spectograms/LINEAR-WIDE-20/750.npy,LINEAR-WIDE-20
-0.015090824,-0.033360284,0.81070673,0.74122363,0.8108472,-0.99417007,0.9976682,1.9918382912874222,0.02831574,1.3721565,-0.31254789757875845,-4453125.0,3.8697604e-07,1.2854636e-07,0.9409718156953428,0.007837027867510714,/content/drive/MyDrive/N-MON/ALTRO/spectograms/LINEAR-WIDE-20/751.npy,LINEAR-WIDE-20
0.00928657,0.0130889965,0.80778635,0.73812836,0.80783975,-0.9947043,0.99720323,1.9919075220823288,-0.008375548,1.3798134,-0.3118948923442294,-3867187.5,4.2399205e-07,1.2917788e-07,0.9443846124066357,0.004821705166290873,/content/drive/MyDrive/N-MON/ALTRO/spectograms/LINEAR-WIDE-20/752.npy,LINEAR-WIDE-20
0.005294479,0.013573941,0.82825917,0.7642999,0.82827604,-0.9940218,0.99784464,1.9918664246797562,-0.008087809,1.3249148,-0.42080530979534914,-3945312.5,4.7832805e-07,1.3752019e-07,0.9476917881451554,0.005467894754343283,/content/drive/MyDrive/N-MON/ALTRO/spectograms/LINEAR-WIDE-20/753.npy,LINEAR-WIDE-20
0.014831998,0.052242547,0.80678666,0.7352216,0.80692303,-0.99462396,0.99727875,1.9919027388095856,-0.035527725,1.381792,-0.2918142672118639,4179687.5,3.9387956e-07,1.282958e-07,0.9492361015975352,0.005295515433838202,/content/drive/MyDrive/N-MON/ALTRO/spectograms/LINEAR-WIDE-20/754.npy,LINEAR-WIDE-20
-0.010730398,0.001735874,0.805523,0.7343506,0.80559444,-0.99419576,0.9976364,1.9918321520090103,0.01701539,1.3832084,-0.2775129286060408,4453125.0,4.5840093e-07,1.3005285e-07,0.9516962265853788,0.007431874756911297,/content/drive/MyDrive/N-MON/ALTRO/spectograms/LINEAR-WIDE-20/755.npy,LINEAR-WIDE-20
0.004439717,0.0096043395,0.80515796,0.73315185,0.80517024,-0.9942157,0.9977062,1.9919219613075256,-0.0065991892,1.387195,-0.2870253462695215,-4550781.25,3.9525605e-07,1.3078353e-07,0.9469430312791156,0.010537660043953494,/content/drive/MyDrive/N-MON/ALTRO/spectograms/LINEAR-WIDE-20/756.npy,LINEAR-WIDE-20
-0.02423677,-0.04111129,0.8078274,0.73567957,0.8081909,-0.99392897,0.9977554,1.9916843920946121,0.056977373,1.3868976,-0.316977949820637,4414062.5,4.888455e-07,1.295678e-07,0.942154928960253,0.012491511751615187,/content/drive/MyDrive/N-MON/ALTRO/spectograms/LINEAR-WIDE-20/757.npy,LINEAR-WIDE-20
-0.007777615,-0.01759868,0.7995487,0.7264596,0.7995865,-0.99394107,0.97655725,1.970498338341713,0.016838655,1.4027319,-0.24286795973085262,-4707031.25,3.802801e-07,1.269303e-07,0.9357714730223433,0.012131503885592865,/content/drive/MyDrive/N-MON/ALTRO/spectograms/LINEAR-WIDE-20/758.npy,LINEAR-WIDE-20
-0.0065174946,-0.022139534,0.80602705,0.7348327,0.80605346,-0.99461436,0.9972248,1.9918391555547714,0.011519676,1.3830345,-0.2880799531130408,-4726562.5,4.623034e-07,1.2951938e-07,0.9409904442128361,0.006777728492713937,/content/drive/MyDrive/N-MON/ALTRO/spectograms/LINEAR-WIDE-20/759.npy,LINEAR-WIDE-20
-0.0005743465,-0.005326139,0.79711175,0.72431713,0.797112,-0.9544364,0.9906777,1.9451141208410263,0.011397469,1.4035515,-0.2214851269888084,-3945312.5,5.167904e-07,1.2821047e-07,0.9389009101431809,0.005690366896654246,/content/drive/MyDrive/N-MON/ALTRO/spectograms/LINEAR-WIDE-20/760.npy,LINEAR-WIDE-20
0.0065265945,0.02077895,0.8070808,0.73708767,0.8071072,-0.99480844,0.9970764,1.9918848276138306,-0.01772909,1.3796285,-0.30348178343107357,-4667968.75,5.008137e-07,1.298713e-07,0.9485052188443835,0.004054712989702756,/content/drive/MyDrive/N-MON/ALTRO/spectograms/LINEAR-WIDE-20/761.npy,LINEAR-WIDE-20
0.014759818,0.021703571,0.806974,0.73510206,0.80710894,-0.9938758,0.9979327,1.9918084889650345,-0.023758242,1.3806652,-0.27947977482117203,-4531250.0,4.1268726e-07,1.2956039e-07,0.9515097575586746,0.005211079263470062,/content/drive/MyDrive/N-MON/ALTRO/spectograms/LINEAR-WIDE-20/762.npy,LINEAR-WIDE-20
-0.0010829058,-0.0096081635,0.80171263,0.72739846,0.80171335,-0.9939066,0.9979803,1.9918869137763977,0.005719593,1.4002545,-0.2834753442936925,-3964843.75,4.787836e-07,1.2992584e-07,0.9490969237207783,0.008901172222381532,/content/drive/MyDrive/N-MON/ALTRO/spectograms/LINEAR-WIDE-20/763.npy,LINEAR-WIDE-20
-0.0029422322,0.009329891,0.80600566,0.7356109,0.806011,-0.99453735,0.997337,1.99187433719635,0.0005555603,1.3831571,-0.28939350505387484,3613281.25,4.1268746e-07,1.2997035e-07,0.943613490729867,0.012905831057744916,/content/drive/MyDrive/N-MON/ALTRO/spectograms/LINEAR-WIDE-20/764.npy,LINEAR-WIDE-20
0.0032875615,-0.01021149,0.8006124,0.7273161,0.8006191,-0.9865405,0.9975178,1.9840583205223083,0.001324859,1.3995298,-0.25322681542265013,-3632812.5,3.1107305e-07,1.2826736e-07,0.9420938997399575,0.010713631771821495,/content/drive/MyDrive/N-MON/ALTRO/spectograms/LINEAR-WIDE-20/765.npy,LINEAR-WIDE-20
-0.0025882875,-0.0024740573,0.8019427,0.72802883,0.8019469,-0.9944171,0.9975073,1.9919243603944778,0.008532815,1.3955213,-0.2593831247500261,3671875.0,5.2880534e-07,1.2993026e-07,0.9392519384467661,0.00862231015351998,/content/drive/MyDrive/N-MON/ALTRO/spectograms/LINEAR-WIDE-20/766.npy,LINEAR-WIDE-20
0.001255828,-0.0028236348,0.81035423,0.74022985,0.8103552,-0.99480754,0.9969914,1.9917989075183868,0.002094711,1.3738189,-0.3319896371386061,-4433593.75,3.932395e-07,1.30509e-07,0.943162362157147,0.006115352229335974,/content/drive/MyDrive/N-MON/ALTRO/spectograms/LINEAR-WIDE-20/767.npy,LINEAR-WIDE-20
0.010545456,0.020216875,0.8080756,0.73771876,0.8081444,-0.9951178,0.99673986,1.9918576925992966,-0.014770541,1.3763682,-0.3073376685161807,4472656.25,5.2369e-07,1.3038857e-07,0.9453738665572283,0.005585449732258105,/content/drive/MyDrive/N-MON/ALTRO/spectograms/LINEAR-WIDE-20/768.npy,LINEAR-WIDE-20
0.021220837,0.07947461,0.80999416,0.74035645,0.81027216,-0.9944453,0.9972473,1.9916925579309464,-0.05308578,1.3744955,-0.314354250362766,4824218.75,3.7558618e-07,1.3087131e-07,0.9501673619028876,0.004958703392967294,/content/drive/MyDrive/N-MON/ALTRO/spectograms/LINEAR-WIDE-20/769.npy,LINEAR-WIDE-20
0.0044624996,0.063876264,0.80523527,0.73523307,0.8052476,-0.9945905,0.99731374,1.9919043183326721,-0.02286355,1.3842103,-0.29303640411436416,-4824218.75,3.8080464e-07,1.3038193e-07,0.9510367181538988,0.005570824354001128,/content/drive/MyDrive/N-MON/ALTRO/spectograms/LINEAR-WIDE-20/770.npy,LINEAR-WIDE-20
-6.623316e-05,0.059061285,0.8083847,0.73969847,0.8083847,-0.99525785,0.99094653,1.9862044155597687,-0.018681463,1.372215,-0.28146737995278237,4296875.0,3.7732366e-07,1.2986555e-07,0.9509402989977678,0.00912368172996786,/content/drive/MyDrive/N-MON/ALTRO/spectograms/LINEAR-WIDE-20/771.npy,LINEAR-WIDE-20
-0.0006383486,-0.018362757,0.81010514,0.7398987,0.8101054,-0.9948609,0.9969733,1.9918341785669327,0.0072399024,1.3730633,-0.31533766366665816,4218750.0,3.8186124e-07,1.3069716e-07,0.945452788656518,0.011730002692500489,/content/drive/MyDrive/N-MON/ALTRO/spectograms/LINEAR-WIDE-20/772.npy,LINEAR-WIDE-20
0.007804223,0.021473784,0.7887449,0.7136866,0.78878355,-0.93378097,0.92750245,1.8612834066152573,-0.018941462,1.4276186,-0.1845637068516207,-4414062.5,5.039487e-07,1.2239656e-07,0.9387170669079734,0.01480016818892424,/content/drive/MyDrive/N-MON/ALTRO/spectograms/LINEAR-WIDE-20/773.npy,LINEAR-WIDE-20
-0.00906636,-0.03383282,0.7980424,0.72556067,0.79809386,-0.9947525,0.97584194,1.970594435930252,0.021564424,1.4036614,-0.2476198222849072,4707031.25,3.813831e-07,1.3029049e-07,0.9378788422289169,0.010633633723569494,/content/drive/MyDrive/N-MON/ALTRO/spectograms/LINEAR-WIDE-20/774.npy,LINEAR-WIDE-20
-0.002053669,-0.017812619,0.8057653,0.73583835,0.80576783,-0.99431324,0.9975042,1.9918174147605896,0.007459963,1.3800222,-0.2689190249378469,4843750.0,3.9234052e-07,1.3091785e-07,0.9411931655406743,0.006240405128506666,/content/drive/MyDrive/N-MON/ALTRO/spectograms/LINEAR-WIDE-20/775.npy,LINEAR-WIDE-20
0.00540953,0.016124127,0.8051361,0.73326355,0.80515426,-0.9952913,0.99648136,1.991772636771202,-0.014881084,1.386673,-0.26932228596448404,4023437.5,5.617202e-07,1.3078153e-07,0.9487316368935933,0.00447817970097791,/content/drive/MyDrive/N-MON/ALTRO/spectograms/LINEAR-WIDE-20/776.npy,LINEAR-WIDE-20
0.008503981,0.016523533,0.80626184,0.7335048,0.8063067,-0.9950415,0.99683166,1.9918731898069382,-0.011588989,1.3858502,-0.291458763762826,4316406.25,4.251783e-07,1.3064658e-07,0.9473498795554982,0.004895648373694032,/content/drive/MyDrive/N-MON/ALTRO/spectograms/LINEAR-WIDE-20/777.npy,LINEAR-WIDE-20
0.0061272183,-0.002725298,0.8037032,0.732031,0.80372655,-0.9946196,0.9972399,1.9918595403432846,-0.0063145673,1.38754,-0.27024482425468854,-4902343.75,4.108393e-07,1.3034725e-07,0.9521449819837677,0.005715587119719577,/content/drive/MyDrive/N-MON/ALTRO/spectograms/LINEAR-WIDE-20/778.npy,LINEAR-WIDE-20
-0.00961034,-0.045616478,0.80380434,0.7311688,0.80386186,-0.9946932,0.99717546,1.9918686896562576,0.033353947,1.391828,-0.28364138298039976,4960937.5,4.1801727e-07,1.3032607e-07,0.9500357898234424,0.007557560907092542,/content/drive/MyDrive/N-MON/ALTRO/spectograms/LINEAR-WIDE-20/779.npy,LINEAR-WIDE-20
-0.01975518,-0.025964256,0.8080649,0.7378405,0.8083063,-0.99463904,0.99723047,1.9918695241212845,0.041353904,1.3812075,-0.31796270226400136,4785156.25,3.92018e-07,1.296139e-07,0.9460192754088705,0.011934627414121756,/content/drive/MyDrive/N-MON/ALTRO/spectograms/LINEAR-WIDE-20/780.npy,LINEAR-WIDE-20
-0.009662535,-0.018350385,0.8067671,0.7359513,0.806825,-0.9947839,0.9971436,1.9919275343418121,0.023581652,1.3823528,-0.30414054965644877,4648437.5,3.879809e-07,1.3013167e-07,0.941297963092816,0.013362583050455611,/content/drive/MyDrive/N-MON/ALTRO/spectograms/LINEAR-WIDE-20/781.npy,LINEAR-WIDE-20
0.01816528,0.01692393,0.8058213,0.7339327,0.80602604,-0.99471027,0.99719733,1.991907611489296,-0.032434575,1.3890465,-0.31022024178520635,4042968.75,4.1080324e-07,1.2996163e-07,0.9399410408696893,0.01218143948351502,/content/drive/MyDrive/N-MON/ALTRO/spectograms/LINEAR-WIDE-20/782.npy,LINEAR-WIDE-20
-0.0052207573,-0.042516008,0.79610956,0.721383,0.79612666,-0.9429326,0.9964121,1.9393447041511536,0.027669601,1.4103509,-0.2246446498876714,4980468.75,3.864905e-07,1.3024703e-07,0.9395488922636576,0.006768209370571295,/content/drive/MyDrive/N-MON/ALTRO/spectograms/LINEAR-WIDE-20/783.npy,LINEAR-WIDE-20
0.009787649,0.0054960754,0.80880684,0.7385027,0.808866,-0.9943825,0.99754345,1.9919259548187256,-0.012566857,1.3748982,-0.29822340360413613,-4296875.0,3.8835026e-07,1.3082149e-07,0.945595933796398,0.005678759770159943,/content/drive/MyDrive/N-MON/ALTRO/spectograms/LINEAR-WIDE-20/784.npy,LINEAR-WIDE-20
0.013136827,0.0062259687,0.8075854,0.7382665,0.8076922,-0.9937208,0.9981583,1.991879090666771,-0.021823158,1.375905,-0.29759722703918634,4824218.75,3.757147e-07,1.3019246e-07,0.9488997447162495,0.005544454081053662,/content/drive/MyDrive/N-MON/ALTRO/spectograms/LINEAR-WIDE-20/785.npy,LINEAR-WIDE-20
0.00096502685,-0.034160566,0.805472,0.73371583,0.8054726,-0.99503464,0.99684453,1.9918791204690933,0.011592116,1.3874488,-0.30553574795694793,-4882812.5,4.8028375e-07,1.3070563e-07,0.9507312022179016,0.004172725847443409,/content/drive/MyDrive/N-MON/ALTRO/spectograms/LINEAR-WIDE-20/786.npy,LINEAR-WIDE-20
-0.0037838935,-0.0015286605,0.7989353,0.7236754,0.79894423,-0.99348485,0.9983858,1.9918706566095352,0.018931862,1.4111269,-0.2829421577588206,-3886718.75,3.8820735e-07,1.3001664e-07,0.9508448474720592,0.00882832503096091,/content/drive/MyDrive/N-MON/ALTRO/spectograms/LINEAR-WIDE-20/787.npy,LINEAR-WIDE-20
0.0057826396,0.0056199273,0.7841354,0.708104,0.7841567,-0.8929396,0.91375405,1.80669367313385,-0.01031251,1.4362944,-0.13709633434119184,4433593.75,5.090419e-07,1.223427e-07,0.9454324095411283,0.012541134705647617,/content/drive/MyDrive/N-MON/ALTRO/spectograms/LINEAR-WIDE-20/788.npy,LINEAR-WIDE-20
-0.010341542,-0.0059407824,0.8037843,0.7341078,0.80385077,-0.99400675,0.9666985,1.9607053101062775,0.016624706,1.3852222,-0.26214212427264194,4042968.75,3.7678632e-07,1.3019974e-07,0.9387883045786798,0.014354909014316632,/content/drive/MyDrive/N-MON/ALTRO/spectograms/LINEAR-WIDE-20/789.npy,LINEAR-WIDE-20
0.009652196,0.037150733,0.7989516,0.7243467,0.79901004,-0.99403197,0.9978697,1.991901621222496,-0.026488738,1.4101813,-0.2874966679214018,4335937.5,5.1532925e-07,1.3022867e-07,0.9379297162078849,0.01091837694224204,/content/drive/MyDrive/N-MON/ALTRO/spectograms/LINEAR-WIDE-20/790.npy,LINEAR-WIDE-20
0.0117601,0.013044631,0.8065293,0.73356843,0.806615,-0.9945017,0.9973956,1.9918972998857498,-0.019540686,1.3841289,-0.29032812214120274,-4570312.5,4.1573398e-07,1.3017286e-07,0.9407817929973067,0.00784855925767877,/content/drive/MyDrive/N-MON/ALTRO/spectograms/LINEAR-WIDE-20/791.npy,LINEAR-WIDE-20
-0.01790636,-0.04879421,0.8070591,0.7351423,0.8072578,-0.99389666,0.9978719,1.991768553853035,0.044163827,1.3849876,-0.3185697726939304,4550781.25,4.661941e-07,1.3020792e-07,0.9465482524188009,0.00437218045135233,/content/drive/MyDrive/N-MON/ALTRO/spectograms/LINEAR-WIDE-20/792.npy,LINEAR-WIDE-20
0.010719177,0.03249424,0.8081659,0.7359891,0.808237,-0.9946952,0.99721014,1.9919053614139557,-0.015795052,1.3845112,-0.32052638188326477,4472656.25,3.988522e-07,1.3014849e-07,0.9490572192553379,0.004612051890579592,/content/drive/MyDrive/N-MON/ALTRO/spectograms/LINEAR-WIDE-20/793.npy,LINEAR-WIDE-20
0.0051929085,-0.025309183,0.7986018,0.7263554,0.79861873,-0.99391013,0.97473854,1.9686486721038818,-0.004540411,1.3982548,-0.23671592846871647,-4746093.75,4.8289786e-07,1.2986085e-07,0.9514955215303413,0.005225133204007255,/content/drive/MyDrive/N-MON/ALTRO/spectograms/LINEAR-WIDE-20/794.npy,LINEAR-WIDE-20
-0.0072063524,-0.042055547,0.7997616,0.7252114,0.7997941,-0.99499065,0.9812825,1.9762731045484543,0.021263773,1.4048796,-0.2588987228776959,4960937.5,4.108548e-07,1.2927329e-07,0.951154218055136,0.007992636412923993,/content/drive/MyDrive/N-MON/ALTRO/spectograms/LINEAR-WIDE-20/795.npy,LINEAR-WIDE-20
0.010582862,0.0012306164,0.8006396,0.7290908,0.8007096,-0.99468917,0.99714994,1.991839125752449,-0.017513976,1.397181,-0.27246207301277814,-3886718.75,4.414214e-07,1.2944344e-07,0.9499493817316015,0.008681240091673096,/content/drive/MyDrive/N-MON/ALTRO/spectograms/LINEAR-WIDE-20/796.npy,LINEAR-WIDE-20
-0.010450862,-0.010742933,0.8014336,0.72743577,0.8015018,-0.9949852,0.99689984,1.991885095834732,0.017287651,1.4015708,-0.2886445319073402,4492187.5,3.985378e-07,1.3033781e-07,0.9420272144077734,0.012873045863859834,/content/drive/MyDrive/N-MON/ALTRO/spectograms/LINEAR-WIDE-20/797.npy,LINEAR-WIDE-20
-0.01693961,-0.04898774,0.80957645,0.7389679,0.8097537,-0.9940419,0.9978025,1.9918444454669952,0.049498886,1.3796318,-0.33125795656234847,-4785156.25,4.1930633e-07,1.2856022e-07,0.9393674613362095,0.013868601804705418,/content/drive/MyDrive/N-MON/ALTRO/spectograms/LINEAR-WIDE-20/798.npy,LINEAR-WIDE-20
-0.008327433,-0.041871585,0.8031148,0.73150074,0.8031579,-0.9947026,0.99716485,1.991867408156395,0.02178627,1.3908397,-0.2661975774400408,4335937.5,4.7648055e-07,1.3020598e-07,0.9397157352938785,0.011408389858816433,/content/drive/MyDrive/N-MON/ALTRO/spectograms/LINEAR-WIDE-20/799.npy,LINEAR-WIDE-20
-0.008870243,-0.006529345,0.80689126,0.73583156,0.80694,-0.99450743,0.9973755,1.991882860660553,0.016098496,1.3817159,-0.2955044317804375,4570312.5,3.903622e-07,1.2745996e-07,0.9428398552787556,0.00564651108740218,/content/drive/MyDrive/N-MON/ALTRO/spectograms/LINEAR-WIDE-20/800.npy,LINEAR-WIDE-20
0.016565228,0.037413176,0.8047305,0.73374367,0.804901,-0.97040814,0.99805284,1.9684609919786453,-0.028855192,1.3863791,-0.2797034945554381,4394531.25,4.6551665e-07,1.3002386e-07,0.9426473602140841,0.004414991611810002,/content/drive/MyDrive/N-MON/ALTRO/spectograms/LINEAR-WIDE-20/801.npy,LINEAR-WIDE-20
0.011459518,0.037286296,0.8020677,0.72806,0.80214953,-0.99392533,0.998031,1.9919563382863998,-0.025386985,1.3965651,-0.2581995794145434,4316406.25,3.85006e-07,1.3007188e-07,0.9490314858627734,0.00410350709905951,/content/drive/MyDrive/N-MON/ALTRO/spectograms/LINEAR-WIDE-20/802.npy,LINEAR-WIDE-20
-0.011249433,0.01621814,0.8044948,0.7316077,0.8045735,-0.9953033,0.9966201,1.9919234067201614,0.010974225,1.3924257,-0.3087431466646092,4453125.0,4.8504893e-07,1.3034332e-07,0.9492870237175863,0.005210859195788308,/content/drive/MyDrive/N-MON/ALTRO/spectograms/LINEAR-WIDE-20/803.npy,LINEAR-WIDE-20
-0.007154032,0.021154374,0.80804014,0.73837113,0.8080718,-0.9942655,0.9839767,1.9782422184944153,0.0021009524,1.373552,-0.28194793451738065,4003906.25,3.941249e-07,1.3022964e-07,0.9498823214935939,0.007754696165025453,/content/drive/MyDrive/N-MON/ALTRO/spectograms/LINEAR-WIDE-20/804.npy,LINEAR-WIDE-20
0.0001723156,0.016255822,0.8007314,0.72811365,0.8007315,-0.99531215,0.99657434,1.9918865114450455,-0.005361245,1.4016715,-0.2873719662873856,4140625.0,3.9189823e-07,1.3018158e-07,0.9490178133906582,0.008212415473536855,/content/drive/MyDrive/N-MON/ALTRO/spectograms/LINEAR-WIDE-20/805.npy,LINEAR-WIDE-20
0.004699378,-0.009596813,0.8097216,0.74141616,0.80973524,-0.9939583,0.9979441,1.9919024258852005,-0.0055693923,1.370787,-0.3034227383561491,-4550781.25,4.0274108e-07,1.3124361e-07,0.9460720786131886,0.010203182089350877,/content/drive/MyDrive/N-MON/ALTRO/spectograms/LINEAR-WIDE-20/806.npy,LINEAR-WIDE-20
0.015089047,0.051750205,0.8085274,0.73883426,0.8086682,-0.994902,0.996929,1.9918310046195984,-0.03390871,1.3788087,-0.3277585535191011,-4785156.25,3.906279e-07,1.3130577e-07,0.9395003843385918,0.013717673225592506,/content/drive/MyDrive/N-MON/ALTRO/spectograms/LINEAR-WIDE-20/807.npy,LINEAR-WIDE-20
-0.004452335,-0.037791893,0.8106376,0.7426275,0.8106499,-0.99461025,0.9972195,1.9918297678232193,0.012112011,1.3675919,-0.3008218234146628,4335937.5,3.9948097e-07,1.3025718e-07,0.9399215447048875,0.010985938157119884,/content/drive/MyDrive/N-MON/ALTRO/spectograms/LINEAR-WIDE-20/808.npy,LINEAR-WIDE-20
0.009738922,0.028970653,0.80601686,0.73366183,0.8060757,-0.9942632,0.99765444,1.9919175952672958,-0.009800997,1.3848552,-0.29444461124310284,-4785156.25,3.873528e-07,1.3120734e-07,0.9397102505779911,0.008196240879183787,/content/drive/MyDrive/N-MON/ALTRO/spectograms/LINEAR-WIDE-20/809.npy,LINEAR-WIDE-20
-0.002254345,-0.0034382222,0.79900825,0.7273015,0.79901147,-0.9506111,0.9887476,1.9393587112426758,0.0148553075,1.3970554,-0.2268652597599613,-4804687.5,3.9650695e-07,1.2988875e-07,0.9409550241660531,0.0048286568757438504,/content/drive/MyDrive/N-MON/ALTRO/spectograms/LINEAR-WIDE-20/810.npy,LINEAR-WIDE-20
-0.0049556457,-0.01799123,0.7995012,0.7232828,0.7995165,-0.9944478,0.98392403,1.9783718138933182,0.011577047,1.4053962,-0.2613584301480324,-2265625.0,4.4325114e-07,1.3021418e-07,0.9476764695780422,0.0035488914509570983,/content/drive/MyDrive/N-MON/ALTRO/spectograms/LINEAR-WIDE-20/811.npy,LINEAR-WIDE-20
0.0032997981,0.012190781,0.7990773,0.7246249,0.79908407,-0.9953696,0.9964845,1.9918540865182877,-0.0074861906,1.4061968,-0.2675642987170629,-4960937.5,3.9626104e-07,1.3026026e-07,0.9483640578923707,0.003795165062546818,/content/drive/MyDrive/N-MON/ALTRO/spectograms/LINEAR-WIDE-20/812.npy,LINEAR-WIDE-20
-0.006812568,-0.04211708,0.8048005,0.7331399,0.80482936,-0.9949724,0.99692374,1.9918961822986603,0.023454757,1.3885672,-0.2975647538714564,-4667968.75,5.1850196e-07,1.2988232e-07,0.9509757930551322,0.0053886093443000745,/content/drive/MyDrive/N-MON/ALTRO/spectograms/LINEAR-WIDE-20/813.npy,LINEAR-WIDE-20
-0.0002557335,0.02000973,0.8031123,0.72988963,0.8031123,-0.9954583,0.9963653,1.991823598742485,-0.013622529,1.3990116,-0.30104686582661,-4316406.25,4.0194516e-07,1.3082379e-07,0.9489332523904005,0.008689505850495997,/content/drive/MyDrive/N-MON/ALTRO/spectograms/LINEAR-WIDE-20/814.npy,LINEAR-WIDE-20
0.008646124,0.024816032,0.8062133,0.73640627,0.8062597,-0.9945405,0.9973702,1.991910696029663,-0.0069038584,1.384599,-0.32118662928760344,-3964843.75,4.6400746e-07,1.3079047e-07,0.9459519528519424,0.010558012874483816,/content/drive/MyDrive/N-MON/ALTRO/spectograms/LINEAR-WIDE-20/815.npy,LINEAR-WIDE-20
0.0032218103,-0.0021045594,0.8036849,0.7312318,0.8036914,-0.9942543,0.9976438,1.9918981194496155,-0.007946938,1.3910549,-0.2774215056904713,-3886718.75,4.5395464e-07,1.3047305e-07,0.9459321689990539,0.011364637585961176,/content/drive/MyDrive/N-MON/ALTRO/spectograms/LINEAR-WIDE-20/816.npy,LINEAR-WIDE-20
-0.0066725677,-0.03374487,0.80793095,0.73529077,0.8079585,-0.9946207,0.99729365,1.9919143468141556,0.013299813,1.385689,-0.3399464402744937,4492187.5,4.0227573e-07,1.3103502e-07,0.9407797910274108,0.013626372702851058,/content/drive/MyDrive/N-MON/ALTRO/spectograms/LINEAR-WIDE-20/817.npy,LINEAR-WIDE-20
0.0073998505,-0.017899852,0.80716074,0.7349913,0.80719465,-0.994228,0.99770355,1.9919315874576569,0.00182238,1.3852952,-0.3156871836756566,3671875.0,4.2512073e-07,1.3087208e-07,0.9368119355902469,0.011723104997353235,/content/drive/MyDrive/N-MON/ALTRO/spectograms/LINEAR-WIDE-20/818.npy,LINEAR-WIDE-20
-0.012805727,-0.017403606,0.7998935,0.7275082,0.79999596,-0.9937122,0.9825586,1.9762708395719528,0.02344926,1.4014713,-0.2660551346130041,-3847656.25,4.4449914e-07,1.2874172e-07,0.9409200234382968,0.006987686465577337,/content/drive/MyDrive/N-MON/ALTRO/spectograms/LINEAR-WIDE-20/819.npy,LINEAR-WIDE-20
0.007820594,0.04782367,0.8053433,0.7335993,0.8053813,-0.9813515,0.9968769,1.978228434920311,-0.016398111,1.384024,-0.2788274821667073,3671875.0,5.132507e-07,1.2924943e-07,0.9444248505911854,0.006117776692963726,/content/drive/MyDrive/N-MON/ALTRO/spectograms/LINEAR-WIDE-20/820.npy,LINEAR-WIDE-20
0.008963926,0.0065869875,0.805,0.73462003,0.8050499,-0.9933877,0.9907562,1.984143927693367,-0.022736184,1.3827776,-0.27248267818480454,4238281.25,3.8799763e-07,1.3060023e-07,0.9478686035218192,0.005786242057235201,/content/drive/MyDrive/N-MON/ALTRO/spectograms/LINEAR-WIDE-20/821.npy,LINEAR-WIDE-20
0.0026985435,0.033025093,0.8062988,0.7337552,0.8063033,-0.9942163,0.99768513,1.9919014424085617,-0.011463072,1.3863184,-0.29379372619597544,4375000.0,4.7469447e-07,1.30042e-07,0.9497637014099514,0.004380665540073776,/content/drive/MyDrive/N-MON/ALTRO/spectograms/LINEAR-WIDE-20/822.npy,LINEAR-WIDE-20
-0.0019162568,-0.032670904,0.80138916,0.73024976,0.8013914,-0.99346286,0.99837935,1.9918422400951385,0.021646352,1.395252,-0.2851802375918223,4882812.5,4.1833832e-07,1.2956667e-07,0.9500959512677614,0.007513325163007008,/content/drive/MyDrive/N-MON/ALTRO/spectograms/LINEAR-WIDE-20/823.npy,LINEAR-WIDE-20
0.0030043575,0.029260091,0.8034132,0.7319166,0.8034189,-0.9883269,0.99790543,1.9862323850393295,-0.010803688,1.387617,-0.26388897485896223,4003906.25,3.9342885e-07,1.3007036e-07,0.9485459998751964,0.009048631514110813,/content/drive/MyDrive/N-MON/ALTRO/spectograms/LINEAR-WIDE-20/824.npy,LINEAR-WIDE-20
0.00085278036,-0.024658747,0.8190144,0.75317824,0.8190148,-0.9932626,0.99870825,1.9919708371162415,0.0117417555,1.3450483,-0.3425601688033063,-4257812.5,5.320199e-07,1.3490197e-07,0.9475068899065935,0.00795021760233242,/content/drive/MyDrive/N-MON/ALTRO/spectograms/LINEAR-WIDE-20/825.npy,LINEAR-WIDE-20
0.009642801,-0.0020650062,0.8068918,0.73551935,0.8069494,-0.9940315,0.9978583,1.9918897598981857,-0.010822064,1.3800808,-0.29775221331509016,4492187.5,3.8621613e-07,1.3019219e-07,0.9413387080637008,0.013509343320825136,/content/drive/MyDrive/N-MON/ALTRO/spectograms/LINEAR-WIDE-20/826.npy,LINEAR-WIDE-20
-0.016018275,-0.01797923,0.8053053,0.7333948,0.80546457,-0.9942678,0.99753344,1.9918012619018555,0.04002949,1.3862053,-0.28305956559666356,-3828125.0,4.678911e-07,1.300665e-07,0.9392491482293635,0.013172922258181716,/content/drive/MyDrive/N-MON/ALTRO/spectograms/LINEAR-WIDE-20/827.npy,LINEAR-WIDE-20
-0.005665202,-0.009698794,0.80691,0.7346737,0.8069299,-0.99392825,0.9980078,1.991936057806015,0.0045733745,1.3891495,-0.344068090051299,4179687.5,3.8165285e-07,1.3019331e-07,0.9393072253605701,0.009006594063305827,/content/drive/MyDrive/N-MON/ALTRO/spectograms/LINEAR-WIDE-20/828.npy,LINEAR-WIDE-20
-0.009360097,-0.010328917,0.8048068,0.7314404,0.80486125,-0.994563,0.99737215,1.9919351190328598,0.015534972,1.3918141,-0.3016318400763406,-2968750.0,3.8636873e-07,1.3007198e-07,0.9409868802406696,0.007106820742695759,/content/drive/MyDrive/N-MON/ALTRO/spectograms/LINEAR-WIDE-20/829.npy,LINEAR-WIDE-20
0.01909672,0.029462233,0.80082726,0.72687477,0.8010549,-0.99379325,0.9979925,1.9917857348918915,-0.03594679,1.4001232,-0.2610842294133465,4394531.25,4.837445e-07,1.2966836e-07,0.9448413035280666,0.005139320851784084,/content/drive/MyDrive/N-MON/ALTRO/spectograms/LINEAR-WIDE-20/830.npy,LINEAR-WIDE-20
0.0017404861,-0.01048469,0.80338,0.7304299,0.80338186,-0.9945135,0.9973155,1.9918290078639984,0.0107804,1.3921032,-0.2776479537767572,4746093.75,3.9473153e-07,1.3009793e-07,0.9489732701485647,0.004632070969668264,/content/drive/MyDrive/N-MON/ALTRO/spectograms/LINEAR-WIDE-20/831.npy,LINEAR-WIDE-20
-0.018492686,-0.05428283,0.81000453,0.7408763,0.8102156,-0.9954008,0.99641573,1.9918164759874344,0.04237174,1.3704395,-0.28554029272153436,-4746093.75,4.744025e-07,1.3062741e-07,0.9511715935220397,0.004319262111864729,/content/drive/MyDrive/N-MON/ALTRO/spectograms/LINEAR-WIDE-20/832.npy,LINEAR-WIDE-20
-0.0050423816,0.005685338,0.8105223,0.7418736,0.810538,-0.9942316,0.9976581,1.9918896108865738,-0.0022690105,1.3665329,-0.28040944169020954,-4179687.5,4.16989e-07,1.3060603e-07,0.9505304993068674,0.008842149884956425,/content/drive/MyDrive/N-MON/ALTRO/spectograms/LINEAR-WIDE-20/833.npy,LINEAR-WIDE-20
0.010592823,0.01432582,0.8101854,0.73970675,0.81025463,-0.99324,0.99848723,1.9917272329330444,-0.016602391,1.372936,-0.3077378421809086,-4687500.0,4.78436e-07,1.3018689e-07,0.949184211504249,0.009749410855929721,/content/drive/MyDrive/N-MON/ALTRO/spectograms/LINEAR-WIDE-20/834.npy,LINEAR-WIDE-20
0.009179307,0.020452954,0.8066264,0.7360309,0.80667865,-0.99501276,0.99689615,1.9919088780879974,-0.021077082,1.3827161,-0.2973293517415395,4062500.0,4.066459e-07,1.3077728e-07,0.9454097326424789,0.011741643423568437,/content/drive/MyDrive/N-MON/ALTRO/spectograms/LINEAR-WIDE-20/835.npy,LINEAR-WIDE-20
0.016673284,0.07590476,0.8057767,0.73456204,0.80594915,-0.99425006,0.9975645,1.9918145686388016,-0.039140355,1.387275,-0.3037633179990086,-3984375.0,4.590784e-07,1.2984223e-07,0.9407558523437325,0.014055019367429639,/content/drive/MyDrive/N-MON/ALTRO/spectograms/LINEAR-WIDE-20/836.npy,LINEAR-WIDE-20
-0.010528103,-0.04863289,0.8033708,0.7300153,0.8034398,-0.99369216,0.9982368,1.9919288903474808,0.0341813,1.3954154,-0.30000731146735327,4492187.5,3.8741555e-07,1.3043297e-07,0.9405335152860723,0.013454847385995715,/content/drive/MyDrive/N-MON/ALTRO/spectograms/LINEAR-WIDE-20/837.npy,LINEAR-WIDE-20
-0.0035576657,-0.041548118,0.8094073,0.7387947,0.80941516,-0.99455506,0.99730146,1.9918565452098846,0.021416016,1.3749124,-0.306248920958221,3671875.0,4.622753e-07,1.2887767e-07,0.9360253530259255,0.011735210488404892,/content/drive/MyDrive/N-MON/ALTRO/spectograms/LINEAR-WIDE-20/838.npy,LINEAR-WIDE-20
0.005450926,0.008639819,0.8010812,0.7290698,0.8010997,-0.9951049,0.9966596,1.9917645156383514,-0.008548352,1.3977793,-0.2758838319650875,4492187.5,3.769065e-07,1.2682105e-07,0.9349202868564359,0.008441556075349754,/content/drive/MyDrive/N-MON/ALTRO/spectograms/LINEAR-WIDE-20/839.npy,LINEAR-WIDE-20
0.0047465363,0.005204564,0.80973583,0.7407852,0.8097498,-0.994511,0.9973538,1.9918648451566696,0.0016524536,1.3674923,-0.2779926408536043,4472656.25,4.706754e-07,1.299849e-07,0.9470030770805699,0.004617381805732446,/content/drive/MyDrive/N-MON/ALTRO/spectograms/LINEAR-WIDE-20/840.npy,LINEAR-WIDE-20
0.01881673,0.060536273,0.80749786,0.7375343,0.8077171,-0.9937766,0.99802524,1.9918018728494644,-0.0455726,1.376678,-0.26388586271451164,-4746093.75,3.6350403e-07,1.2691521e-07,0.9493846678357347,0.004399237176160584,/content/drive/MyDrive/N-MON/ALTRO/spectograms/LINEAR-WIDE-20/841.npy,LINEAR-WIDE-20
-0.0036237412,-0.010281568,0.8238614,0.75746965,0.82386947,-0.99422824,0.99755573,1.9917839914560318,0.005418681,1.3388023,-0.39194046122748827,4375000.0,4.1603002e-07,1.3859088e-07,0.9500310224001065,0.004905142020685783,/content/drive/MyDrive/N-MON/ALTRO/spectograms/LINEAR-WIDE-20/842.npy,LINEAR-WIDE-20
0.013703614,0.05125344,0.8030412,0.7299277,0.80315816,-0.99541473,0.9964512,1.9918659329414368,-0.037674543,1.4007102,-0.309691101646954,4707031.25,3.6987325e-07,1.2711317e-07,0.9502962146717422,0.007822807346603481,/content/drive/MyDrive/N-MON/ALTRO/spectograms/LINEAR-WIDE-20/843.npy,LINEAR-WIDE-20
-0.008329676,-0.0017844439,0.80624026,0.7370891,0.8062833,-0.99367374,0.98476017,1.9784338921308517,0.019002298,1.3765305,-0.2659847757464374,-4765625.0,5.1209594e-07,1.3072503e-07,0.9471239397610267,0.010068135053110942,/content/drive/MyDrive/N-MON/ALTRO/spectograms/LINEAR-WIDE-20/844.npy,LINEAR-WIDE-20
0.00918263,0.032365434,0.81398964,0.7449675,0.8140415,-0.99481106,0.997025,1.9918361008167267,-0.023096714,1.3615607,-0.3232909020606788,-4941406.25,3.9567166e-07,1.2709332e-07,0.9416992746613972,0.012179492866825407,/content/drive/MyDrive/N-MON/ALTRO/spectograms/LINEAR-WIDE-20/845.npy,LINEAR-WIDE-20
-0.01791202,-0.127053,0.9539672,0.933884,0.9541354,-0.99796915,0.994167,1.9921361654996872,0.031498365,1.0717758,-1.704554020039555,-3476562.5,5.420607e-07,1.8290046e-07,0.9349463686401462,0.0065182914930448825,/content/drive/MyDrive/N-MON/ALTRO/spectograms/LINEAR-WIDE-20/846.npy,LINEAR-WIDE-20
-0.0011947837,0.014765701,0.9563945,0.9370165,0.9563952,-0.99695367,0.9952085,1.9921621531248093,0.0015248875,1.0665265,-1.7254994851356538,3671875.0,6.0381274e-07,1.8287362e-07,0.9397187043153572,0.0031144369180272306,/content/drive/MyDrive/N-MON/ALTRO/spectograms/LINEAR-WIDE-20/847.npy,LINEAR-WIDE-20
-0.008231541,-0.0074320687,0.95835406,0.94023335,0.9583894,-0.9996897,0.9924383,1.9921280294656754,0.0070243143,1.0636274,-1.7603319699353641,-3789062.5,5.918517e-07,1.8151673e-07,0.9435708674932184,0.0039334548089313606,/content/drive/MyDrive/N-MON/ALTRO/spectograms/LINEAR-WIDE-20/848.npy,LINEAR-WIDE-20
-0.008941341,-0.059579216,0.95706594,0.9384902,0.9571078,-1.0010036,0.99113667,1.9921403229236603,0.009382865,1.0651593,-1.7314316911139411,3574218.75,6.0920195e-07,1.8302681e-07,0.9451044526673118,0.0031293649410834806,/content/drive/MyDrive/N-MON/ALTRO/spectograms/LINEAR-WIDE-20/849.npy,LINEAR-WIDE-20
0.03523451,0.3654762,0.9592104,0.94078285,0.9598573,-0.9976144,0.9945211,1.9921354800462723,-0.07879982,1.0670849,-1.7769731105014277,-3085937.5,5.669475e-07,1.8249725e-07,0.9477268509688347,0.0039499516418836055,/content/drive/MyDrive/N-MON/ALTRO/spectograms/LINEAR-WIDE-20/850.npy,LINEAR-WIDE-20
0.012903648,0.14341843,0.9563997,0.937089,0.9564867,-1.0012152,0.9909318,1.9921470433473587,-0.036494218,1.0689205,-1.7441149929797988,3027343.75,5.413518e-07,1.82389e-07,0.9462968119115265,0.00583123498880949,/content/drive/MyDrive/N-MON/ALTRO/spectograms/LINEAR-WIDE-20/851.npy,LINEAR-WIDE-20
-0.0054459153,-0.043780327,0.9569533,0.93918383,0.9569688,-1.0007488,0.9914011,1.9921498447656631,0.0024533845,1.0647645,-1.7373209251927835,-2382812.5,6.1079845e-07,1.8301589e-07,0.9464239452737768,0.006774059579491602,/content/drive/MyDrive/N-MON/ALTRO/spectograms/LINEAR-WIDE-20/852.npy,LINEAR-WIDE-20
0.015662603,0.14086927,0.95668745,0.93873024,0.95681566,-0.9997784,0.9923465,1.9921249151229858,-0.039224096,1.0653092,-1.7073696353708343,4492187.5,6.038652e-07,1.8272918e-07,0.9405134351862574,0.009612803358429579,/content/drive/MyDrive/N-MON/ALTRO/spectograms/LINEAR-WIDE-20/853.npy,LINEAR-WIDE-20
-0.013942905,-0.05121179,0.9552439,0.9356151,0.9553456,-0.9966347,0.9955152,1.9921499341726303,0.023705583,1.0683253,-1.694559611112559,2910156.25,5.1827465e-07,1.817012e-07,0.937888410963002,0.010373142884317012,/content/drive/MyDrive/N-MON/ALTRO/spectograms/LINEAR-WIDE-20/854.npy,LINEAR-WIDE-20
-0.0004344492,0.09380453,0.96026933,0.9431921,0.96026945,-0.9999507,0.99221456,1.99216528236866,-0.008817052,1.0596505,-1.7764995654034765,4492187.5,6.5667643e-07,1.8233953e-07,0.9359894032924451,0.009471801554964623,/content/drive/MyDrive/N-MON/ALTRO/spectograms/LINEAR-WIDE-20/855.npy,LINEAR-WIDE-20
-0.01002764,-0.071146965,0.95683986,0.93862355,0.95689243,-0.996925,0.9952218,1.9921467900276184,0.021629484,1.0654054,-1.730237550150224,3671875.0,5.7323444e-07,1.8348872e-07,0.9351337264346598,0.007033759060720311,/content/drive/MyDrive/N-MON/ALTRO/spectograms/LINEAR-WIDE-20/856.npy,LINEAR-WIDE-20
-0.0018271923,-0.046176836,0.9585138,0.94117177,0.9585155,-0.9993678,0.9927444,1.992112159729004,-0.0015973289,1.0622615,-1.7542476671993115,-4648437.5,5.9486854e-07,1.8302202e-07,0.9401901827349837,0.004107427895243097,/content/drive/MyDrive/N-MON/ALTRO/spectograms/LINEAR-WIDE-20/857.npy,LINEAR-WIDE-20
-0.018462624,-0.19633433,0.9537672,0.9363069,0.9539459,-0.9971573,0.99494815,1.9921054691076279,0.033911098,1.0693136,-1.6706702881245603,2929687.5,6.683458e-07,1.833321e-07,0.9418501294510643,0.003649750181447054,/content/drive/MyDrive/N-MON/ALTRO/spectograms/LINEAR-WIDE-20/858.npy,LINEAR-WIDE-20
-0.006541134,-0.08473337,0.95975375,0.9420816,0.95977604,-0.9987502,0.9933989,1.9921491146087646,0.008802891,1.061347,-1.7795070975291483,-3945312.5,5.4836664e-07,1.8311474e-07,0.9478395014703203,0.0025935884165982125,/content/drive/MyDrive/N-MON/ALTRO/spectograms/LINEAR-WIDE-20/859.npy,LINEAR-WIDE-20
0.024248533,0.22961882,0.9543037,0.93517375,0.9546117,-0.99685454,0.9952315,1.9920860528945923,-0.049372803,1.0718638,-1.7042500282724478,3632812.5,6.251855e-07,1.8279198e-07,0.9471503088007949,0.003472360844964186,/content/drive/MyDrive/N-MON/ALTRO/spectograms/LINEAR-WIDE-20/860.npy,LINEAR-WIDE-20
-0.032480042,-0.3525326,0.9610747,0.9454722,0.96162343,-0.99717367,0.99493945,1.9921131134033203,0.06340891,1.060264,-1.7879013048918673,2500000.0,5.7985244e-07,1.8359415e-07,0.9467055136786049,0.005406427963459497,/content/drive/MyDrive/N-MON/ALTRO/spectograms/LINEAR-WIDE-20/861.npy,LINEAR-WIDE-20
-0.021400975,-0.18575203,0.9573672,0.9394835,0.9576063,-0.9983664,0.9937701,1.9921364933252335,0.038556572,1.0650291,-1.7399905969042397,3535156.25,5.753026e-07,1.8266837e-07,0.9460360404173631,0.00794914339023223,/content/drive/MyDrive/N-MON/ALTRO/spectograms/LINEAR-WIDE-20/862.npy,LINEAR-WIDE-20
0.012530822,0.18469481,0.95315397,0.93346095,0.95323634,-1.0029273,0.98922306,1.9921503067016602,-0.04180363,1.0729737,-1.6745377138042088,-2382812.5,6.444047e-07,1.8189301e-07,0.9440732529222003,0.008184900632102103,/content/drive/MyDrive/N-MON/ALTRO/spectograms/LINEAR-WIDE-20/863.npy,LINEAR-WIDE-20
-0.004369382,-0.07413384,0.95591855,0.93657434,0.9559285,-0.99611646,0.9960133,1.9921297430992126,0.010450955,1.0675347,-1.717100037039603,4492187.5,7.5060575e-07,1.8235505e-07,0.9380249656086407,0.01063320219999969,/content/drive/MyDrive/N-MON/ALTRO/spectograms/LINEAR-WIDE-20/864.npy,LINEAR-WIDE-20
-0.0051364554,-0.08048962,0.9574946,0.9391521,0.9575084,-0.994635,0.9975195,1.992154449224472,0.014943724,1.0652015,-1.7503692610127086,-2382812.5,6.890384e-07,1.8257195e-07,0.9368086075141121,0.010011394073728993,/content/drive/MyDrive/N-MON/ALTRO/spectograms/LINEAR-WIDE-20/865.npy,LINEAR-WIDE-20
-0.029555103,-0.2458157,0.95453787,0.9344155,0.95499533,-0.9957806,0.99635255,1.9921331405639648,0.06146777,1.0727444,-1.702314561092597,4492187.5,6.1945235e-07,1.8288085e-07,0.9340592720028489,0.007995373540246365,/content/drive/MyDrive/N-MON/ALTRO/spectograms/LINEAR-WIDE-20/866.npy,LINEAR-WIDE-20
0.01058298,0.15025695,0.9551662,0.9362527,0.9552249,-1.0020753,0.99007654,1.992151901125908,-0.03297985,1.0690113,-1.717575410826598,4472656.25,5.6613925e-07,1.8316157e-07,0.9378005049672902,0.0043544918123524885,/content/drive/MyDrive/N-MON/ALTRO/spectograms/LINEAR-WIDE-20/867.npy,LINEAR-WIDE-20
-0.024822192,-0.26691794,0.9600251,0.94321245,0.96034586,-0.9972404,0.99490225,1.9921426624059677,0.050267752,1.0609215,-1.7619881264378983,3066406.25,4.950362e-07,1.8402976e-07,0.939399854904426,0.002737726535661094,/content/drive/MyDrive/N-MON/ALTRO/spectograms/LINEAR-WIDE-20/868.npy,LINEAR-WIDE-20
0.015480626,0.21168453,0.9590629,0.94093186,0.9591878,-1.0031335,0.98893714,1.9920707494020462,-0.047372285,1.064205,-1.7830057338091596,2929687.5,5.81154e-07,1.8349313e-07,0.9425244579788935,0.0034046291442994545,/content/drive/MyDrive/N-MON/ALTRO/spectograms/LINEAR-WIDE-20/869.npy,LINEAR-WIDE-20
0.0018030084,0.006774919,0.96081424,0.9452317,0.9608159,-0.99719244,0.99497396,1.9921663850545883,-0.004086225,1.0555841,-1.7486042694603852,-2402343.75,5.3940585e-07,1.8376429e-07,0.9427715871305544,0.003230281505833642,/content/drive/MyDrive/N-MON/ALTRO/spectograms/LINEAR-WIDE-20/870.npy,LINEAR-WIDE-20
-0.019184943,-0.1753706,0.95628196,0.9370794,0.95647436,-0.9955889,0.9964324,1.9920213222503662,0.040324572,1.0699337,-1.7544399230437187,2929687.5,6.42517e-07,1.8225566e-07,0.9476894639071045,0.0034297014399530586,/content/drive/MyDrive/N-MON/ALTRO/spectograms/LINEAR-WIDE-20/871.npy,LINEAR-WIDE-20
0.023722801,0.23711252,0.95892566,0.94046694,0.95921916,-1.0010731,0.9910443,1.9921174496412277,-0.05694605,1.0659261,-1.7814165406144353,4511718.75,5.2325134e-07,1.8359395e-07,0.9481974941154492,0.0047462215682141,/content/drive/MyDrive/N-MON/ALTRO/spectograms/LINEAR-WIDE-20/872.npy,LINEAR-WIDE-20
-0.018689215,-0.23242754,0.95912343,0.9421848,0.95930547,-0.99415934,0.99796593,1.9921252578496933,0.045165308,1.062283,-1.7619921297625105,-2363281.25,5.869512e-07,1.8320387e-07,0.946953160580276,0.0068070035460214345,/content/drive/MyDrive/N-MON/ALTRO/spectograms/LINEAR-WIDE-20/873.npy,LINEAR-WIDE-20
-0.007370684,0.10139385,0.9573137,0.939438,0.9573421,-1.0040016,0.98813754,1.9921391755342484,-0.006136083,1.0647355,-1.7436792580938312,-4042968.75,5.0447414e-07,1.8212191e-07,0.9448507026724543,0.007682493506164913,/content/drive/MyDrive/N-MON/ALTRO/spectograms/LINEAR-WIDE-20/874.npy,LINEAR-WIDE-20
0.015983291,0.21332003,0.95569104,0.937244,0.9558246,-1.0014237,0.99071825,1.9921419769525528,-0.04495627,1.0689197,-1.7278603674830715,-2421875.0,5.1083384e-07,1.8341699e-07,0.9408530723230387,0.010069720036812611,/content/drive/MyDrive/N-MON/ALTRO/spectograms/LINEAR-WIDE-20/875.npy,LINEAR-WIDE-20
1.022172e-05,0.12051098,0.9539905,0.93459564,0.9539905,-1.0045012,0.9876523,1.992153525352478,-0.020330667,1.0709147,-1.70405427711553,-4687500.0,6.093801e-07,1.8378884e-07,0.9373268286748252,0.009845998411310156,/content/drive/MyDrive/N-MON/ALTRO/spectograms/LINEAR-WIDE-20/876.npy,LINEAR-WIDE-20
0.01423243,0.13391855,0.957595,0.93821037,0.9577008,-0.998809,0.9932607,1.9920696467161179,-0.034860823,1.0662384,-1.7571883131037682,-4707031.25,5.6590403e-07,1.8381306e-07,0.9351846320942018,0.008848070602391275,/content/drive/MyDrive/N-MON/ALTRO/spectograms/LINEAR-WIDE-20/877.npy,LINEAR-WIDE-20
-0.004287238,-0.06849632,0.9607084,0.94475,0.960718,-0.9943665,0.9977821,1.99214868247509,0.01383962,1.0570264,-1.7561486823162717,3242187.5,5.929816e-07,1.8357524e-07,0.9363870240661111,0.006573150691271837,/content/drive/MyDrive/N-MON/ALTRO/spectograms/LINEAR-WIDE-20/878.npy,LINEAR-WIDE-20
0.00690641,0.0570586,0.9577546,0.9395061,0.95777947,-0.9978238,0.99433994,1.9921637326478958,-0.01787394,1.0640754,-1.7422207381376753,-2402343.75,5.692008e-07,1.8373052e-07,0.9398755775297603,0.00468090383197458,/content/drive/MyDrive/N-MON/ALTRO/spectograms/LINEAR-WIDE-20/879.npy,LINEAR-WIDE-20
-0.016458418,-0.17009777,0.9598655,0.9421934,0.96000665,-0.9942316,0.9978521,1.9920836836099625,0.03880662,1.0615629,-1.773522738005836,2929687.5,5.9130855e-07,1.8382929e-07,0.9411431432390773,0.0035734823815576776,/content/drive/MyDrive/N-MON/ALTRO/spectograms/LINEAR-WIDE-20/880.npy,LINEAR-WIDE-20
-0.03174755,-0.29947245,0.95898765,0.94080955,0.959513,-0.99847305,0.99367523,1.9921482354402542,0.061651204,1.0657202,-1.7826274958422073,-3632812.5,5.1318045e-07,1.8353182e-07,0.9435154669402965,0.003266693550080008,/content/drive/MyDrive/N-MON/ALTRO/spectograms/LINEAR-WIDE-20/881.npy,LINEAR-WIDE-20
-0.007393805,-0.009514488,0.9603823,0.9423199,0.9604107,-0.9938344,0.9983138,1.9921481907367706,0.020416219,1.060568,-1.7983451316191463,2929687.5,6.160968e-07,1.8237378e-07,0.9452311881030454,0.0033466600486774427,/content/drive/MyDrive/N-MON/ALTRO/spectograms/LINEAR-WIDE-20/882.npy,LINEAR-WIDE-20
0.009229831,0.09288227,0.9558363,0.9386002,0.9558809,-0.9930417,0.99905884,1.9921005815267563,-0.013869993,1.064604,-1.6943969754813895,-3730468.75,5.64363e-07,1.8092287e-07,0.9408205084188703,0.005827037879416036,/content/drive/MyDrive/N-MON/ALTRO/spectograms/LINEAR-WIDE-20/883.npy,LINEAR-WIDE-20
-0.001919837,0.03462436,0.9628483,0.94744617,0.9628503,-0.99655783,0.99560034,1.9921581447124481,0.0031436547,1.0538257,-1.7957191318658465,2578125.0,5.721631e-07,1.840765e-07,0.9472165837239189,0.005715295530692059,/content/drive/MyDrive/N-MON/ALTRO/spectograms/LINEAR-WIDE-20/884.npy,LINEAR-WIDE-20
0.043391697,0.41382897,0.957816,0.9399039,0.95879835,-0.9962213,0.9958966,1.9921179413795471,-0.088496305,1.069525,-1.7614797717739272,4941406.25,4.7137772e-07,1.8136626e-07,0.9471458084144999,0.007280611630205429,/content/drive/MyDrive/N-MON/ALTRO/spectograms/LINEAR-WIDE-20/885.npy,LINEAR-WIDE-20
-0.011858105,-0.17311238,0.9600958,0.9439422,0.9601691,-0.9972285,0.99492115,1.99214968085289,0.023508862,1.0591381,-1.7821734269342644,4492187.5,6.381501e-07,1.8291863e-07,0.9429394740271702,0.010283518238103634,/content/drive/MyDrive/N-MON/ALTRO/spectograms/LINEAR-WIDE-20/886.npy,LINEAR-WIDE-20
0.0064958106,0.03924448,0.9535815,0.93272203,0.9536037,-0.999734,0.99237096,1.9921049624681473,-0.018550167,1.0731794,-1.7024187573344023,-4199218.75,5.876592e-07,1.8287591e-07,0.9372866390731933,0.010884167153054828,/content/drive/MyDrive/N-MON/ALTRO/spectograms/LINEAR-WIDE-20/887.npy,LINEAR-WIDE-20
0.01212482,0.15660667,0.9572688,0.93852514,0.9573456,-0.99579936,0.9963545,1.9921538829803467,-0.0285168,1.0666149,-1.7462832430991393,-2519531.25,5.317166e-07,1.8208391e-07,0.93769783855872,0.010400619763592233,/content/drive/MyDrive/N-MON/ALTRO/spectograms/LINEAR-WIDE-20/888.npy,LINEAR-WIDE-20
-0.004996883,-0.13556169,0.9597655,0.9437994,0.95977855,-0.9949806,0.9971648,1.9921454042196274,0.013674144,1.0595636,-1.7806656613747294,-2968750.0,5.499396e-07,1.8254761e-07,0.9358298027221773,0.008287528603525844,/content/drive/MyDrive/N-MON/ALTRO/spectograms/LINEAR-WIDE-20/889.npy,LINEAR-WIDE-20
0.0058324765,0.008045246,0.9614086,0.94481945,0.9614264,-0.99577874,0.99637717,1.9921559244394302,-0.011517935,1.0574949,-1.7944752559496095,-4648437.5,6.00247e-07,1.8310438e-07,0.9355319647775335,0.007221188881012365,/content/drive/MyDrive/N-MON/ALTRO/spectograms/LINEAR-WIDE-20/890.npy,LINEAR-WIDE-20
-0.00023061753,0.03779658,0.9558549,0.9358282,0.9558549,-0.99726206,0.99488646,1.992148533463478,-0.0056333253,1.0691487,-1.7340611769111745,2929687.5,5.9583834e-07,1.8242582e-07,0.9382760230691211,0.0029780236945144986,/content/drive/MyDrive/N-MON/ALTRO/spectograms/LINEAR-WIDE-20/891.npy,LINEAR-WIDE-20
0.008708231,0.14493994,0.9580951,0.94098175,0.9581347,-0.99560696,0.99653864,1.992145597934723,-0.018849118,1.0621907,-1.7516242146636458,3007812.5,5.229015e-07,1.8336084e-07,0.9403514388027285,0.002396890031997378,/content/drive/MyDrive/N-MON/ALTRO/spectograms/LINEAR-WIDE-20/892.npy,LINEAR-WIDE-20
0.00047465705,0.044836305,0.95792294,0.94063354,0.957923,-1.0020292,0.9901223,1.9921514987945557,-0.012208723,1.062575,-1.7356639449730153,3886718.75,6.1944223e-07,1.834191e-07,0.9423991932222904,0.002731382070861616,/content/drive/MyDrive/N-MON/ALTRO/spectograms/LINEAR-WIDE-20/893.npy,LINEAR-WIDE-20
0.01449209,-0.033874087,0.95921594,0.94093883,0.95932543,-0.9906642,1.0013396,1.9920037239789963,-0.01327298,1.0638485,-1.8011407529583645,-3945312.5,4.8303957e-07,1.8266621e-07,0.9474606420567857,0.0031706114939739705,/content/drive/MyDrive/N-MON/ALTRO/spectograms/LINEAR-WIDE-20/894.npy,LINEAR-WIDE-20
-0.015495737,-0.22470178,0.9576201,0.9391941,0.9577455,-0.9942727,0.9978884,1.992161124944687,0.039936386,1.0659966,-1.7625490477995875,-3222656.25,5.797782e-07,1.8339244e-07,0.9472807902555804,0.004463629494785773,/content/drive/MyDrive/N-MON/ALTRO/spectograms/LINEAR-WIDE-20/895.npy,LINEAR-WIDE-20
0.012799791,0.17904899,0.96008146,0.9432813,0.9601668,-1.0006448,0.99150467,1.992149442434311,-0.0362589,1.0602962,-1.7611867571155069,-2617187.5,4.769953e-07,1.8327984e-07,0.949645292232283,0.0047631004133092516,/content/drive/MyDrive/N-MON/ALTRO/spectograms/LINEAR-WIDE-20/896.npy,LINEAR-WIDE-20
-0.0066220947,-0.044471547,0.9578928,0.9408756,0.9579157,-1.0013803,0.99078083,1.992161124944687,0.00094739377,1.0621614,-1.7415903897394085,-2363281.25,5.721391e-07,1.8308708e-07,0.9462927535165329,0.006483431689974555,/content/drive/MyDrive/N-MON/ALTRO/spectograms/LINEAR-WIDE-20/897.npy,LINEAR-WIDE-20
0.0016068611,0.10477972,0.955291,0.9361313,0.95529234,-1.0045049,0.98764384,1.992148756980896,-0.023927405,1.0673282,-1.697880209641727,-4687500.0,5.490621e-07,1.8251667e-07,0.9432167641632363,0.009158139579310848,/content/drive/MyDrive/N-MON/ALTRO/spectograms/LINEAR-WIDE-20/898.npy,LINEAR-WIDE-20
0.0006882944,0.12728544,0.9576112,0.939627,0.95761144,-1.0017556,0.9904004,1.9921559989452362,-0.016181484,1.064365,-1.7441012126849869,3691406.25,5.24678e-07,1.8332807e-07,0.9417365279380832,0.009368628791017908,/content/drive/MyDrive/N-MON/ALTRO/spectograms/LINEAR-WIDE-20/899.npy,LINEAR-WIDE-20
-0.012294228,-0.10161558,0.95568025,0.93784404,0.9557593,-1.0038197,0.98830485,1.992124617099762,0.012840916,1.0661299,-1.701246031045365,2597656.25,6.329597e-07,1.8261437e-07,0.9385917499323104,0.010120949435228614,/content/drive/MyDrive/N-MON/ALTRO/spectograms/LINEAR-WIDE-20/900.npy,LINEAR-WIDE-20
-0.0017418656,0.0023080353,0.9572593,0.9392036,0.95726085,-1.0015533,0.9906012,1.9921545088291168,-0.0057933247,1.0649456,-1.7397685207543845,2460937.5,5.2342745e-07,1.8326796e-07,0.935931770535198,0.009629603275970507,/content/drive/MyDrive/N-MON/ALTRO/spectograms/LINEAR-WIDE-20/901.npy,LINEAR-WIDE-20
0.0051148594,0.07817473,0.95506173,0.9363867,0.9550754,-0.9960131,0.9961443,1.9921573847532272,-0.011643237,1.0683893,-1.7154123114094155,2714843.75,6.281979e-07,1.8394917e-07,0.9359836160344395,0.008260506846495845,/content/drive/MyDrive/N-MON/ALTRO/spectograms/LINEAR-WIDE-20/902.npy,LINEAR-WIDE-20
0.0139054665,0.1593355,0.95931125,0.9415186,0.959412,-1.0008965,0.9912478,1.9921442717313766,-0.037939798,1.06241,-1.7766638948641813,2949218.75,4.8935993e-07,1.8272964e-07,0.9367070163000241,0.006653772920289955,/content/drive/MyDrive/N-MON/ALTRO/spectograms/LINEAR-WIDE-20/903.npy,LINEAR-WIDE-20
-0.0010598206,-0.021438878,0.95525986,0.93489355,0.9552604,-0.99418235,0.9979762,1.9921585619449615,0.0077381656,1.0694369,-1.7239381095307007,-2968750.0,6.519512e-07,1.8348452e-07,0.936047938922744,0.005118236574491131,/content/drive/MyDrive/N-MON/ALTRO/spectograms/LINEAR-WIDE-20/904.npy,LINEAR-WIDE-20
-0.02655348,-0.21195707,0.95791095,0.93999034,0.9582789,-1.0049456,0.987213,1.992158681154251,0.03675594,1.0642555,-1.7425514333590117,3007812.5,5.0617683e-07,1.8353002e-07,0.9389144932749727,0.002849816550599887,/content/drive/MyDrive/N-MON/ALTRO/spectograms/LINEAR-WIDE-20/905.npy,LINEAR-WIDE-20
-0.0135271475,-0.1752612,0.95787615,0.93957615,0.9579717,-0.9916419,1.0005184,1.9921603351831436,0.037674222,1.0642905,-1.7324106532188701,-2910156.25,6.022333e-07,1.8353514e-07,0.9413498747539364,0.003213550142892616,/content/drive/MyDrive/N-MON/ALTRO/spectograms/LINEAR-WIDE-20/906.npy,LINEAR-WIDE-20
0.035995435,0.25837535,0.95786655,0.939026,0.9585426,-0.99171096,1.0004079,1.9921189099550247,-0.0640095,1.0677128,-1.7590611345359088,-4296875.0,5.48579e-07,1.8334664e-07,0.9437860216082841,0.0036975122686280287,/content/drive/MyDrive/N-MON/ALTRO/spectograms/LINEAR-WIDE-20/907.npy,LINEAR-WIDE-20
0.011433527,0.16363409,0.959717,0.9426964,0.9597851,-1.0003734,0.99178624,1.9921596050262451,-0.03350108,1.0608277,-1.7733107966158814,4375000.0,5.9303363e-07,1.8287052e-07,0.9466998840111351,0.002911286774235312,/content/drive/MyDrive/N-MON/ALTRO/spectograms/LINEAR-WIDE-20/908.npy,LINEAR-WIDE-20
-0.019980965,-0.17263395,0.9596566,0.94314325,0.95986456,-1.0006461,0.9914453,1.9920913875102997,0.03156055,1.0600331,-1.7639500698156436,3554687.5,5.8676255e-07,1.8515587e-07,0.9407748245501595,0.003954564350212928,/content/drive/MyDrive/N-MON/ALTRO/spectograms/LINEAR-WIDE-20/909.npy,LINEAR-WIDE-20
0.018913101,0.08887656,0.9621703,0.94564766,0.9623562,-0.99330413,0.9988406,1.9921447336673737,-0.030261466,1.05708,-1.8088903801997545,4433593.75,5.748153e-07,1.8387001e-07,0.9466316025893382,0.006300053599771,/content/drive/MyDrive/N-MON/ALTRO/spectograms/LINEAR-WIDE-20/910.npy,LINEAR-WIDE-20
-0.0040313248,-0.027757537,0.95437235,0.933132,0.95438087,-0.99643934,0.995619,1.9920583218336105,0.0051630815,1.0712233,-1.701899209438125,2539062.5,5.28966e-07,1.8197028e-07,0.9466799913977828,0.0069379283175569646,/content/drive/MyDrive/N-MON/ALTRO/spectograms/LINEAR-WIDE-20/911.npy,LINEAR-WIDE-20
-0.0042371675,-0.0014688422,0.9549992,0.93513125,0.9550086,-1.0013701,0.99075633,1.9921264499425888,0.00034296475,1.0693994,-1.709465876836082,-4121093.75,5.466298e-07,1.8227175e-07,0.9439471371153116,0.009289490989850725,/content/drive/MyDrive/N-MON/ALTRO/spectograms/LINEAR-WIDE-20/912.npy,LINEAR-WIDE-20
0.008891938,0.109044984,0.95457965,0.93414825,0.9546211,-1.0001996,0.99193144,1.9921310245990753,-0.027141664,1.0715637,-1.71881337239494,2597656.25,5.4440477e-07,1.8306284e-07,0.9399730505703591,0.010739384698284284,/content/drive/MyDrive/N-MON/ALTRO/spectograms/LINEAR-WIDE-20/913.npy,LINEAR-WIDE-20
0.005294767,0.04196164,0.95870906,0.9417595,0.95872366,-1.0008593,0.99128187,1.9921411573886871,-0.017198872,1.0608488,-1.7526896764174806,3886718.75,5.8277635e-07,1.8346296e-07,0.936614348249424,0.010795425492261672,/content/drive/MyDrive/N-MON/ALTRO/spectograms/LINEAR-WIDE-20/914.npy,LINEAR-WIDE-20
-0.008235468,-0.08844664,0.95606685,0.9357704,0.9561024,-0.99473,0.9974059,1.9921358972787857,0.021159198,1.0698217,-1.752597508609343,2812500.0,5.31653e-07,1.8397488e-07,0.9379153264173952,0.009177721032365655,/content/drive/MyDrive/N-MON/ALTRO/spectograms/LINEAR-WIDE-20/915.npy,LINEAR-WIDE-20
-0.007329012,-0.024015723,0.95577407,0.9369031,0.95580214,-0.99674064,0.9954108,1.992151454091072,0.0130684115,1.0677446,-1.7193951525568967,-3847656.25,6.040356e-07,1.8312716e-07,0.9362160380583229,0.00861845150883592,/content/drive/MyDrive/N-MON/ALTRO/spectograms/LINEAR-WIDE-20/916.npy,LINEAR-WIDE-20
-0.0057621202,0.0005842912,0.9598573,0.94421643,0.9598746,-0.9995016,0.99266285,1.9921644181013107,0.0033473596,1.0580202,-1.7512148841675288,3671875.0,6.330428e-07,1.8374566e-07,0.9356169744659537,0.0059761353560061825,/content/drive/MyDrive/N-MON/ALTRO/spectograms/LINEAR-WIDE-20/917.npy,LINEAR-WIDE-20
-0.0006638112,-0.020440161,0.9588287,0.94098413,0.9588289,-0.9930049,0.9990991,1.9921040087938309,0.0055874567,1.0620584,-1.7585468273147102,-2890625.0,5.780601e-07,1.8329433e-07,0.9385369746430454,0.004894146653537444,/content/drive/MyDrive/N-MON/ALTRO/spectograms/LINEAR-WIDE-20/918.npy,LINEAR-WIDE-20
-0.0018433294,-0.016022936,0.95714337,0.9388555,0.9571452,-0.9924875,0.99967635,1.9921637922525406,0.009138199,1.0654876,-1.7428933850018071,3671875.0,5.9890766e-07,1.8325383e-07,0.9386395560598211,0.002928540667130904,/content/drive/MyDrive/N-MON/ALTRO/spectograms/LINEAR-WIDE-20/919.npy,LINEAR-WIDE-20
0.022531658,0.16939023,0.9526783,0.93088305,0.95294476,-0.998578,0.99356806,1.99214605987072,-0.0500375,1.0771415,-1.69848127801897,-2988281.25,6.230561e-07,1.8228204e-07,0.9430774332544926,0.0026695418600931565,/content/drive/MyDrive/N-MON/ALTRO/spectograms/LINEAR-WIDE-20/920.npy,LINEAR-WIDE-20
-0.01366703,-0.23560482,0.9590333,0.94221807,0.9591307,-0.9933596,0.99878335,1.9921430051326752,0.037731547,1.0619235,-1.7547073993837563,4472656.25,5.7396835e-07,1.8335342e-07,0.944178567172289,0.004100604405872511,/content/drive/MyDrive/N-MON/ALTRO/spectograms/LINEAR-WIDE-20/921.npy,LINEAR-WIDE-20
-0.0092896,-0.08480753,0.96015203,0.94327074,0.960197,-1.002673,0.9894798,1.9921528697013855,0.0071516493,1.0590343,-1.7666886954433896,2597656.25,4.9391423e-07,1.8213042e-07,0.9480159347313817,0.003433777198382935,/content/drive/MyDrive/N-MON/ALTRO/spectograms/LINEAR-WIDE-20/922.npy,LINEAR-WIDE-20
0.02718703,0.29800767,0.9583873,0.94098866,0.95877284,-0.9989691,0.99318683,1.9921558648347855,-0.060680527,1.0646412,-1.7443859901204386,4472656.25,5.9508454e-07,1.8453844e-07,0.9456349828143074,0.004011480809876482,/content/drive/MyDrive/N-MON/ALTRO/spectograms/LINEAR-WIDE-20/923.npy,LINEAR-WIDE-20
-0.030061834,-0.31030506,0.9597608,0.9434101,0.96023154,-0.9978903,0.99426305,1.9921533316373825,0.059243686,1.0609512,-1.7573838993083604,-3730468.75,5.427294e-07,1.8295279e-07,0.9475975780761509,0.004905117029354665,/content/drive/MyDrive/N-MON/ALTRO/spectograms/LINEAR-WIDE-20/924.npy,LINEAR-WIDE-20
-0.011769218,-0.078833744,0.960436,0.94339293,0.96050805,-1.0007843,0.99134624,1.9921304732561111,0.011912237,1.0594847,-1.7854283108727682,-4609375.0,6.215519e-07,1.8386092e-07,0.9456617369394404,0.007123502101326048,/content/drive/MyDrive/N-MON/ALTRO/spectograms/LINEAR-WIDE-20/925.npy,LINEAR-WIDE-20
0.0028979578,-0.0068100914,0.9551868,0.9352136,0.9551912,-0.9951318,0.99703264,1.9921643882989883,-0.0038068464,1.0699672,-1.7267953513179155,4726562.5,5.4156385e-07,1.8330124e-07,0.9439735624657821,0.007630696813330722,/content/drive/MyDrive/N-MON/ALTRO/spectograms/LINEAR-WIDE-20/926.npy,LINEAR-WIDE-20
-0.011667885,-0.13951962,0.96004504,0.94380116,0.9601159,-1.002726,0.98940146,1.9921273589134216,0.013028876,1.0581702,-1.7477117633609114,2460937.5,5.711239e-07,1.8336752e-07,0.9419332564704077,0.010107219147416148,/content/drive/MyDrive/N-MON/ALTRO/spectograms/LINEAR-WIDE-20/927.npy,LINEAR-WIDE-20
0.0049715196,0.038332313,0.9593356,0.9417969,0.95934844,-0.9968826,0.9952023,1.9920849353075027,-0.010753776,1.0607067,-1.7579371480539294,3457031.25,5.938287e-07,1.8342988e-07,0.9396231479678528,0.011000030624245536,/content/drive/MyDrive/N-MON/ALTRO/spectograms/LINEAR-WIDE-20/928.npy,LINEAR-WIDE-20
0.007211362,0.11757039,0.9554949,0.9368517,0.95552206,-0.99957293,0.992495,1.9920679479837418,-0.023108985,1.0667495,-1.6871107264080962,2578125.0,5.0111623e-07,1.8302038e-07,0.9365187693175546,0.01021455052940132,/content/drive/MyDrive/N-MON/ALTRO/spectograms/LINEAR-WIDE-20/929.npy,LINEAR-WIDE-20
-0.004654415,-0.030260226,0.9554762,0.93636477,0.95548755,-0.99887645,0.9932536,1.992130070924759,0.006588395,1.0675577,-1.7123574112428719,4042968.75,5.309059e-07,1.8336853e-07,0.9356547886755848,0.009048532030664446,/content/drive/MyDrive/N-MON/ALTRO/spectograms/LINEAR-WIDE-20/930.npy,LINEAR-WIDE-20
0.003680808,0.040397376,0.96186435,0.94615483,0.9618714,-0.9946542,0.99750817,1.9921623468399048,-0.0028710489,1.056025,-1.7979811111744255,2578125.0,5.4404006e-07,1.8297253e-07,0.9368770913985304,0.0077801550686884755,/content/drive/MyDrive/N-MON/ALTRO/spectograms/LINEAR-WIDE-20/931.npy,LINEAR-WIDE-20
-0.023170743,-0.19571927,0.9541013,0.93446237,0.95438266,-0.99661356,0.9955403,1.992153912782669,0.048136644,1.071999,-1.7003397187548759,2441406.25,5.874828e-07,1.8308805e-07,0.9368560340372087,0.004460093703478755,/content/drive/MyDrive/N-MON/ALTRO/spectograms/LINEAR-WIDE-20/932.npy,LINEAR-WIDE-20
-0.025638187,-0.24668674,0.9625783,0.9468845,0.96291965,-1.0043905,0.9876693,1.99205981194973,0.03741969,1.0562404,-1.7970351733107839,2636718.75,5.108178e-07,1.839744e-07,0.9413658224656618,0.005055100797438788,/content/drive/MyDrive/N-MON/ALTRO/spectograms/LINEAR-WIDE-20/933.npy,LINEAR-WIDE-20
-0.0019185224,0.06985527,0.9584156,0.9411068,0.95841753,-1.0004504,0.99169993,1.992150366306305,-0.007530937,1.0613462,-1.7425628629656364,2558593.75,5.446461e-07,1.8411669e-07,0.9399497965616928,0.0034629729449079526,/content/drive/MyDrive/N-MON/ALTRO/spectograms/LINEAR-WIDE-20/934.npy,LINEAR-WIDE-20
-0.01207582,-0.09224078,0.955996,0.9382018,0.9560722,-1.0063051,0.98580414,1.9921092092990875,0.0053328257,1.0653414,-1.7052202011905477,3281250.0,5.825116e-07,1.8335786e-07,0.9441768423704439,0.0025746368784601075,/content/drive/MyDrive/N-MON/ALTRO/spectograms/LINEAR-WIDE-20/935.npy,LINEAR-WIDE-20
-0.013216406,-0.12760025,0.9587858,0.94147444,0.95887685,-0.9987006,0.99335796,1.9920586049556732,0.026679995,1.06223,-1.7580771681573053,-2910156.25,5.4006694e-07,1.8461262e-07,0.9464322724953504,0.003287050923222424,/content/drive/MyDrive/N-MON/ALTRO/spectograms/LINEAR-WIDE-20/936.npy,LINEAR-WIDE-20
-0.018160097,-0.18115634,0.95443934,0.93424624,0.95461214,-0.9936458,0.99843794,1.9920837134122849,0.043037143,1.0728966,-1.7294763615400017,-2988281.25,5.587271e-07,1.8278007e-07,0.9473657909544784,0.0036619083721930834,/content/drive/MyDrive/N-MON/ALTRO/spectograms/LINEAR-WIDE-20/937.npy,LINEAR-WIDE-20
0.025865953,0.2939223,0.9565131,0.9378424,0.9568628,-0.99913174,0.99298257,1.9921143352985382,-0.062264055,1.0694201,-1.7304699103735903,-4453125.0,4.8491097e-07,1.8252722e-07,0.9464080563848358,0.005019723576455525,/content/drive/MyDrive/N-MON/ALTRO/spectograms/LINEAR-WIDE-20/938.npy,LINEAR-WIDE-20
-0.0049532573,-0.006181064,0.9560905,0.9362771,0.9561033,-1.0021783,0.98998713,1.9921654760837555,-0.002450713,1.067896,-1.7333781208214492,-4316406.25,6.349597e-07,1.8341039e-07,0.944005105427101,0.006232062188181459,/content/drive/MyDrive/N-MON/ALTRO/spectograms/LINEAR-WIDE-20/939.npy,LINEAR-WIDE-20
-0.012037243,-0.08430323,0.9572978,0.93828636,0.9573735,-0.99822587,0.9939272,1.992153063416481,0.021776596,1.0660452,-1.7464394305094306,3046875.0,4.847782e-07,1.8343748e-07,0.9456314721453215,0.008748293004608082,/content/drive/MyDrive/N-MON/ALTRO/spectograms/LINEAR-WIDE-20/940.npy,LINEAR-WIDE-20
0.0067666806,0.13096178,0.9560525,0.9376505,0.95607644,-0.99802524,0.9941266,1.9921518862247467,-0.019338185,1.0668783,-1.7163235680848585,3613281.25,6.0638774e-07,1.8296018e-07,0.9438052192995567,0.007664513296709202,/content/drive/MyDrive/N-MON/ALTRO/spectograms/LINEAR-WIDE-20/941.npy,LINEAR-WIDE-20
0.0127512645,0.08423156,0.95857024,0.94181216,0.958655,-0.99389094,0.9982508,1.9921417534351349,-0.020275755,1.0613374,-1.7317823146341553,3886718.75,5.562642e-07,1.8261338e-07,0.9397524099723431,0.009819066930649312,/content/drive/MyDrive/N-MON/ALTRO/spectograms/LINEAR-WIDE-20/942.npy,LINEAR-WIDE-20
0.011411258,0.15463862,0.95576763,0.9372626,0.95583576,-0.9938991,0.9982491,1.9921482503414154,-0.024150608,1.0671382,-1.7117472711106159,4414062.5,5.571467e-07,1.827081e-07,0.9351533091320245,0.011454922370412365,/content/drive/MyDrive/N-MON/ALTRO/spectograms/LINEAR-WIDE-20/943.npy,LINEAR-WIDE-20
-0.013838677,-0.19927111,0.9572387,0.93959564,0.9573387,-0.9960774,0.9960517,1.992129147052765,0.032607317,1.0650592,-1.738091739047576,3535156.25,5.160684e-07,1.8245487e-07,0.9355621606034514,0.009347837097208263,/content/drive/MyDrive/N-MON/ALTRO/spectograms/LINEAR-WIDE-20/944.npy,LINEAR-WIDE-20
-0.0061190366,-0.11275768,0.95794076,0.9401486,0.95796037,-0.9955915,0.9965546,1.9921461194753647,0.017581666,1.0642686,-1.7704982145346124,-4785156.25,5.699006e-07,1.8296484e-07,0.934953998275143,0.008211036135384393,/content/drive/MyDrive/N-MON/ALTRO/spectograms/LINEAR-WIDE-20/945.npy,LINEAR-WIDE-20
0.0044780197,0.027949527,0.96091515,0.9442496,0.96092564,-0.9954663,0.99668956,1.9921558797359467,-0.008345504,1.0579386,-1.7821601734861503,-2460937.5,5.0998267e-07,1.823954e-07,0.9369830829419725,0.0065731129922330205,/content/drive/MyDrive/N-MON/ALTRO/spectograms/LINEAR-WIDE-20/946.npy,LINEAR-WIDE-20
-0.008923691,-0.08031425,0.9598083,0.94336903,0.9598498,-0.9982165,0.99390066,1.992117166519165,0.013620563,1.0590062,-1.7457568290936936,2441406.25,5.81186e-07,1.8276837e-07,0.9386055363008344,0.003396823274725908,/content/drive/MyDrive/N-MON/ALTRO/spectograms/LINEAR-WIDE-20/947.npy,LINEAR-WIDE-20
-0.012055676,-0.018703446,0.9539891,0.93444085,0.95406526,-1.002999,0.98907304,1.9920719861984253,0.008118725,1.0707475,-1.7029408614394266,2636718.75,6.287703e-07,1.8233683e-07,0.9408040815448929,0.00336582975324738,/content/drive/MyDrive/N-MON/ALTRO/spectograms/LINEAR-WIDE-20/948.npy,LINEAR-WIDE-20
-0.017031075,-0.15508747,0.9606551,0.943973,0.960806,-0.9988406,0.99330455,1.9921451210975647,0.030546332,1.0591289,-1.7781941847442326,-2480468.75,5.494073e-07,1.8428241e-07,0.9404279064020555,0.002625716934969723,/content/drive/MyDrive/N-MON/ALTRO/spectograms/LINEAR-WIDE-20/949.npy,LINEAR-WIDE-20
0.009589945,0.1520966,0.95630664,0.93890005,0.95635474,-1.0041751,0.98798937,1.9921644479036331,-0.035227183,1.0656856,-1.7106658025061459,-2988281.25,5.500168e-07,1.8377868e-07,0.9447893371399342,0.002587284595575059,/content/drive/MyDrive/N-MON/ALTRO/spectograms/LINEAR-WIDE-20/950.npy,LINEAR-WIDE-20
0.011178596,0.08079672,0.9571279,0.93922234,0.9571932,-0.99741536,0.9947207,1.99213607609272,-0.024386976,1.0648668,-1.7444475836834095,-2480468.75,5.5535395e-07,1.8301553e-07,0.945513851709474,0.004097047834881158,/content/drive/MyDrive/N-MON/ALTRO/spectograms/LINEAR-WIDE-20/951.npy,LINEAR-WIDE-20
0.0031480542,0.037814613,0.9571411,0.93842393,0.9571463,-1.0009573,0.9911913,1.9921485781669617,-0.015096085,1.065781,-1.7476707340089102,3554687.5,6.156772e-07,1.827062e-07,0.9486580430143976,0.0032305502924540714,/content/drive/MyDrive/N-MON/ALTRO/spectograms/LINEAR-WIDE-20/952.npy,LINEAR-WIDE-20
0.015766937,0.24431965,0.9584173,0.94066674,0.95854694,-0.99791455,0.9942288,1.9921433478593826,-0.041916233,1.0641888,-1.7625338474685333,2402343.75,4.8614197e-07,1.8307082e-07,0.9485972370637672,0.004817699869337234,/content/drive/MyDrive/N-MON/ALTRO/spectograms/LINEAR-WIDE-20/953.npy,LINEAR-WIDE-20
0.015944261,0.14888626,0.9564933,0.9383424,0.9566262,-0.9993894,0.9926846,1.9920740127563477,-0.03665863,1.0659621,-1.7091774283344814,-4101562.5,6.448081e-07,1.8207334e-07,0.9403695212844632,0.007898727126450646,/content/drive/MyDrive/N-MON/ALTRO/spectograms/LINEAR-WIDE-20/954.npy,LINEAR-WIDE-20
-0.005337808,-0.11357662,0.9593414,0.9424911,0.95935625,-1.0004036,0.99175644,1.9921601116657257,0.0064176535,1.060275,-1.7561238192250015,2988281.25,4.903431e-07,1.8301085e-07,0.9452854840711913,0.0072047274486300075,/content/drive/MyDrive/N-MON/ALTRO/spectograms/LINEAR-WIDE-20/955.npy,LINEAR-WIDE-20
-0.0031275358,-0.020369114,0.95429146,0.93497986,0.9542966,-0.9931404,0.9989631,1.9921035021543503,0.007432279,1.0704422,-1.70156460673363,-2500000.0,5.399796e-07,1.8252143e-07,0.9449625077997104,0.008381495686160846,/content/drive/MyDrive/N-MON/ALTRO/spectograms/LINEAR-WIDE-20/956.npy,LINEAR-WIDE-20
0.0030819445,0.052386,0.9593365,0.9427368,0.95934147,-0.9983228,0.99383754,1.9921603500843048,-0.009612648,1.058739,-1.719825482727136,-4550781.25,5.6473635e-07,1.8322365e-07,0.942058067677677,0.010287259554084495,/content/drive/MyDrive/N-MON/ALTRO/spectograms/LINEAR-WIDE-20/957.npy,LINEAR-WIDE-20
0.01304401,0.116419464,0.9538757,0.93359154,0.9539649,-0.9968903,0.995254,1.9921443164348602,-0.028742038,1.0724937,-1.705895985732836,-2382812.5,5.665612e-07,1.8233729e-07,0.9394095839435714,0.006956663639196935,/content/drive/MyDrive/N-MON/ALTRO/spectograms/LINEAR-WIDE-20/958.npy,LINEAR-WIDE-20
-0.018538967,-0.1331197,0.9604653,0.9437692,0.96064425,-1.0002387,0.99192584,1.9921644777059555,0.029075282,1.0588725,-1.7627464433690145,2636718.75,5.8922484e-07,1.8436818e-07,0.9374042376110825,0.011047666456622618,/content/drive/MyDrive/N-MON/ALTRO/spectograms/LINEAR-WIDE-20/959.npy,LINEAR-WIDE-20
-0.021494608,-0.1864351,0.9579772,0.93956715,0.95821834,-0.9950366,0.9971259,1.9921625256538391,0.044283595,1.065426,-1.7483842096580393,-3984375.0,5.5488545e-07,1.8293699e-07,0.9357129095219081,0.011419236755167537,/content/drive/MyDrive/N-MON/ALTRO/spectograms/LINEAR-WIDE-20/960.npy,LINEAR-WIDE-20
-0.004942137,-0.03303235,0.9537634,0.9343569,0.9537762,-1.0018996,0.9902506,1.9921502470970154,-0.00024440238,1.0703052,-1.6925716072631138,3535156.25,5.940886e-07,1.8329115e-07,0.9344618426197104,0.010513954096360212,/content/drive/MyDrive/N-MON/ALTRO/spectograms/LINEAR-WIDE-20/961.npy,LINEAR-WIDE-20
0.019715317,0.22418275,0.9581241,0.94153696,0.95832694,-0.9984522,0.9936937,1.992145910859108,-0.043902896,1.0626618,-1.7251511920259086,-3828125.0,5.5418536e-07,1.8330573e-07,0.9353401533078194,0.008848009975402582,/content/drive/MyDrive/N-MON/ALTRO/spectograms/LINEAR-WIDE-20/962.npy,LINEAR-WIDE-20
0.036166947,0.34745264,0.95543396,0.9355789,0.9561182,-0.99625736,0.995905,1.9921623468399048,-0.07761566,1.0730736,-1.718231161269988,3691406.25,6.007087e-07,1.841159e-07,0.9357047122242113,0.005677601407620066,/content/drive/MyDrive/N-MON/ALTRO/spectograms/LINEAR-WIDE-20/963.npy,LINEAR-WIDE-20
0.009469351,0.12222867,0.9551236,0.9367329,0.9551706,-0.99881905,0.9933331,1.9921521246433258,-0.021255737,1.0677276,-1.7039277181516417,-2968750.0,6.2188906e-07,1.8265627e-07,0.9386851944495942,0.0035733168650253742,/content/drive/MyDrive/N-MON/ALTRO/spectograms/LINEAR-WIDE-20/964.npy,LINEAR-WIDE-20
-0.013047008,0.002103494,0.9587068,0.9413904,0.95879555,-1.0016801,0.9904146,1.992094725370407,0.0131521225,1.0615873,-1.7552513326483263,-3417968.75,5.557393e-07,1.8344049e-07,0.9394373185387752,0.0021526004297028945,/content/drive/MyDrive/N-MON/ALTRO/spectograms/LINEAR-WIDE-20/965.npy,LINEAR-WIDE-20
0.0058284816,0.047846973,0.9599143,0.94272065,0.959932,-0.9988881,0.9932714,1.9921594858169556,-0.016552676,1.0606095,-1.7811388973340796,-4667968.75,5.0222644e-07,1.826316e-07,0.9430312770500315,0.0026879475953214605,/content/drive/MyDrive/N-MON/ALTRO/spectograms/LINEAR-WIDE-20/966.npy,LINEAR-WIDE-20
-0.0055922237,0.017889468,0.95841384,0.94077647,0.9584302,-1.0055048,0.9866489,1.9921537190675735,-0.008315493,1.0620546,-1.7527931278887545,-2402343.75,5.1155035e-07,1.8312143e-07,0.9445469246500521,0.0038288000158600865,/content/drive/MyDrive/N-MON/ALTRO/spectograms/LINEAR-WIDE-20/967.npy,LINEAR-WIDE-20
-0.008140323,-0.035525363,0.95942914,0.94187754,0.95946366,-0.9963842,0.9957721,1.9921563416719437,0.016438762,1.0613489,-1.77072975796035,4589843.75,5.360215e-07,1.8310205e-07,0.943880412008559,0.0028599848997816145,/content/drive/MyDrive/N-MON/ALTRO/spectograms/LINEAR-WIDE-20/968.npy,LINEAR-WIDE-20
-0.031558756,-0.29764944,0.95872766,0.94045264,0.95924693,-0.9927889,0.9993637,1.9921526312828064,0.07032335,1.0668808,-1.790261647896884,-4746093.75,6.217835e-07,1.832705e-07,0.9480223478179334,0.003030677452463026,/content/drive/MyDrive/N-MON/ALTRO/spectograms/LINEAR-WIDE-20/969.npy,LINEAR-WIDE-20
0.005112426,0.086747825,0.95722663,0.93926233,0.9572403,-0.99915266,0.99294794,1.9921005815267563,-0.016552033,1.0650066,-1.7433768475328775,2929687.5,5.818324e-07,1.8278979e-07,0.9479304766890906,0.003995880240212605,/content/drive/MyDrive/N-MON/ALTRO/spectograms/LINEAR-WIDE-20/970.npy,LINEAR-WIDE-20
-0.022789791,-0.23089474,0.95874715,0.94154465,0.959018,-0.9961796,0.99593955,1.9921191185712814,0.046245225,1.0633008,-1.7508807358628762,-4316406.25,4.844474e-07,1.8312976e-07,0.9487030478374594,0.004940417698563812,/content/drive/MyDrive/N-MON/ALTRO/spectograms/LINEAR-WIDE-20/971.npy,LINEAR-WIDE-20
0.0058100116,0.098833725,0.9577506,0.9393662,0.95776826,-0.99875885,0.9933428,1.992101639509201,-0.020159107,1.0643759,-1.7448060750753698,2929687.5,6.9000936e-07,1.834845e-07,0.9463744237721375,0.005647742989006571,/content/drive/MyDrive/N-MON/ALTRO/spectograms/LINEAR-WIDE-20/972.npy,LINEAR-WIDE-20
-0.037769653,-0.41058475,0.9574367,0.9387229,0.9581814,-0.992816,0.99934334,1.9921592772006989,0.08311318,1.0704451,-1.773445632749609,2910156.25,5.0884154e-07,1.830493e-07,0.9476730162357553,0.007167644575702343,/content/drive/MyDrive/N-MON/ALTRO/spectograms/LINEAR-WIDE-20/973.npy,LINEAR-WIDE-20
0.0041902647,0.051164784,0.9589047,0.9412186,0.95891386,-0.999434,0.99266005,1.9920940548181534,-0.01436292,1.0616442,-1.7584753587696549,2929687.5,5.8429146e-07,1.8309439e-07,0.9446771819717209,0.007765457758885162,/content/drive/MyDrive/N-MON/ALTRO/spectograms/LINEAR-WIDE-20/974.npy,LINEAR-WIDE-20
0.016080279,0.16623318,0.9577123,0.9391188,0.95784724,-1.0017732,0.9903672,1.9921404123306274,-0.044109978,1.0661076,-1.7547598506360382,2597656.25,5.090095e-07,1.8332409e-07,0.94522567551716,0.0082135841520317,/content/drive/MyDrive/N-MON/ALTRO/spectograms/LINEAR-WIDE-20/975.npy,LINEAR-WIDE-20
0.009196363,0.11846103,0.9604201,0.9441432,0.96046406,-0.99871933,0.9933555,1.9920748472213745,-0.021896187,1.0590894,-1.7802109542918523,-2304687.5,5.723187e-07,1.8397733e-07,0.9430517680200483,0.010448675709620762,/content/drive/MyDrive/N-MON/ALTRO/spectograms/LINEAR-WIDE-20/976.npy,LINEAR-WIDE-20
0.0075232545,0.1100996,0.95853627,0.9404111,0.9585657,-1.0030642,0.9890319,1.9920960813760757,-0.028140083,1.0637896,-1.7584616193279425,-2441406.25,5.1606673e-07,1.8327883e-07,0.9401343585058471,0.010119365331517343,/content/drive/MyDrive/N-MON/ALTRO/spectograms/LINEAR-WIDE-20/977.npy,LINEAR-WIDE-20
-0.012616984,-0.016873807,0.956874,0.938874,0.9569572,-1.0012515,0.9908023,1.9920537620782852,0.013652976,1.0656863,-1.7387775342295708,3691406.25,5.3561274e-07,1.8313847e-07,0.9362005564175486,0.010542571126646333,/content/drive/MyDrive/N-MON/ALTRO/spectograms/LINEAR-WIDE-20/978.npy,LINEAR-WIDE-20
-0.008980732,0.025257722,0.95528334,0.93552065,0.95532554,-1.0059605,0.9861804,1.992140918970108,-0.0010587976,1.0693902,-1.7240891524292705,-4570312.5,6.577654e-07,1.8231383e-07,0.9356802775898811,0.007881911360701703,/content/drive/MyDrive/N-MON/ALTRO/spectograms/LINEAR-WIDE-20/979.npy,LINEAR-WIDE-20
-0.008307334,-0.093226254,0.95984405,0.94291234,0.95988005,-0.99936366,0.9927838,1.9921475052833557,0.013502507,1.0597485,-1.75634924015389,-2890625.0,5.2046556e-07,1.8253294e-07,0.9353122420899864,0.008869504783172706,/content/drive/MyDrive/N-MON/ALTRO/spectograms/LINEAR-WIDE-20/980.npy,LINEAR-WIDE-20
0.00096520473,-0.01709519,0.95756155,0.9386849,0.9575621,-0.99363965,0.9984805,1.992120161652565,0.002380754,1.0651616,-1.7532634879714746,2656250.0,6.20056e-07,1.8234358e-07,0.9357250570327758,0.008135722215811807,/content/drive/MyDrive/N-MON/ALTRO/spectograms/LINEAR-WIDE-20/981.npy,LINEAR-WIDE-20
0.018655865,0.11479516,0.95107037,0.93048865,0.9512533,-0.99463904,0.9974898,1.992128849029541,-0.035714433,1.0756136,-1.6553309980974957,-4707031.25,5.501634e-07,1.8238143e-07,0.9349050013520653,0.0077431078342064495,/content/drive/MyDrive/N-MON/ALTRO/spectograms/LINEAR-WIDE-20/982.npy,LINEAR-WIDE-20
0.00241856,0.16059226,0.9594814,0.94234914,0.9594845,-1.0034807,0.98864484,1.9921255260705948,-0.020983595,1.060488,-1.7437966387231623,2617187.5,5.0360177e-07,1.8468623e-07,0.9395134028872982,0.00437656400110563,/content/drive/MyDrive/N-MON/ALTRO/spectograms/LINEAR-WIDE-20/983.npy,LINEAR-WIDE-20
0.0056065177,0.085788354,0.95700014,0.93821436,0.9570165,-0.9962429,0.99587095,1.9921138435602188,-0.015466708,1.0656495,-1.7334855929853756,-3847656.25,6.8212637e-07,1.8286207e-07,0.9408521740005784,0.0047746548869199755,/content/drive/MyDrive/N-MON/ALTRO/spectograms/LINEAR-WIDE-20/984.npy,LINEAR-WIDE-20
-0.0006034298,0.016021851,0.9574279,0.940365,0.9574281,-0.9996369,0.9925195,1.9921563565731049,-0.006619183,1.0627675,-1.7283480233882902,3515625.0,5.92331e-07,1.8324494e-07,0.9401149527828354,0.0027748917721439814,/content/drive/MyDrive/N-MON/ALTRO/spectograms/LINEAR-WIDE-20/985.npy,LINEAR-WIDE-20
-0.0018683634,-0.012907639,0.95553774,0.935521,0.9555396,-0.9933609,0.9988034,1.99216428399086,0.008325705,1.0690447,-1.7161839253379017,-2988281.25,6.709216e-07,1.8277939e-07,0.9410160890506412,0.0031506786703955868,/content/drive/MyDrive/N-MON/ALTRO/spectograms/LINEAR-WIDE-20/986.npy,LINEAR-WIDE-20
0.005398449,0.05507025,0.954415,0.93472886,0.9544303,-0.99571013,0.9964349,1.9921450316905975,-0.009911035,1.0701069,-1.6915864769251903,4316406.25,5.830391e-07,1.8291811e-07,0.9436985121820576,0.002932070606034914,/content/drive/MyDrive/N-MON/ALTRO/spectograms/LINEAR-WIDE-20/987.npy,LINEAR-WIDE-20
-0.002534904,-0.020550627,0.9568429,0.9392162,0.9568463,-0.9934282,0.99870604,1.992134228348732,0.009331021,1.0640782,-1.7218569760086313,-3144531.25,5.2503196e-07,1.8333898e-07,0.9467105056349094,0.002723680204447527,/content/drive/MyDrive/N-MON/ALTRO/spectograms/LINEAR-WIDE-20/988.npy,LINEAR-WIDE-20
0.018120658,0.15225701,0.9567006,0.93768036,0.9568722,-1.0039434,0.98820674,1.992150142788887,-0.048864312,1.0681102,-1.7450951025348707,4375000.0,5.683766e-07,1.8118466e-07,0.9445710347468979,0.003805540258148139,/content/drive/MyDrive/N-MON/ALTRO/spectograms/LINEAR-WIDE-20/989.npy,LINEAR-WIDE-20
-0.030108815,-0.31632268,0.9584151,0.9403954,0.95888793,-0.9920729,1.000082,1.9921549558639526,0.06913922,1.0659962,-1.7619457823942188,-2343750.0,5.205966e-07,1.8304353e-07,0.9478840575865963,0.003326116400903318,/content/drive/MyDrive/N-MON/ALTRO/spectograms/LINEAR-WIDE-20/990.npy,LINEAR-WIDE-20
0.0210018,0.1623314,0.9563476,0.93794656,0.95657814,-0.993778,0.998369,1.9921469688415527,-0.039383467,1.0670487,-1.7265108053087872,-4824218.75,6.1024605e-07,1.8254374e-07,0.9474713904391963,0.0030527577060081735,/content/drive/MyDrive/N-MON/ALTRO/spectograms/LINEAR-WIDE-20/991.npy,LINEAR-WIDE-20
0.013753025,0.071511984,0.95609134,0.93672144,0.9561902,-0.9949197,0.99722314,1.9921428710222244,-0.026024261,1.0676209,-1.7190150243381679,2851562.5,6.218185e-07,1.8287079e-07,0.9474706975154621,0.003923801632859269,/content/drive/MyDrive/N-MON/ALTRO/spectograms/LINEAR-WIDE-20/992.npy,LINEAR-WIDE-20
0.015488556,0.17576341,0.9589576,0.9426703,0.9590828,-0.9999126,0.992226,1.9921386390924454,-0.03739178,1.0618914,-1.7740707640276352,3281250.0,5.5688787e-07,1.833657e-07,0.947765613541893,0.004707076531104116,/content/drive/MyDrive/N-MON/ALTRO/spectograms/LINEAR-WIDE-20/993.npy,LINEAR-WIDE-20
0.016745407,0.1809558,0.95427215,0.93446827,0.9544191,-1.0026063,0.98954093,1.9921472668647766,-0.044551425,1.0715245,-1.6933842096263263,3554687.5,5.6674986e-07,1.8198523e-07,0.9463432468239475,0.00665530570762556,/content/drive/MyDrive/N-MON/ALTRO/spectograms/LINEAR-WIDE-20/994.npy,LINEAR-WIDE-20
0.023298657,0.23335212,0.9560744,0.93611705,0.9563583,-1.0048825,0.9872554,1.9921378642320633,-0.06671176,1.0716314,-1.7502150973963497,-3964843.75,5.773152e-07,1.8218023e-07,0.947427194236166,0.007152854239699704,/content/drive/MyDrive/N-MON/ALTRO/spectograms/LINEAR-WIDE-20/995.npy,LINEAR-WIDE-20
-0.023877976,-0.23054677,0.9578275,0.9398467,0.9581251,-0.9999093,0.9922441,1.992153376340866,0.045583703,1.0652758,-1.7613530643710649,3652343.75,5.962745e-07,1.8207373e-07,0.9459998054496459,0.007324415551185455,/content/drive/MyDrive/N-MON/ALTRO/spectograms/LINEAR-WIDE-20/996.npy,LINEAR-WIDE-20
-0.017484233,-0.077560306,0.95738703,0.9385487,0.95754665,-0.9992965,0.99286187,1.992158368229866,0.026984634,1.0657039,-1.7415436161178122,-2949218.75,5.9850566e-07,1.8264112e-07,0.9444091209004438,0.007134467036872643,/content/drive/MyDrive/N-MON/ALTRO/spectograms/LINEAR-WIDE-20/997.npy,LINEAR-WIDE-20
-0.009393604,-0.051127985,0.96190125,0.94686157,0.96194714,-1.004244,0.98790693,1.992150917649269,0.004328927,1.0549054,-1.7808958922796398,3710937.5,5.618267e-07,1.8480831e-07,0.9414367359864847,0.007641048861294559,/content/drive/MyDrive/N-MON/ALTRO/spectograms/LINEAR-WIDE-20/998.npy,LINEAR-WIDE-20
-0.013463115,-0.06560492,0.9576486,0.93931055,0.95774317,-1.0031242,0.989028,1.9921522289514542,0.013106024,1.0651022,-1.7589951260214882,-3007812.5,6.3097673e-07,1.8176382e-07,0.9405463414483766,0.010039327767130379,/content/drive/MyDrive/N-MON/ALTRO/spectograms/LINEAR-WIDE-20/999.npy,LINEAR-WIDE-20
0.021232998,0.2559143,0.9590089,0.9418759,0.95924395,-1.0017343,0.9904287,1.9921628832817078,-0.05591641,1.0626985,-1.742898959717434,4511718.75,5.5495434e-07,1.8293092e-07,0.9406771682916515,0.010387580473289573,/content/drive/MyDrive/N-MON/ALTRO/spectograms/LINEAR-WIDE-20/1000.npy,LINEAR-WIDE-20
0.0039053846,0.044876732,0.95645,0.9374227,0.9564579,-0.9980335,0.9941293,1.992162823677063,-0.014860861,1.0671915,-1.7415988404439313,-2304687.5,5.4857e-07,1.8284294e-07,0.9383851766005367,0.010331938026061948,/content/drive/MyDrive/N-MON/ALTRO/spectograms/LINEAR-WIDE-20/1001.npy,LINEAR-WIDE-20
-0.00089825963,-0.022756217,0.95421624,0.934963,0.9542166,-0.9913898,1.0007644,1.9921541661024094,0.012804811,1.0697271,-1.6997417669680337,-4785156.25,5.8591803e-07,1.82978e-07,0.9369730670605245,0.010073793042083641,/content/drive/MyDrive/N-MON/ALTRO/spectograms/LINEAR-WIDE-20/1002.npy,LINEAR-WIDE-20
-0.0146912355,-0.044635877,0.956761,0.93635744,0.9568737,-1.0055041,0.9866036,1.9921077489852905,0.009511965,1.0685602,-1.7701114467289163,2636718.75,5.462956e-07,1.8232186e-07,0.9362945940529106,0.009694928590851708,/content/drive/MyDrive/N-MON/ALTRO/spectograms/LINEAR-WIDE-20/1003.npy,LINEAR-WIDE-20
0.007537234,0.03148552,0.95623356,0.9374468,0.9562632,-0.99175674,1.0004036,1.9921604096889496,-0.008610941,1.0666511,-1.7439292161479536,-4785156.25,6.2203793e-07,1.829535e-07,0.9355871178278392,0.008974145312867918,/content/drive/MyDrive/N-MON/ALTRO/spectograms/LINEAR-WIDE-20/1004.npy,LINEAR-WIDE-20
0.0074725733,0.06206477,0.9598269,0.9436877,0.959856,-0.992656,0.9994192,1.9920751750469208,-0.008346477,1.0587963,-1.7581915786599238,2578125.0,5.8277163e-07,1.8178443e-07,0.9357350032018179,0.007349222193734676,/content/drive/MyDrive/N-MON/ALTRO/spectograms/LINEAR-WIDE-20/1005.npy,LINEAR-WIDE-20
0.012890328,0.2289518,0.95753205,0.9400603,0.95761883,-1.0053313,0.98679066,1.9921219646930695,-0.04511048,1.0646708,-1.7291546462825347,-3925781.25,5.4719027e-07,1.8314381e-07,0.9359137488202469,0.0074488902814708454,/content/drive/MyDrive/N-MON/ALTRO/spectograms/LINEAR-WIDE-20/1006.npy,LINEAR-WIDE-20
-0.035093572,-0.18766184,0.9515725,0.92870474,0.95221937,-0.9999924,0.99201024,1.9920026063919067,0.06257632,1.080509,-1.6779572499743216,3593750.0,5.9712266e-07,1.8195823e-07,0.9363218659620982,0.006440039384760492,/content/drive/MyDrive/N-MON/ALTRO/spectograms/LINEAR-WIDE-20/1007.npy,LINEAR-WIDE-20
-0.016410528,-0.14012763,0.9560357,0.9376364,0.9561765,-1.0034329,0.98872733,1.992160141468048,0.022762584,1.066546,-1.7150696921628035,-3125000.0,5.757466e-07,1.8274831e-07,0.9384025081228788,0.00417081282346663,/content/drive/MyDrive/N-MON/ALTRO/spectograms/LINEAR-WIDE-20/1008.npy,LINEAR-WIDE-20
-0.010521294,-0.13583541,0.9570319,0.9387481,0.9570898,-0.99125564,1.0008991,1.992154747247696,0.030430129,1.0653745,-1.7091712067924771,3496093.75,6.06395e-07,1.8323013e-07,0.9363116093621475,0.003735388139633575,/content/drive/MyDrive/N-MON/ALTRO/spectograms/LINEAR-WIDE-20/1009.npy,LINEAR-WIDE-20
0.0037095833,-0.02609764,0.9596949,0.9437515,0.9597021,-0.99476326,0.99737465,1.9921378940343857,-0.00017250975,1.0594754,-1.7690290102725872,-2968750.0,5.813734e-07,1.8313847e-07,0.9397786027067975,0.0024751165961616234,/content/drive/MyDrive/N-MON/ALTRO/spectograms/LINEAR-WIDE-20/1010.npy,LINEAR-WIDE-20
-0.040405378,-0.24381702,0.9564045,0.9375604,0.9572577,-1.0055184,0.98663807,1.9921565353870392,0.06210184,1.0702635,-1.7574956218576665,4394531.25,5.6189003e-07,1.8187929e-07,0.9394021924812277,0.0026107330576390325,/content/drive/MyDrive/N-MON/ALTRO/spectograms/LINEAR-WIDE-20/1011.npy,LINEAR-WIDE-20
-0.0013988266,-0.05777051,0.9538035,0.9333514,0.95380455,-0.99532056,0.9968256,1.9921461641788483,0.004826227,1.0714262,-1.6991333589779984,-3867187.5,5.2809315e-07,1.8283619e-07,0.9426011009619255,0.0028754249007099213,/content/drive/MyDrive/N-MON/ALTRO/spectograms/LINEAR-WIDE-20/1012.npy,LINEAR-WIDE-20
0.004548947,-0.029993933,0.95632976,0.9370697,0.9563406,-0.9908453,1.0012857,1.9921310544013977,0.0022682042,1.066747,-1.730772469075631,-4746093.75,5.479772e-07,1.8331568e-07,0.9443268166464039,0.0029845597868620806,/content/drive/MyDrive/N-MON/ALTRO/spectograms/LINEAR-WIDE-20/1013.npy,LINEAR-WIDE-20
0.0111454325,0.13773197,0.95792925,0.93933207,0.95799404,-1.0029795,0.98910874,1.9920882135629654,-0.03384233,1.0660388,-1.7785324296700973,2617187.5,5.2104906e-07,1.8262844e-07,0.943004272566105,0.002680655074855019,/content/drive/MyDrive/N-MON/ALTRO/spectograms/LINEAR-WIDE-20/1014.npy,LINEAR-WIDE-20
-0.0076762894,-0.0973213,0.9522901,0.931053,0.9523211,-0.99968636,0.9924339,1.992120310664177,0.012425056,1.0750914,-1.6935131580319667,-3945312.5,5.82446e-07,1.8210447e-07,0.9455902832113336,0.00308613547778581,/content/drive/MyDrive/N-MON/ALTRO/spectograms/LINEAR-WIDE-20/1015.npy,LINEAR-WIDE-20
0.015004256,0.19505689,0.9560435,0.9370262,0.9561612,-1.0041243,0.9879849,1.9921092092990875,-0.046932332,1.0689155,-1.7287164461324986,2988281.25,5.8251493e-07,1.8284787e-07,0.9445200200535132,0.0029409718962933014,/content/drive/MyDrive/N-MON/ALTRO/spectograms/LINEAR-WIDE-20/1016.npy,LINEAR-WIDE-20
-0.0034121242,-0.042569317,0.9586774,0.9414214,0.9586835,-0.9917561,1.000408,1.9921641945838928,0.015241822,1.0611843,-1.7288002797562492,-3945312.5,5.402957e-07,1.840895e-07,0.9428722350895568,0.005840699049789215,/content/drive/MyDrive/N-MON/ALTRO/spectograms/LINEAR-WIDE-20/1017.npy,LINEAR-WIDE-20
0.020238016,0.17023627,0.9589864,0.9412141,0.9591999,-1.0015701,0.990565,1.9921351224184036,-0.051324215,1.0628543,-1.7479802136384415,3476562.5,6.171794e-07,1.8356911e-07,0.944911045412809,0.004168571434756309,/content/drive/MyDrive/N-MON/ALTRO/spectograms/LINEAR-WIDE-20/1018.npy,LINEAR-WIDE-20
0.030576287,0.36120385,0.96080536,0.9436993,0.9612918,-1.0021709,0.98997176,1.992142677307129,-0.07407026,1.063103,-1.8121345926656034,-4902343.75,5.2129224e-07,1.8433454e-07,0.9496716332561266,0.004842042151890542,/content/drive/MyDrive/N-MON/ALTRO/spectograms/LINEAR-WIDE-20/1019.npy,LINEAR-WIDE-20
-0.021692596,-0.14108834,0.9544567,0.93541884,0.95470315,-1.0004506,0.99169445,1.9921451061964035,0.034389924,1.0691984,-1.6844208413034754,4375000.0,5.6638646e-07,1.8223628e-07,0.9475128369582664,0.005011213228790426,/content/drive/MyDrive/N-MON/ALTRO/spectograms/LINEAR-WIDE-20/1020.npy,LINEAR-WIDE-20
-0.0037326363,-0.010720179,0.9514049,0.9295422,0.95141226,-1.0028346,0.9893042,1.9921387881040573,-0.0063207606,1.0766538,-1.6851489476423318,-2500000.0,5.7846154e-07,1.8141463e-07,0.9409946317517625,0.0069468497052751,/content/drive/MyDrive/N-MON/ALTRO/spectograms/LINEAR-WIDE-20/1021.npy,LINEAR-WIDE-20
0.00276925,-0.049111716,0.9610192,0.943973,0.9610232,-0.9943247,0.99783206,1.9921567291021347,0.0022582838,1.0588323,-1.7960248880791403,4433593.75,5.9179735e-07,1.8353232e-07,0.9447828272937936,0.007495115311120365,/content/drive/MyDrive/N-MON/ALTRO/spectograms/LINEAR-WIDE-20/1022.npy,LINEAR-WIDE-20
-0.019783402,-0.17493296,0.96239626,0.9472119,0.96259964,-0.9990673,0.99307823,1.9921455830335617,0.032724537,1.0553986,-1.7952077886495508,-2285156.25,7.2801924e-07,1.8427453e-07,0.9438691952131193,0.0076123961634416565,/content/drive/MyDrive/N-MON/ALTRO/spectograms/LINEAR-WIDE-20/1023.npy,LINEAR-WIDE-20
-0.0029937688,0.09177449,0.9575637,0.94006723,0.95756835,-1.0020386,0.99012095,1.9921595305204391,-0.007903628,1.0634108,-1.7380700002269995,-4921875.0,5.522436e-07,1.8320746e-07,0.943318546602852,0.008488646437510445,/content/drive/MyDrive/N-MON/ALTRO/spectograms/LINEAR-WIDE-20/1024.npy,LINEAR-WIDE-20
-0.0044256365,-0.08492319,0.9582058,0.9394491,0.958216,-0.9911493,1.0009654,1.9921147227287292,0.02210076,1.0640268,-1.7548031562138393,2597656.25,5.7624976e-07,1.8291931e-07,0.9431677470614325,0.009069631950567794,/content/drive/MyDrive/N-MON/ALTRO/spectograms/LINEAR-WIDE-20/1025.npy,LINEAR-WIDE-20
0.01000945,0.095026754,0.95483965,0.9351032,0.95489216,-1.002616,0.98954594,1.9921620041131973,-0.03164487,1.0695505,-1.7062809622128798,-4707031.25,5.8846047e-07,1.8146196e-07,0.9399357932206891,0.010045498719836472,/content/drive/MyDrive/N-MON/ALTRO/spectograms/LINEAR-WIDE-20/1026.npy,LINEAR-WIDE-20
-0.008904668,-0.083520755,0.95834935,0.9418767,0.9583907,-0.99365234,0.9985017,1.9921540319919586,0.020353938,1.0611491,-1.7280176121792572,2968750.0,5.2549643e-07,1.8317311e-07,0.9389419165585082,0.01127188424585026,/content/drive/MyDrive/N-MON/ALTRO/spectograms/LINEAR-WIDE-20/1027.npy,LINEAR-WIDE-20
0.0056699757,0.0944582,0.9560281,0.9370316,0.9560449,-0.9993054,0.9928538,1.9921592473983765,-0.01601026,1.067967,-1.7402367112757349,2949218.75,4.9732313e-07,1.8299676e-07,0.9368981380117242,0.010113065500827457,/content/drive/MyDrive/N-MON/ALTRO/spectograms/LINEAR-WIDE-20/1028.npy,LINEAR-WIDE-20
0.003649839,0.059376962,0.95772076,0.9395292,0.95772773,-1.0029845,0.98917085,1.9921553283929825,-0.019795114,1.0644201,-1.7542446323612506,3457031.25,5.9825766e-07,1.8299656e-07,0.9359577554655704,0.00947565107545058,/content/drive/MyDrive/N-MON/ALTRO/spectograms/LINEAR-WIDE-20/1029.npy,LINEAR-WIDE-20
-0.0052705775,-0.015674068,0.96207803,0.9474896,0.96209246,-1.0037392,0.9884091,1.9921483397483826,0.00021663072,1.0534381,-1.7732733007065413,-2519531.25,5.190597e-07,1.832125e-07,0.935558391784052,0.009154053690034226,/content/drive/MyDrive/N-MON/ALTRO/spectograms/LINEAR-WIDE-20/1030.npy,LINEAR-WIDE-20
0.0019357434,0.0028505176,0.952882,0.93233114,0.9528839,-0.98936796,1.002769,1.9921369403600693,0.0098109115,1.0736057,-1.6942631002925321,4316406.25,5.6266236e-07,1.8170348e-07,0.9349061609203182,0.009186855020147362,/content/drive/MyDrive/N-MON/ALTRO/spectograms/LINEAR-WIDE-20/1031.npy,LINEAR-WIDE-20
-0.010227663,-0.07392828,0.95807755,0.9408974,0.95813215,-0.99957675,0.9925125,1.9920893013477325,0.013658327,1.0614971,-1.7119061768642327,2578125.0,5.369798e-07,1.8315748e-07,0.9374319804643276,0.007154822934566409,/content/drive/MyDrive/N-MON/ALTRO/spectograms/LINEAR-WIDE-20/1032.npy,LINEAR-WIDE-20
0.016825786,0.22516224,0.95866275,0.9405559,0.9588104,-1.0013669,0.9907599,1.9921268075704575,-0.045804225,1.0651066,-1.7858620388084667,4472656.25,6.665434e-07,1.8324599e-07,0.9362154969932135,0.00738283773580537,/content/drive/MyDrive/N-MON/ALTRO/spectograms/LINEAR-WIDE-20/1033.npy,LINEAR-WIDE-20
0.01970899,0.18314207,0.9592441,0.9421961,0.95944655,-0.9925561,0.99958664,1.9921427369117737,-0.031262085,1.0619481,-1.7675629811461848,-4433593.75,5.8342664e-07,1.8355215e-07,0.9363320872491031,0.0047869075814894035,/content/drive/MyDrive/N-MON/ALTRO/spectograms/LINEAR-WIDE-20/1034.npy,LINEAR-WIDE-20
0.0042527923,0.022124885,0.96134484,0.94597936,0.96135426,-0.9933783,0.99871933,1.9920976608991623,-0.0019297918,1.05612,-1.7822475909333326,4570312.5,5.703004e-07,1.8279299e-07,0.9378501512579015,0.003884327281716114,/content/drive/MyDrive/N-MON/ALTRO/spectograms/LINEAR-WIDE-20/1035.npy,LINEAR-WIDE-20
0.0059744176,0.10069582,0.9565263,0.9391306,0.95654494,-0.9930282,0.9991274,1.9921556115150452,-0.008523038,1.065293,-1.7258738557250848,-2949218.75,5.579927e-07,1.8235535e-07,0.9394276921713748,0.004705375107471968,/content/drive/MyDrive/N-MON/ALTRO/spectograms/LINEAR-WIDE-20/1036.npy,LINEAR-WIDE-20
0.008951307,0.052417867,0.9571333,0.93753445,0.95717514,-0.9982035,0.9939517,1.9921551495790482,-0.024617082,1.0656909,-1.7253328631173315,-4667968.75,6.462282e-07,1.8263518e-07,0.9390969488628498,0.0035011504093094177,/content/drive/MyDrive/N-MON/ALTRO/spectograms/LINEAR-WIDE-20/1037.npy,LINEAR-WIDE-20
0.013060364,0.24889258,0.96028084,0.94383425,0.9603697,-1.0050484,0.98708457,1.992133006453514,-0.048816573,1.0606488,-1.7809963788618222,2890625.0,5.725276e-07,1.829854e-07,0.9410550871481913,0.003610803113946547,/content/drive/MyDrive/N-MON/ALTRO/spectograms/LINEAR-WIDE-20/1038.npy,LINEAR-WIDE-20
0.002825656,0.03974749,0.9587173,0.941533,0.95872146,-0.9914,1.0007519,1.9921518713235855,0.0017645296,1.0618799,-1.7596948491360431,-4667968.75,5.838362e-07,1.837e-07,0.9420115988476205,0.0031702408864169606,/content/drive/MyDrive/N-MON/ALTRO/spectograms/LINEAR-WIDE-20/1039.npy,LINEAR-WIDE-20
-0.0022537117,-0.00436302,0.95798016,0.9400582,0.95798284,-1.0003302,0.9918096,1.9921398311853409,-0.0063487,1.0636276,-1.751838777109888,2695312.5,5.793414e-07,1.8351268e-07,0.944476482434577,0.002490270927225827,/content/drive/MyDrive/N-MON/ALTRO/spectograms/LINEAR-WIDE-20/1040.npy,LINEAR-WIDE-20
-0.002983778,0.00525935,0.95837694,0.9410588,0.9583816,-0.99470407,0.9974388,1.992142841219902,0.0063749324,1.0615069,-1.7329020634848178,-3222656.25,5.7326343e-07,1.8379257e-07,0.945387724188963,0.002991766502472426,/content/drive/MyDrive/N-MON/ALTRO/spectograms/LINEAR-WIDE-20/1041.npy,LINEAR-WIDE-20
0.0052012005,0.021468304,0.9552786,0.93730223,0.95529276,-0.9980907,0.99402964,1.9921203404664993,-0.013287694,1.0672348,-1.7010053972983192,3652343.75,5.547366e-07,1.827924e-07,0.9408359825024953,0.005666368802760158,/content/drive/MyDrive/N-MON/ALTRO/spectograms/LINEAR-WIDE-20/1042.npy,LINEAR-WIDE-20
-0.010352615,-0.0032495419,0.9579498,0.94053745,0.9580058,-1.0033395,0.98882073,1.9921602457761765,0.0060077114,1.0630966,-1.7471388605786384,-2421875.0,5.956689e-07,1.8284166e-07,0.9458870594446376,0.0033738675224809626,/content/drive/MyDrive/N-MON/ALTRO/spectograms/LINEAR-WIDE-20/1043.npy,LINEAR-WIDE-20
-0.005203476,-0.045725927,0.95797825,0.94105726,0.95799243,-0.9988182,0.99330693,1.9921251237392426,0.0063444497,1.0618069,-1.7262127539046166,4453125.0,5.800392e-07,1.8352064e-07,0.9471372833179402,0.0036810426137185532,/content/drive/MyDrive/N-MON/ALTRO/spectograms/LINEAR-WIDE-20/1044.npy,LINEAR-WIDE-20
0.0151278125,0.20151462,0.95454663,0.9353009,0.95466655,-1.0016245,0.9905299,1.9921543896198273,-0.04497098,1.0714263,-1.7154293526604951,-2363281.25,6.264451e-07,1.8196923e-07,0.9468064962489041,0.003787881634699034,/content/drive/MyDrive/N-MON/ALTRO/spectograms/LINEAR-WIDE-20/1045.npy,LINEAR-WIDE-20
-0.010392413,-0.15114075,0.9609966,0.9440094,0.9610528,-0.9948611,0.99730134,1.9921624511480331,0.024290744,1.0599316,-1.8098712867045743,3554687.5,5.870236e-07,1.843465e-07,0.9457163796007126,0.0031189929390108826,/content/drive/MyDrive/N-MON/ALTRO/spectograms/LINEAR-WIDE-20/1046.npy,LINEAR-WIDE-20
-0.032253098,-0.23772278,0.95431423,0.9344697,0.95485914,-0.99940443,0.9927297,1.992134153842926,0.056607272,1.0717605,-1.6906849569985287,2578125.0,5.962317e-07,1.8192378e-07,0.946624302016761,0.0039728381076743,/content/drive/MyDrive/N-MON/ALTRO/spectograms/LINEAR-WIDE-20/1047.npy,LINEAR-WIDE-20
-0.017079586,-0.10954324,0.95513225,0.9359339,0.9552849,-1.0002096,0.99194586,1.9921553432941437,0.026315564,1.0693034,-1.715033098714746,-4746093.75,6.199041e-07,1.8327978e-07,0.9488054006729085,0.0054542802824532055,/content/drive/MyDrive/N-MON/ALTRO/spectograms/LINEAR-WIDE-20/1048.npy,LINEAR-WIDE-20
0.019799126,0.13315806,0.95597214,0.9371803,0.9561771,-0.9958136,0.9963461,1.992159754037857,-0.037813555,1.0675863,-1.7057639181185043,2617187.5,5.9297986e-07,1.8276748e-07,0.9462484370257896,0.005075623603226782,/content/drive/MyDrive/N-MON/ALTRO/spectograms/LINEAR-WIDE-20/1049.npy,LINEAR-WIDE-20
0.010792112,0.1591382,0.9585766,0.9410282,0.95863736,-1.0006282,0.991506,1.992134228348732,-0.030266827,1.0630536,-1.7569700841666906,-3886718.75,6.4427405e-07,1.8283293e-07,0.9471189093758009,0.0062204309031952095,/content/drive/MyDrive/N-MON/ALTRO/spectograms/LINEAR-WIDE-20/1050.npy,LINEAR-WIDE-20
-0.025644029,-0.1654072,0.95676327,0.9388319,0.9571069,-1.0013266,0.99081707,1.992143675684929,0.04002102,1.0666134,-1.7270423374171922,2734375.0,5.7127966e-07,1.8254582e-07,0.9462744922436664,0.006691690048464532,/content/drive/MyDrive/N-MON/ALTRO/spectograms/LINEAR-WIDE-20/1051.npy,LINEAR-WIDE-20
0.03369335,0.3345942,0.96214247,0.94516754,0.96273226,-0.9975928,0.9945675,1.9921603053808212,-0.07274089,1.0608757,-1.8173629558068474,-3828125.0,6.490413e-07,1.8387729e-07,0.9474162538335165,0.007011036339623483,/content/drive/MyDrive/N-MON/ALTRO/spectograms/LINEAR-WIDE-20/1052.npy,LINEAR-WIDE-20
-0.005254194,-0.07436915,0.958913,0.94191664,0.95892745,-0.99620414,0.9959403,1.9921444654464722,0.010636472,1.0610516,-1.751451261984464,-3808593.75,5.5546053e-07,1.834896e-07,0.9396153424135936,0.008150475293082176,/content/drive/MyDrive/N-MON/ALTRO/spectograms/LINEAR-WIDE-20/1053.npy,LINEAR-WIDE-20
-0.0036136066,-0.07672949,0.9599455,0.9437626,0.9599523,-0.9986683,0.9934308,1.9920991510152817,0.0042829937,1.0592014,-1.7766476195102803,-2441406.25,5.6223e-07,1.82402e-07,0.9437190613654827,0.008835317247510938,/content/drive/MyDrive/N-MON/ALTRO/spectograms/LINEAR-WIDE-20/1054.npy,LINEAR-WIDE-20
0.001405323,0.08623446,0.95664936,0.93795687,0.9566504,-0.9995111,0.99264216,1.992153286933899,-0.011036429,1.0662358,-1.7314539046909883,3691406.25,6.3162605e-07,1.8312485e-07,0.9419183401319662,0.009435336471590646,/content/drive/MyDrive/N-MON/ALTRO/spectograms/LINEAR-WIDE-20/1055.npy,LINEAR-WIDE-20
-0.025704304,-0.17448267,0.95609826,0.9377487,0.9564437,-1.0025833,0.98955756,1.9921408146619797,0.03630741,1.0670285,-1.7052281316473812,-2441406.25,5.6196274e-07,1.8232163e-07,0.9436913909873579,0.008865166849510973,/content/drive/MyDrive/N-MON/ALTRO/spectograms/LINEAR-WIDE-20/1056.npy,LINEAR-WIDE-20
-0.0033712334,0.0009311037,0.95876414,0.9419872,0.95877004,-0.9949931,0.997134,1.9921270608901978,0.0075259004,1.0604753,-1.7265031158120172,4492187.5,5.8757394e-07,1.8217153e-07,0.9388369827090375,0.010509073969270826,/content/drive/MyDrive/N-MON/ALTRO/spectograms/LINEAR-WIDE-20/1057.npy,LINEAR-WIDE-20
-0.007531889,-0.07713619,0.9565983,0.93701345,0.9566279,-0.9990937,0.99305314,1.9921468794345856,0.011735101,1.0685493,-1.7614595813412575,2656250.0,5.4621466e-07,1.8184062e-07,0.939796495384107,0.009257603076756929,/content/drive/MyDrive/N-MON/ALTRO/spectograms/LINEAR-WIDE-20/1058.npy,LINEAR-WIDE-20
-0.0030396366,-0.035964083,0.9572724,0.93901366,0.9572772,-0.9968651,0.99528253,1.9921476542949677,0.0035581312,1.0643402,-1.7229098736213155,-4707031.25,6.541832e-07,1.8363919e-07,0.9385062414752444,0.009607098799476249,/content/drive/MyDrive/N-MON/ALTRO/spectograms/LINEAR-WIDE-20/1059.npy,LINEAR-WIDE-20
-0.0059116287,-0.1065347,0.9570635,0.93896335,0.9570818,-0.9971589,0.9950045,1.992163360118866,0.013821282,1.0658097,-1.7562491703287242,2910156.25,6.32068e-07,1.8198665e-07,0.9338405070545579,0.012071657790510294,/content/drive/MyDrive/N-MON/ALTRO/spectograms/LINEAR-WIDE-20/1060.npy,LINEAR-WIDE-20
-0.0023324136,-0.041426517,0.9593554,0.9418782,0.9593583,-1.0022329,0.9899112,1.9921441674232483,-0.0064323065,1.0609883,-1.7506837820336705,-3964843.75,5.397291e-07,1.8289626e-07,0.936419149852689,0.01020329453035274,/content/drive/MyDrive/N-MON/ALTRO/spectograms/LINEAR-WIDE-20/1061.npy,LINEAR-WIDE-20
-0.010884312,-0.0819723,0.9566489,0.93815506,0.9567108,-0.9960102,0.99614084,1.9921510219573975,0.021199752,1.0657374,-1.7161332440776456,2812500.0,5.6568535e-07,1.8284429e-07,0.935482149345929,0.010550891294268857,/content/drive/MyDrive/N-MON/ALTRO/spectograms/LINEAR-WIDE-20/1062.npy,LINEAR-WIDE-20
-0.013839498,-0.076572895,0.96111083,0.94403553,0.9612104,-1.0022616,0.9898524,1.992114081978798,0.017551277,1.0591464,-1.8043168884181757,-4453125.0,5.8965645e-07,1.832694e-07,0.9355939829522044,0.009503139032251555,/content/drive/MyDrive/N-MON/ALTRO/spectograms/LINEAR-WIDE-20/1063.npy,LINEAR-WIDE-20
-0.007605045,-0.011013425,0.9556621,0.93576914,0.9556923,-0.99938965,0.9927428,1.9921324104070663,0.008669184,1.0689867,-1.7322367538077048,3671875.0,6.3120956e-07,1.8146623e-07,0.936996833571483,0.008539962907872331,/content/drive/MyDrive/N-MON/ALTRO/spectograms/LINEAR-WIDE-20/1064.npy,LINEAR-WIDE-20
0.026348112,0.21325245,0.9502132,0.9278705,0.95057845,-1.001554,0.9905811,1.9921351373195648,-0.067143016,1.081905,-1.6667867370850085,-3203125.0,6.773048e-07,1.82262e-07,0.9334911696405106,0.009324854761595829,/content/drive/MyDrive/N-MON/ALTRO/spectograms/LINEAR-WIDE-20/1065.npy,LINEAR-WIDE-20
0.0026176826,0.042632967,0.95847607,0.94172496,0.95847964,-0.9962605,0.9958733,1.9921337962150574,-0.0063058008,1.061347,-1.7340959095044577,3769531.25,5.940815e-07,1.8380987e-07,0.9354898177831854,0.0065016448357682645,/content/drive/MyDrive/N-MON/ALTRO/spectograms/LINEAR-WIDE-20/1066.npy,LINEAR-WIDE-20
0.003240219,0.016500223,0.9589324,0.9422291,0.9589379,-0.9951356,0.9969931,1.9921287447214127,-0.0054229526,1.0609654,-1.7446510079526203,-2402343.75,6.629973e-07,1.8266155e-07,0.936299378313074,0.007549381737588659,/content/drive/MyDrive/N-MON/ALTRO/spectograms/LINEAR-WIDE-20/1067.npy,LINEAR-WIDE-20
-0.015665403,-0.13746366,0.95370936,0.93459386,0.953838,-1.0007262,0.9914268,1.992153063416481,0.021380287,1.070803,-1.6947422580462927,4472656.25,7.117505e-07,1.8286693e-07,0.9353817801205637,0.0078579956571119,/content/drive/MyDrive/N-MON/ALTRO/spectograms/LINEAR-WIDE-20/1068.npy,LINEAR-WIDE-20
-0.0014743295,0.016656924,0.9513421,0.93050283,0.95134324,-0.99493253,0.99717337,1.9921059161424637,0.004502303,1.0756328,-1.6709657086192362,-2343750.0,5.565804e-07,1.8128165e-07,0.9382378193927852,0.006710191513644021,/content/drive/MyDrive/N-MON/ALTRO/spectograms/LINEAR-WIDE-20/1069.npy,LINEAR-WIDE-20
0.01271896,0.13564977,0.9609534,0.9449578,0.96103764,-0.9973587,0.9947808,1.9921394735574722,-0.031925652,1.0571662,-1.7709585648072583,-4785156.25,5.457733e-07,1.8378395e-07,0.9377884441583892,0.005986011298006899,/content/drive/MyDrive/N-MON/ALTRO/spectograms/LINEAR-WIDE-20/1070.npy,LINEAR-WIDE-20
-0.029463131,-0.34024823,0.9602137,0.9444394,0.96066564,-1.0004086,0.99170583,1.9921144098043442,0.054924294,1.0587468,-1.7458560357377861,3535156.25,4.982612e-07,1.8417086e-07,0.9382756873226071,0.006866620651710884,/content/drive/MyDrive/N-MON/ALTRO/spectograms/LINEAR-WIDE-20/1071.npy,LINEAR-WIDE-20
-0.032570977,-0.21598342,0.958031,0.93993264,0.95858455,-1.0011021,0.9910357,1.992137834429741,0.054505233,1.0656823,-1.7296886905627915,-3867187.5,5.475436e-07,1.8365094e-07,0.9390053080946411,0.005966096394262861,/content/drive/MyDrive/N-MON/ALTRO/spectograms/LINEAR-WIDE-20/1072.npy,LINEAR-WIDE-20
0.005973585,0.047081333,0.95996183,0.94246835,0.9599804,-0.99590063,0.99625176,1.9921523928642273,-0.012538878,1.0607876,-1.7809813285166272,-2519531.25,5.453891e-07,1.8315073e-07,0.9385378847482173,0.002950186921074357,/content/drive/MyDrive/N-MON/ALTRO/spectograms/LINEAR-WIDE-20/1073.npy,LINEAR-WIDE-20
0.0014263296,0.064572245,0.9609561,0.945166,0.96095717,-0.997985,0.99417293,1.9921579211950302,-0.009372272,1.056277,-1.7641813666871429,-2382812.5,7.2068724e-07,1.8392676e-07,0.9370411688174575,0.004949458903833149,/content/drive/MyDrive/N-MON/ALTRO/spectograms/LINEAR-WIDE-20/1074.npy,LINEAR-WIDE-20
0.021717526,0.23869637,0.9560305,0.93749744,0.95627713,-0.9995651,0.99257654,1.9921417087316513,-0.05217086,1.0696508,-1.7444340163708232,3652343.75,5.8232473e-07,1.8284328e-07,0.9386013504431485,0.0024635687197324748,/content/drive/MyDrive/N-MON/ALTRO/spectograms/LINEAR-WIDE-20/1075.npy,LINEAR-WIDE-20
0.008395621,0.10529051,0.9586475,0.94081295,0.9586842,-1.0002002,0.9919532,1.992153376340866,-0.026595986,1.0627223,-1.75269943255916,-2910156.25,5.542867e-07,1.8285357e-07,0.9388861682390708,0.002555179272616276,/content/drive/MyDrive/N-MON/ALTRO/spectograms/LINEAR-WIDE-20/1076.npy,LINEAR-WIDE-20
0.0007150116,0.02944201,0.9574932,0.94072825,0.9574935,-1.001683,0.9904816,1.9921646267175674,-0.00927998,1.0623522,-1.7181303743498237,3750000.0,5.9227875e-07,1.8306088e-07,0.9399016364561812,0.0030447176281541196,/content/drive/MyDrive/N-MON/ALTRO/spectograms/LINEAR-WIDE-20/1077.npy,LINEAR-WIDE-20
-0.02144649,-0.14672807,0.95359886,0.9340145,0.95383996,-1.00219,0.9899445,1.9921345263719559,0.030161599,1.071702,-1.683086518048427,-2968750.0,6.1582836e-07,1.8198665e-07,0.9407214570160676,0.003888901583402283,/content/drive/MyDrive/N-MON/ALTRO/spectograms/LINEAR-WIDE-20/1078.npy,LINEAR-WIDE-20
0.012890368,0.16279566,0.9581161,0.9405658,0.9582028,-1.0012736,0.9908914,1.992165058851242,-0.036421243,1.0633959,-1.74758455016735,4394531.25,5.704686e-07,1.832322e-07,0.9405349221268597,0.002367734863778298,/content/drive/MyDrive/N-MON/ALTRO/spectograms/LINEAR-WIDE-20/1079.npy,LINEAR-WIDE-20
-0.0020120349,-0.00047782494,0.9613008,0.94508684,0.9613029,-1.0004065,0.9917525,1.992159053683281,-0.0014739818,1.0574528,-1.7923804155733702,-2382812.5,6.1472787e-07,1.8451686e-07,0.9480605009617714,0.003356885209830859,/content/drive/MyDrive/N-MON/ALTRO/spectograms/LINEAR-WIDE-20/1080.npy,LINEAR-WIDE-20
0.0051028766,0.04447388,0.95432526,0.93459016,0.95433885,-1.0024236,0.98973846,1.9921621233224869,-0.019712888,1.0704339,-1.7080283475974893,-4746093.75,5.89827e-07,1.8224522e-07,0.9426662400781923,0.003452646517843528,/content/drive/MyDrive/N-MON/ALTRO/spectograms/LINEAR-WIDE-20/1081.npy,LINEAR-WIDE-20
0.0012213622,0.07314459,0.95905966,0.9422674,0.95906043,-0.9970587,0.99504673,1.9921054393053055,-0.0062091835,1.060146,-1.73286541138104,2617187.5,6.0466107e-07,1.8333093e-07,0.9427043349718522,0.0030584993776246955,/content/drive/MyDrive/N-MON/ALTRO/spectograms/LINEAR-WIDE-20/1082.npy,LINEAR-WIDE-20
0.008829257,0.0862755,0.9548883,0.93523276,0.95492905,-0.99591744,0.9962081,1.9921255111694336,-0.019278225,1.0695686,-1.7047796725854163,-4746093.75,6.3535754e-07,1.8224952e-07,0.9447740399363651,0.0026499130248991407,/content/drive/MyDrive/N-MON/ALTRO/spectograms/LINEAR-WIDE-20/1083.npy,LINEAR-WIDE-20
-0.0041014985,-0.03237179,0.95972085,0.94214845,0.9597296,-1.0010834,0.99104,1.992123395204544,-0.0010636167,1.060226,-1.7571870125474887,2871093.75,6.243897e-07,1.8290815e-07,0.9431076402211073,0.0031345676651271122,/content/drive/MyDrive/N-MON/ALTRO/spectograms/LINEAR-WIDE-20/1084.npy,LINEAR-WIDE-20
0.0019337845,0.03191056,0.95557606,0.93732363,0.9555781,-0.9993173,0.99283487,1.9921521842479706,-0.010577277,1.0674051,-1.7227227360053032,-3847656.25,7.5455023e-07,1.8314948e-07,0.9334728848877967,0.006767158287361719,/content/drive/MyDrive/N-MON/ALTRO/spectograms/LINEAR-WIDE-20/1085.npy,LINEAR-WIDE-20
-0.029025361,-0.25008142,0.9568624,0.93803364,0.9573025,-0.9999569,0.99220324,1.992160126566887,0.05271387,1.0686054,-1.7531751432779308,3671875.0,6.887055e-07,1.8376181e-07,0.9435396319283282,0.0032216128968267257,/content/drive/MyDrive/N-MON/ALTRO/spectograms/LINEAR-WIDE-20/1086.npy,LINEAR-WIDE-20
-0.011306952,-0.024224687,0.9518712,0.93175083,0.95193833,-0.9968301,0.9953251,1.992155209183693,0.018579626,1.0735404,-1.6579773777822153,-3945312.5,5.5995906e-07,1.8271537e-07,0.9457360403603767,0.0030663967723697605,/content/drive/MyDrive/N-MON/ALTRO/spectograms/LINEAR-WIDE-20/1087.npy,LINEAR-WIDE-20
-0.00041463663,0.029928412,0.9555921,0.93751734,0.95559216,-0.9975512,0.99456686,1.9921180605888367,-0.0052148756,1.0663233,-1.7055254373116908,3671875.0,5.768212e-07,1.8270225e-07,0.9453427078672065,0.003539581926238585,/content/drive/MyDrive/N-MON/ALTRO/spectograms/LINEAR-WIDE-20/1088.npy,LINEAR-WIDE-20
-0.0088835,-0.06656089,0.95377207,0.93487763,0.95381343,-1.00024,0.9919106,1.9921505451202393,0.01030049,1.0699595,-1.6773239646336997,-2988281.25,5.5741594e-07,1.8139585e-07,0.9450779910505387,0.0026162391736272634,/content/drive/MyDrive/N-MON/ALTRO/spectograms/LINEAR-WIDE-20/1089.npy,LINEAR-WIDE-20
0.011341404,0.21520323,0.9603338,0.94446594,0.96040076,-0.999542,0.99261534,1.99215729534626,-0.03040443,1.058714,-1.7712599206929485,4375000.0,7.422512e-07,1.8354827e-07,0.9438373850399341,0.0032039015843845046,/content/drive/MyDrive/N-MON/ALTRO/spectograms/LINEAR-WIDE-20/1090.npy,LINEAR-WIDE-20
-0.0010470157,-0.0099540735,0.95485455,0.9346063,0.9548551,-0.9983232,0.9938384,1.9921616315841675,-0.0020248455,1.0707892,-1.731288108807438,-2988281.25,5.3779826e-07,1.8233169e-07,0.9457890840324009,0.002706644061239446,/content/drive/MyDrive/N-MON/ALTRO/spectograms/LINEAR-WIDE-20/1091.npy,LINEAR-WIDE-20
0.005342743,0.027865486,0.9624529,0.9459884,0.96246773,-0.9955376,0.9966086,1.9921462088823318,-0.0097576715,1.0563214,-1.8265319431637048,-3164062.5,5.7469936e-07,1.8430873e-07,0.9405833289494804,0.005418181042489928,/content/drive/MyDrive/N-MON/ALTRO/spectograms/LINEAR-WIDE-20/1092.npy,LINEAR-WIDE-20
0.01657645,0.19105995,0.95843136,0.9402006,0.9585747,-1.0003145,0.99181056,1.9921250343322754,-0.042291265,1.0653803,-1.7746201797705974,2695312.5,5.160316e-07,1.8186017e-07,0.946555981244936,0.0034398480188677777,/content/drive/MyDrive/N-MON/ALTRO/spectograms/LINEAR-WIDE-20/1093.npy,LINEAR-WIDE-20
0.014859236,0.16525596,0.95499444,0.9342034,0.95511,-0.998844,0.99329746,1.9921414703130722,-0.03753804,1.0731548,-1.7564313041079667,-4667968.75,6.6536916e-07,1.8210235e-07,0.9470196512282121,0.003521112595775856,/content/drive/MyDrive/N-MON/ALTRO/spectograms/LINEAR-WIDE-20/1094.npy,LINEAR-WIDE-20
-0.0054685576,-0.080204554,0.9568415,0.9388818,0.9568572,-0.9980742,0.9940732,1.9921473860740662,0.00995924,1.0644747,-1.7133906314361422,2851562.5,5.533357e-07,1.8267875e-07,0.9474392792572413,0.0032387772902445523,/content/drive/MyDrive/N-MON/ALTRO/spectograms/LINEAR-WIDE-20/1095.npy,LINEAR-WIDE-20
-0.006256901,-0.06685424,0.95752317,0.93945646,0.9575436,-0.99662894,0.9955366,1.992165595293045,0.014989344,1.0641276,-1.7550022104055565,-4023437.5,5.7863235e-07,1.8344329e-07,0.9474253724580972,0.0034112641764951638,/content/drive/MyDrive/N-MON/ALTRO/spectograms/LINEAR-WIDE-20/1096.npy,LINEAR-WIDE-20
0.01908136,0.19100565,0.95710844,0.9381382,0.95729864,-1.0003912,0.9917133,1.9921045005321503,-0.048496902,1.067683,-1.752250027683208,3554687.5,5.7518355e-07,1.82902e-07,0.9473885141176752,0.0034887770894695283,/content/drive/MyDrive/N-MON/ALTRO/spectograms/LINEAR-WIDE-20/1097.npy,LINEAR-WIDE-20
0.011338934,0.07888455,0.95602506,0.93721217,0.9560923,-0.999259,0.99289715,1.9921561926603317,-0.026159504,1.0672837,-1.7226949840121206,-3867187.5,5.530908e-07,1.8279891e-07,0.9447588338472531,0.0033616964850678027,/content/drive/MyDrive/N-MON/ALTRO/spectograms/LINEAR-WIDE-20/1098.npy,LINEAR-WIDE-20
0.01069072,0.12070519,0.9517718,0.9301758,0.9518318,-1.0003029,0.99184036,1.9921433329582214,-0.031103248,1.0759963,-1.661260388890492,-2890625.0,5.3205406e-07,1.8279304e-07,0.9477764636482806,0.003096570900574467,/content/drive/MyDrive/N-MON/ALTRO/spectograms/LINEAR-WIDE-20/1099.npy,LINEAR-WIDE-20
-0.028204374,-0.26709342,0.9550797,0.93614143,0.9554961,-0.9975917,0.9945591,1.9921507835388184,0.057404846,1.0703913,-1.7062017325573369,-2910156.25,5.324155e-07,1.816124e-07,0.9464164221674218,0.003740097382621258,/content/drive/MyDrive/N-MON/ALTRO/spectograms/LINEAR-WIDE-20/1100.npy,LINEAR-WIDE-20
0.008070172,0.120221816,0.9580309,0.9400635,0.9580648,-1.0008881,0.9912367,1.9921248257160187,-0.026500152,1.0644448,-1.7546991639886234,3652343.75,5.685387e-07,1.8412133e-07,0.943702009069096,0.0034671869426575646,/content/drive/MyDrive/N-MON/ALTRO/spectograms/LINEAR-WIDE-20/1101.npy,LINEAR-WIDE-20
-0.0056263064,-0.11836164,0.9616951,0.9460912,0.9617115,-0.9971569,0.99495393,1.99211086332798,0.015031481,1.0567495,-1.7956363798370163,-2363281.25,6.086116e-07,1.8333353e-07,0.9460070729947976,0.0030610775431761353,/content/drive/MyDrive/N-MON/ALTRO/spectograms/LINEAR-WIDE-20/1102.npy,LINEAR-WIDE-20
-0.0039481623,-0.08262612,0.9545834,0.9343124,0.95459163,-0.9969322,0.99522495,1.9921571463346481,0.008278765,1.0705386,-1.7079602327165022,-4746093.75,6.356946e-07,1.8290858e-07,0.948143652196936,0.0032673955934894943,/content/drive/MyDrive/N-MON/ALTRO/spectograms/LINEAR-WIDE-20/1103.npy,LINEAR-WIDE-20
-0.016045967,-0.16631563,0.9571681,0.93962157,0.9573026,-0.9983622,0.99379694,1.992159128189087,0.027444782,1.0647501,-1.7332225418225786,-2265625.0,4.8687235e-07,1.8223591e-07,0.9475014818603815,0.0026587621361656762,/content/drive/MyDrive/N-MON/ALTRO/spectograms/LINEAR-WIDE-20/1104.npy,LINEAR-WIDE-20
0.009373075,0.15309444,0.96015716,0.94306785,0.9602029,-0.9991482,0.9930151,1.9921633154153824,-0.025660336,1.060381,-1.7751068853052436,-4589843.75,6.296816e-07,1.8355371e-07,0.9475572988581483,0.0027763583417149997,/content/drive/MyDrive/N-MON/ALTRO/spectograms/LINEAR-WIDE-20/1105.npy,LINEAR-WIDE-20
-0.0063894945,-0.06371285,0.961678,0.94611025,0.96169925,-0.9972,0.9949293,1.9921293556690216,0.00906205,1.0559348,-1.8009693878840685,-4824218.75,5.6574163e-07,1.8347696e-07,0.9397482210253707,0.00373202045353613,/content/drive/MyDrive/N-MON/ALTRO/spectograms/LINEAR-WIDE-20/1106.npy,LINEAR-WIDE-20
0.021211395,0.24504311,0.9537824,0.93378127,0.95401824,-1.0008764,0.9912214,1.9920978993177414,-0.054935344,1.0727868,-1.6998613973452665,-3945312.5,6.695509e-07,1.8273337e-07,0.9464355137692937,0.0035128515567625913,/content/drive/MyDrive/N-MON/ALTRO/spectograms/LINEAR-WIDE-20/1107.npy,LINEAR-WIDE-20
-0.010652648,-0.095035374,0.9592831,0.9424355,0.9593423,-0.99737585,0.99477434,1.9921501874923706,0.016723359,1.0605774,-1.747243921510971,3671875.0,5.409699e-07,1.8285695e-07,0.947748373296837,0.0032064288709822844,/content/drive/MyDrive/N-MON/ALTRO/spectograms/LINEAR-WIDE-20/1108.npy,LINEAR-WIDE-20
-0.01698684,-0.2573642,0.96043724,0.9443709,0.9605875,-0.9956251,0.99645925,1.9920843094587326,0.03960851,1.0595094,-1.7707117831730044,-3789062.5,5.5368747e-07,1.8523829e-07,0.944927887570388,0.005267559858120894,/content/drive/MyDrive/N-MON/ALTRO/spectograms/LINEAR-WIDE-20/1109.npy,LINEAR-WIDE-20
-0.010625408,-0.09885383,0.9602916,0.9425779,0.9603504,-0.99734306,0.9947862,1.9921292811632156,0.022388922,1.0601062,-1.780582053727706,3671875.0,6.125501e-07,1.8262168e-07,0.9470699724672413,0.0034005649890301217,/content/drive/MyDrive/N-MON/ALTRO/spectograms/LINEAR-WIDE-20/1110.npy,LINEAR-WIDE-20
-0.026588917,-0.24882959,0.9580655,0.9399166,0.95843434,-0.998767,0.9933721,1.9921391159296036,0.049803372,1.0668408,-1.7778689428850944,-2988281.25,5.937741e-07,1.818388e-07,0.9477314708636758,0.0027219687056895384,/content/drive/MyDrive/N-MON/ALTRO/spectograms/LINEAR-WIDE-20/1111.npy,LINEAR-WIDE-20
0.006203432,0.09136321,0.95825034,0.94042265,0.95827043,-0.99848914,0.99356294,1.9920520931482315,-0.021021413,1.0627769,-1.7437865241062183,4472656.25,6.1580005e-07,1.8379157e-07,0.9457867342287618,0.003698071508824494,/content/drive/MyDrive/N-MON/ALTRO/spectograms/LINEAR-WIDE-20/1112.npy,LINEAR-WIDE-20
-0.0033655749,-0.0115822805,0.9575581,0.93992895,0.95756394,-0.9999399,0.99222213,1.992162063717842,-0.00049146335,1.0638298,-1.745822155033488,-2285156.25,5.5248717e-07,1.8243458e-07,0.9447042728917876,0.003173329536685871,/content/drive/MyDrive/N-MON/ALTRO/spectograms/LINEAR-WIDE-20/1113.npy,LINEAR-WIDE-20
-0.015377249,-0.18459342,0.9583558,0.9414707,0.95847917,-0.9969941,0.9951317,1.992125779390335,0.029697008,1.0626906,-1.7543788988051088,-4667968.75,5.248269e-07,1.8347936e-07,0.9470230374747332,0.0027660459007102767,/content/drive/MyDrive/N-MON/ALTRO/spectograms/LINEAR-WIDE-20/1114.npy,LINEAR-WIDE-20
-0.00026678847,-0.059735425,0.9551263,0.9358877,0.95512635,-0.997153,0.9949958,1.9921487867832184,0.00038662972,1.0684197,-1.7125192808299465,2539062.5,5.7813025e-07,1.8247826e-07,0.9455195739193344,0.0029548807911790567,/content/drive/MyDrive/N-MON/ALTRO/spectograms/LINEAR-WIDE-20/1115.npy,LINEAR-WIDE-20
0.002409464,0.019352626,0.9596587,0.9433885,0.95966166,-1.0000305,0.9921069,1.9921374320983887,-0.013919458,1.0589411,-1.7533285528031766,-4667968.75,6.376778e-07,1.8365327e-07,0.9444335462208612,0.0030659662544961015,/content/drive/MyDrive/N-MON/ALTRO/spectograms/LINEAR-WIDE-20/1116.npy,LINEAR-WIDE-20
0.0072727697,0.010645118,0.9599433,0.9436492,0.9599709,-0.99730384,0.99485105,1.9921548962593079,-0.0127882,1.0585723,-1.7621851105730617,3300781.25,5.848121e-07,1.8474113e-07,0.9462592549805788,0.0032082862824346684,/content/drive/MyDrive/N-MON/ALTRO/spectograms/LINEAR-WIDE-20/1117.npy,LINEAR-WIDE-20
-0.00044016933,0.03195023,0.95921135,0.94118416,0.95921147,-0.9994876,0.99259955,1.9920871406793594,-0.0073063844,1.0621809,-1.7745208745248757,-4023437.5,5.6692306e-07,1.8194964e-07,0.9462529605591272,0.002847265515779085,/content/drive/MyDrive/N-MON/ALTRO/spectograms/LINEAR-WIDE-20/1118.npy,LINEAR-WIDE-20
0.022942845,0.2246021,0.95525855,0.9360214,0.95553404,-1.0017986,0.99034107,1.9921396672725677,-0.056576986,1.071079,-1.7296488224176676,2851562.5,5.9186675e-07,1.8232288e-07,0.9480258176420875,0.0033996274867889326,/content/drive/MyDrive/N-MON/ALTRO/spectograms/LINEAR-WIDE-20/1119.npy,LINEAR-WIDE-20
-0.03313923,-0.29629803,0.9571501,0.9388463,0.9577236,-0.999101,0.993049,1.9921500533819199,0.06276904,1.0680704,-1.7421118619782805,-3222656.25,6.085403e-07,1.8319632e-07,0.9447313184010273,0.0036723757615115117,/content/drive/MyDrive/N-MON/ALTRO/spectograms/LINEAR-WIDE-20/1120.npy,LINEAR-WIDE-20
0.014069024,0.16466835,0.962513,0.94608825,0.9626158,-0.9995468,0.992595,1.9921418577432632,-0.036858678,1.0575993,-1.836296312273609,3652343.75,5.59059e-07,1.8446372e-07,0.9440649625772184,0.0036710094807455226,/content/drive/MyDrive/N-MON/ALTRO/spectograms/LINEAR-WIDE-20/1121.npy,LINEAR-WIDE-20
-0.0029285236,-0.0058537554,0.9581712,0.94065493,0.95817566,-0.99783576,0.9942608,1.9920965433120728,0.0028742275,1.0623137,-1.732361495625612,-3164062.5,5.605752e-07,1.8238205e-07,0.9459700420013708,0.003561343697776592,/content/drive/MyDrive/N-MON/ALTRO/spectograms/LINEAR-WIDE-20/1122.npy,LINEAR-WIDE-20
-0.008455695,-0.059857745,0.9586757,0.9404071,0.95871294,-0.9973729,0.9947816,1.9921545386314392,0.015613334,1.0641749,-1.7838834417051566,3652343.75,5.417382e-07,1.8318791e-07,0.9462391880713472,0.003993514080853111,/content/drive/MyDrive/N-MON/ALTRO/spectograms/LINEAR-WIDE-20/1123.npy,LINEAR-WIDE-20
0.01036468,0.18393302,0.9552152,0.93608904,0.9552714,-0.999524,0.99263084,1.9921548664569855,-0.029303137,1.0695643,-1.7163976588286272,-2265625.0,5.7989047e-07,1.8257487e-07,0.9442825907617638,0.003519379839980215,/content/drive/MyDrive/N-MON/ALTRO/spectograms/LINEAR-WIDE-20/1124.npy,LINEAR-WIDE-20
0.005556188,0.080047935,0.956558,0.9384115,0.95657414,-1.0019163,0.9902295,1.9921457767486572,-0.022277404,1.0652364,-1.7168411059307396,4609375.0,5.760012e-07,1.8313148e-07,0.946213782206287,0.0038636986493721594,/content/drive/MyDrive/N-MON/ALTRO/spectograms/LINEAR-WIDE-20/1125.npy,LINEAR-WIDE-20
0.010928219,0.101419,0.95703775,0.9393984,0.95710015,-0.9999695,0.9921833,1.9921527951955795,-0.029219197,1.0653055,-1.756261397170108,-2363281.25,5.561573e-07,1.8218451e-07,0.9435213296619656,0.003376862217799299,/content/drive/MyDrive/N-MON/ALTRO/spectograms/LINEAR-WIDE-20/1126.npy,LINEAR-WIDE-20
0.014605917,0.14804529,0.95258105,0.9322105,0.95269305,-1.0004183,0.9917321,1.9921504706144333,-0.037321974,1.0745194,-1.6754272305185067,3867187.5,5.7665665e-07,1.8250878e-07,0.9447791345502403,0.0032094699516763284,/content/drive/MyDrive/N-MON/ALTRO/spectograms/LINEAR-WIDE-20/1127.npy,LINEAR-WIDE-20
0.01922033,0.17164189,0.95503986,0.9350925,0.9552332,-1.0003321,0.9918283,1.9921605288982391,-0.04742024,1.0710938,-1.7147943964777668,2617187.5,5.847519e-07,1.8288296e-07,0.9443072086445776,0.0032090143179926084,/content/drive/MyDrive/N-MON/ALTRO/spectograms/LINEAR-WIDE-20/1128.npy,LINEAR-WIDE-20
-0.026439602,-0.2032143,0.9559097,0.9363705,0.95627534,-0.9961339,0.9960091,1.9921430349349976,0.0518714,1.0701814,-1.7389830731043265,-3945312.5,5.9903573e-07,1.8248888e-07,0.9453868771427716,0.003995328491694659,/content/drive/MyDrive/N-MON/ALTRO/spectograms/LINEAR-WIDE-20/1129.npy,LINEAR-WIDE-20
0.004257547,0.11846092,0.9611042,0.9450429,0.96111363,-0.9986741,0.99345326,1.9921273440122604,-0.017413879,1.0573138,-1.7773414531413565,2871093.75,6.2163065e-07,1.8519029e-07,0.9475020960709901,0.003649053076239324,/content/drive/MyDrive/N-MON/ALTRO/spectograms/LINEAR-WIDE-20/1130.npy,LINEAR-WIDE-20
-0.015144859,-0.150707,0.9621812,0.94696474,0.9623004,-0.9982288,0.99391353,1.9921423345804214,0.026010208,1.0556864,-1.8114011168188695,-3847656.25,5.9637097e-07,1.826728e-07,0.9445864491305431,0.003660425508928102,/content/drive/MyDrive/N-MON/ALTRO/spectograms/LINEAR-WIDE-20/1131.npy,LINEAR-WIDE-20
-0.0020326804,-0.025847863,0.9574942,0.9406455,0.95749635,-0.99823964,0.9937992,1.9920388460159302,0.0010317096,1.0625007,-1.7209713178461785,3730468.75,5.975752e-07,1.8383919e-07,0.9433884032172929,0.003295055637519396,/content/drive/MyDrive/N-MON/ALTRO/spectograms/LINEAR-WIDE-20/1132.npy,LINEAR-WIDE-20
0.0011462383,-0.008219395,0.95509434,0.9352507,0.95509505,-0.9965684,0.9955955,1.992163896560669,-0.002105707,1.0697368,-1.7285063786822985,2441406.25,5.454287e-07,1.8283058e-07,0.942988200005119,0.002733934008786349,/content/drive/MyDrive/N-MON/ALTRO/spectograms/LINEAR-WIDE-20/1133.npy,LINEAR-WIDE-20
-0.006644848,-0.08878757,0.95757836,0.93926954,0.9576014,-0.9989157,0.99320406,1.9921197295188904,0.013563322,1.0638108,-1.7357551527980626,4472656.25,6.836944e-07,1.8284524e-07,0.9417278336962179,0.0026220416458414054,/content/drive/MyDrive/N-MON/ALTRO/spectograms/LINEAR-WIDE-20/1134.npy,LINEAR-WIDE-20
-0.012067474,-0.06071361,0.95966333,0.9434414,0.9597392,-1.0020715,0.9900857,1.992157220840454,0.012320583,1.0582818,-1.73753264662472,-2343750.0,5.3500236e-07,1.8304232e-07,0.9414699550246421,0.0031138617175209054,/content/drive/MyDrive/N-MON/ALTRO/spectograms/LINEAR-WIDE-20/1135.npy,LINEAR-WIDE-20
-0.005993268,-0.022130601,0.9542646,0.93445504,0.9542834,-0.998569,0.99341935,1.9919883608818054,0.008002741,1.0695671,-1.690593380447264,4472656.25,6.3097633e-07,1.8250907e-07,0.942755242238206,0.0029083907071747275,/content/drive/MyDrive/N-MON/ALTRO/spectograms/LINEAR-WIDE-20/1136.npy,LINEAR-WIDE-20
0.006277055,0.018533275,0.9591067,0.9413749,0.9591272,-0.9931576,0.99900115,1.9921588003635406,-0.0053262096,1.0607995,-1.7462816952724147,-2343750.0,5.587821e-07,1.8233368e-07,0.9433021429132826,0.003007064636516785,/content/drive/MyDrive/N-MON/ALTRO/spectograms/LINEAR-WIDE-20/1137.npy,LINEAR-WIDE-20
-0.024304343,-0.21544479,0.95795155,0.9398566,0.95825976,-0.9965117,0.99564135,1.9921530485153198,0.047985,1.0659999,-1.7695913568977082,-4667968.75,6.2210137e-07,1.8206654e-07,0.9428221971925133,0.003069977917180625,/content/drive/MyDrive/N-MON/ALTRO/spectograms/LINEAR-WIDE-20/1138.npy,LINEAR-WIDE-20
-0.0037971844,-0.08826852,0.9614163,0.9455078,0.9614238,-0.9944851,0.99763393,1.9921190291643143,0.012442684,1.0560843,-1.7667715894377019,-3945312.5,5.522458e-07,1.8476436e-07,0.9389211644696199,0.0024801545153212224,/content/drive/MyDrive/N-MON/ALTRO/spectograms/LINEAR-WIDE-20/1139.npy,LINEAR-WIDE-20
-0.020965891,-0.18470128,0.9591209,0.9415967,0.95935005,-0.99703705,0.99511826,1.9921553581953049,0.040400073,1.0628372,-1.7717731789634705,-4667968.75,6.737941e-07,1.8270481e-07,0.9419394823543259,0.002667727409746989,/content/drive/MyDrive/N-MON/ALTRO/spectograms/LINEAR-WIDE-20/1140.npy,LINEAR-WIDE-20
0.00024971913,0.050180055,0.96043926,0.9437824,0.96043926,-1.0005465,0.9916016,1.9921480417251587,-0.010091227,1.0593503,-1.785854309295955,2792968.75,5.473124e-07,1.8275495e-07,0.9424265072425382,0.003300186020801876,/content/drive/MyDrive/N-MON/ALTRO/spectograms/LINEAR-WIDE-20/1141.npy,LINEAR-WIDE-20
-0.028389964,-0.2312555,0.9560848,0.9360171,0.95650625,-0.9968767,0.99528027,1.992156982421875,0.05676686,1.0710009,-1.7401952433687777,-3867187.5,6.5327237e-07,1.8250391e-07,0.9412258787457098,0.003124818342215837,/content/drive/MyDrive/N-MON/ALTRO/spectograms/LINEAR-WIDE-20/1142.npy,LINEAR-WIDE-20
0.019785667,0.28150326,0.95879275,0.9410307,0.9589969,-1.0034416,0.98870665,1.9921482056379318,-0.055728897,1.0640225,-1.752902708528046,3593750.0,5.6890735e-07,1.8321553e-07,0.9407963209945573,0.00404189656792253,/content/drive/MyDrive/N-MON/ALTRO/spectograms/LINEAR-WIDE-20/1143.npy,LINEAR-WIDE-20
0.0049735527,0.1052628,0.95522356,0.9356614,0.9552365,-1.0001581,0.9919988,1.992156907916069,-0.018529596,1.0692953,-1.7173102485097307,-2968750.0,6.9123325e-07,1.8212953e-07,0.939850302245701,0.0026945372103702936,/content/drive/MyDrive/N-MON/ALTRO/spectograms/LINEAR-WIDE-20/1144.npy,LINEAR-WIDE-20
-0.018741189,-0.1894875,0.9602978,0.9439291,0.96048063,-0.99805236,0.9941045,1.9921568930149078,0.03452748,1.0597874,-1.7751592669643943,3593750.0,6.467856e-07,1.8345087e-07,0.9333267921675377,0.005058790226973298,/content/drive/MyDrive/N-MON/ALTRO/spectograms/LINEAR-WIDE-20/1145.npy,LINEAR-WIDE-20
-0.013281804,-0.0441855,0.95637476,0.9377495,0.956467,-0.99729544,0.99486667,1.9921621233224869,0.01904548,1.0657288,-1.7066463004582693,-2968750.0,6.125979e-07,1.8302916e-07,0.9398362984316616,0.003436574634283739,/content/drive/MyDrive/N-MON/ALTRO/spectograms/LINEAR-WIDE-20/1146.npy,LINEAR-WIDE-20
0.019576149,0.23402953,0.9587346,0.9406654,0.95893437,-1.0002333,0.9918678,1.9921010732650757,-0.052249387,1.0640873,-1.7607477314806543,4394531.25,5.866138e-07,1.8369465e-07,0.9376471263881787,0.004094742040938931,/content/drive/MyDrive/N-MON/ALTRO/spectograms/LINEAR-WIDE-20/1147.npy,LINEAR-WIDE-20
0.024825852,0.2688807,0.9606848,0.9427247,0.96100557,-1.0006645,0.9914757,1.992140144109726,-0.061940324,1.0631462,-1.7991700931125474,2617187.5,5.888271e-07,1.8225566e-07,0.9361598350815359,0.005281083942780849,/content/drive/MyDrive/N-MON/ALTRO/spectograms/LINEAR-WIDE-20/1148.npy,LINEAR-WIDE-20
-0.013602134,-0.056242254,0.9601918,0.94331,0.96028805,-1.0014776,0.990687,1.9921645522117615,0.015081253,1.0590954,-1.7647230621129852,-4707031.25,6.134771e-07,1.8335136e-07,0.9386370739551547,0.005895438460038678,/content/drive/MyDrive/N-MON/ALTRO/spectograms/LINEAR-WIDE-20/1149.npy,LINEAR-WIDE-20
-0.0034011488,0.017270528,0.9533365,0.93301755,0.9533425,-1.0022366,0.98992944,1.9921660721302032,-0.008420158,1.0729753,-1.6940805671614643,2617187.5,5.4397043e-07,1.8215195e-07,0.9375301599951873,0.005432311168822815,/content/drive/MyDrive/N-MON/ALTRO/spectograms/LINEAR-WIDE-20/1150.npy,LINEAR-WIDE-20
0.017087497,0.13794115,0.9621961,0.9458484,0.96234787,-0.99498135,0.9971455,1.992126852273941,-0.031431604,1.0572563,-1.8064676319491044,-4003906.25,5.8247497e-07,1.8233055e-07,0.9356355772613951,0.007028862262962522,/content/drive/MyDrive/N-MON/ALTRO/spectograms/LINEAR-WIDE-20/1151.npy,LINEAR-WIDE-20
-0.0018679962,-0.09268891,0.9568462,0.93967396,0.95684797,-0.9950703,0.9970887,1.992158979177475,0.008806963,1.0632272,-1.7061478236455543,3515625.0,5.322681e-07,1.8293767e-07,0.9374554296762105,0.006622016606647289,/content/drive/MyDrive/N-MON/ALTRO/spectograms/LINEAR-WIDE-20/1152.npy,LINEAR-WIDE-20
-0.01680719,-0.16074002,0.95515466,0.9359733,0.95530254,-0.9926872,0.99944353,1.9921307414770126,0.040945806,1.0699439,-1.7193378960667085,-3203125.0,5.844531e-07,1.8289725e-07,0.936594783137981,0.008754122821780772,/content/drive/MyDrive/N-MON/ALTRO/spectograms/LINEAR-WIDE-20/1153.npy,LINEAR-WIDE-20
0.008072189,0.18143398,0.96089596,0.9455177,0.9609299,-0.99821496,0.9939077,1.9921226799488068,-0.026280578,1.0568026,-1.7705127694485843,3671875.0,5.953262e-07,1.83325e-07,0.9336888711757291,0.009397545095439823,/content/drive/MyDrive/N-MON/ALTRO/spectograms/LINEAR-WIDE-20/1154.npy,LINEAR-WIDE-20
-0.0039915647,0.0024931948,0.9614927,0.94509596,0.961501,-0.997657,0.9944847,1.9921417534351349,0.001911069,1.0573562,-1.7831115752946032,-3203125.0,6.184296e-07,1.8233301e-07,0.9346136343464906,0.0097252487043645,/content/drive/MyDrive/N-MON/ALTRO/spectograms/LINEAR-WIDE-20/1155.npy,LINEAR-WIDE-20
-6.329489e-05,-0.0043084626,0.95787567,0.94027233,0.95787567,-0.99637634,0.9957916,1.9921679645776749,0.0031455266,1.062372,-1.7245933780508438,3671875.0,5.5766844e-07,1.8297831e-07,0.9375601793384649,0.008968571967639134,/content/drive/MyDrive/N-MON/ALTRO/spectograms/LINEAR-WIDE-20/1156.npy,LINEAR-WIDE-20
0.0017019272,0.09405021,0.95796394,0.9400934,0.9579655,-1.0035832,0.98855996,1.9921431839466095,-0.022176035,1.0628198,-1.7427977064998637,-2949218.75,6.218983e-07,1.8398835e-07,0.9364099023263888,0.008905309846141428,/content/drive/MyDrive/N-MON/ALTRO/spectograms/LINEAR-WIDE-20/1157.npy,LINEAR-WIDE-20
0.0006791191,0.017389778,0.95772296,0.9403481,0.95772314,-0.998286,0.99386305,1.992149069905281,-0.0046145087,1.0624182,-1.7215340045491951,-4882812.5,5.698561e-07,1.8282333e-07,0.9373851404900688,0.010805191688966856,/content/drive/MyDrive/N-MON/ALTRO/spectograms/LINEAR-WIDE-20/1158.npy,LINEAR-WIDE-20
0.0062918356,0.07422155,0.95532256,0.9353931,0.9553433,-1.0038704,0.9881997,1.99207004904747,-0.02773255,1.0701088,-1.7294655590368129,-2304687.5,5.6641784e-07,1.8318872e-07,0.9365067631801475,0.01020688055126159,/content/drive/MyDrive/N-MON/ALTRO/spectograms/LINEAR-WIDE-20/1159.npy,LINEAR-WIDE-20
-0.0019285426,-0.00039466075,0.9594155,0.941437,0.9594174,-0.9963615,0.9957961,1.9921575784683228,0.0031052148,1.0610969,-1.7600675467429696,-4726562.5,5.44288e-07,1.8272496e-07,0.9364764004999134,0.011332606090271913,/content/drive/MyDrive/N-MON/ALTRO/spectograms/LINEAR-WIDE-20/1160.npy,LINEAR-WIDE-20
0.005413371,0.12018243,0.95790553,0.9403568,0.95792085,-0.99706584,0.9950855,1.9921513199806213,-0.018447833,1.0633249,-1.737804352076216,3535156.25,5.310031e-07,1.8316848e-07,0.9361857096776368,0.009535019439567409,/content/drive/MyDrive/N-MON/ALTRO/spectograms/LINEAR-WIDE-20/1161.npy,LINEAR-WIDE-20
0.016156184,0.17886293,0.9584688,0.94139105,0.95860493,-0.9967909,0.9953535,1.9921444207429886,-0.03428886,1.0623474,-1.7494469867901519,-4785156.25,6.3619115e-07,1.8318357e-07,0.939604868193768,0.008913629920504979,/content/drive/MyDrive/N-MON/ALTRO/spectograms/LINEAR-WIDE-20/1162.npy,LINEAR-WIDE-20
0.0056986576,0.03592342,0.9547966,0.93486416,0.95481366,-0.99517775,0.9969541,1.9921318143606186,-0.0072047943,1.0701536,-1.7219768960899293,2460937.5,5.001423e-07,1.8351912e-07,0.938591387029005,0.011087688872932764,/content/drive/MyDrive/N-MON/ALTRO/spectograms/LINEAR-WIDE-20/1163.npy,LINEAR-WIDE-20
0.0028806792,0.06812218,0.9551916,0.9360172,0.955196,-0.99842906,0.99372643,1.992155522108078,-0.01336859,1.0689276,-1.7168745413611968,2597656.25,5.80769e-07,1.8283913e-07,0.9392698232260532,0.01107978552305219,/content/drive/MyDrive/N-MON/ALTRO/spectograms/LINEAR-WIDE-20/1164.npy,LINEAR-WIDE-20
0.010448243,0.075728945,0.9578375,0.9404528,0.9578945,-0.9946681,0.99748766,1.9921558201313019,-0.017282458,1.0633475,-1.7397223139718039,2460937.5,5.188386e-07,1.8348834e-07,0.9397444183075367,0.010240122323009892,/content/drive/MyDrive/N-MON/ALTRO/spectograms/LINEAR-WIDE-20/1165.npy,LINEAR-WIDE-20
-0.008015854,-0.1053745,0.9574938,0.9388424,0.95752734,-0.9958869,0.9962212,1.9921080768108368,0.01730255,1.0660849,-1.7608837759647484,2812500.0,5.587666e-07,1.8280379e-07,0.9387446777834938,0.011376305663729264,/content/drive/MyDrive/N-MON/ALTRO/spectograms/LINEAR-WIDE-20/1166.npy,LINEAR-WIDE-20
0.0006392455,0.014555367,0.95656705,0.9379551,0.9565673,-1.0010774,0.99107724,1.9921546131372452,-0.010797073,1.0661105,-1.731770256379779,2460937.5,5.3069283e-07,1.8310081e-07,0.9409194908046509,0.00953896762801804,/content/drive/MyDrive/N-MON/ALTRO/spectograms/LINEAR-WIDE-20/1167.npy,LINEAR-WIDE-20
-0.018701328,-0.15977803,0.96186703,0.9460369,0.9620488,-0.9995931,0.9925467,1.992139771580696,0.030568196,1.0564883,-1.7864173387395124,3457031.25,5.495135e-07,1.8324684e-07,0.942554776504542,0.009820022561801204,/content/drive/MyDrive/N-MON/ALTRO/spectograms/LINEAR-WIDE-20/1168.npy,LINEAR-WIDE-20
-0.023081215,-0.23181117,0.95705235,0.9394093,0.95733064,-1.0011712,0.99098754,1.9921587705612183,0.03885792,1.064767,-1.7087374261630643,2460937.5,5.6124765e-07,1.8261676e-07,0.9422046919675292,0.008776953244141723,/content/drive/MyDrive/N-MON/ALTRO/spectograms/LINEAR-WIDE-20/1169.npy,LINEAR-WIDE-20
0.0074629555,0.11656478,0.9584712,0.9419565,0.9585002,-0.9967437,0.99537534,1.992119014263153,-0.016428424,1.0616983,-1.7497345151694514,-2441406.25,8.7451946e-07,1.8454938e-07,0.941259149028206,0.009964460206708768,/content/drive/MyDrive/N-MON/ALTRO/spectograms/LINEAR-WIDE-20/1170.npy,LINEAR-WIDE-20
-0.010587424,-0.055085078,0.9589532,0.9421981,0.9590116,-0.9964259,0.995701,1.9921269714832306,0.020163273,1.0597832,-1.7346234456975467,2617187.5,5.56774e-07,1.829687e-07,0.9456684764264193,0.007920392952747766,/content/drive/MyDrive/N-MON/ALTRO/spectograms/LINEAR-WIDE-20/1171.npy,LINEAR-WIDE-20
0.012312936,0.1334838,0.9557439,0.9376263,0.9558232,-0.9992906,0.9928231,1.9921136945486069,-0.030749373,1.0667284,-1.709884817862884,4726562.5,5.010446e-07,1.825729e-07,0.9448085135401432,0.009559857074980737,/content/drive/MyDrive/N-MON/ALTRO/spectograms/LINEAR-WIDE-20/1172.npy,LINEAR-WIDE-20
-0.020017004,-0.07593759,0.9583234,0.9401329,0.95853245,-1.0018735,0.99027294,1.9921464771032333,0.02911196,1.0642431,-1.777132045970869,2617187.5,6.077755e-07,1.8350455e-07,0.9447611682688166,0.0076922859048110526,/content/drive/MyDrive/N-MON/ALTRO/spectograms/LINEAR-WIDE-20/1173.npy,LINEAR-WIDE-20
-0.003299285,-0.029907443,0.9547678,0.93438315,0.9547736,-0.9987286,0.9934137,1.992142215371132,0.0007147609,1.0707469,-1.7257543418552814,-2558593.75,5.3202575e-07,1.8381427e-07,0.9463846648280404,0.006886402159178278,/content/drive/MyDrive/N-MON/ALTRO/spectograms/LINEAR-WIDE-20/1174.npy,LINEAR-WIDE-20
-0.0007928205,0.001586577,0.95268166,0.93241256,0.95268196,-0.9984544,0.9936482,1.9921025782823563,-0.00072156516,1.0730845,-1.6900990867450398,3261718.75,5.520316e-07,1.8215135e-07,0.9470096583013097,0.0072414676329083764,/content/drive/MyDrive/N-MON/ALTRO/spectograms/LINEAR-WIDE-20/1175.npy,LINEAR-WIDE-20
0.014716612,0.19247982,0.9564905,0.93834585,0.9566037,-1.0027398,0.9894048,1.9921446293592453,-0.04214966,1.0665824,-1.72136331320713,-4316406.25,5.0273934e-07,1.8299625e-07,0.9473807527876164,0.007321352743854722,/content/drive/MyDrive/N-MON/ALTRO/spectograms/LINEAR-WIDE-20/1176.npy,LINEAR-WIDE-20
0.012098344,0.11465064,0.95733696,0.94010913,0.95741343,-0.99849105,0.9936647,1.992155745625496,-0.029696895,1.0626948,-1.7030368304176096,2929687.5,6.1872845e-07,1.8358823e-07,0.9463776817898926,0.005112351936792112,/content/drive/MyDrive/N-MON/ALTRO/spectograms/LINEAR-WIDE-20/1177.npy,LINEAR-WIDE-20
-0.0020048432,-0.060137093,0.9567463,0.9397438,0.95674837,-1.0014957,0.99065316,1.9921488463878632,-0.0013018881,1.0630664,-1.690810331651017,-2500000.0,5.11526e-07,1.8259607e-07,0.9490030648785786,0.004388844095161056,/content/drive/MyDrive/N-MON/ALTRO/spectograms/LINEAR-WIDE-20/1178.npy,LINEAR-WIDE-20
0.019858997,0.14712116,0.95461667,0.9345478,0.9548232,-0.9974164,0.9946344,1.992050752043724,-0.041760642,1.0716666,-1.7152406271241942,-2363281.25,5.6487255e-07,1.830584e-07,0.9487288126115431,0.005290805753770952,/content/drive/MyDrive/N-MON/ALTRO/spectograms/LINEAR-WIDE-20/1179.npy,LINEAR-WIDE-20
0.020236706,0.1897898,0.9529642,0.9321925,0.953179,-1.0015162,0.990603,1.9921192526817322,-0.053998295,1.0750264,-1.6813060851285784,4140625.0,4.9251025e-07,1.827095e-07,0.9489525484532135,0.004463742131100507,/content/drive/MyDrive/N-MON/ALTRO/spectograms/LINEAR-WIDE-20/1180.npy,LINEAR-WIDE-20
0.01697044,0.098342046,0.956835,0.93869865,0.9569855,-0.9954883,0.9966273,1.992115542292595,-0.03203819,1.0656383,-1.7288460254440425,-4453125.0,5.276751e-07,1.8312491e-07,0.9472062291709851,0.004024025559472129,/content/drive/MyDrive/N-MON/ALTRO/spectograms/LINEAR-WIDE-20/1181.npy,LINEAR-WIDE-20
0.00322923,0.053603917,0.9543909,0.93463826,0.9543963,-1.0049759,0.98715645,1.992132380604744,-0.021555183,1.070194,-1.6976768119955639,4453125.0,5.7255346e-07,1.8260195e-07,0.9476391080294094,0.0037521553868777122,/content/drive/MyDrive/N-MON/ALTRO/spectograms/LINEAR-WIDE-20/1182.npy,LINEAR-WIDE-20
0.023643807,0.18038046,0.95584625,0.935576,0.9561386,-0.995273,0.9968603,1.9921333193778992,-0.04793886,1.0716385,-1.7515878010972312,4960937.5,5.2467226e-07,1.8309578e-07,0.9484006712775811,0.0031119669384027894,/content/drive/MyDrive/N-MON/ALTRO/spectograms/LINEAR-WIDE-20/1183.npy,LINEAR-WIDE-20
0.027535504,0.3068437,0.9566726,0.9371217,0.9570688,-1.0058482,0.98627293,1.992121160030365,-0.07728715,1.0712055,-1.7386924997968578,2480468.75,4.9166295e-07,1.8340256e-07,0.9473543609979894,0.0035077468229608223,/content/drive/MyDrive/N-MON/ALTRO/spectograms/LINEAR-WIDE-20/1184.npy,LINEAR-WIDE-20
0.022972267,0.20013002,0.96030027,0.94365937,0.960575,-0.99903464,0.9930892,1.992123782634735,-0.04854881,1.0603603,-1.7703314018064804,-4667968.75,6.5111533e-07,1.8356172e-07,0.9469927869896433,0.0032086208187573463,/content/drive/MyDrive/N-MON/ALTRO/spectograms/LINEAR-WIDE-20/1185.npy,LINEAR-WIDE-20
0.002447946,0.12083267,0.9585853,0.9415477,0.9585885,-1.0041208,0.9879901,1.9921109080314636,-0.021084433,1.0619509,-1.756888850278749,2636718.75,5.1341283e-07,1.8303972e-07,0.9478841734499235,0.002600915865384561,/content/drive/MyDrive/N-MON/ALTRO/spectograms/LINEAR-WIDE-20/1186.npy,LINEAR-WIDE-20
0.006355192,0.00095519377,0.9590791,0.94268507,0.9591001,-0.99515307,0.99699205,1.992145135998726,-0.009105892,1.0595082,-1.7246069054657946,-2910156.25,5.3353955e-07,1.8357393e-07,0.9441441985948344,0.0030294442975192085,/content/drive/MyDrive/N-MON/ALTRO/spectograms/LINEAR-WIDE-20/1187.npy,LINEAR-WIDE-20
0.005636816,0.12953009,0.95887744,0.94255847,0.95889395,-0.9955332,0.99661666,1.9921498894691467,-0.010137271,1.0607195,-1.753284391231163,2792968.75,5.6922335e-07,1.8289154e-07,0.9461118336506984,0.0032371154988562662,/content/drive/MyDrive/N-MON/ALTRO/spectograms/LINEAR-WIDE-20/1188.npy,LINEAR-WIDE-20
-0.0059996094,-0.03195679,0.959674,0.94286656,0.9596927,-0.99672055,0.99543184,1.9921524077653885,0.0102018425,1.0594904,-1.7554798589770437,4589843.75,5.352914e-07,1.8284341e-07,0.9430335450034115,0.00283627597696943,/content/drive/MyDrive/N-MON/ALTRO/spectograms/LINEAR-WIDE-20/1189.npy,LINEAR-WIDE-20
0.029585266,0.35622096,0.95518094,0.9373486,0.955639,-1.003084,0.98902917,1.9921131879091263,-0.07369227,1.0690749,-1.678758098404135,-2402343.75,5.8306154e-07,1.8324559e-07,0.9428604203245614,0.004440678078120431,/content/drive/MyDrive/N-MON/ALTRO/spectograms/LINEAR-WIDE-20/1190.npy,LINEAR-WIDE-20
0.0037640624,0.006807978,0.954525,0.93361616,0.95453244,-0.99331224,0.99880815,1.992120385169983,-0.0019285316,1.0718153,-1.7325508095737796,2500000.0,5.24883e-07,1.8210821e-07,0.9426377833985624,0.0030450926751022065,/content/drive/MyDrive/N-MON/ALTRO/spectograms/LINEAR-WIDE-20/1191.npy,LINEAR-WIDE-20
-0.0104259895,-0.10504171,0.95729524,0.9397123,0.957352,-0.9955545,0.99657476,1.9921292811632156,0.024422986,1.0642136,-1.7300338769512706,-2343750.0,5.9310423e-07,1.829043e-07,0.9403253269604677,0.0033134312400944542,/content/drive/MyDrive/N-MON/ALTRO/spectograms/LINEAR-WIDE-20/1192.npy,LINEAR-WIDE-20
0.018164802,0.075603396,0.95545477,0.93717164,0.9556274,-0.99084413,1.0012801,1.9921241402626038,-0.026178133,1.0675349,-1.7141285937193802,2500000.0,5.682462e-07,1.8281997e-07,0.9414433068433795,0.003963909582087928,/content/drive/MyDrive/N-MON/ALTRO/spectograms/LINEAR-WIDE-20/1193.npy,LINEAR-WIDE-20
0.0028400775,0.10921212,0.9574425,0.93907315,0.9574467,-0.99623036,0.99592143,1.9921517968177795,-0.008112322,1.0650246,-1.7324046411284588,-2187500.0,5.234471e-07,1.831763e-07,0.9403333751396167,0.002682148661750314,/content/drive/MyDrive/N-MON/ALTRO/spectograms/LINEAR-WIDE-20/1194.npy,LINEAR-WIDE-20
-0.0037482635,0.0321704,0.96028286,0.9439921,0.9602902,-0.99524224,0.9969194,1.9921616613864899,0.007012029,1.0586728,-1.773132374438781,4687500.0,5.8179745e-07,1.8415784e-07,0.9397724621971276,0.002860309110567665,/content/drive/MyDrive/N-MON/ALTRO/spectograms/LINEAR-WIDE-20/1195.npy,LINEAR-WIDE-20
0.0025928097,0.13380995,0.9542721,0.93518895,0.9542756,-1.0066907,0.9854445,1.9921352714300156,-0.027339233,1.0698842,-1.6858681132052544,2636718.75,5.1236907e-07,1.8271132e-07,0.9369326380699574,0.004260212241740536,/content/drive/MyDrive/N-MON/ALTRO/spectograms/LINEAR-WIDE-20/1196.npy,LINEAR-WIDE-20
0.0057328655,0.09615704,0.9546458,0.9358531,0.95466304,-1.0015779,0.9905834,1.9921613037586212,-0.021891953,1.0694485,-1.713846322479202,-4570312.5,5.026696e-07,1.8312525e-07,0.9382132715152398,0.005327002694061901,/content/drive/MyDrive/N-MON/ALTRO/spectograms/LINEAR-WIDE-20/1197.npy,LINEAR-WIDE-20
0.0009965926,-0.004667681,0.9603501,0.9438037,0.96035063,-0.9928308,0.9993252,1.9921560287475586,0.005717219,1.0587684,-1.7726091440678895,3007812.5,5.197581e-07,1.827706e-07,0.9365154108950473,0.006260141320139943,/content/drive/MyDrive/N-MON/ALTRO/spectograms/LINEAR-WIDE-20/1198.npy,LINEAR-WIDE-20
0.02687596,0.13988796,0.9517552,0.92995065,0.9521346,-0.9927984,0.9993205,1.9921188950538635,-0.04692754,1.0775641,-1.67534171299989,-4199218.75,7.981469e-07,1.8018204e-07,0.9349081348941337,0.008138463403660525,/content/drive/MyDrive/N-MON/ALTRO/spectograms/LINEAR-WIDE-20/1199.npy,LINEAR-WIDE-20
0.012291164,0.18208301,0.95831037,0.9408648,0.9583893,-1.0015091,0.990657,1.9921660721302032,-0.03508625,1.0642985,-1.7640465295011103,-2890625.0,5.361274e-07,1.8245468e-07,0.9371882463984318,0.009037426810973092,/content/drive/MyDrive/N-MON/ALTRO/spectograms/LINEAR-WIDE-20/1200.npy,LINEAR-WIDE-20
0.004004859,0.04963739,0.9579887,0.9398099,0.957997,-0.99707043,0.9950377,1.9921081513166428,-0.011306121,1.0636047,-1.74644611069457,-4199218.75,5.9263544e-07,1.8251396e-07,0.9333363427926389,0.011183241695489789,/content/drive/MyDrive/N-MON/ALTRO/spectograms/LINEAR-WIDE-20/1201.npy,LINEAR-WIDE-20
0.010821207,0.19061008,0.95679027,0.938518,0.9568515,-1.004653,0.98750186,1.9921548813581467,-0.040782925,1.0674657,-1.7605928109012254,3906250.0,5.270311e-07,1.8247235e-07,0.9372767603045642,0.009889001773042716,/content/drive/MyDrive/N-MON/ALTRO/spectograms/LINEAR-WIDE-20/1202.npy,LINEAR-WIDE-20
0.01005777,0.15418664,0.95689094,0.9392869,0.9569438,-0.9981746,0.9939777,1.9921523481607437,-0.030839778,1.0638863,-1.7127560675524027,3671875.0,6.1604624e-07,1.8219245e-07,0.9374509826039457,0.011327021234908875,/content/drive/MyDrive/N-MON/ALTRO/spectograms/LINEAR-WIDE-20/1203.npy,LINEAR-WIDE-20
-0.014565624,-0.03171043,0.95531446,0.93474376,0.9554255,-1.0043889,0.9877249,1.9921138435602188,0.014187515,1.0700783,-1.7033695110808458,3906250.0,5.046769e-07,1.8235897e-07,0.9388364376163123,0.010009313454219786,/content/drive/MyDrive/N-MON/ALTRO/spectograms/LINEAR-WIDE-20/1204.npy,LINEAR-WIDE-20
0.017879793,0.22585425,0.955519,0.93603075,0.9556863,-1.00458,0.9874972,1.992077186703682,-0.055608977,1.0712955,-1.7278131990856906,3710937.5,6.3827247e-07,1.8355847e-07,0.9404921078883413,0.008764751867431407,/content/drive/MyDrive/N-MON/ALTRO/spectograms/LINEAR-WIDE-20/1205.npy,LINEAR-WIDE-20
-0.037447974,-0.28619492,0.9558832,0.93718755,0.9566165,-1.0049146,0.9871514,1.9920660853385925,0.062186766,1.0704163,-1.7346575689356227,-2421875.0,5.653141e-07,1.8301726e-07,0.9407126279841104,0.009754880612604825,/content/drive/MyDrive/N-MON/ALTRO/spectograms/LINEAR-WIDE-20/1206.npy,LINEAR-WIDE-20
0.01975814,0.19223465,0.95360607,0.93276274,0.9538107,-1.0031235,0.98899776,1.9921212941408157,-0.05692274,1.0745136,-1.7011677842591013,4160156.25,5.445182e-07,1.8205088e-07,0.9427379636382534,0.008959422278791415,/content/drive/MyDrive/N-MON/ALTRO/spectograms/LINEAR-WIDE-20/1207.npy,LINEAR-WIDE-20
-0.016464295,-0.109871864,0.95478666,0.9345862,0.9549286,-0.9925769,0.999559,1.9921358823776245,0.038396586,1.0710368,-1.7063634942605364,-4550781.25,5.3951317e-07,1.8295901e-07,0.9444004650948632,0.0076654543365451576,/content/drive/MyDrive/N-MON/ALTRO/spectograms/LINEAR-WIDE-20/1208.npy,LINEAR-WIDE-20
-0.012552035,-0.05935669,0.9558606,0.9368001,0.955943,-1.0006145,0.9915081,1.992122620344162,0.017450886,1.0667795,-1.7030242754933946,4707031.25,5.7562136e-07,1.8261318e-07,0.9450838713443488,0.008186928406835454,/content/drive/MyDrive/N-MON/ALTRO/spectograms/LINEAR-WIDE-20/1209.npy,LINEAR-WIDE-20
-0.014995199,-0.119945064,0.95981944,0.94286746,0.95993656,-1.0028183,0.989326,1.992144376039505,0.019594945,1.0608174,-1.7770250705904493,2675781.25,6.130344e-07,1.8324172e-07,0.9468034877784961,0.005721748807327264,/content/drive/MyDrive/N-MON/ALTRO/spectograms/LINEAR-WIDE-20/1210.npy,LINEAR-WIDE-20
0.019754563,0.18469547,0.9592034,0.94226503,0.95940685,-0.99499893,0.99713504,1.992134004831314,-0.035040345,1.0623074,-1.778511651433034,2402343.75,5.546975e-07,1.8362906e-07,0.9474133244958949,0.005405247136515139,/content/drive/MyDrive/N-MON/ALTRO/spectograms/LINEAR-WIDE-20/1211.npy,LINEAR-WIDE-20
-0.02974733,-0.2603397,0.95871973,0.9404726,0.95918113,-0.9947472,0.99739045,1.992137685418129,0.06506172,1.0663643,-1.7592692140353379,2929687.5,5.422516e-07,1.8344315e-07,0.9479085130750466,0.0045374386189617165,/content/drive/MyDrive/N-MON/ALTRO/spectograms/LINEAR-WIDE-20/1212.npy,LINEAR-WIDE-20
-0.0057686632,0.072435394,0.95616204,0.9373953,0.95617944,-1.0056641,0.98649263,1.992156744003296,-0.0074701,1.0666019,-1.7051052805236993,-2441406.25,5.676185e-07,1.8050468e-07,0.9450250947742526,0.006887383628935368,/content/drive/MyDrive/N-MON/ALTRO/spectograms/LINEAR-WIDE-20/1213.npy,LINEAR-WIDE-20
0.027734822,0.31245703,0.95638114,0.9370447,0.9567832,-1.0039732,0.98817647,1.9921497851610184,-0.07210958,1.0710396,-1.7441128960729142,3730468.75,6.314558e-07,1.8310539e-07,0.9477755337117029,0.0032340674466001776,/content/drive/MyDrive/N-MON/ALTRO/spectograms/LINEAR-WIDE-20/1214.npy,LINEAR-WIDE-20
-0.0018044376,0.041701134,0.9581072,0.940778,0.9581089,-0.9934289,0.99872094,1.9921498596668243,0.0067372886,1.0629549,-1.7518439297183337,-2402343.75,4.9501836e-07,1.8344551e-07,0.9451699543077434,0.002773174306038569,/content/drive/MyDrive/N-MON/ALTRO/spectograms/LINEAR-WIDE-20/1215.npy,LINEAR-WIDE-20
-0.025176413,-0.18720993,0.95711327,0.9381023,0.9574443,-0.9996656,0.9924971,1.992162749171257,0.046212193,1.067768,-1.7538085183688186,4375000.0,6.41146e-07,1.8259874e-07,0.945363466912226,0.004866206428970474,/content/drive/MyDrive/N-MON/ALTRO/spectograms/LINEAR-WIDE-20/1216.npy,LINEAR-WIDE-20
0.012626997,0.18478161,0.96031046,0.94363075,0.9603934,-1.002754,0.98937196,1.9921259731054306,-0.03876433,1.0612514,-1.7938977743220417,-4960937.5,5.1853027e-07,1.828678e-07,0.9466075445738233,0.0038220732691925914,/content/drive/MyDrive/N-MON/ALTRO/spectograms/LINEAR-WIDE-20/1217.npy,LINEAR-WIDE-20
-0.009510384,-0.022331625,0.95796233,0.93960583,0.9580096,-0.994972,0.9971557,1.9921277165412903,0.016845094,1.0646107,-1.7625983719506453,-2910156.25,5.142297e-07,1.8269644e-07,0.944600617700294,0.0026949831128017234,/content/drive/MyDrive/N-MON/ALTRO/spectograms/LINEAR-WIDE-20/1218.npy,LINEAR-WIDE-20
0.005050667,0.047980607,0.95993793,0.94359255,0.9599512,-1.0028381,0.9892921,1.9921302795410156,-0.0205095,1.0589741,-1.756481740959287,-3945312.5,5.7426956e-07,1.8412052e-07,0.9430036447988219,0.0031797988396052596,/content/drive/MyDrive/N-MON/ALTRO/spectograms/LINEAR-WIDE-20/1219.npy,LINEAR-WIDE-20
-0.008245886,0.008664504,0.9579885,0.9416877,0.95802397,-1.0029742,0.9891238,1.992097944021225,0.0034241925,1.0610998,-1.7236064342498187,2558593.75,5.4175695e-07,1.8277757e-07,0.9435358711641155,0.0033437314414134106,/content/drive/MyDrive/N-MON/ALTRO/spectograms/LINEAR-WIDE-20/1220.npy,LINEAR-WIDE-20
0.009641216,0.19786096,0.9613894,0.9450288,0.9614378,-1.0013419,0.99075454,1.9920964688062668,-0.034241974,1.0585358,-1.8077483123396585,-3945312.5,5.955926e-07,1.8350562e-07,0.9423539309448574,0.004022157318096988,/content/drive/MyDrive/N-MON/ALTRO/spectograms/LINEAR-WIDE-20/1221.npy,LINEAR-WIDE-20
-0.003428063,-0.056805246,0.95796853,0.94154966,0.9579747,-0.99825215,0.9938923,1.992144450545311,0.005509573,1.0615414,-1.7368368584935399,3574218.75,5.7867896e-07,1.8171589e-07,0.9401290233066721,0.0032306217083243353,/content/drive/MyDrive/N-MON/ALTRO/spectograms/LINEAR-WIDE-20/1222.npy,LINEAR-WIDE-20
0.016602905,0.15366101,0.95697856,0.9391549,0.9571226,-0.99871445,0.9933871,1.992101565003395,-0.035147555,1.0660712,-1.7398142356024542,-2343750.0,5.7583605e-07,1.8325767e-07,0.9404777606651615,0.0052143032791999895,/content/drive/MyDrive/N-MON/ALTRO/spectograms/LINEAR-WIDE-20/1223.npy,LINEAR-WIDE-20
-0.006076186,-0.096449435,0.9607969,0.9434215,0.9608161,-0.99497545,0.99717987,1.99215529859066,0.017289327,1.0597557,-1.8020404257388007,2500000.0,5.398676e-07,1.83025e-07,0.9388747061237948,0.00552632232783838,/content/drive/MyDrive/N-MON/ALTRO/spectograms/LINEAR-WIDE-20/1224.npy,LINEAR-WIDE-20
-0.0050028,-0.11642542,0.95847994,0.9414454,0.958493,-0.9952944,0.9968235,1.9921178817749023,0.014511535,1.0609787,-1.7295542422730785,-2402343.75,5.797324e-07,1.8314236e-07,0.9372454269022986,0.006076157911193597,/content/drive/MyDrive/N-MON/ALTRO/spectograms/LINEAR-WIDE-20/1225.npy,LINEAR-WIDE-20
-0.0012643706,-0.024277002,0.95706445,0.9389228,0.95706534,-0.9969125,0.9952263,1.9921388179063797,0.002609605,1.065147,-1.7244917377730238,2441406.25,5.6107365e-07,1.8321182e-07,0.9342457393336929,0.009044793480935561,/content/drive/MyDrive/N-MON/ALTRO/spectograms/LINEAR-WIDE-20/1226.npy,LINEAR-WIDE-20
0.01215168,0.12622276,0.9583058,0.94225806,0.95838284,-0.994812,0.9973147,1.9921267479658127,-0.01940758,1.0608761,-1.729001002197004,-2246093.75,5.589441e-07,1.8245547e-07,0.9358874677774623,0.010126708879987211,/content/drive/MyDrive/N-MON/ALTRO/spectograms/LINEAR-WIDE-20/1227.npy,LINEAR-WIDE-20
-0.0055056317,0.05215879,0.95721453,0.93926585,0.9572303,-1.0024813,0.9895985,1.992079883813858,-0.006446694,1.0647335,-1.748462555759063,-4785156.25,5.984972e-07,1.8353381e-07,0.9374258274358303,0.008529493563341331,/content/drive/MyDrive/N-MON/ALTRO/spectograms/LINEAR-WIDE-20/1228.npy,LINEAR-WIDE-20
0.0028916388,0.04602754,0.9607072,0.94459045,0.9607115,-1.0008122,0.9913484,1.9921605736017227,-0.015184103,1.0576907,-1.761625976520474,-2519531.25,5.724187e-07,1.8370997e-07,0.9391864222261805,0.010862550761657833,/content/drive/MyDrive/N-MON/ALTRO/spectograms/LINEAR-WIDE-20/1229.npy,LINEAR-WIDE-20
-0.0021154222,-0.024369173,0.95367587,0.9330837,0.95367825,-0.9930955,0.9990136,1.9921091347932816,0.011545494,1.0720534,-1.6995061058086398,-4628906.25,5.982267e-07,1.8325815e-07,0.9411068647026045,0.009973637664413872,/content/drive/MyDrive/N-MON/ALTRO/spectograms/LINEAR-WIDE-20/1230.npy,LINEAR-WIDE-20
0.002510666,0.12310921,0.95618147,0.93702966,0.95618474,-0.993864,0.9982732,1.9921372085809708,-0.006305302,1.067736,-1.735040606981005,4062500.0,5.759729e-07,1.8376312e-07,0.9432363456374663,0.00931841031048484,/content/drive/MyDrive/N-MON/ALTRO/spectograms/LINEAR-WIDE-20/1231.npy,LINEAR-WIDE-20
-0.03302494,-0.32172784,0.95885164,0.9411285,0.9594202,-0.99765366,0.9944969,1.9921505153179169,0.06677285,1.0660334,-1.7801871580623987,-3886718.75,5.5543745e-07,1.8303638e-07,0.9440923405142645,0.009050418568372737,/content/drive/MyDrive/N-MON/ALTRO/spectograms/LINEAR-WIDE-20/1232.npy,LINEAR-WIDE-20
0.006382191,0.12304801,0.9586814,0.9410277,0.9587026,-1.0020323,0.9901121,1.992144376039505,-0.02703821,1.0628712,-1.7523007912457083,3535156.25,6.7968716e-07,1.8358706e-07,0.9437435970446248,0.009119120295508796,/content/drive/MyDrive/N-MON/ALTRO/spectograms/LINEAR-WIDE-20/1233.npy,LINEAR-WIDE-20
-0.032033976,-0.24093917,0.9539234,0.9343143,0.9544611,-1.002546,0.98957014,1.9921160787343979,0.053343177,1.0724835,-1.6878668871381735,2910156.25,5.428881e-07,1.8206222e-07,0.9445432240176137,0.00895927389130514,/content/drive/MyDrive/N-MON/ALTRO/spectograms/LINEAR-WIDE-20/1234.npy,LINEAR-WIDE-20
-0.009365131,-0.09340138,0.96132797,0.94615036,0.9613736,-0.99973065,0.9923983,1.9921289533376694,0.01219272,1.055769,-1.7818356192139773,3261718.75,5.7688186e-07,1.830047e-07,0.9469788786183533,0.006491871165398245,/content/drive/MyDrive/N-MON/ALTRO/spectograms/LINEAR-WIDE-20/1235.npy,LINEAR-WIDE-20
-0.016510574,-0.12732404,0.96257734,0.9479424,0.96271896,-0.9980687,0.993937,1.9920056760311127,0.027279247,1.0545778,-1.8095634111837369,-2441406.25,4.953098e-07,1.8348639e-07,0.9464060217429238,0.005075873392990105,/content/drive/MyDrive/N-MON/ALTRO/spectograms/LINEAR-WIDE-20/1236.npy,LINEAR-WIDE-20
-0.004972104,-0.007228753,0.95650357,0.9368239,0.9565165,-0.99935806,0.99279326,1.9921513348817825,0.0019391968,1.0668281,-1.7281364030255812,-4453125.0,5.301371e-07,1.8364338e-07,0.9480284653609026,0.004568163769412897,/content/drive/MyDrive/N-MON/ALTRO/spectograms/LINEAR-WIDE-20/1237.npy,LINEAR-WIDE-20
-0.015906328,-0.06402515,0.9573427,0.9397715,0.9574748,-1.0014278,0.9907248,1.9921525865793228,0.019701194,1.062994,-1.720315111830763,-2539062.5,5.4443785e-07,1.8354353e-07,0.9477117453979885,0.003681732076087095,/content/drive/MyDrive/N-MON/ALTRO/spectograms/LINEAR-WIDE-20/1238.npy,LINEAR-WIDE-20
-0.010764721,-0.09829393,0.96070635,0.9443562,0.9607666,-0.9927628,0.999381,1.9921438097953796,0.025857061,1.0586046,-1.7778923354471694,-4023437.5,6.1824153e-07,1.8317962e-07,0.9469614379192524,0.00334249337879013,/content/drive/MyDrive/N-MON/ALTRO/spectograms/LINEAR-WIDE-20/1239.npy,LINEAR-WIDE-20
-0.004462891,0.025127903,0.9571229,0.93923753,0.9571333,-1.0021412,0.99000275,1.992143988609314,-0.0056798626,1.0645843,-1.7300538761712076,3867187.5,4.737809e-07,1.8340609e-07,0.9466403044335736,0.003365924447395023,/content/drive/MyDrive/N-MON/ALTRO/spectograms/LINEAR-WIDE-20/1240.npy,LINEAR-WIDE-20
-0.00546538,-0.05168177,0.9597266,0.94245946,0.9597421,-1.0008173,0.9913477,1.9921649992465973,0.005829616,1.0599514,-1.7576171183029363,2929687.5,6.209046e-07,1.8313207e-07,0.9448445085375587,0.003558024253555148,/content/drive/MyDrive/N-MON/ALTRO/spectograms/LINEAR-WIDE-20/1241.npy,LINEAR-WIDE-20
0.003048318,-0.0039640665,0.95638937,0.9371117,0.95639426,-1.0001321,0.9920225,1.9921546131372452,-0.012681315,1.0670927,-1.7354545271346187,-3632812.5,4.87355e-07,1.8403497e-07,0.9431592957733289,0.0026194848437533745,/content/drive/MyDrive/N-MON/ALTRO/spectograms/LINEAR-WIDE-20/1242.npy,LINEAR-WIDE-20
0.0037631607,0.06945162,0.95990115,0.94256335,0.9599085,-1.0047959,0.98734707,1.9921430200338364,-0.024062641,1.0604165,-1.7659167320558462,3730468.75,5.911074e-07,1.8318718e-07,0.9420924302549032,0.0029861190334088336,/content/drive/MyDrive/N-MON/ALTRO/spectograms/LINEAR-WIDE-20/1243.npy,LINEAR-WIDE-20
0.01355939,0.15003295,0.9596483,0.94180816,0.9597441,-1.0023,0.9898567,1.992156744003296,-0.0388042,1.0635856,-1.7943603072622738,2792968.75,5.4830207e-07,1.8318062e-07,0.9389354214024763,0.0022982251055168068,/content/drive/MyDrive/N-MON/ALTRO/spectograms/LINEAR-WIDE-20/1244.npy,LINEAR-WIDE-20
0.0125718955,0.124044955,0.9564939,0.93847024,0.95657647,-0.9969602,0.9951905,1.9921507239341736,-0.02678351,1.0656774,-1.7147783618623829,3671875.0,5.572495e-07,1.8286548e-07,0.9390135734775336,0.003211492538088685,/content/drive/MyDrive/N-MON/ALTRO/spectograms/LINEAR-WIDE-20/1245.npy,LINEAR-WIDE-20
0.013296445,0.1496957,0.95256186,0.9320111,0.95265466,-0.9988136,0.9932157,1.9920293390750885,-0.036327537,1.0744205,-1.6829559742060385,-2460937.5,4.9541467e-07,1.8221999e-07,0.938332354590282,0.004590182763908527,/content/drive/MyDrive/N-MON/ALTRO/spectograms/LINEAR-WIDE-20/1246.npy,LINEAR-WIDE-20
0.009365434,0.11872363,0.9593263,0.94293,0.9593721,-0.99460685,0.9974622,1.9920690655708313,-0.017986601,1.0598841,-1.7506297367234824,-3183593.75,5.3146636e-07,1.8395465e-07,0.9357976905526301,0.00638551116718635,/content/drive/MyDrive/N-MON/ALTRO/spectograms/LINEAR-WIDE-20/1247.npy,LINEAR-WIDE-20
0.0081614265,0.14088233,0.952791,0.9319365,0.95282596,-0.99976057,0.9923353,1.9920958876609802,-0.028845245,1.0741465,-1.692175177189209,2949218.75,5.737828e-07,1.8294621e-07,0.9380036847380777,0.009121862700535709,/content/drive/MyDrive/N-MON/ALTRO/spectograms/LINEAR-WIDE-20/1248.npy,LINEAR-WIDE-20
-0.011125621,-0.0590478,0.9525466,0.93215495,0.9526116,-1.0043424,0.98781824,1.9921606630086899,0.005984208,1.0744126,-1.6935637355302273,-2324218.75,5.581079e-07,1.829927e-07,0.9356759574376399,0.008661552858260218,/content/drive/MyDrive/N-MON/ALTRO/spectograms/LINEAR-WIDE-20/1249.npy,LINEAR-WIDE-20
-0.012613422,-0.020749446,0.9620962,0.94740474,0.9621789,-1.005136,0.98702025,1.9921561926603317,0.0027784938,1.0535569,-1.7670522984558883,-2890625.0,5.213122e-07,1.8289093e-07,0.9348635358685737,0.009364267229556219,/content/drive/MyDrive/N-MON/ALTRO/spectograms/LINEAR-WIDE-20/1250.npy,LINEAR-WIDE-20
0.010000525,0.18317333,0.95858043,0.94161326,0.95863265,-0.9965478,0.9956125,1.9921603202819824,-0.026653398,1.0613843,-1.7352144949261181,4472656.25,5.551463e-07,1.8252642e-07,0.9379663051105089,0.010152726457872642,/content/drive/MyDrive/N-MON/ALTRO/spectograms/LINEAR-WIDE-20/1251.npy,LINEAR-WIDE-20
-0.015923588,-0.13695693,0.9566961,0.9388496,0.9568286,-0.9962661,0.9958753,1.9921414107084274,0.031019066,1.0658137,-1.7302781833054095,4335937.5,6.152983e-07,1.826939e-07,0.9376011621745173,0.009662749857580196,/content/drive/MyDrive/N-MON/ALTRO/spectograms/LINEAR-WIDE-20/1252.npy,LINEAR-WIDE-20
0.008382881,0.09011407,0.9550378,0.9349463,0.95507455,-0.9997212,0.9924307,1.992151901125908,-0.025310535,1.0699518,-1.7222217401496833,-2929687.5,5.55208e-07,1.8307833e-07,0.9400168710585884,0.009840806070230218,/content/drive/MyDrive/N-MON/ALTRO/spectograms/LINEAR-WIDE-20/1253.npy,LINEAR-WIDE-20
0.01894438,0.1019495,0.9535776,0.933158,0.95376575,-0.9955973,0.99652225,1.9921195358037949,-0.036114946,1.0729501,-1.6934074993842325,4492187.5,6.258705e-07,1.8212404e-07,0.9402091362094207,0.010030135144836673,/content/drive/MyDrive/N-MON/ALTRO/spectograms/LINEAR-WIDE-20/1254.npy,LINEAR-WIDE-20
0.02636401,0.27939487,0.9579152,0.93963575,0.95827794,-1.0017499,0.99041057,1.992160439491272,-0.066594206,1.066455,-1.7489523482991,2500000.0,5.28752e-07,1.815707e-07,0.9438380753360657,0.009025774898468621,/content/drive/MyDrive/N-MON/ALTRO/spectograms/LINEAR-WIDE-20/1255.npy,LINEAR-WIDE-20
0.01646109,0.15699193,0.953474,0.9340362,0.953616,-0.99526334,0.9968781,1.992141455411911,-0.030632108,1.071951,-1.684667005565003,-2421875.0,6.249234e-07,1.8086521e-07,0.9426805372512226,0.007960574039418595,/content/drive/MyDrive/N-MON/ALTRO/spectograms/LINEAR-WIDE-20/1256.npy,LINEAR-WIDE-20
-0.018772442,-0.08946968,0.9578877,0.9394142,0.95807153,-1.0034415,0.98871803,1.9921595007181168,0.022209521,1.0641416,-1.7519821466866665,-2871093.75,5.483565e-07,1.8290052e-07,0.9445951013217957,0.008377568738976552,/content/drive/MyDrive/N-MON/ALTRO/spectograms/LINEAR-WIDE-20/1257.npy,LINEAR-WIDE-20
-0.011650654,-0.105040565,0.9616856,0.9457242,0.96175617,-0.9957042,0.9964362,1.9921403676271439,0.02164761,1.0569447,-1.7923250840841523,-3222656.25,5.652621e-07,1.8387439e-07,0.9467958087161676,0.006342105243468953,/content/drive/MyDrive/N-MON/ALTRO/spectograms/LINEAR-WIDE-20/1258.npy,LINEAR-WIDE-20
0.031809397,0.3813148,0.9615754,0.9444708,0.96210134,-0.9975201,0.9946324,1.992152526974678,-0.07064491,1.0613294,-1.8184348170334756,-4316406.25,4.9436045e-07,1.8448387e-07,0.9496493263722459,0.005184684569974155,/content/drive/MyDrive/N-MON/ALTRO/spectograms/LINEAR-WIDE-20/1259.npy,LINEAR-WIDE-20
0.015669398,0.26669252,0.9610575,0.94406706,0.9611852,-1.0028718,0.98926836,1.9921401590108871,-0.04899571,1.0610521,-1.7980944341538623,3046875.0,5.320193e-07,1.835678e-07,0.9466419680810536,0.0050233135105437,/content/drive/MyDrive/N-MON/ALTRO/spectograms/LINEAR-WIDE-20/1260.npy,LINEAR-WIDE-20
0.01606546,0.151437,0.9579912,0.9399995,0.9581259,-1.0008667,0.9912611,1.9921277910470963,-0.03807515,1.064139,-1.7513514702172588,-3945312.5,6.2545695e-07,1.8281028e-07,0.9491351470616398,0.0028909109023478627,/content/drive/MyDrive/N-MON/ALTRO/spectograms/LINEAR-WIDE-20/1261.npy,LINEAR-WIDE-20
0.021741781,0.19347072,0.9546894,0.93393797,0.9549369,-1.0019073,0.9902561,1.9921634644269943,-0.05725374,1.0736127,-1.7250634898307837,3574218.75,5.4306537e-07,1.8311798e-07,0.9451815061832194,0.004689369577789267,/content/drive/MyDrive/N-MON/ALTRO/spectograms/LINEAR-WIDE-20/1262.npy,LINEAR-WIDE-20
-0.001535397,-0.007316852,0.9552207,0.9351687,0.95522195,-0.99948585,0.9926597,1.992145523428917,-0.004572272,1.0693097,-1.7152955037144804,2695312.5,6.155728e-07,1.8331662e-07,0.9464838746870827,0.0037908720585518004,/content/drive/MyDrive/N-MON/ALTRO/spectograms/LINEAR-WIDE-20/1263.npy,LINEAR-WIDE-20
0.012557346,0.16596541,0.9565401,0.93729067,0.95662254,-1.0020925,0.9898629,1.9919553697109222,-0.039333638,1.0683265,-1.7454935635783164,2988281.25,7.034465e-07,1.8232629e-07,0.945572002378979,0.0027131299952850383,/content/drive/MyDrive/N-MON/ALTRO/spectograms/LINEAR-WIDE-20/1264.npy,LINEAR-WIDE-20
-0.012329506,-0.117945865,0.9546866,0.9350202,0.9547662,-1.0008404,0.991292,1.9921323955059052,0.01705191,1.0705558,-1.7093311306458372,-4746093.75,5.5509423e-07,1.8207191e-07,0.9444575433151308,0.0028371367772765345,/content/drive/MyDrive/N-MON/ALTRO/spectograms/LINEAR-WIDE-20/1265.npy,LINEAR-WIDE-20
0.01226325,0.12360628,0.9565647,0.93816334,0.95664334,-1.0014035,0.9907152,1.9921186864376068,-0.034909625,1.0661268,-1.7278837805778562,2871093.75,5.617805e-07,1.8341899e-07,0.9416518033747632,0.0028719679863591424,/content/drive/MyDrive/N-MON/ALTRO/spectograms/LINEAR-WIDE-20/1266.npy,LINEAR-WIDE-20
-0.012871072,-0.1702765,0.95512706,0.9375986,0.9552138,-0.9947499,0.99740666,1.992156594991684,0.031317063,1.0656983,-1.667842656413366,-3945312.5,6.74577e-07,1.8292695e-07,0.9406106430593454,0.0035912734951483558,/content/drive/MyDrive/N-MON/ALTRO/spectograms/LINEAR-WIDE-20/1267.npy,LINEAR-WIDE-20
0.001204422,-0.028074427,0.9597662,0.94161874,0.959767,-0.99297965,0.9991151,1.9920947551727295,0.0039296523,1.061772,-1.7918099462382602,3671875.0,6.1996076e-07,1.8309764e-07,0.9404447115803714,0.0025548260949603014,/content/drive/MyDrive/N-MON/ALTRO/spectograms/LINEAR-WIDE-20/1268.npy,LINEAR-WIDE-20
-0.010840809,-0.10459429,0.95583296,0.93649924,0.9558945,-0.9990358,0.99312776,1.9921635538339615,0.019234557,1.0683316,-1.731370749778373,-3046875.0,5.8467555e-07,1.8250034e-07,0.9410892842615386,0.004075429096804903,/content/drive/MyDrive/N-MON/ALTRO/spectograms/LINEAR-WIDE-20/1269.npy,LINEAR-WIDE-20
0.00090458395,0.01030601,0.9601436,0.9422865,0.9601441,-0.99365604,0.99847555,1.992131620645523,0.0027484945,1.0614057,-1.796774531928116,4472656.25,6.59357e-07,1.832424e-07,0.9381842503053888,0.005347267526557583,/content/drive/MyDrive/N-MON/ALTRO/spectograms/LINEAR-WIDE-20/1270.npy,LINEAR-WIDE-20
-8.388519e-05,-0.002306108,0.9559647,0.9363387,0.9559646,-0.99046177,1.0016553,1.9921170622110367,0.011440874,1.0687369,-1.736695375308048,-2890625.0,5.365619e-07,1.823999e-07,0.9388261527023319,0.006333254060405326,/content/drive/MyDrive/N-MON/ALTRO/spectograms/LINEAR-WIDE-20/1271.npy,LINEAR-WIDE-20
0.0025736562,0.06471972,0.957813,0.9403412,0.9578165,-0.9977513,0.99441355,1.9921648800373077,-0.0098297205,1.0627052,-1.7319100845970559,4472656.25,7.0029574e-07,1.8279434e-07,0.9362074389182647,0.00819100000102567,/content/drive/MyDrive/N-MON/ALTRO/spectograms/LINEAR-WIDE-20/1272.npy,LINEAR-WIDE-20
0.0005155215,0.06617078,0.95573527,0.93570983,0.9557354,-1.0002072,0.9919549,1.9921621531248093,-0.010159114,1.0690818,-1.7318200497404368,-2246093.75,6.022882e-07,1.8174661e-07,0.9364814104774255,0.009382187130674633,/content/drive/MyDrive/N-MON/ALTRO/spectograms/LINEAR-WIDE-20/1273.npy,LINEAR-WIDE-20
0.011438537,0.06956327,0.9552993,0.93553895,0.9553678,-0.99694145,0.9951956,1.9921371042728424,-0.025840687,1.0695124,-1.7131395312859452,-4785156.25,6.070713e-07,1.8199214e-07,0.934827204235303,0.01065410895568574,/content/drive/MyDrive/N-MON/ALTRO/spectograms/LINEAR-WIDE-20/1274.npy,LINEAR-WIDE-20
-0.0018096962,0.039856132,0.9572363,0.93977255,0.9572381,-0.9991215,0.9930327,1.9921541661024094,-0.0038312753,1.0644103,-1.738232099794016,-4257812.5,5.4179037e-07,1.8276313e-07,0.934555681247957,0.008458230619063018,/content/drive/MyDrive/N-MON/ALTRO/spectograms/LINEAR-WIDE-20/1275.npy,LINEAR-WIDE-20
0.022138584,0.23597176,0.95600706,0.9384697,0.95626336,-0.9946148,0.99752843,1.9921432137489319,-0.045214705,1.0658891,-1.689019130784206,-4687500.0,6.5697367e-07,1.8257144e-07,0.939493695599776,0.010746996348801038,/content/drive/MyDrive/N-MON/ALTRO/spectograms/LINEAR-WIDE-20/1276.npy,LINEAR-WIDE-20
0.022108268,0.26831734,0.9553947,0.93705726,0.9556505,-1.001204,0.99094206,1.9921460449695587,-0.055216756,1.069885,-1.7097976278604892,2832031.25,5.659024e-07,1.8162036e-07,0.9406350024408178,0.00933403553195566,/content/drive/MyDrive/N-MON/ALTRO/spectograms/LINEAR-WIDE-20/1277.npy,LINEAR-WIDE-20
0.013325945,0.17300713,0.9542171,0.93616706,0.9543101,-0.99495834,0.99719626,1.9921545833349228,-0.022650626,1.068675,-1.7002594282196342,3457031.25,6.535497e-07,1.8209482e-07,0.9331836746072546,0.012778000715154945,/content/drive/MyDrive/N-MON/ALTRO/spectograms/LINEAR-WIDE-20/1278.npy,LINEAR-WIDE-20
0.0056161424,0.05339218,0.9572242,0.9388047,0.9572407,-0.99738693,0.99477726,1.9921642243862152,-0.016495522,1.064883,-1.7322331302553595,3535156.25,5.98598e-07,1.8304318e-07,0.9451194236741118,0.007137117476863237,/content/drive/MyDrive/N-MON/ALTRO/spectograms/LINEAR-WIDE-20/1279.npy,LINEAR-WIDE-20
-0.024579516,-0.17221871,0.96130604,0.94487214,0.9616202,-1.0003284,0.9916806,1.9920090585947037,0.03856675,1.0588053,-1.7927041692730292,-4902343.75,5.1795075e-07,1.8407076e-07,0.9451055592668021,0.006361995310971836,/content/drive/MyDrive/N-MON/ALTRO/spectograms/LINEAR-WIDE-20/1280.npy,LINEAR-WIDE-20
-0.0066817384,-0.109963685,0.96123916,0.94483465,0.9612624,-0.99670523,0.9954447,1.9921499639749527,0.013139066,1.057259,-1.7848919541949517,-2363281.25,5.3255e-07,1.8361547e-07,0.9469298773440487,0.005702943748219649,/content/drive/MyDrive/N-MON/ALTRO/spectograms/LINEAR-WIDE-20/1281.npy,LINEAR-WIDE-20
0.015662609,0.20401452,0.9591744,0.9433372,0.95930225,-0.9991867,0.9929454,1.9921320527791977,-0.037794746,1.0592283,-1.723455472431611,2539062.5,5.044604e-07,1.8320361e-07,0.9499679616012808,0.0040632058372700106,/content/drive/MyDrive/N-MON/ALTRO/spectograms/LINEAR-WIDE-20/1282.npy,LINEAR-WIDE-20
-0.004915354,-0.0032845042,0.9556792,0.9364752,0.9556919,-1.0032022,0.98890805,1.9921103119850159,-0.004374786,1.0680928,-1.7191402922024965,4960937.5,5.395155e-07,1.8312149e-07,0.9472214036000133,0.003941849738484896,/content/drive/MyDrive/N-MON/ALTRO/spectograms/LINEAR-WIDE-20/1283.npy,LINEAR-WIDE-20
-0.03329396,-0.27477592,0.95372444,0.93335783,0.9543054,-0.99728394,0.99484026,1.9921242445707321,0.06480463,1.0753373,-1.7068401453392668,2480468.75,4.97709e-07,1.8212415e-07,0.9463000847073072,0.0032265408713154954,/content/drive/MyDrive/N-MON/ALTRO/spectograms/LINEAR-WIDE-20/1284.npy,LINEAR-WIDE-20
-0.00078924367,-0.048952572,0.95629627,0.9380802,0.95629656,-0.9943288,0.9978341,1.9921628832817078,0.0073770965,1.0664812,-1.731875234142189,-2910156.25,5.723999e-07,1.8306714e-07,0.9452103175805868,0.0027480819391469207,/content/drive/MyDrive/N-MON/ALTRO/spectograms/LINEAR-WIDE-20/1285.npy,LINEAR-WIDE-20
0.018542504,0.098144986,0.9513001,0.9284105,0.9514808,-0.99951017,0.9925737,1.9920838475227356,-0.043099772,1.0794222,-1.6804687546552401,3222656.25,5.570112e-07,1.8233868e-07,0.9427693554441609,0.003062532417068481,/content/drive/MyDrive/N-MON/ALTRO/spectograms/LINEAR-WIDE-20/1286.npy,LINEAR-WIDE-20
0.0034577379,0.09077662,0.95568603,0.9369557,0.9556923,-0.99500275,0.9970973,1.9921000301837921,-0.008860628,1.0669502,-1.695826829747647,3515625.0,5.081734e-07,1.8295793e-07,0.9424528236023286,0.0028381562363646827,/content/drive/MyDrive/N-MON/ALTRO/spectograms/LINEAR-WIDE-20/1287.npy,LINEAR-WIDE-20
0.0010542221,-0.0062231347,0.9567441,0.93808836,0.9567447,-0.99847144,0.9936719,1.9921433627605438,-0.0041712257,1.0655752,-1.7304841036883094,4335937.5,5.1857893e-07,1.8302748e-07,0.9388584714266417,0.003518244016208845,/content/drive/MyDrive/N-MON/ALTRO/spectograms/LINEAR-WIDE-20/1288.npy,LINEAR-WIDE-20
-0.008692768,-0.038507342,0.9610799,0.9464303,0.9611192,-1.0032071,0.9888984,1.9921054989099503,0.0037509021,1.0544014,-1.7589684441736868,3515625.0,6.115161e-07,1.8330496e-07,0.9390080762375255,0.004475489033368454,/content/drive/MyDrive/N-MON/ALTRO/spectograms/LINEAR-WIDE-20/1289.npy,LINEAR-WIDE-20
-0.012287764,-0.063184634,0.95242375,0.9320442,0.952503,-0.9968008,0.99535173,1.9921525120735168,0.021151723,1.074379,-1.683253166902298,-3203125.0,5.950892e-07,1.827971e-07,0.9344864150412324,0.006312232130969072,/content/drive/MyDrive/N-MON/ALTRO/spectograms/LINEAR-WIDE-20/1290.npy,LINEAR-WIDE-20
0.0060177282,0.11743522,0.95770437,0.9410419,0.95772326,-0.999667,0.99247354,1.9921405166387558,-0.019533247,1.0625952,-1.7366572335086998,4472656.25,6.3705136e-07,1.8342158e-07,0.9350985418503135,0.009059391122684675,/content/drive/MyDrive/N-MON/ALTRO/spectograms/LINEAR-WIDE-20/1291.npy,LINEAR-WIDE-20
0.0027107259,0.057920076,0.95846426,0.93998826,0.958468,-0.99691606,0.9952358,1.9921518862247467,-0.0079825455,1.0636505,-1.7648759501959674,-2949218.75,5.5759807e-07,1.8241445e-07,0.9380343396989647,0.009405977075778891,/content/drive/MyDrive/N-MON/ALTRO/spectograms/LINEAR-WIDE-20/1292.npy,LINEAR-WIDE-20
0.004715827,0.093192905,0.95879936,0.9420259,0.958811,-1.0004791,0.9916587,1.9921378195285797,-0.021378309,1.0611459,-1.743862510346734,-4785156.25,5.72459e-07,1.834554e-07,0.9390895747671394,0.009988243303642884,/content/drive/MyDrive/N-MON/ALTRO/spectograms/LINEAR-WIDE-20/1293.npy,LINEAR-WIDE-20
-0.022091197,-0.15503103,0.95539516,0.93688476,0.95565057,-1.0025952,0.98954576,1.9921409338712692,0.03148129,1.0678401,-1.7043880613494091,2988281.25,5.2536416e-07,1.8142264e-07,0.9377230768177083,0.01075926102781619,/content/drive/MyDrive/N-MON/ALTRO/spectograms/LINEAR-WIDE-20/1294.npy,LINEAR-WIDE-20
-0.020531317,-0.23805475,0.9601801,0.9437806,0.96039957,-0.9958435,0.99630487,1.9921484142541885,0.042881448,1.0603281,-1.7783165026642342,-4785156.25,6.066197e-07,1.8237435e-07,0.9408045239387803,0.010968465796448322,/content/drive/MyDrive/N-MON/ALTRO/spectograms/LINEAR-WIDE-20/1295.npy,LINEAR-WIDE-20
0.0012415895,0.07061413,0.958053,0.9398284,0.9580538,-0.99976283,0.9923916,1.9921544343233109,-0.012206744,1.0633601,-1.7419262893433107,2675781.25,6.0631186e-07,1.8327034e-07,0.9429671315725598,0.008519086909528201,/content/drive/MyDrive/N-MON/ALTRO/spectograms/LINEAR-WIDE-20/1296.npy,LINEAR-WIDE-20
-0.027212577,-0.22654247,0.9616099,0.9447533,0.9619949,-0.99986225,0.99221694,1.992079183459282,0.04788714,1.0589533,-1.7948697177489976,-4042968.75,5.481719e-07,1.8326796e-07,0.9455014691279614,0.008378860960613226,/content/drive/MyDrive/N-MON/ALTRO/spectograms/LINEAR-WIDE-20/1297.npy,LINEAR-WIDE-20
0.020711044,0.30881613,0.95839006,0.94014,0.9586138,-1.003732,0.9884044,1.9921363294124603,-0.06282133,1.0675159,-1.7918574407564132,2929687.5,5.211662e-07,1.8292192e-07,0.9480402289868609,0.00605112319193916,/content/drive/MyDrive/N-MON/ALTRO/spectograms/LINEAR-WIDE-20/1298.npy,LINEAR-WIDE-20
0.023670183,0.29027826,0.9575609,0.9400858,0.95785344,-0.99860525,0.99348295,1.9920881539583206,-0.053826258,1.0664219,-1.7606380674506827,-3085937.5,5.510504e-07,1.8241846e-07,0.9481122002678383,0.005269324908202081,/content/drive/MyDrive/N-MON/ALTRO/spectograms/LINEAR-WIDE-20/1299.npy,LINEAR-WIDE-20
-0.017959217,-0.22723466,0.9597462,0.9433026,0.95991427,-0.9929318,0.9991991,1.9921308755874634,0.044539984,1.0594237,-1.742108641839269,3730468.75,5.5919674e-07,1.8348368e-07,0.9464009456230427,0.003766346110379654,/content/drive/MyDrive/N-MON/ALTRO/spectograms/LINEAR-WIDE-20/1300.npy,LINEAR-WIDE-20
-0.0063792793,0.06508973,0.9575464,0.9394626,0.9575677,-1.0012878,0.9908666,1.9921544641256332,-0.0012934818,1.0644939,-1.7379599802680874,-2988281.25,5.9438776e-07,1.8325818e-07,0.9455764160364916,0.003501835113306199,/content/drive/MyDrive/N-MON/ALTRO/spectograms/LINEAR-WIDE-20/1301.npy,LINEAR-WIDE-20
0.0065628006,0.017596345,0.9561368,0.93818647,0.95615935,-0.99419147,0.997954,1.9921454638242722,-0.008866042,1.066439,-1.7524675938381746,4472656.25,5.842308e-07,1.8194584e-07,0.9464144771085765,0.003057403230520948,/content/drive/MyDrive/N-MON/ALTRO/spectograms/LINEAR-WIDE-20/1302.npy,LINEAR-WIDE-20
0.0153220575,0.17864819,0.9567853,0.938675,0.9569079,-1.0009203,0.9911841,1.9921043515205383,-0.03943451,1.0658846,-1.717168797516042,-2343750.0,5.664486e-07,1.8387388e-07,0.9445371562124476,0.002800313385385545,/content/drive/MyDrive/N-MON/ALTRO/spectograms/LINEAR-WIDE-20/1303.npy,LINEAR-WIDE-20
0.009035629,0.058848105,0.95948935,0.9422324,0.95953196,-0.9919708,1.000102,1.9920728355646133,-0.012093053,1.0610037,-1.7688784703860991,4472656.25,7.120559e-07,1.8294205e-07,0.942325089554811,0.0031014994969140197,/content/drive/MyDrive/N-MON/ALTRO/spectograms/LINEAR-WIDE-20/1304.npy,LINEAR-WIDE-20
-0.007328827,-0.051340934,0.9589474,0.94196504,0.95897543,-1.0005596,0.9915911,1.9921507388353348,0.0045146374,1.0609987,-1.7359125432162321,-2246093.75,5.436414e-07,1.8408431e-07,0.9398965232114936,0.0027419758654231774,/content/drive/MyDrive/N-MON/ALTRO/spectograms/LINEAR-WIDE-20/1305.npy,LINEAR-WIDE-20
-0.008748119,0.00454505,0.9527629,0.9313535,0.952803,-1.0031987,0.9889373,1.9921360909938812,0.0015864864,1.074798,-1.7051337303637972,-4785156.25,5.728004e-07,1.8102405e-07,0.938580681610086,0.005042569362113011,/content/drive/MyDrive/N-MON/ALTRO/spectograms/LINEAR-WIDE-20/1306.npy,LINEAR-WIDE-20
-0.012774435,-0.0043007717,0.95715696,0.93912613,0.9572422,-1.0042598,0.98789376,1.9921535402536392,0.0073863696,1.0639951,-1.7217254225555492,-2890625.0,5.233911e-07,1.836784e-07,0.9352572526120753,0.006555705893308193,/content/drive/MyDrive/N-MON/ALTRO/spectograms/LINEAR-WIDE-20/1307.npy,LINEAR-WIDE-20
-0.004297604,-0.03970229,0.95482314,0.9348013,0.9548328,-1.0006003,0.99156165,1.992161974310875,0.0015591797,1.0693066,-1.697484158870114,-3984375.0,6.170885e-07,1.8206237e-07,0.9358329523166906,0.010089340863850334,/content/drive/MyDrive/N-MON/ALTRO/spectograms/LINEAR-WIDE-20/1308.npy,LINEAR-WIDE-20
0.0027154626,0.14618316,0.9600234,0.94312775,0.9600272,-1.0061167,0.98602736,1.9921440780162811,-0.028958084,1.059385,-1.7481827978660462,-2890625.0,5.4541573e-07,1.8301459e-07,0.9388161078681911,0.009747158150247442,/content/drive/MyDrive/N-MON/ALTRO/spectograms/LINEAR-WIDE-20/1309.npy,LINEAR-WIDE-20
0.019595848,0.1350025,0.9547451,0.93498945,0.95494616,-0.9937279,0.9984359,1.9921638518571854,-0.03407547,1.0706813,-1.7193055690326926,-3828125.0,6.683619e-07,1.8267333e-07,0.9400804943258465,0.009378995750457034,/content/drive/MyDrive/N-MON/ALTRO/spectograms/LINEAR-WIDE-20/1310.npy,LINEAR-WIDE-20
-0.0028374218,-0.08585417,0.96152985,0.9451619,0.961534,-0.99200386,1.0001633,1.9921672195196152,0.015135755,1.0575224,-1.7924844299655647,-4121093.75,5.525457e-07,1.830116e-07,0.9416364395151666,0.009557752172071167,/content/drive/MyDrive/N-MON/ALTRO/spectograms/LINEAR-WIDE-20/1311.npy,LINEAR-WIDE-20
0.01587901,0.12116039,0.95156693,0.93012863,0.95169944,-0.9960148,0.99613386,1.9921486377716064,-0.034242615,1.0773995,-1.692636326019293,-2929687.5,6.1287915e-07,1.8200382e-07,0.9425216268146437,0.010117490240695533,/content/drive/MyDrive/N-MON/ALTRO/spectograms/LINEAR-WIDE-20/1312.npy,LINEAR-WIDE-20
0.00087348366,0.047115043,0.95466626,0.9353478,0.9546666,-0.9958789,0.99626356,1.9921424388885498,-0.0052957744,1.0694261,-1.6972283659800074,-2421875.0,5.3688007e-07,1.8310149e-07,0.9457953099596581,0.0071972856438859015,/content/drive/MyDrive/N-MON/ALTRO/spectograms/LINEAR-WIDE-20/1313.npy,LINEAR-WIDE-20
0.006687865,0.045019627,0.9554284,0.93651867,0.9554518,-0.9979083,0.9941707,1.9920790046453476,-0.01647166,1.0668598,-1.7039090771375334,-2871093.75,5.1956357e-07,1.8376305e-07,0.9466491806511994,0.005877452204894181,/content/drive/MyDrive/N-MON/ALTRO/spectograms/LINEAR-WIDE-20/1314.npy,LINEAR-WIDE-20
-0.02305847,-0.19218367,0.9563803,0.9383168,0.95665824,-1.0008247,0.9912492,1.9920739382505417,0.03552763,1.0667416,-1.7270780129211503,4804687.5,7.9344005e-07,1.8270148e-07,0.9398977251415261,0.007257784434550608,/content/drive/MyDrive/N-MON/ALTRO/spectograms/LINEAR-WIDE-20/1315.npy,LINEAR-WIDE-20
-0.006243746,-0.03248361,0.95832735,0.94150513,0.95834774,-0.99727035,0.9948717,1.9921420514583588,0.0115903625,1.0612087,-1.7313257447943775,-2343750.0,5.125189e-07,1.8288785e-07,0.9480844904124491,0.0025644700513681737,/content/drive/MyDrive/N-MON/ALTRO/spectograms/LINEAR-WIDE-20/1316.npy,LINEAR-WIDE-20
0.010702805,0.1412943,0.95915645,0.9418781,0.9592162,-0.995378,0.99678,1.992157980799675,-0.02078836,1.0616452,-1.773538548967138,4003906.25,5.443752e-07,1.8343505e-07,0.9468101546181988,0.0030621193577891593,/content/drive/MyDrive/N-MON/ALTRO/spectograms/LINEAR-WIDE-20/1317.npy,LINEAR-WIDE-20
-0.01579418,-0.1324976,0.9537224,0.93403506,0.9538532,-0.9957536,0.9963856,1.9921392053365707,0.032297216,1.0715778,-1.6863299230669295,-2460937.5,5.112337e-07,1.829992e-07,0.9437366042298538,0.0029599045312131253,/content/drive/MyDrive/N-MON/ALTRO/spectograms/LINEAR-WIDE-20/1318.npy,LINEAR-WIDE-20
-0.0021083946,-0.09075911,0.9553211,0.93653375,0.9553234,-0.9931493,0.99900264,1.992151901125908,0.011938613,1.0681045,-1.7210239457516547,-2480468.75,5.2465185e-07,1.8237779e-07,0.9450703248908193,0.003697753286765651,/content/drive/MyDrive/N-MON/ALTRO/spectograms/LINEAR-WIDE-20/1319.npy,LINEAR-WIDE-20
0.006316427,0.077723555,0.9574688,0.9393677,0.95748967,-1.0042288,0.98790675,1.9921356439590454,-0.02483807,1.0650482,-1.7509350230780287,4179687.5,5.080862e-07,1.8323146e-07,0.939201802096833,0.002485116198822588,/content/drive/MyDrive/N-MON/ALTRO/spectograms/LINEAR-WIDE-20/1320.npy,LINEAR-WIDE-20
-0.00031481887,0.09651021,0.9559387,0.9378118,0.95593876,-1.0050738,0.9870527,1.9921264499425888,-0.01825501,1.0662932,-1.6938731382001022,3242187.5,5.705628e-07,1.8354004e-07,0.9387295138044502,0.0034643012130645082,/content/drive/MyDrive/N-MON/ALTRO/spectograms/LINEAR-WIDE-20/1321.npy,LINEAR-WIDE-20
-0.002238321,-0.03430006,0.9584486,0.94173837,0.95845115,-0.9952703,0.9968474,1.9921177178621292,0.007700094,1.0612644,-1.7384481945436605,2578125.0,4.9742397e-07,1.8356445e-07,0.9390067336868506,0.006528207298475459,/content/drive/MyDrive/N-MON/ALTRO/spectograms/LINEAR-WIDE-20/1322.npy,LINEAR-WIDE-20
-0.008064367,-0.1218676,0.9581827,0.93938345,0.95821667,-0.993042,0.99907684,1.992118775844574,0.028181067,1.0648597,-1.7649697557392863,-2421875.0,5.492687e-07,1.8355692e-07,0.93493213414621,0.008909478603587144,/content/drive/MyDrive/N-MON/ALTRO/spectograms/LINEAR-WIDE-20/1323.npy,LINEAR-WIDE-20
0.017267598,0.17594019,0.9512476,0.93030053,0.9514043,-0.9958638,0.99627066,1.992134466767311,-0.03580486,1.076394,-1.653918690524396,2578125.0,5.182386e-07,1.826839e-07,0.9365297820093971,0.010466103546822805,/content/drive/MyDrive/N-MON/ALTRO/spectograms/LINEAR-WIDE-20/1324.npy,LINEAR-WIDE-20
-0.0031024427,-0.021411378,0.95818985,0.9407168,0.95819485,-0.99777746,0.99438334,1.9921608120203018,0.0041653374,1.0621636,-1.7317650066339774,2910156.25,5.358853e-07,1.8317951e-07,0.9399645474624267,0.011100202949867025,/content/drive/MyDrive/N-MON/ALTRO/spectograms/LINEAR-WIDE-20/1325.npy,LINEAR-WIDE-20
0.0057701697,0.08418491,0.9555431,0.9361572,0.9555605,-0.9978596,0.9943043,1.9921639412641525,-0.018632647,1.0685257,-1.7235402929974655,3320312.5,5.325465e-07,1.832763e-07,0.9407990364818699,0.009560175181747234,/content/drive/MyDrive/N-MON/ALTRO/spectograms/LINEAR-WIDE-20/1326.npy,LINEAR-WIDE-20
0.009828879,0.15288478,0.95665014,0.93881196,0.95670056,-0.9994016,0.9926915,1.9920931607484818,-0.027712015,1.065361,-1.7279040146011237,-2285156.25,5.577142e-07,1.8303297e-07,0.9432546647120867,0.008148116448773812,/content/drive/MyDrive/N-MON/ALTRO/spectograms/LINEAR-WIDE-20/1327.npy,LINEAR-WIDE-20
0.014214021,0.21811843,0.9586102,0.9405149,0.95871556,-1.0045646,0.98758656,1.992151215672493,-0.04827578,1.0647222,-1.7693164355864364,2460937.5,5.0204466e-07,1.832532e-07,0.9468116616346383,0.007086440622052025,/content/drive/MyDrive/N-MON/ALTRO/spectograms/LINEAR-WIDE-20/1328.npy,LINEAR-WIDE-20
0.0075526256,0.16133347,0.9571198,0.9389121,0.9571496,-1.0024576,0.98958546,1.9920431226491928,-0.031021696,1.0656635,-1.7322871993595774,-4316406.25,5.457778e-07,1.8327515e-07,0.9484274970809946,0.005243518497941839,/content/drive/MyDrive/N-MON/ALTRO/spectograms/LINEAR-WIDE-20/1329.npy,LINEAR-WIDE-20
-0.015645135,-0.19239148,0.95788836,0.94032586,0.95801616,-0.99316126,0.9989818,1.99214306473732,0.03891715,1.0642943,-1.7375261673109341,-3867187.5,5.552343e-07,1.8333097e-07,0.9478413713898112,0.004227054374105595,/content/drive/MyDrive/N-MON/ALTRO/spectograms/LINEAR-WIDE-20/1330.npy,LINEAR-WIDE-20
0.0022621762,0.046941187,0.9600162,0.94254905,0.9600189,-0.9920709,1.0000783,1.9921492040157318,-0.00081481726,1.0607023,-1.7897411266197747,4882812.5,5.174647e-07,1.8295346e-07,0.9479479960927896,0.0032267482287795116,/content/drive/MyDrive/N-MON/ALTRO/spectograms/LINEAR-WIDE-20/1331.npy,LINEAR-WIDE-20
0.034485206,0.34410125,0.96154475,0.9457958,0.96216303,-0.9916416,1.0005122,1.9921538680791855,-0.059333134,1.0591747,-1.803414788786066,-3867187.5,6.459763e-07,1.8382917e-07,0.9435584873361473,0.004564118898098726,/content/drive/MyDrive/N-MON/ALTRO/spectograms/LINEAR-WIDE-20/1332.npy,LINEAR-WIDE-20
-0.002728314,-0.028735338,0.9592142,0.94199157,0.9592181,-0.99341965,0.99873835,1.9921580255031586,0.008197299,1.0615124,-1.7741475289535533,3496093.75,6.0166684e-07,1.8323502e-07,0.9450346804276597,0.003410548482327794,/content/drive/MyDrive/N-MON/ALTRO/spectograms/LINEAR-WIDE-20/1333.npy,LINEAR-WIDE-20
-0.004244328,-0.0013902341,0.95826435,0.9411328,0.95827377,-1.0013311,0.9908273,1.9921583235263824,-0.0031349345,1.061508,-1.7407321599459513,-2968750.0,5.7917583e-07,1.838965e-07,0.9413944664295293,0.003293655959913842,/content/drive/MyDrive/N-MON/ALTRO/spectograms/LINEAR-WIDE-20/1334.npy,LINEAR-WIDE-20
0.006565975,0.09735586,0.9530151,0.9328554,0.95303774,-1.0041659,0.9879811,1.9921470135450363,-0.028979013,1.0732858,-1.687542974333222,4394531.25,7.843144e-07,1.8152889e-07,0.9328224892617204,0.00963117564230823,/content/drive/MyDrive/N-MON/ALTRO/spectograms/LINEAR-WIDE-20/1335.npy,LINEAR-WIDE-20
-0.0014349413,-0.025230875,0.95233434,0.93231726,0.9523354,-0.9977732,0.9943893,1.9921624809503555,3.315073e-05,1.0733256,-1.6968279582710688,4687500.0,5.289635e-07,1.8322316e-07,0.9377818336029828,0.004517640413210044,/content/drive/MyDrive/N-MON/ALTRO/spectograms/LINEAR-WIDE-20/1336.npy,LINEAR-WIDE-20
0.010436077,0.08165455,0.95420456,0.93431324,0.9542616,-0.9965647,0.99558336,1.992148071527481,-0.022115773,1.0703512,-1.6930207922310212,4492187.5,6.199135e-07,1.8307966e-07,0.9356543026738139,0.008451727912940861,/content/drive/MyDrive/N-MON/ALTRO/spectograms/LINEAR-WIDE-20/1337.npy,LINEAR-WIDE-20
0.019768534,0.16719715,0.95996463,0.9428551,0.9601681,-0.996732,0.9953891,1.9921211451292038,-0.043504868,1.0618435,-1.7752906153479115,-2382812.5,5.48479e-07,1.8394923e-07,0.9368984087182394,0.011057529370533219,/content/drive/MyDrive/N-MON/ALTRO/spectograms/LINEAR-WIDE-20/1338.npy,LINEAR-WIDE-20
0.0006892076,-0.005648809,0.9592831,0.94270813,0.95928335,-0.9939139,0.99818695,1.992100790143013,0.0024992684,1.0600997,-1.7647860839919114,-4707031.25,5.727651e-07,1.8372918e-07,0.9385721124526123,0.011148175148532665,/content/drive/MyDrive/N-MON/ALTRO/spectograms/LINEAR-WIDE-20/1339.npy,LINEAR-WIDE-20
-0.028885933,-0.24882841,0.95869696,0.9411841,0.959132,-0.99871695,0.99343485,1.992151826620102,0.053172987,1.0639672,-1.743696311996785,2910156.25,5.8664637e-07,1.8177018e-07,0.9430628104211637,0.00883494014133899,/content/drive/MyDrive/N-MON/ALTRO/spectograms/LINEAR-WIDE-20/1340.npy,LINEAR-WIDE-20
0.0014781151,0.07715745,0.9553234,0.9359674,0.9553246,-1.0048107,0.98734134,1.9921520501375198,-0.021210924,1.0687767,-1.7160770725225627,-3964843.75,5.513279e-07,1.8304559e-07,0.9440020364415576,0.009139369674278962,/content/drive/MyDrive/N-MON/ALTRO/spectograms/LINEAR-WIDE-20/1341.npy,LINEAR-WIDE-20
-0.020969404,-0.17986955,0.9564017,0.9374639,0.95663154,-0.9962868,0.99582154,1.9921083599328995,0.040743485,1.0677923,-1.7206580267187193,2910156.25,7.14138e-07,1.8168993e-07,0.9456001208555316,0.007980851301206873,/content/drive/MyDrive/N-MON/ALTRO/spectograms/LINEAR-WIDE-20/1342.npy,LINEAR-WIDE-20
0.02306841,0.24634343,0.95727056,0.9378744,0.9575485,-1.0039033,0.98822844,1.9921317398548126,-0.06385787,1.069438,-1.7641067773651022,-3222656.25,6.1022024e-07,1.824645e-07,0.9484796817631317,0.005203855059688477,/content/drive/MyDrive/N-MON/ALTRO/spectograms/LINEAR-WIDE-20/1343.npy,LINEAR-WIDE-20
-0.013199648,-0.13504598,0.959079,0.9422134,0.9591698,-0.9944975,0.9976475,1.9921450316905975,0.029672407,1.0608118,-1.7479870256054684,3554687.5,5.851437e-07,1.8244549e-07,0.9486659829414319,0.002909812244882794,/content/drive/MyDrive/N-MON/ALTRO/spectograms/LINEAR-WIDE-20/1344.npy,LINEAR-WIDE-20
-0.009322446,-0.05594187,0.9565233,0.9387237,0.9565687,-1.0011008,0.9910567,1.9921574890613556,0.0092455475,1.0654135,-1.7417864384190394,-4121093.75,5.28079e-07,1.8269799e-07,0.9456311460137865,0.0034991703052797605,/content/drive/MyDrive/N-MON/ALTRO/spectograms/LINEAR-WIDE-20/1345.npy,LINEAR-WIDE-20
-0.008935478,-0.11415628,0.9582993,0.9419275,0.95834094,-0.9968106,0.9953168,1.9921274185180664,0.017833378,1.0606148,-1.7369175662310072,3750000.0,5.653389e-07,1.827263e-07,0.9466169225536556,0.003052205925644512,/content/drive/MyDrive/N-MON/ALTRO/spectograms/LINEAR-WIDE-20/1346.npy,LINEAR-WIDE-20
0.0012608247,0.036346234,0.95762223,0.93851256,0.9576231,-0.99865794,0.99341744,1.9920753687620163,-0.00855613,1.0646802,-1.7307463369131304,-2968750.0,6.8400067e-07,1.8307529e-07,0.9428856751622896,0.0026904831498445374,/content/drive/MyDrive/N-MON/ALTRO/spectograms/LINEAR-WIDE-20/1347.npy,LINEAR-WIDE-20
2.9191972e-06,0.027596831,0.95868605,0.9405541,0.95868605,-1.0037575,0.9883832,1.992140680551529,-0.0147351865,1.0638361,-1.7664004651498344,-4804687.5,5.759603e-07,1.8311657e-07,0.9393483718268882,0.0027494197698712725,/content/drive/MyDrive/N-MON/ALTRO/spectograms/LINEAR-WIDE-20/1348.npy,LINEAR-WIDE-20
0.0067913677,0.13945861,0.96111506,0.94578946,0.961139,-1.0011556,0.9909819,1.9921375215053558,-0.025763253,1.0564194,-1.7803840116568834,-2324218.75,6.3961255e-07,1.8412342e-07,0.9366039387451681,0.005695046440851521,/content/drive/MyDrive/N-MON/ALTRO/spectograms/LINEAR-WIDE-20/1349.npy,LINEAR-WIDE-20
0.005609295,0.100868456,0.96270186,0.94705856,0.9627182,-1.0007,0.9914479,1.9921478927135468,-0.022090206,1.0549309,-1.8060085765505332,-4707031.25,6.549841e-07,1.8353546e-07,0.9365838183169106,0.008309139485617786,/content/drive/MyDrive/N-MON/ALTRO/spectograms/LINEAR-WIDE-20/1350.npy,LINEAR-WIDE-20
-0.009187637,-0.031468503,0.95588744,0.9366481,0.9559316,-1.0001795,0.99197483,1.9921544194221497,0.009331619,1.0677241,-1.7318603495171951,2910156.25,5.28641e-07,1.8143291e-07,0.9353027395600043,0.010680476407239792,/content/drive/MyDrive/N-MON/ALTRO/spectograms/LINEAR-WIDE-20/1351.npy,LINEAR-WIDE-20
-0.001587368,-0.07251993,0.96294546,0.9470227,0.9629468,-0.9944134,0.99771875,1.9921321421861649,0.008904617,1.0555872,-1.8414728575903603,-4707031.25,6.6193206e-07,1.851822e-07,0.9370105703097497,0.006894927306431912,/content/drive/MyDrive/N-MON/ALTRO/spectograms/LINEAR-WIDE-20/1352.npy,LINEAR-WIDE-20
0.01840013,0.21821076,0.95480806,0.9352036,0.9549854,-0.9967233,0.99541175,1.9921350479125977,-0.042405065,1.0710961,-1.736598561054244,2910156.25,5.8669946e-07,1.8191409e-07,0.9415739575839197,0.00974948197254322,/content/drive/MyDrive/N-MON/ALTRO/spectograms/LINEAR-WIDE-20/1353.npy,LINEAR-WIDE-20
-0.015036629,-0.24637698,0.9587835,0.94213355,0.9589014,-0.9924383,0.9997196,1.9921578913927078,0.037509404,1.0622289,-1.7644386748685188,-3964843.75,5.72975e-07,1.827772e-07,0.944547681827166,0.008977406016628465,/content/drive/MyDrive/N-MON/ALTRO/spectograms/LINEAR-WIDE-20/1354.npy,LINEAR-WIDE-20
0.038686793,0.42726594,0.9577161,0.9395008,0.95849717,-1.0024257,0.98972213,1.992147833108902,-0.08997651,1.0701435,-1.7575023519930622,3652343.75,5.6276696e-07,1.8370805e-07,0.9482492066540323,0.007010314360099408,/content/drive/MyDrive/N-MON/ALTRO/spectograms/LINEAR-WIDE-20/1355.npy,LINEAR-WIDE-20
-0.024063073,-0.19157316,0.9591071,0.9416607,0.95940894,-0.9961085,0.99598914,1.9920976161956787,0.049050603,1.0630852,-1.7671485515676866,-3007812.5,5.8734173e-07,1.8369978e-07,0.9483982911352827,0.005500243512857218,/content/drive/MyDrive/N-MON/ALTRO/spectograms/LINEAR-WIDE-20/1356.npy,LINEAR-WIDE-20
0.023048533,0.32498133,0.9627029,0.9472977,0.9629787,-1.003304,0.9888441,1.9921480566263199,-0.061583884,1.0577022,-1.8186152204621628,3652343.75,5.7294164e-07,1.8447912e-07,0.9454096800155285,0.006161675417555411,/content/drive/MyDrive/N-MON/ALTRO/spectograms/LINEAR-WIDE-20/1357.npy,LINEAR-WIDE-20
-0.0323218,-0.26521713,0.95826787,0.9404772,0.95881283,-0.9995866,0.99255186,1.9921384304761887,0.05771135,1.0656852,-1.774189979582138,3476562.5,5.3236266e-07,1.8243364e-07,0.9465957709870971,0.002637153899073633,/content/drive/MyDrive/N-MON/ALTRO/spectograms/LINEAR-WIDE-20/1358.npy,LINEAR-WIDE-20
-0.007485899,-0.08103074,0.9573317,0.94026834,0.95736104,-0.9953332,0.99681073,1.992143914103508,0.016824048,1.0623964,-1.7064336434158733,4394531.25,5.488565e-07,1.8352526e-07,0.946996202067095,0.003212753477978501,/content/drive/MyDrive/N-MON/ALTRO/spectograms/LINEAR-WIDE-20/1359.npy,LINEAR-WIDE-20
0.001116539,0.07510611,0.95953995,0.9427686,0.9595406,-0.99916977,0.9929906,1.9921603798866272,-0.010684625,1.0603782,-1.762744464299794,-2968750.0,5.851227e-07,1.8200629e-07,0.9427515102924642,0.0027941430171584476,/content/drive/MyDrive/N-MON/ALTRO/spectograms/LINEAR-WIDE-20/1360.npy,LINEAR-WIDE-20
0.0017301101,0.04000482,0.9569407,0.93831545,0.95694226,-0.9952339,0.99689674,1.9921306818723679,-0.0024490596,1.065279,-1.7254535919565728,-4804687.5,5.281501e-07,1.823754e-07,0.9401673861621681,0.0030986062869991977,/content/drive/MyDrive/N-MON/ALTRO/spectograms/LINEAR-WIDE-20/1361.npy,LINEAR-WIDE-20
-0.0139768785,-0.11378656,0.9554156,0.9375035,0.9555178,-1.000391,0.9917566,1.9921476542949677,0.021568663,1.0660784,-1.6906972337023636,2617187.5,5.44562e-07,1.8286023e-07,0.9362117756044921,0.006940126021360885,/content/drive/MyDrive/N-MON/ALTRO/spectograms/LINEAR-WIDE-20/1362.npy,LINEAR-WIDE-20
-0.0146209095,-0.11400528,0.9560597,0.93696475,0.95617145,-0.9968041,0.9953218,1.9921259582042694,0.02684604,1.0673021,-1.7191429324781382,-4707031.25,5.635969e-07,1.8254698e-07,0.9362859085457482,0.007772361115772657,/content/drive/MyDrive/N-MON/ALTRO/spectograms/LINEAR-WIDE-20/1363.npy,LINEAR-WIDE-20
-0.00550636,-0.009421898,0.9567977,0.9395195,0.9568136,-0.9976559,0.9944837,1.9921396374702454,0.0059211813,1.0642883,-1.731806707279967,2812500.0,6.4252305e-07,1.8215276e-07,0.9343717638628084,0.010558018899084405,/content/drive/MyDrive/N-MON/ALTRO/spectograms/LINEAR-WIDE-20/1364.npy,LINEAR-WIDE-20
-0.011560085,-0.10688915,0.96029687,0.943875,0.9603665,-1.0014063,0.9907214,1.9921277314424515,0.014906114,1.0584084,-1.7535832372179316,-3203125.0,6.2011935e-07,1.8287022e-07,0.9399078573054505,0.01157701148726501,/content/drive/MyDrive/N-MON/ALTRO/spectograms/LINEAR-WIDE-20/1365.npy,LINEAR-WIDE-20
-0.0065102065,-0.08274944,0.9561929,0.9375237,0.956215,-0.99682355,0.99533445,1.992157980799675,0.012986806,1.0665739,-1.7188373864121103,3613281.25,5.5439006e-07,1.825738e-07,0.9417230413288805,0.009417214389013245,/content/drive/MyDrive/N-MON/ALTRO/spectograms/LINEAR-WIDE-20/1366.npy,LINEAR-WIDE-20
-0.016298542,-0.06258344,0.9565716,0.9378811,0.9567104,-1.0000638,0.99210334,1.9921671599149704,0.02329353,1.067393,-1.7404219160527783,-4394531.25,5.5374693e-07,1.8296353e-07,0.9462209414772784,0.007909073561046214,/content/drive/MyDrive/N-MON/ALTRO/spectograms/LINEAR-WIDE-20/1367.npy,LINEAR-WIDE-20
-0.04455688,-0.4070652,0.95740217,0.93858165,0.9584384,-0.99695,0.99519193,1.9921418726444244,0.08975634,1.0715479,-1.7613729110855962,3652343.75,5.805633e-07,1.8362995e-07,0.9495156844261902,0.005777747413843628,/content/drive/MyDrive/N-MON/ALTRO/spectograms/LINEAR-WIDE-20/1368.npy,LINEAR-WIDE-20
0.013928027,0.11311199,0.9540066,0.9326152,0.9541083,-1.0000951,0.9920384,1.9921336024999619,-0.036307286,1.0739866,-1.7323250120339184,-2910156.25,6.188703e-07,1.8300307e-07,0.9479126505148809,0.003799622159850235,/content/drive/MyDrive/N-MON/ALTRO/spectograms/LINEAR-WIDE-20/1369.npy,LINEAR-WIDE-20
0.021646252,0.21266206,0.9593837,0.941445,0.95962787,-1.0020869,0.99007,1.9921569228172302,-0.056336746,1.0635086,-1.7695497647927383,4453125.0,5.426203e-07,1.831162e-07,0.9470587427410235,0.003127209647650477,/content/drive/MyDrive/N-MON/ALTRO/spectograms/LINEAR-WIDE-20/1370.npy,LINEAR-WIDE-20
-0.018496478,-0.100327045,0.95400256,0.9344791,0.9541818,-0.9986359,0.9934624,1.9920982420444489,0.032231458,1.0707238,-1.6956837455049547,-2968750.0,7.044299e-07,1.8290083e-07,0.94402785413337,0.0036915623138882745,/content/drive/MyDrive/N-MON/ALTRO/spectograms/LINEAR-WIDE-20/1371.npy,LINEAR-WIDE-20
0.022109712,0.21151435,0.95441616,0.9359392,0.9546723,-0.9954502,0.99666965,1.9921198785305023,-0.04439948,1.0697075,-1.6835661338090386,2578125.0,5.9675847e-07,1.8276572e-07,0.9406310852985853,0.0035892185668792496,/content/drive/MyDrive/N-MON/ALTRO/spectograms/LINEAR-WIDE-20/1372.npy,LINEAR-WIDE-20
-0.0036050654,0.027218128,0.9606514,0.9439463,0.9606582,-1.0000085,0.99211353,1.992122009396553,-0.00095133757,1.0592731,-1.7944714898534848,4472656.25,6.5791585e-07,1.8267076e-07,0.9386771669229537,0.0038463928096801273,/content/drive/MyDrive/N-MON/ALTRO/spectograms/LINEAR-WIDE-20/1373.npy,LINEAR-WIDE-20
-0.020048378,-0.17511094,0.9591653,0.9425947,0.9593748,-0.99927443,0.9928038,1.9920782148838043,0.03318694,1.0610756,-1.7527427900482915,4492187.5,4.9643097e-07,1.8472373e-07,0.9394955245564169,0.006040457914442459,/content/drive/MyDrive/N-MON/ALTRO/spectograms/LINEAR-WIDE-20/1374.npy,LINEAR-WIDE-20
-0.0032947082,0.049052685,0.95602906,0.9379679,0.9560347,-0.9977616,0.99437773,1.9921393543481827,0.0023688404,1.0660892,-1.7097957690519847,2812500.0,6.539426e-07,1.8206306e-07,0.9388887861293995,0.008879794733373395,/content/drive/MyDrive/N-MON/ALTRO/spectograms/LINEAR-WIDE-20/1375.npy,LINEAR-WIDE-20
-0.0026890354,0.03718978,0.95882607,0.94249684,0.9588298,-0.9980873,0.9940222,1.9921094924211502,0.0016332908,1.0598099,-1.7448584748017828,-4707031.25,5.667514e-07,1.8368505e-07,0.9400245213259331,0.010459503887183095,/content/drive/MyDrive/N-MON/ALTRO/spectograms/LINEAR-WIDE-20/1376.npy,LINEAR-WIDE-20
-0.014955037,-0.15340663,0.9583432,0.9415254,0.9584599,-0.9972505,0.9948833,1.9921338111162186,0.027066939,1.062389,-1.7437871143705854,3554687.5,5.430448e-07,1.8327711e-07,0.9438374845646049,0.009237516169415929,/content/drive/MyDrive/N-MON/ALTRO/spectograms/LINEAR-WIDE-20/1377.npy,LINEAR-WIDE-20
0.011725198,0.10679415,0.95259905,0.9321439,0.9526712,-0.99854165,0.99360085,1.9921424835920334,-0.028093461,1.0738791,-1.6780168572212981,-3007812.5,6.693845e-07,1.819348e-07,0.9378450517444419,0.00789514107818862,/content/drive/MyDrive/N-MON/ALTRO/spectograms/LINEAR-WIDE-20/1378.npy,LINEAR-WIDE-20
-0.018803673,-0.13897622,0.96206164,0.94627005,0.96224535,-0.99851096,0.9936268,1.9921377003192902,0.029809933,1.0568295,-1.81227320760806,3496093.75,5.500593e-07,1.8331173e-07,0.9469912239833518,0.005308991538515923,/content/drive/MyDrive/N-MON/ALTRO/spectograms/LINEAR-WIDE-20/1379.npy,LINEAR-WIDE-20
0.0050887093,0.08600065,0.9554571,0.93631595,0.9554707,-0.9999673,0.9921896,1.9921568930149078,-0.01925734,1.0683054,-1.7252453982626303,-2910156.25,5.546405e-07,1.8232765e-07,0.9464112982080565,0.003276568346686102,/content/drive/MyDrive/N-MON/ALTRO/spectograms/LINEAR-WIDE-20/1380.npy,LINEAR-WIDE-20
0.005818764,0.11843359,0.95941615,0.9427198,0.9594338,-0.99875236,0.9933994,1.9921517819166183,-0.01639004,1.0611672,-1.7746040912555394,4394531.25,5.607726e-07,1.8319966e-07,0.9471927675777536,0.00332245135783474,/content/drive/MyDrive/N-MON/ALTRO/spectograms/LINEAR-WIDE-20/1381.npy,LINEAR-WIDE-20
0.0053354017,0.07946499,0.96082544,0.94380265,0.9608403,-0.9986547,0.993482,1.9921367168426514,-0.01629398,1.0588436,-1.7811859204651272,-2968750.0,5.576714e-07,1.8316234e-07,0.9435556247072509,0.0029219500424988126,/content/drive/MyDrive/N-MON/ALTRO/spectograms/LINEAR-WIDE-20/1382.npy,LINEAR-WIDE-20
-0.017072693,-0.14128993,0.9561988,0.93828076,0.95635116,-1.0007397,0.99140376,1.9921434372663498,0.027177118,1.064975,-1.6911320372071892,-4648437.5,5.576086e-07,1.8347416e-07,0.9401612651123656,0.0030000057907244287,/content/drive/MyDrive/N-MON/ALTRO/spectograms/LINEAR-WIDE-20/1383.npy,LINEAR-WIDE-20
0.0050206403,0.06458621,0.95495915,0.9360316,0.9549723,-0.9978544,0.9942993,1.9921537041664124,-0.015391323,1.0685191,-1.7108061858004817,-2539062.5,5.9685345e-07,1.8111143e-07,0.9349576462940146,0.005878399572953094,/content/drive/MyDrive/N-MON/ALTRO/spectograms/LINEAR-WIDE-20/1384.npy,LINEAR-WIDE-20
-0.0008055248,0.06412935,0.95211446,0.93074894,0.95211476,-0.99815255,0.993983,1.9921355545520782,-0.004170492,1.0752819,-1.6785672855000204,-4648437.5,5.7073424e-07,1.8296863e-07,0.9371052875790622,0.007749289568807816,/content/drive/MyDrive/N-MON/ALTRO/spectograms/LINEAR-WIDE-20/1385.npy,LINEAR-WIDE-20
-0.0019092865,-0.0054228273,0.95838064,0.94130003,0.95838255,-0.99758434,0.99456155,1.9921458810567856,0.001199136,1.061086,-1.7277061827230276,3457031.25,5.2660846e-07,1.8236605e-07,0.9364536264755814,0.010055634493824472,/content/drive/MyDrive/N-MON/ALTRO/spectograms/LINEAR-WIDE-20/1386.npy,LINEAR-WIDE-20
-0.001454711,0.08995552,0.95584583,0.93746084,0.9558469,-0.9998328,0.9922782,1.9921110719442368,-0.010688272,1.0658047,-1.6937336557826763,-3906250.0,6.150738e-07,1.8349402e-07,0.9398182692243771,0.006515236625909655,/content/drive/MyDrive/N-MON/ALTRO/spectograms/LINEAR-WIDE-20/1387.npy,LINEAR-WIDE-20
0.0021602674,0.010370653,0.9548033,0.9361681,0.95480573,-0.9974586,0.99469197,1.9921505898237228,-0.005092113,1.0683147,-1.710867911961975,-3027343.75,5.171756e-07,1.8283538e-07,0.9427159275879882,0.009111650413117794,/content/drive/MyDrive/N-MON/ALTRO/spectograms/LINEAR-WIDE-20/1388.npy,LINEAR-WIDE-20
0.003284614,0.0063811922,0.95691854,0.9380136,0.9569242,-1.0013012,0.9908546,1.9921557754278183,-0.015302898,1.0667435,-1.7608361221066027,-3007812.5,6.090963e-07,1.8272206e-07,0.9457280861235123,0.00752816363233694,/content/drive/MyDrive/N-MON/ALTRO/spectograms/LINEAR-WIDE-20/1389.npy,LINEAR-WIDE-20
-0.040170845,-0.36555305,0.9588163,0.9416615,0.95965743,-0.99832714,0.99378717,1.9921143352985382,0.07336585,1.0655404,-1.7655851968999798,4511718.75,5.0682974e-07,1.8294409e-07,0.9485845162807516,0.004395154634666905,/content/drive/MyDrive/N-MON/ALTRO/spectograms/LINEAR-WIDE-20/1390.npy,LINEAR-WIDE-20
-0.012509197,-0.13091063,0.95677584,0.9384551,0.9568576,-0.9979849,0.9940746,1.9920594990253448,0.021502046,1.0657277,-1.7198652607803482,-4667968.75,7.0282834e-07,1.8247411e-07,0.9397702027131165,0.006069593853243124,/content/drive/MyDrive/N-MON/ALTRO/spectograms/LINEAR-WIDE-20/1391.npy,LINEAR-WIDE-20
0.024441672,0.23348925,0.960752,0.94351965,0.96106285,-1.0008363,0.99130356,1.992139846086502,-0.057792023,1.0618235,-1.7919828164396787,3066406.25,5.428275e-07,1.8295938e-07,0.9447079787645807,0.0030743094686850013,/content/drive/MyDrive/N-MON/ALTRO/spectograms/LINEAR-WIDE-20/1392.npy,LINEAR-WIDE-20
0.018577,0.14935847,0.9572577,0.93844426,0.95743793,-0.99913657,0.99300754,1.9921440780162811,-0.04123827,1.067611,-1.764325990404939,3671875.0,6.20527e-07,1.8272604e-07,0.9426845439217724,0.0033030654008888234,/content/drive/MyDrive/N-MON/ALTRO/spectograms/LINEAR-WIDE-20/1393.npy,LINEAR-WIDE-20
-0.030662762,-0.2751434,0.9558651,0.93780845,0.95635676,-0.99776524,0.9943592,1.9921244382858276,0.05859762,1.0684747,-1.7042808173382016,2578125.0,4.5855583e-07,1.8262183e-07,0.9386800360507991,0.0029357539066756674,/content/drive/MyDrive/N-MON/ALTRO/spectograms/LINEAR-WIDE-20/1394.npy,LINEAR-WIDE-20
-0.00045456982,0.027411547,0.9564067,0.93828577,0.95640683,-0.9999095,0.99222213,1.9921316653490067,-0.008311818,1.06588,-1.7270837983315908,-4941406.25,6.0530095e-07,1.8301809e-07,0.9376625105262363,0.006466758278339416,/content/drive/MyDrive/N-MON/ALTRO/spectograms/LINEAR-WIDE-20/1395.npy,LINEAR-WIDE-20
-0.0037641658,0.023768244,0.9584289,0.9418125,0.95843625,-0.9996341,0.992528,1.992162138223648,0.00071244093,1.0605615,-1.7311997522751315,-3417968.75,5.417634e-07,1.8358715e-07,0.9373506917045114,0.009659306709278689,/content/drive/MyDrive/N-MON/ALTRO/spectograms/LINEAR-WIDE-20/1396.npy,LINEAR-WIDE-20
-0.0023040685,-0.0032202716,0.9583754,0.9403889,0.95837814,-0.9992156,0.9929498,1.9921654164791107,0.0006236437,1.0629115,-1.7573242538367702,4414062.5,5.491564e-07,1.8187814e-07,0.9410551158593013,0.00941304722837341,/content/drive/MyDrive/N-MON/ALTRO/spectograms/LINEAR-WIDE-20/1397.npy,LINEAR-WIDE-20
0.023348529,0.21869028,0.95428944,0.9342257,0.95457506,-1.0000648,0.99204063,1.9921055138111115,-0.05466629,1.0732454,-1.7059970724398854,3906250.0,5.6412176e-07,1.8215206e-07,0.9435804531853131,0.008832999169892362,/content/drive/MyDrive/N-MON/ALTRO/spectograms/LINEAR-WIDE-20/1398.npy,LINEAR-WIDE-20
-0.025061695,-0.1897738,0.95502186,0.93505126,0.9553506,-0.99847215,0.9936486,1.9921207427978516,0.046815794,1.071826,-1.7245312448189012,-4746093.75,5.71779e-07,1.8266681e-07,0.9464043957667718,0.008357112973080292,/content/drive/MyDrive/N-MON/ALTRO/spectograms/LINEAR-WIDE-20/1399.npy,LINEAR-WIDE-20
-0.0014230051,-0.015969504,0.95564544,0.93687713,0.9556465,-0.9963735,0.99570596,1.9920794367790222,0.004758428,1.067345,-1.7069911647248965,2675781.25,6.803654e-07,1.8361902e-07,0.9477650804984494,0.0043352712477039744,/content/drive/MyDrive/N-MON/ALTRO/spectograms/LINEAR-WIDE-20/1400.npy,LINEAR-WIDE-20
-0.0018248706,-0.034548588,0.956102,0.9377854,0.95610374,-0.9955962,0.9965166,1.9921127706766129,0.0038726518,1.0665445,-1.7283852043327184,3496093.75,5.1623465e-07,1.8200359e-07,0.9496379419892024,0.0035033983260380646,/content/drive/MyDrive/N-MON/ALTRO/spectograms/LINEAR-WIDE-20/1401.npy,LINEAR-WIDE-20
-0.008394362,-0.034477912,0.9561424,0.937599,0.95617926,-0.9993304,0.9928328,1.9921631962060928,0.007824012,1.0662668,-1.7134507988584897,3574218.75,5.427987e-07,1.8255935e-07,0.9449287082662892,0.003022777054257936,/content/drive/MyDrive/N-MON/ALTRO/spectograms/LINEAR-WIDE-20/1402.npy,LINEAR-WIDE-20
0.010666225,0.061385393,0.95769286,0.94024086,0.9577523,-1.0009643,0.9911837,1.9921480268239975,-0.026032906,1.0636996,-1.7447346006829723,3867187.5,5.121373e-07,1.831433e-07,0.9433829358286296,0.002948220614558093,/content/drive/MyDrive/N-MON/ALTRO/spectograms/LINEAR-WIDE-20/1403.npy,LINEAR-WIDE-20
0.013569819,0.11762161,0.9548636,0.93442845,0.95496005,-0.9995591,0.99259907,1.9921581894159317,-0.03534488,1.0712516,-1.7127744056001755,-2382812.5,7.8842436e-07,1.8115266e-07,0.938108963750183,0.0031723175341849827,/content/drive/MyDrive/N-MON/ALTRO/spectograms/LINEAR-WIDE-20/1404.npy,LINEAR-WIDE-20
-0.025685888,-0.24794354,0.9555828,0.93799406,0.9559279,-0.9980011,0.99414384,1.9921449571847916,0.048212685,1.0672388,-1.6884088939807838,3750000.0,5.090355e-07,1.8319147e-07,0.936948028401793,0.006854605192073233,/content/drive/MyDrive/N-MON/ALTRO/spectograms/LINEAR-WIDE-20/1405.npy,LINEAR-WIDE-20
-0.020818688,-0.15096736,0.9546421,0.9347744,0.9548691,-0.9986031,0.9935483,1.9921513497829437,0.03622353,1.0712172,-1.7203458718986904,4414062.5,6.0290137e-07,1.825428e-07,0.936445574290848,0.009248388736593185,/content/drive/MyDrive/N-MON/ALTRO/spectograms/LINEAR-WIDE-20/1406.npy,LINEAR-WIDE-20
-0.002086175,-0.02887051,0.954371,0.9352127,0.95437324,-0.99758804,0.9945718,1.9921598583459854,0.0026081486,1.0694197,-1.6945365378567019,-2421875.0,7.199745e-07,1.8129509e-07,0.9359613916640993,0.00914838134584284,/content/drive/MyDrive/N-MON/ALTRO/spectograms/LINEAR-WIDE-20/1407.npy,LINEAR-WIDE-20
-0.026427787,-0.24351755,0.955264,0.9366056,0.9556295,-0.9973565,0.99473286,1.9920893460512161,0.05252429,1.0689133,-1.7036144930664083,4414062.5,5.902657e-07,1.8304263e-07,0.9425364331404402,0.009277917719039134,/content/drive/MyDrive/N-MON/ALTRO/spectograms/LINEAR-WIDE-20/1408.npy,LINEAR-WIDE-20
0.015123899,0.233212,0.96039057,0.94496715,0.96050966,-1.0012417,0.9908888,1.9921304136514664,-0.040836737,1.0582631,-1.7624220593076416,2617187.5,5.5155016e-07,1.8387456e-07,0.9463418490503192,0.006819841533211766,/content/drive/MyDrive/N-MON/ALTRO/spectograms/LINEAR-WIDE-20/1409.npy,LINEAR-WIDE-20
0.0074332086,0.05826181,0.9555287,0.9365001,0.9555576,-0.9963601,0.9957715,1.9921316653490067,-0.017054798,1.0677377,-1.7165501294935634,-4785156.25,5.5616187e-07,1.8226689e-07,0.9487621684549746,0.004621353618064189,/content/drive/MyDrive/N-MON/ALTRO/spectograms/LINEAR-WIDE-20/1410.npy,LINEAR-WIDE-20
-0.022054939,-0.15156886,0.96081734,0.94460326,0.96107036,-0.99905884,0.9930784,1.9921372681856155,0.035644896,1.0581244,-1.770571824451442,2929687.5,5.984112e-07,1.8381526e-07,0.9485396495603794,0.0037412557605268426,/content/drive/MyDrive/N-MON/ALTRO/spectograms/LINEAR-WIDE-20/1411.npy,LINEAR-WIDE-20
0.008315993,0.09493409,0.95357656,0.9329292,0.9536128,-0.9987081,0.99342644,1.9921345859766006,-0.023876583,1.0729986,-1.701795408666608,-3144531.25,4.822993e-07,1.8283724e-07,0.9452864206922239,0.0032618832552696584,/content/drive/MyDrive/N-MON/ALTRO/spectograms/LINEAR-WIDE-20/1412.npy,LINEAR-WIDE-20
0.014539585,0.16163184,0.96073896,0.9439929,0.9608489,-0.99843925,0.99369174,1.9921310245990753,-0.03188651,1.0597506,-1.8027962860424227,3515625.0,5.585534e-07,1.8376059e-07,0.9417605304283821,0.0029549291461217052,/content/drive/MyDrive/N-MON/ALTRO/spectograms/LINEAR-WIDE-20/1413.npy,LINEAR-WIDE-20
-0.01630288,-0.15234438,0.9543659,0.93491733,0.9545052,-0.9998276,0.9922364,1.9920639842748642,0.029351344,1.0702438,-1.691355129637466,-4433593.75,5.056622e-07,1.8294946e-07,0.9394223786336365,0.00409798707624636,/content/drive/MyDrive/N-MON/ALTRO/spectograms/LINEAR-WIDE-20/1414.npy,LINEAR-WIDE-20
-0.0048559,-0.05398663,0.9583382,0.9413574,0.95835054,-0.99938416,0.99275875,1.9921429455280304,0.0030429245,1.0613638,-1.734740503984596,-4570312.5,7.9275407e-07,1.8240969e-07,0.9372813135370125,0.005244183345823241,/content/drive/MyDrive/N-MON/ALTRO/spectograms/LINEAR-WIDE-20/1415.npy,LINEAR-WIDE-20
-0.0073920004,-0.027103413,0.9536799,0.93429357,0.9537086,-0.9999081,0.9921515,1.9920596331357956,0.0059814635,1.0708731,-1.7016964159742722,3906250.0,5.5361687e-07,1.8309305e-07,0.9363591795359454,0.010296324042325646,/content/drive/MyDrive/N-MON/ALTRO/spectograms/LINEAR-WIDE-20/1416.npy,LINEAR-WIDE-20
0.01347822,0.16829367,0.9566988,0.9392526,0.9567937,-0.99955606,0.99255306,1.9921091198921204,-0.03429826,1.0649742,-1.7199437017722785,2968750.0,5.560876e-07,1.8319663e-07,0.9400770571671649,0.010085781705666175,/content/drive/MyDrive/N-MON/ALTRO/spectograms/LINEAR-WIDE-20/1417.npy,LINEAR-WIDE-20
0.009014886,0.122500256,0.9572553,0.9385989,0.95729774,-0.9985031,0.9936512,1.9921543151140213,-0.024252249,1.0659608,-1.7454621521758427,2460937.5,5.476162e-07,1.8254724e-07,0.9439665656072718,0.008765586420925994,/content/drive/MyDrive/N-MON/ALTRO/spectograms/LINEAR-WIDE-20/1418.npy,LINEAR-WIDE-20
0.017028915,0.1649849,0.958271,0.94023484,0.95842236,-0.9987646,0.9932457,1.9920103400945663,-0.039341442,1.0641818,-1.7505871181793877,3984375.0,5.1994476e-07,1.8318806e-07,0.9459598080081859,0.00738938135399597,/content/drive/MyDrive/N-MON/ALTRO/spectograms/LINEAR-WIDE-20/1419.npy,LINEAR-WIDE-20
-0.013900549,-0.09873419,0.95994395,0.94270235,0.96004456,-0.99703103,0.99507415,1.9921052008867264,0.026890073,1.0603422,-1.7667298151515383,-3867187.5,5.455783e-07,1.8361837e-07,0.9468134656163901,0.005375914086640791,/content/drive/MyDrive/N-MON/ALTRO/spectograms/LINEAR-WIDE-20/1420.npy,LINEAR-WIDE-20
-0.028660752,-0.18856478,0.95238084,0.9309227,0.95281196,-1.0010285,0.99110055,1.9921290278434753,0.047052845,1.0755281,-1.6712970589215888,4296875.0,4.989787e-07,1.8217028e-07,0.9490922010068408,0.0030065695731373502,/content/drive/MyDrive/N-MON/ALTRO/spectograms/LINEAR-WIDE-20/1421.npy,LINEAR-WIDE-20
-0.0009273136,-0.054234874,0.9545377,0.93503886,0.95453817,-0.99956155,0.9925303,1.992091804742813,-0.0011921822,1.0709149,-1.734751120701046,-3925781.25,5.6910153e-07,1.830073e-07,0.9448645143593297,0.004200588520764793,/content/drive/MyDrive/N-MON/ALTRO/spectograms/LINEAR-WIDE-20/1422.npy,LINEAR-WIDE-20
-0.026041577,-0.27571794,0.96211374,0.94600683,0.96246606,-0.9985076,0.99364364,1.9921512305736542,0.04832296,1.0572708,-1.7970256863493514,3222656.25,4.859469e-07,1.8397981e-07,0.9442979253239484,0.003123091366030012,/content/drive/MyDrive/N-MON/ALTRO/spectograms/LINEAR-WIDE-20/1423.npy,LINEAR-WIDE-20
0.010585403,0.10236623,0.957705,0.94116503,0.95776355,-0.99928534,0.9928801,1.9921654611825943,-0.024472475,1.062442,-1.7224512891961503,-2968750.0,6.1748506e-07,1.8349357e-07,0.9390648482151077,0.0032951295010966893,/content/drive/MyDrive/N-MON/ALTRO/spectograms/LINEAR-WIDE-20/1424.npy,LINEAR-WIDE-20
0.0063281907,0.105447024,0.96432847,0.9495642,0.9643492,-0.99995625,0.9921896,1.9921458512544632,-0.02004771,1.0520452,-1.8298141232257763,4394531.25,6.137415e-07,1.8319578e-07,0.9378888576134631,0.007104318154149125,/content/drive/MyDrive/N-MON/ALTRO/spectograms/LINEAR-WIDE-20/1425.npy,LINEAR-WIDE-20
-0.0030526132,-0.018927563,0.95781374,0.9397972,0.9578186,-0.9993225,0.9928287,1.9921511858701706,0.0029725982,1.0634564,-1.7467603731504247,-2382812.5,6.3725895e-07,1.8367996e-07,0.9385020395527106,0.01003259034972911,/content/drive/MyDrive/N-MON/ALTRO/spectograms/LINEAR-WIDE-20/1426.npy,LINEAR-WIDE-20
0.007836386,0.09412061,0.9582101,0.94180125,0.9582421,-0.9996501,0.99250543,1.9921555370092392,-0.018857336,1.0612316,-1.72660527223907,4335937.5,7.236765e-07,1.8285138e-07,0.9384814237677652,0.006528534250961662,/content/drive/MyDrive/N-MON/ALTRO/spectograms/LINEAR-WIDE-20/1427.npy,LINEAR-WIDE-20
0.011761578,0.10432148,0.95450556,0.9342315,0.95457804,-0.99732643,0.9948344,1.9921608120203018,-0.027085852,1.071838,-1.7358455251034368,2968750.0,5.72086e-07,1.8293981e-07,0.9434112322256377,0.010362894462714198,/content/drive/MyDrive/N-MON/ALTRO/spectograms/LINEAR-WIDE-20/1428.npy,LINEAR-WIDE-20
0.001752678,-0.051246434,0.9588055,0.9420493,0.9588071,-0.9966244,0.9955005,1.9921249151229858,-0.0017401056,1.060547,-1.750496591675245,4589843.75,6.129231e-07,1.834023e-07,0.9464710268852028,0.006955934402073669,/content/drive/MyDrive/N-MON/ALTRO/spectograms/LINEAR-WIDE-20/1429.npy,LINEAR-WIDE-20
-0.0019300175,0.038276643,0.9573857,0.94006073,0.9573876,-0.996948,0.99520564,1.9921536594629288,-0.0008958148,1.0632513,-1.7262309237421969,-4902343.75,5.2046147e-07,1.8299636e-07,0.9483144376329365,0.0032051528872800742,/content/drive/MyDrive/N-MON/ALTRO/spectograms/LINEAR-WIDE-20/1430.npy,LINEAR-WIDE-20
0.009753151,0.05835158,0.95797515,0.9401305,0.9580248,-0.99639547,0.9957224,1.9921178817749023,-0.018958287,1.0629283,-1.7366763485313943,-3867187.5,5.57597e-07,1.8309564e-07,0.9468669006612777,0.003761675950979011,/content/drive/MyDrive/N-MON/ALTRO/spectograms/LINEAR-WIDE-20/1431.npy,LINEAR-WIDE-20
0.01477037,0.2187553,0.960509,0.94380844,0.9606226,-0.99989223,0.99225885,1.9921510517597198,-0.038284846,1.0604335,-1.7880454160094843,2851562.5,5.578815e-07,1.827549e-07,0.9436054770113032,0.004550751843538634,/content/drive/MyDrive/N-MON/ALTRO/spectograms/LINEAR-WIDE-20/1432.npy,LINEAR-WIDE-20
-0.0065113707,-0.083731405,0.9571336,0.93880105,0.95715576,-0.9978185,0.99433076,1.9921492785215378,0.0078004594,1.0650554,-1.7471209024264038,-3867187.5,6.314207e-07,1.8361334e-07,0.9424661245511888,0.0023683990393313886,/content/drive/MyDrive/N-MON/ALTRO/spectograms/LINEAR-WIDE-20/1433.npy,LINEAR-WIDE-20
0.003520667,0.041198555,0.9553339,0.93593186,0.9553403,-0.99775255,0.994351,1.9921035915613174,-0.009841315,1.0687522,-1.713215667437176,3593750.0,5.8410416e-07,1.8312188e-07,0.939146629240844,0.0055790933433834365,/content/drive/MyDrive/N-MON/ALTRO/spectograms/LINEAR-WIDE-20/1434.npy,LINEAR-WIDE-20
0.012291158,0.110733315,0.9548358,0.9346496,0.95491487,-0.9985123,0.9936304,1.9921427220106125,-0.029712396,1.0709938,-1.7107614718441548,-2929687.5,5.927623e-07,1.8265827e-07,0.9353524967475099,0.009522798084123157,/content/drive/MyDrive/N-MON/ALTRO/spectograms/LINEAR-WIDE-20/1435.npy,LINEAR-WIDE-20
-0.0061633233,-0.037691355,0.9564459,0.9377132,0.95646566,-0.9987142,0.993439,1.992153212428093,0.0052698944,1.0661501,-1.7287927160671714,3691406.25,6.4490126e-07,1.8302015e-07,0.9385981658850922,0.010519727280483521,/content/drive/MyDrive/N-MON/ALTRO/spectograms/LINEAR-WIDE-20/1436.npy,LINEAR-WIDE-20
0.0033863124,0.08598288,0.95738727,0.9393331,0.9573933,-0.9997137,0.9923539,1.9920676350593567,-0.016498962,1.0646238,-1.7518766001088786,-2285156.25,5.555675e-07,1.8271672e-07,0.9427979442270085,0.009799335159249184,/content/drive/MyDrive/N-MON/ALTRO/spectograms/LINEAR-WIDE-20/1437.npy,LINEAR-WIDE-20
-0.011235264,-0.041703142,0.9564163,0.9376205,0.9564823,-0.9986159,0.9935299,1.9921458512544632,0.01838398,1.0662595,-1.7218288410915845,4589843.75,6.174853e-07,1.8251254e-07,0.9451407308098305,0.007405328030349639,/content/drive/MyDrive/N-MON/ALTRO/spectograms/LINEAR-WIDE-20/1438.npy,LINEAR-WIDE-20
-0.012641892,-0.058173575,0.9563379,0.937575,0.9564215,-0.99960876,0.9925422,1.9921509474515915,0.016472664,1.0671337,-1.734258726377525,-2285156.25,5.705683e-07,1.8310618e-07,0.9486502039370043,0.004178072506445794,/content/drive/MyDrive/N-MON/ALTRO/spectograms/LINEAR-WIDE-20/1439.npy,LINEAR-WIDE-20
0.013123331,0.1542483,0.9607574,0.94376504,0.960847,-0.99800414,0.9941369,1.99214106798172,-0.033629335,1.0598979,-1.79421312876816,-4667968.75,5.9809867e-07,1.8266508e-07,0.9464909029181687,0.002916579736944756,/content/drive/MyDrive/N-MON/ALTRO/spectograms/LINEAR-WIDE-20/1440.npy,LINEAR-WIDE-20
0.020990755,0.23159713,0.95715034,0.93892,0.9573804,-0.99869895,0.99342066,1.9921196550130844,-0.048580073,1.0668925,-1.7402546420088758,3847656.25,5.486473e-07,1.8245655e-07,0.9433746062126097,0.0035806160782720993,/content/drive/MyDrive/N-MON/ALTRO/spectograms/LINEAR-WIDE-20/1441.npy,LINEAR-WIDE-20
-0.0008052206,-0.006063119,0.96166927,0.9465654,0.96166956,-0.99805456,0.9940107,1.9920652657747269,-0.0004763379,1.0551466,-1.7847230140872592,-4570312.5,5.6484055e-07,1.838078e-07,0.9399451527303814,0.0024570428190975836,/content/drive/MyDrive/N-MON/ALTRO/spectograms/LINEAR-WIDE-20/1442.npy,LINEAR-WIDE-20
-0.02299178,-0.27078283,0.9577786,0.9410629,0.9580545,-0.9973775,0.9947545,1.992131993174553,0.04501318,1.0637087,-1.7269287647886282,2578125.0,5.324291e-07,1.8216666e-07,0.9372516175906203,0.005519420607269205,/content/drive/MyDrive/N-MON/ALTRO/spectograms/LINEAR-WIDE-20/1443.npy,LINEAR-WIDE-20
0.0035512133,0.036748264,0.9577548,0.93987256,0.95776135,-0.99841774,0.9937351,1.9921528548002243,-0.011810932,1.0639665,-1.7511081920588876,-3925781.25,5.793353e-07,1.8276904e-07,0.9355681045740103,0.008983229531262363,/content/drive/MyDrive/N-MON/ALTRO/spectograms/LINEAR-WIDE-20/1444.npy,LINEAR-WIDE-20
0.0025690638,0.001368987,0.9558032,0.93737507,0.9558067,-0.9986533,0.99350184,1.9921551644802094,-0.0075063608,1.067097,-1.7308122867733806,3691406.25,6.063841e-07,1.822582e-07,0.9369109582665814,0.010870989119124826,/content/drive/MyDrive/N-MON/ALTRO/spectograms/LINEAR-WIDE-20/1445.npy,LINEAR-WIDE-20
-0.015932836,-0.15581653,0.9533246,0.9342096,0.9534577,-0.99947375,0.99265,1.9921237230300903,0.022278616,1.0713403,-1.6873464310150308,-2929687.5,5.862575e-07,1.8237526e-07,0.9436089642064065,0.010373632599385937,/content/drive/MyDrive/N-MON/ALTRO/spectograms/LINEAR-WIDE-20/1446.npy,LINEAR-WIDE-20
-0.022388203,-0.27150604,0.96068037,0.94446623,0.9609412,-0.99802184,0.9941391,1.992160901427269,0.04729976,1.059623,-1.7754851090478134,2460937.5,6.8270117e-07,1.8266647e-07,0.9439433565609476,0.007978726213435332,/content/drive/MyDrive/N-MON/ALTRO/spectograms/LINEAR-WIDE-20/1447.npy,LINEAR-WIDE-20
0.014497809,0.18697016,0.9596504,0.9432633,0.9597599,-0.99648017,0.99561495,1.9920951426029205,-0.030317808,1.0597649,-1.760972995637313,-2929687.5,5.489466e-07,1.8426121e-07,0.9465972148520434,0.004061323483835826,/content/drive/MyDrive/N-MON/ALTRO/spectograms/LINEAR-WIDE-20/1448.npy,LINEAR-WIDE-20
-0.011342705,-0.07235094,0.9581566,0.94122887,0.9582237,-0.99817854,0.9939593,1.9921378791332245,0.015542239,1.0619789,-1.730206785026324,4375000.0,6.435708e-07,1.8317311e-07,0.9459592863010713,0.002783375171804389,/content/drive/MyDrive/N-MON/ALTRO/spectograms/LINEAR-WIDE-20/1449.npy,LINEAR-WIDE-20
-0.011333874,-0.055500798,0.9550868,0.93569946,0.9551541,-1.0008252,0.99129015,1.9921152591705322,0.014013408,1.0681387,-1.6997359800250547,-2773437.5,5.2013047e-07,1.839752e-07,0.9426437737386991,0.002406851451207377,/content/drive/MyDrive/N-MON/ALTRO/spectograms/LINEAR-WIDE-20/1450.npy,LINEAR-WIDE-20
0.0013653106,0.04079486,0.9548595,0.93597376,0.9548605,-0.99816686,0.99398845,1.9921553432941437,-0.0053950194,1.0680271,-1.693210798714124,4472656.25,6.027208e-07,1.8321228e-07,0.9378583008573912,0.004374873926478526,/content/drive/MyDrive/N-MON/ALTRO/spectograms/LINEAR-WIDE-20/1451.npy,LINEAR-WIDE-20
-0.00918981,-0.14229307,0.96053493,0.9436547,0.96057886,-0.9977249,0.99443626,1.992161139845848,0.021106588,1.0594133,-1.7835676958132052,-2246093.75,5.412465e-07,1.8297303e-07,0.9368473582579202,0.007443877651854161,/content/drive/MyDrive/N-MON/ALTRO/spectograms/LINEAR-WIDE-20/1452.npy,LINEAR-WIDE-20
-0.0019634494,-0.029444952,0.95767516,0.9395083,0.9576772,-0.99816656,0.9939835,1.9921500980854034,5.8741723e-05,1.0645888,-1.7565936419689152,-4785156.25,5.959014e-07,1.8281537e-07,0.9358137294734953,0.011351017770976064,/content/drive/MyDrive/N-MON/ALTRO/spectograms/LINEAR-WIDE-20/1453.npy,LINEAR-WIDE-20
0.013043932,0.14862993,0.95483786,0.9350417,0.95492697,-0.9997626,0.9923531,1.9921156466007233,-0.038418174,1.0706308,-1.7145557693484978,-3164062.5,5.091756e-07,1.8280932e-07,0.9401657192901636,0.009301274962794932,/content/drive/MyDrive/N-MON/ALTRO/spectograms/LINEAR-WIDE-20/1454.npy,LINEAR-WIDE-20
-0.016670331,-0.192016,0.9605406,0.9445071,0.9606852,-0.99685866,0.99526024,1.9921189099550247,0.031475745,1.058245,-1.765713722064156,-3886718.75,6.233129e-07,1.8354876e-07,0.9455331747109246,0.007395515737430478,/content/drive/MyDrive/N-MON/ALTRO/spectograms/LINEAR-WIDE-20/1455.npy,LINEAR-WIDE-20
-0.0115789,-0.08868374,0.96094966,0.94442374,0.96101946,-0.9988632,0.9932607,1.9921238869428635,0.018470744,1.0581838,-1.7821259700029144,-4453125.0,5.368764e-07,1.8332975e-07,0.9472327667666877,0.005557041088936368,/content/drive/MyDrive/N-MON/ALTRO/spectograms/LINEAR-WIDE-20/1456.npy,LINEAR-WIDE-20
0.0077425893,0.07734269,0.95604706,0.9375112,0.9560784,-0.9968665,0.99525446,1.9921209961175919,-0.02145569,1.0661722,-1.7111063934726218,-2988281.25,7.103936e-07,1.836836e-07,0.9470178705179066,0.007243666592120611,/content/drive/MyDrive/N-MON/ALTRO/spectograms/LINEAR-WIDE-20/1457.npy,LINEAR-WIDE-20
-0.011617582,-0.031072918,0.9589165,0.9417687,0.9589869,-0.9958046,0.99633634,1.9921409487724304,0.021463515,1.0612798,-1.7495769189200099,-3222656.25,6.038808e-07,1.8398845e-07,0.9475574220478296,0.003503751560184263,/content/drive/MyDrive/N-MON/ALTRO/spectograms/LINEAR-WIDE-20/1458.npy,LINEAR-WIDE-20
0.031448808,0.2688081,0.95853925,0.9406084,0.959055,-0.99702674,0.9951142,1.9921409338712692,-0.06323276,1.065417,-1.7523332804788112,3652343.75,6.153565e-07,1.8372594e-07,0.9462065618292943,0.0029130398329288276,/content/drive/MyDrive/N-MON/ALTRO/spectograms/LINEAR-WIDE-20/1459.npy,LINEAR-WIDE-20
-0.0130798565,-0.10226895,0.9595726,0.942708,0.95966184,-0.996819,0.99533945,1.9921584576368332,0.024621114,1.0604722,-1.7585284363325233,-2910156.25,5.557404e-07,1.8418584e-07,0.9417802149554686,0.003016076506190098,/content/drive/MyDrive/N-MON/ALTRO/spectograms/LINEAR-WIDE-20/1460.npy,LINEAR-WIDE-20
-0.026266942,-0.26779443,0.9588052,0.94246477,0.9591649,-0.99812496,0.9940005,1.9921254217624664,0.049536455,1.0618433,-1.7480104272297192,4980468.75,5.7316737e-07,1.8446131e-07,0.9364501276647583,0.004297508705876884,/content/drive/MyDrive/N-MON/ALTRO/spectograms/LINEAR-WIDE-20/1461.npy,LINEAR-WIDE-20
-0.021387203,-0.14945416,0.9627082,0.9468054,0.96294576,-0.9970747,0.99502623,1.992100939154625,0.039259855,1.0553273,-1.7996006060340257,3242187.5,5.694209e-07,1.8397978e-07,0.9378489703311433,0.008856252754578737,/content/drive/MyDrive/N-MON/ALTRO/spectograms/LINEAR-WIDE-20/1462.npy,LINEAR-WIDE-20
-0.006461398,-0.08994743,0.9627692,0.94800884,0.9627909,-0.9962266,0.99584615,1.9920727759599686,0.013066483,1.0530046,-1.7810730720164474,4492187.5,6.6559284e-07,1.8322504e-07,0.9392142321653503,0.010620111543353924,/content/drive/MyDrive/N-MON/ALTRO/spectograms/LINEAR-WIDE-20/1463.npy,LINEAR-WIDE-20
-0.017236333,-0.14533058,0.9590682,0.9414912,0.959223,-0.99682784,0.9953231,1.9921509623527527,0.032443438,1.0616258,-1.738984508996322,-2441406.25,5.3756e-07,1.8422374e-07,0.9429863439899487,0.008787594390727396,/content/drive/MyDrive/N-MON/ALTRO/spectograms/LINEAR-WIDE-20/1464.npy,LINEAR-WIDE-20
0.019857168,0.24815449,0.9619558,0.94667685,0.9621607,-0.9978313,0.99430734,1.992138609290123,-0.0444172,1.0569658,-1.7985504810174364,-3007812.5,6.248696e-07,1.8410566e-07,0.9462500164380527,0.006819955836553534,/content/drive/MyDrive/N-MON/ALTRO/spectograms/LINEAR-WIDE-20/1465.npy,LINEAR-WIDE-20
-0.011825483,-0.12632176,0.9609806,0.94545335,0.9610534,-0.99737597,0.994699,1.9920749217271805,0.019154666,1.0573591,-1.7812628664122656,-2988281.25,5.688939e-07,1.8418119e-07,0.9470189239191659,0.004102282602530976,/content/drive/MyDrive/N-MON/ALTRO/spectograms/LINEAR-WIDE-20/1466.npy,LINEAR-WIDE-20
-0.014924417,-0.10285854,0.9636791,0.94953114,0.9637946,-0.997362,0.9947849,1.9921468943357468,0.024329266,1.0514807,-1.7912191689507575,-2460937.5,6.0358315e-07,1.8534428e-07,0.9462542876445469,0.002920882445735772,/content/drive/MyDrive/N-MON/ALTRO/spectograms/LINEAR-WIDE-20/1467.npy,LINEAR-WIDE-20
-6.703949e-05,0.029172543,0.96358675,0.948603,0.96358675,-0.99811995,0.9940239,1.9921438992023468,-0.0052688243,1.0531107,-1.8209365555140027,-2402343.75,5.379388e-07,1.8376159e-07,0.9430383694253133,0.0027554995936113088,/content/drive/MyDrive/N-MON/ALTRO/spectograms/LINEAR-WIDE-20/1468.npy,LINEAR-WIDE-20
0.024181098,0.226298,0.96128696,0.9450002,0.96159106,-0.9964481,0.99568415,1.9921322613954544,-0.04794923,1.058452,-1.7743638315316705,3671875.0,6.875822e-07,1.8398777e-07,0.9385802648595446,0.005254843731511295,/content/drive/MyDrive/N-MON/ALTRO/spectograms/LINEAR-WIDE-20/1469.npy,LINEAR-WIDE-20
-0.0055152043,0.039521355,0.9641948,0.9499777,0.96421057,-0.9955852,0.996489,1.9920742064714432,0.009369508,1.0508388,-1.8083140618074476,-2519531.25,5.453088e-07,1.8400937e-07,0.9376188876527334,0.008631221747122938,/content/drive/MyDrive/N-MON/ALTRO/spectograms/LINEAR-WIDE-20/1470.npy,LINEAR-WIDE-20
0.002659811,0.12375762,0.96211034,0.9470293,0.962114,-0.99744534,0.99468786,1.992133229970932,-0.0115987,1.054684,-1.785156962274357,-2382812.5,5.6288974e-07,1.8384029e-07,0.9366413496818357,0.011893031189568616,/content/drive/MyDrive/N-MON/ALTRO/spectograms/LINEAR-WIDE-20/1471.npy,LINEAR-WIDE-20
0.0006572056,-0.0077994233,0.9609506,0.94473815,0.9609508,-0.99606,0.9961024,1.992162436246872,0.0014276118,1.0572284,-1.7781251226396517,4492187.5,5.085819e-07,1.8456447e-07,0.9414820082261999,0.009847604329253275,/content/drive/MyDrive/N-MON/ALTRO/spectograms/LINEAR-WIDE-20/1472.npy,LINEAR-WIDE-20
0.028888037,0.39586133,0.9600078,0.9436603,0.96044236,-0.99847764,0.99366266,1.9921403229236603,-0.06690192,1.0628676,-1.7889357032842084,-2929687.5,5.549053e-07,1.8444612e-07,0.946936489134047,0.007733153755624145,/content/drive/MyDrive/N-MON/ALTRO/spectograms/LINEAR-WIDE-20/1473.npy,LINEAR-WIDE-20
0.011446587,0.18557435,0.958531,0.94124323,0.9585994,-0.9980089,0.9941397,1.9921486228704453,-0.029170077,1.0624962,-1.7483750641994826,2460937.5,5.415948e-07,1.8375071e-07,0.9467240026469136,0.005102212278393293,/content/drive/MyDrive/N-MON/ALTRO/spectograms/LINEAR-WIDE-20/1474.npy,LINEAR-WIDE-20
0.011936185,0.16096017,0.9609515,0.94507104,0.96102566,-0.99525833,0.9969055,1.9921638518571854,-0.023717893,1.0582676,-1.7869357553138265,-2402343.75,5.46062e-07,1.853908e-07,0.9472168014532553,0.0035344223128304197,/content/drive/MyDrive/N-MON/ALTRO/spectograms/LINEAR-WIDE-20/1475.npy,LINEAR-WIDE-20
-0.017317116,-0.17283475,0.961522,0.945933,0.9616779,-0.9968598,0.9952931,1.992152914404869,0.032978565,1.0576267,-1.8020245023808779,-3867187.5,6.0795094e-07,1.8449396e-07,0.9419355651172995,0.003432090935380055,/content/drive/MyDrive/N-MON/ALTRO/spectograms/LINEAR-WIDE-20/1476.npy,LINEAR-WIDE-20
-0.0068331924,-0.10505416,0.96132237,0.9453663,0.9613466,-0.9956861,0.9964219,1.9921079576015472,0.015206307,1.0567836,-1.776977346640589,3593750.0,5.6156284e-07,1.8388741e-07,0.9410909224734592,0.0038253202162303055,/content/drive/MyDrive/N-MON/ALTRO/spectograms/LINEAR-WIDE-20/1477.npy,LINEAR-WIDE-20
-0.00600387,0.0145687405,0.9619749,0.9461182,0.9619937,-0.9971229,0.9950349,1.9921577721834183,0.005294387,1.0550038,-1.7840269971953433,-3027343.75,5.624101e-07,1.850122e-07,0.9353541717822084,0.0062760266792631575,/content/drive/MyDrive/N-MON/ALTRO/spectograms/LINEAR-WIDE-20/1478.npy,LINEAR-WIDE-20
0.008857498,0.15467508,0.9602857,0.94402903,0.9603265,-0.997612,0.9945133,1.992125317454338,-0.024741523,1.0595738,-1.7896683611173023,3691406.25,6.6413276e-07,1.8386187e-07,0.9374052416221781,0.010365857358831209,/content/drive/MyDrive/N-MON/ALTRO/spectograms/LINEAR-WIDE-20/1479.npy,LINEAR-WIDE-20
-0.000643436,0.030829253,0.9591557,0.94275355,0.95915586,-0.9964403,0.9957174,1.99215766787529,-0.0014255816,1.0601789,-1.7578759954950016,-3027343.75,5.558898e-07,1.8395718e-07,0.9399240514273698,0.01082949868065157,/content/drive/MyDrive/N-MON/ALTRO/spectograms/LINEAR-WIDE-20/1480.npy,LINEAR-WIDE-20
-0.012811145,-0.12048815,0.9569713,0.9384816,0.957057,-0.9957397,0.9963984,1.9921380877494812,0.026596893,1.0658693,-1.7344360884811654,4492187.5,6.2592846e-07,1.8309929e-07,0.9375568245917649,0.005865120127196336,/content/drive/MyDrive/N-MON/ALTRO/spectograms/LINEAR-WIDE-20/1481.npy,LINEAR-WIDE-20
0.0014882279,-0.011282885,0.956942,0.93812937,0.95694315,-0.99562424,0.9965324,1.9921566247940063,-0.00038987427,1.0652772,-1.741688352213772,2597656.25,5.4176115e-07,1.8337633e-07,0.9472078437649332,0.003982943890735771,/content/drive/MyDrive/N-MON/ALTRO/spectograms/LINEAR-WIDE-20/1482.npy,LINEAR-WIDE-20
0.0009171934,-0.009830247,0.9605411,0.94412696,0.9605416,-0.9980049,0.99411744,1.9921223819255829,-0.00809609,1.0578266,-1.7767554931355767,-4667968.75,5.8822707e-07,1.8490648e-07,0.9449569543393027,0.003052293370400083,/content/drive/MyDrive/N-MON/ALTRO/spectograms/LINEAR-WIDE-20/1483.npy,LINEAR-WIDE-20
-0.009631315,-0.07867854,0.9577075,0.9382242,0.957756,-0.9967017,0.9953766,1.9920783042907715,0.018949583,1.0658178,-1.755946934567007,3007812.5,5.4645477e-07,1.83363e-07,0.9441936077020192,0.004011246051691783,/content/drive/MyDrive/N-MON/ALTRO/spectograms/LINEAR-WIDE-20/1484.npy,LINEAR-WIDE-20
0.0055416967,0.06833498,0.9599512,0.94474316,0.9599672,-0.9980971,0.9940293,1.9921264052391052,-0.013199574,1.0574771,-1.737760256813105,-4570312.5,6.2295265e-07,1.8480434e-07,0.9381370959661403,0.003292298482705519,/content/drive/MyDrive/N-MON/ALTRO/spectograms/LINEAR-WIDE-20/1485.npy,LINEAR-WIDE-20
-0.00035043526,-0.09760216,0.9620786,0.94658965,0.9620786,-0.9959588,0.9962045,1.9921633154153824,0.0044086026,1.0554891,-1.7901472253223683,2890625.0,5.914585e-07,1.8399659e-07,0.9365515373879505,0.008063499667661437,/content/drive/MyDrive/N-MON/ALTRO/spectograms/LINEAR-WIDE-20/1486.npy,LINEAR-WIDE-20
0.0047181337,0.0065361117,0.95901304,0.94222546,0.9590246,-0.9974217,0.99467975,1.9921014159917831,-0.010477871,1.0604475,-1.7547048169224662,-3886718.75,6.326211e-07,1.837661e-07,0.9383095980520008,0.010544911002827758,/content/drive/MyDrive/N-MON/ALTRO/spectograms/LINEAR-WIDE-20/1487.npy,LINEAR-WIDE-20
-0.0013721428,-0.015811764,0.9613153,0.94534695,0.9613163,-0.99631035,0.9958195,1.992129847407341,0.0030637437,1.0565276,-1.7816015579624171,3691406.25,5.905313e-07,1.8482626e-07,0.9408251159878924,0.009624854073920025,/content/drive/MyDrive/N-MON/ALTRO/spectograms/LINEAR-WIDE-20/1488.npy,LINEAR-WIDE-20
0.02390498,0.30223298,0.96101016,0.9447984,0.9613074,-0.9983723,0.99378693,1.9921592622995377,-0.05276395,1.0587415,-1.7632601544937458,-2929687.5,5.9840363e-07,1.8340054e-07,0.9476002666150256,0.00677952228086262,/content/drive/MyDrive/N-MON/ALTRO/spectograms/LINEAR-WIDE-20/1489.npy,LINEAR-WIDE-20
0.025133625,0.29468143,0.96176964,0.946029,0.962098,-0.99808365,0.994049,1.9921326637268066,-0.05405822,1.0583427,-1.7953122838020417,3476562.5,6.158855e-07,1.8443899e-07,0.9466668470209634,0.004300360127869501,/content/drive/MyDrive/N-MON/ALTRO/spectograms/LINEAR-WIDE-20/1490.npy,LINEAR-WIDE-20
-0.019613272,-0.18537033,0.9572024,0.93953925,0.95740324,-0.99790347,0.99424565,1.9921491295099258,0.035431344,1.0646251,-1.7211060752106866,-2402343.75,5.654037e-07,1.8443342e-07,0.9477133582791832,0.0023495956737380804,/content/drive/MyDrive/N-MON/ALTRO/spectograms/LINEAR-WIDE-20/1491.npy,LINEAR-WIDE-20
-0.012389339,-0.0711941,0.95874935,0.94116503,0.95882946,-0.99692804,0.9951211,1.9920491874217987,0.021375407,1.0623826,-1.7497042742467281,4472656.25,5.802897e-07,1.8430195e-07,0.9436018061678004,0.0033755387335604723,/content/drive/MyDrive/N-MON/ALTRO/spectograms/LINEAR-WIDE-20/1492.npy,LINEAR-WIDE-20
-0.004875944,-0.05280859,0.9617008,0.9468434,0.96171314,-0.9982097,0.9939522,1.9921619296073914,0.0028345876,1.0547299,-1.7721060087467955,-3789062.5,5.256374e-07,1.8465713e-07,0.9416252185658436,0.004642979009641789,/content/drive/MyDrive/N-MON/ALTRO/spectograms/LINEAR-WIDE-20/1493.npy,LINEAR-WIDE-20
-0.006923135,-0.10645188,0.9624452,0.9464979,0.9624701,-0.9968021,0.9952658,1.992067888379097,0.013593116,1.0554177,-1.796249074222841,3027343.75,5.628007e-07,1.854919e-07,0.9379692495204246,0.006356060680515753,/content/drive/MyDrive/N-MON/ALTRO/spectograms/LINEAR-WIDE-20/1494.npy,LINEAR-WIDE-20
-0.005717599,-0.13682827,0.9612488,0.94575673,0.9612658,-0.9961605,0.99599266,1.992153137922287,0.017506268,1.0561297,-1.7724409247197903,2578125.0,5.554603e-07,1.8337431e-07,0.9381943008455154,0.01007248644220696,/content/drive/MyDrive/N-MON/ALTRO/spectograms/LINEAR-WIDE-20/1495.npy,LINEAR-WIDE-20
-0.010909766,-0.12631854,0.9602679,0.94383377,0.9603299,-0.99743664,0.99471986,1.9921565055847168,0.020594258,1.0585012,-1.7599242346402868,-4785156.25,5.757009e-07,1.8366781e-07,0.9431380927828901,0.008235823743124805,/content/drive/MyDrive/N-MON/ALTRO/spectograms/LINEAR-WIDE-20/1496.npy,LINEAR-WIDE-20
-0.0130833,-0.17989619,0.96270406,0.94748056,0.962793,-0.99634236,0.9957939,1.9921362400054932,0.029073311,1.0541481,-1.7882000321325242,2675781.25,5.612238e-07,1.8480762e-07,0.9401223485677812,0.005886779058874493,/content/drive/MyDrive/N-MON/ALTRO/spectograms/LINEAR-WIDE-20/1497.npy,LINEAR-WIDE-20
-0.020254739,-0.17407459,0.9623088,0.9468188,0.9625219,-0.99824625,0.993901,1.9921473115682602,0.037454158,1.0559263,-1.7920683294280437,-3886718.75,5.872914e-07,1.8428773e-07,0.9469815859026733,0.005075742739339822,/content/drive/MyDrive/N-MON/ALTRO/spectograms/LINEAR-WIDE-20/1498.npy,LINEAR-WIDE-20
-0.015104735,-0.12571886,0.9644612,0.9497411,0.9645795,-0.9967725,0.9953678,1.9921403676271439,0.026767906,1.0522817,-1.8379152774492316,2832031.25,5.504146e-07,1.8584078e-07,0.9456216002769477,0.0029181791326381716,/content/drive/MyDrive/N-MON/ALTRO/spectograms/LINEAR-WIDE-20/1499.npy,LINEAR-WIDE-20
0.023946092,0.22246921,0.95570296,0.93782,0.9560029,-0.9962925,0.9958336,1.9921260625123978,-0.048124243,1.067412,-1.711132777579219,-3750000.0,6.031945e-07,1.8468593e-07,0.9447224939337701,0.0034787529990501858,/content/drive/MyDrive/N-MON/ALTRO/spectograms/LINEAR-WIDE-20/1500.npy,LINEAR-WIDE-20
0.012097561,0.13956758,0.9588142,0.9421925,0.9588905,-0.9970998,0.9950662,1.9921660274267197,-0.023397349,1.0600848,-1.746422096450525,4316406.25,5.8460034e-07,1.8435591e-07,0.9403162434586994,0.0036476987485658005,/content/drive/MyDrive/N-MON/ALTRO/spectograms/LINEAR-WIDE-20/1501.npy,LINEAR-WIDE-20
0.0015469776,-0.051671904,0.95695895,0.9384868,0.9569602,-0.996947,0.9952006,1.9921475946903229,-0.00048457898,1.0651035,-1.7205834469185135,-2890625.0,6.040233e-07,1.8352489e-07,0.938241324114883,0.006627724353053179,/content/drive/MyDrive/N-MON/ALTRO/spectograms/LINEAR-WIDE-20/1502.npy,LINEAR-WIDE-20
0.011561857,0.16763449,0.9625173,0.94737476,0.9625868,-0.99636763,0.9957936,1.992161214351654,-0.023455013,1.0548139,-1.7993995820704287,3398437.5,5.193594e-07,1.8504664e-07,0.9364217299595894,0.009539457002057824,/content/drive/MyDrive/N-MON/ALTRO/spectograms/LINEAR-WIDE-20/1503.npy,LINEAR-WIDE-20
0.011304045,0.1508938,0.9579924,0.93862206,0.958059,-0.99758315,0.99456114,1.9921442866325378,-0.032000035,1.065143,-1.7499457580076625,-2304687.5,6.136514e-07,1.8331824e-07,0.9421882884675995,0.009527081217674083,/content/drive/MyDrive/N-MON/ALTRO/spectograms/LINEAR-WIDE-20/1504.npy,LINEAR-WIDE-20
0.016977891,0.23293541,0.96158355,0.9458522,0.96173346,-0.9975629,0.99457157,1.9921344369649887,-0.04029753,1.0572494,-1.7905324766191548,-4785156.25,6.0223596e-07,1.8411663e-07,0.9423560046644475,0.008297383773142368,/content/drive/MyDrive/N-MON/ALTRO/spectograms/LINEAR-WIDE-20/1505.npy,LINEAR-WIDE-20
0.0314468,0.34709328,0.9589767,0.9418839,0.95949215,-0.99655604,0.99556917,1.992125228047371,-0.066255435,1.0637349,-1.7467354715445194,-2460937.5,5.4973736e-07,1.8330596e-07,0.9480703606380867,0.004403083240354413,/content/drive/MyDrive/N-MON/ALTRO/spectograms/LINEAR-WIDE-20/1506.npy,LINEAR-WIDE-20
-0.017788175,-0.16989574,0.95666003,0.93897784,0.9568254,-0.9980315,0.9941141,1.9921456277370453,0.033241604,1.0653358,-1.7165165055027016,-4589843.75,6.348472e-07,1.8403134e-07,0.9477603004679029,0.003062533577821887,/content/drive/MyDrive/N-MON/ALTRO/spectograms/LINEAR-WIDE-20/1507.npy,LINEAR-WIDE-20
0.0028434824,-0.00082047936,0.9633939,0.9488622,0.9633981,-0.99692494,0.99516237,1.9920873045921326,-0.005940956,1.053145,-1.814058743234589,2871093.75,5.661982e-07,1.8391931e-07,0.9436108032007823,0.002722494748260485,/content/drive/MyDrive/N-MON/ALTRO/spectograms/LINEAR-WIDE-20/1508.npy,LINEAR-WIDE-20
0.0027155008,0.07990238,0.96094376,0.9452594,0.96094763,-0.9982278,0.99393994,1.9921676963567734,-0.010031862,1.0565277,-1.7623500260486644,-3847656.25,7.8442065e-07,1.8388363e-07,0.9304368670033092,0.006851227365593387,/content/drive/MyDrive/N-MON/ALTRO/spectograms/LINEAR-WIDE-20/1509.npy,LINEAR-WIDE-20
0.015555626,0.16808286,0.95738286,0.9396918,0.9575092,-0.99598217,0.9961715,1.9921536892652512,-0.031123517,1.064639,-1.737470361887617,3515625.0,5.4569716e-07,1.8384793e-07,0.9351130570565083,0.008112575249997995,/content/drive/MyDrive/N-MON/ALTRO/spectograms/LINEAR-WIDE-20/1510.npy,LINEAR-WIDE-20
-0.00034430742,-0.059381966,0.9635464,0.9499566,0.96354645,-0.9968063,0.99532473,1.99213108420372,0.004399536,1.050733,-1.7922692537764446,-3203125.0,5.739243e-07,1.8398089e-07,0.9369638052847782,0.009966870921692976,/content/drive/MyDrive/N-MON/ALTRO/spectograms/LINEAR-WIDE-20/1511.npy,LINEAR-WIDE-20
0.024722243,0.24912584,0.959715,0.943161,0.96003336,-0.9969524,0.9952096,1.992161974310875,-0.05236361,1.0606215,-1.746721114340778,3710937.5,5.7473386e-07,1.8429861e-07,0.9416709796948645,0.009020708435389822,/content/drive/MyDrive/N-MON/ALTRO/spectograms/LINEAR-WIDE-20/1512.npy,LINEAR-WIDE-20
0.031115826,0.39284587,0.9637625,0.9480797,0.96426475,-0.9978314,0.99431485,1.9921462833881378,-0.0679336,1.0566337,-1.8396008725720778,-3007812.5,5.701594e-07,1.8387608e-07,0.9462691377106646,0.0065162809107197515,/content/drive/MyDrive/N-MON/ALTRO/spectograms/LINEAR-WIDE-20/1513.npy,LINEAR-WIDE-20
-0.018723411,-0.14035937,0.9624794,0.94713664,0.9626615,-0.99566317,0.9963993,1.9920624494552612,0.036531974,1.0549598,-1.794236185638652,4296875.0,6.0027867e-07,1.8338412e-07,0.9479690874406942,0.0038412042448477076,/content/drive/MyDrive/N-MON/ALTRO/spectograms/LINEAR-WIDE-20/1514.npy,LINEAR-WIDE-20
0.0060296687,0.022370182,0.96168166,0.94580114,0.96170056,-0.9970714,0.9950845,1.9921559244394302,-0.014031862,1.0568568,-1.8096594023687713,-2480468.75,7.0938324e-07,1.85245e-07,0.9472797577847183,0.002368115546896148,/content/drive/MyDrive/N-MON/ALTRO/spectograms/LINEAR-WIDE-20/1515.npy,LINEAR-WIDE-20
0.005018351,0.054264694,0.9610645,0.944303,0.9610777,-0.99639493,0.99573684,1.9921317398548126,-0.012325319,1.0574306,-1.7667336985254025,3847656.25,5.5236166e-07,1.8369781e-07,0.9440779698427144,0.002654345647870919,/content/drive/MyDrive/N-MON/ALTRO/spectograms/LINEAR-WIDE-20/1516.npy,LINEAR-WIDE-20
-0.0030354816,-0.04796645,0.9570058,0.93997425,0.95701057,-0.9970405,0.9950533,1.9920938163995743,0.0054991934,1.0627805,-1.7053256067141478,3457031.25,5.258983e-07,1.8352269e-07,0.9390125306016325,0.00487954045724527,/content/drive/MyDrive/N-MON/ALTRO/spectograms/LINEAR-WIDE-20/1517.npy,LINEAR-WIDE-20
-0.014575707,-0.087894306,0.96089864,0.9459122,0.9610092,-0.9978526,0.994286,1.9921386539936066,0.022301102,1.0564483,-1.760390357710864,4492187.5,7.6189576e-07,1.8407968e-07,0.9389646926630063,0.004568425102296163,/content/drive/MyDrive/N-MON/ALTRO/spectograms/LINEAR-WIDE-20/1518.npy,LINEAR-WIDE-20
0.0027245188,0.038194682,0.9585207,0.9405665,0.9585245,-0.996954,0.99519545,1.9921494722366333,-0.009459942,1.06282,-1.752351406129158,2558593.75,5.249279e-07,1.8366325e-07,0.941749356260689,0.010609863468375875,/content/drive/MyDrive/N-MON/ALTRO/spectograms/LINEAR-WIDE-20/1519.npy,LINEAR-WIDE-20
-0.019514604,-0.16364335,0.96119803,0.94448006,0.9613961,-0.99574107,0.99637246,1.9921135157346725,0.03857616,1.0577769,-1.7747901936156014,-2363281.25,5.711445e-07,1.8400927e-07,0.9440719339407713,0.008684955832275245,/content/drive/MyDrive/N-MON/ALTRO/spectograms/LINEAR-WIDE-20/1520.npy,LINEAR-WIDE-20
-0.0071997116,-0.06662524,0.9619227,0.94594985,0.9619496,-0.9963457,0.9958024,1.9921481013298035,0.012159967,1.0561628,-1.7910764596719286,2402343.75,6.5795257e-07,1.8473995e-07,0.9454819933236054,0.0052244104566550485,/content/drive/MyDrive/N-MON/ALTRO/spectograms/LINEAR-WIDE-20/1521.npy,LINEAR-WIDE-20
0.013147605,0.20742673,0.96172816,0.9462721,0.96181804,-0.99579316,0.99633306,1.992126226425171,-0.029029433,1.056223,-1.7724355736451065,-2421875.0,5.678403e-07,1.8532197e-07,0.9455407268495071,0.0028593385432153793,/content/drive/MyDrive/N-MON/ALTRO/spectograms/LINEAR-WIDE-20/1522.npy,LINEAR-WIDE-20
-0.025314342,-0.2845712,0.96256536,0.9475836,0.9628982,-0.9956536,0.9964657,1.992119312286377,0.05143523,1.054958,-1.7892236984058043,-2343750.0,5.6802145e-07,1.8480202e-07,0.9475873256533267,0.0030434991294030224,/content/drive/MyDrive/N-MON/ALTRO/spectograms/LINEAR-WIDE-20/1523.npy,LINEAR-WIDE-20
0.0022586116,0.03083459,0.9632213,0.94842154,0.96322393,-0.9966021,0.995553,1.992155134677887,-0.009898723,1.0524671,-1.794499870644031,4687500.0,5.5189906e-07,1.8474117e-07,0.9388435782959408,0.002543713347498329,/content/drive/MyDrive/N-MON/ALTRO/spectograms/LINEAR-WIDE-20/1524.npy,LINEAR-WIDE-20
-0.00079392816,0.018396067,0.95841604,0.94096315,0.95841634,-0.9973223,0.9947777,1.992100015282631,-0.0036053213,1.0620437,-1.7437519757693798,-4277343.75,5.385737e-07,1.8476864e-07,0.9392701600012712,0.00616768811382496,/content/drive/MyDrive/N-MON/ALTRO/spectograms/LINEAR-WIDE-20/1525.npy,LINEAR-WIDE-20
0.0016056361,0.06957695,0.96283114,0.94735026,0.96283245,-0.99684256,0.99529654,1.9921391010284424,-0.004462789,1.0548918,-1.808364759533059,4042968.75,5.8356517e-07,1.8454921e-07,0.9373659959874119,0.00939996712752231,/content/drive/MyDrive/N-MON/ALTRO/spectograms/LINEAR-WIDE-20/1526.npy,LINEAR-WIDE-20
-0.015204588,-0.14079984,0.95614934,0.9382657,0.95627016,-0.9964387,0.99565095,1.9920896291732788,0.03003558,1.0664369,-1.722249757072927,4492187.5,7.599013e-07,1.8354879e-07,0.9382991066986319,0.009150091915400919,/content/drive/MyDrive/N-MON/ALTRO/spectograms/LINEAR-WIDE-20/1527.npy,LINEAR-WIDE-20
0.018193776,0.18363175,0.95828205,0.93989044,0.9584547,-0.9960535,0.9960917,1.9921452552080154,-0.03852252,1.06439,-1.7581709881462075,2597656.25,6.158116e-07,1.8448208e-07,0.9474027594121783,0.00710183320516707,/content/drive/MyDrive/N-MON/ALTRO/spectograms/LINEAR-WIDE-20/1528.npy,LINEAR-WIDE-20
-0.006726242,-0.039453875,0.9613374,0.94553125,0.96136093,-0.99646914,0.9955848,1.9920539408922195,0.011478752,1.0559355,-1.7675803390495084,-2421875.0,5.481091e-07,1.8528412e-07,0.9466504575933576,0.004691529355707234,/content/drive/MyDrive/N-MON/ALTRO/spectograms/LINEAR-WIDE-20/1529.npy,LINEAR-WIDE-20
-0.0043947734,-0.11527196,0.9587636,0.9428302,0.9587737,-0.9980527,0.994039,1.9920917004346848,0.007445375,1.0600712,-1.7383101717680483,2695312.5,5.69322e-07,1.8346694e-07,0.9467100605348291,0.005855973909032425,/content/drive/MyDrive/N-MON/ALTRO/spectograms/LINEAR-WIDE-20/1530.npy,LINEAR-WIDE-20
-0.010028438,-0.09856491,0.9612856,0.9456044,0.9613379,-0.99696815,0.99509305,1.9920612275600433,0.01759579,1.056779,-1.794561089811855,2558593.75,5.4651395e-07,1.844517e-07,0.9435490370613866,0.0031311382199122385,/content/drive/MyDrive/N-MON/ALTRO/spectograms/LINEAR-WIDE-20/1531.npy,LINEAR-WIDE-20
-0.006152916,-0.028751403,0.9580664,0.94023573,0.95808613,-0.99744093,0.9946208,1.9920617043972015,0.007956366,1.0628964,-1.7385067877047933,4335937.5,6.847494e-07,1.8316959e-07,0.9420908747417152,0.004317455557414912,/content/drive/MyDrive/N-MON/ALTRO/spectograms/LINEAR-WIDE-20/1532.npy,LINEAR-WIDE-20
0.009992747,0.18998414,0.96101147,0.9447859,0.96106344,-0.99755496,0.99460876,1.9921637028455734,-0.02785397,1.0582733,-1.7968562281581264,2500000.0,5.2708714e-07,1.8330164e-07,0.9362475858216897,0.009720202444571231,/content/drive/MyDrive/N-MON/ALTRO/spectograms/LINEAR-WIDE-20/1533.npy,LINEAR-WIDE-20
-0.0095361825,-0.044422925,0.9613765,0.9457631,0.96142375,-0.99749553,0.9946679,1.9921634048223495,0.013421398,1.0560004,-1.7730504151408344,-2949218.75,6.124705e-07,1.843209e-07,0.9400717597818029,0.009535785003758674,/content/drive/MyDrive/N-MON/ALTRO/spectograms/LINEAR-WIDE-20/1534.npy,LINEAR-WIDE-20
0.012162311,0.08923998,0.9551568,0.9371226,0.95523417,-0.9966864,0.99545425,1.9921406358480453,-0.025188355,1.0668566,-1.6944353937349599,3242187.5,7.8504786e-07,1.828858e-07,0.9394664009569017,0.0070975227429039495,/content/drive/MyDrive/N-MON/ALTRO/spectograms/LINEAR-WIDE-20/1535.npy,LINEAR-WIDE-20
-0.01439627,-0.1841351,0.96099716,0.94465536,0.9611049,-0.99647665,0.99567103,1.9921477138996124,0.031971876,1.0575167,-1.77242534916069,4589843.75,6.5380016e-07,1.8500032e-07,0.9467287914547522,0.007016875516659933,/content/drive/MyDrive/N-MON/ALTRO/spectograms/LINEAR-WIDE-20/1536.npy,LINEAR-WIDE-20
0.033719435,0.42440823,0.96423364,0.9495259,0.96482307,-0.99740005,0.99473,1.9921300262212753,-0.07168369,1.0559282,-1.830322453031645,-2500000.0,5.311301e-07,1.846214e-07,0.9482088646924514,0.0027796815322230954,/content/drive/MyDrive/N-MON/ALTRO/spectograms/LINEAR-WIDE-20/1537.npy,LINEAR-WIDE-20
0.011904479,0.120505616,0.9629673,0.94825584,0.9630408,-0.99684995,0.99522495,1.9920749217271805,-0.025656812,1.053764,-1.8107264944230927,-4453125.0,5.965796e-07,1.8449592e-07,0.944535732087523,0.00393565138704607,/content/drive/MyDrive/N-MON/ALTRO/spectograms/LINEAR-WIDE-20/1538.npy,LINEAR-WIDE-20
-0.014007145,-0.18472257,0.9600809,0.9437859,0.9601831,-0.99725944,0.99480873,1.992068201303482,0.028458973,1.0589786,-1.771097921163751,2578125.0,5.5303207e-07,1.8516926e-07,0.9409606446245744,0.005614417384722895,/content/drive/MyDrive/N-MON/ALTRO/spectograms/LINEAR-WIDE-20/1539.npy,LINEAR-WIDE-20
0.016915409,0.22163188,0.9604943,0.9450256,0.96064323,-0.99705285,0.99510765,1.9921604990959167,-0.037855424,1.0575091,-1.7523687020854848,2500000.0,5.550024e-07,1.8497468e-07,0.936320974518584,0.007231491296739934,/content/drive/MyDrive/N-MON/ALTRO/spectograms/LINEAR-WIDE-20/1540.npy,LINEAR-WIDE-20
-0.020030621,-0.15752569,0.9571187,0.9395116,0.9573283,-0.9973867,0.9947569,1.9921435862779617,0.03423737,1.0642602,-1.7196946986489012,2578125.0,6.1471616e-07,1.8444574e-07,0.9382671241038039,0.010565157535941358,/content/drive/MyDrive/N-MON/ALTRO/spectograms/LINEAR-WIDE-20/1541.npy,LINEAR-WIDE-20
0.004704604,0.045724668,0.9610157,0.94462186,0.96102726,-0.9971185,0.9950303,1.9921487718820572,-0.008831006,1.0575075,-1.781276795476112,-3886718.75,6.426389e-07,1.841358e-07,0.9386892209669674,0.0064281020756711245,/content/drive/MyDrive/N-MON/ALTRO/spectograms/LINEAR-WIDE-20/1542.npy,LINEAR-WIDE-20
0.026916875,0.31537667,0.9632735,0.94792837,0.9636495,-0.9970126,0.9951357,1.9921483397483826,-0.058449045,1.0565809,-1.8159493265083217,2675781.25,6.156073e-07,1.8523818e-07,0.9463185245065726,0.006098807638182946,/content/drive/MyDrive/N-MON/ALTRO/spectograms/LINEAR-WIDE-20/1543.npy,LINEAR-WIDE-20
-0.012087201,-0.16903609,0.9621639,0.9472272,0.96223986,-0.99742097,0.9947362,1.9921571612358093,0.02449872,1.0544776,-1.7794139234104656,-2500000.0,5.2774294e-07,1.8584063e-07,0.9468317268086276,0.0025479836798947353,/content/drive/MyDrive/N-MON/ALTRO/spectograms/LINEAR-WIDE-20/1544.npy,LINEAR-WIDE-20
-0.0066848802,-0.035695698,0.9601082,0.94429564,0.96013147,-0.99659574,0.9955491,1.9921448230743408,0.011136603,1.0572844,-1.7485517474744896,3671875.0,5.8953657e-07,1.8461179e-07,0.9431940719327313,0.0032951170581292746,/content/drive/MyDrive/N-MON/ALTRO/spectograms/LINEAR-WIDE-20/1545.npy,LINEAR-WIDE-20
-0.0014461656,-0.01354591,0.9572321,0.93999124,0.95723325,-0.99773955,0.9943221,1.9920616894960403,-0.0025556532,1.0632145,-1.7187730272001238,3007812.5,5.1656446e-07,1.8342101e-07,0.9417205236407293,0.0038934335468964703,/content/drive/MyDrive/N-MON/ALTRO/spectograms/LINEAR-WIDE-20/1546.npy,LINEAR-WIDE-20
0.0043089343,0.096963525,0.9587275,0.9416687,0.95873713,-0.9966885,0.99547386,1.9921623915433884,-0.01373613,1.0607378,-1.742249339829715,2460937.5,5.773005e-07,1.8443201e-07,0.9382070546960255,0.006948996158105856,/content/drive/MyDrive/N-MON/ALTRO/spectograms/LINEAR-WIDE-20/1547.npy,LINEAR-WIDE-20
-0.0014095989,0.034037564,0.9631099,0.9485317,0.9631109,-0.9971796,0.9949545,1.9921341836452484,-0.0031776463,1.0523549,-1.784506841637888,-2949218.75,6.427363e-07,1.8489504e-07,0.9359137253273226,0.008418141253417593,/content/drive/MyDrive/N-MON/ALTRO/spectograms/LINEAR-WIDE-20/1548.npy,LINEAR-WIDE-20
-0.029036853,-0.27441487,0.9600201,0.9431524,0.9604592,-0.99696505,0.9951839,1.9921489506959915,0.05590071,1.0630671,-1.7956075521942323,4511718.75,5.7883176e-07,1.8390487e-07,0.9438812904502789,0.009095618569078215,/content/drive/MyDrive/N-MON/ALTRO/spectograms/LINEAR-WIDE-20/1549.npy,LINEAR-WIDE-20
0.011928404,0.11896598,0.9573652,0.938791,0.95743954,-0.9981096,0.99404037,1.992149978876114,-0.028927417,1.0654985,-1.7365155216832877,-3222656.25,6.198142e-07,1.8469126e-07,0.9465915052066184,0.006978406111385226,/content/drive/MyDrive/N-MON/ALTRO/spectograms/LINEAR-WIDE-20/1550.npy,LINEAR-WIDE-20
-0.037244577,-0.3886928,0.9603667,0.94463134,0.96108866,-0.9980539,0.99407816,1.9921320378780365,0.070870586,1.0611601,-1.773786679533017,-4902343.75,6.068743e-07,1.8357933e-07,0.9489513879434881,0.003484515926215006,/content/drive/MyDrive/N-MON/ALTRO/spectograms/LINEAR-WIDE-20/1551.npy,LINEAR-WIDE-20
0.0024325398,0.08963117,0.9619312,0.9467804,0.9619344,-0.996113,0.9959511,1.9920641332864761,-0.01017048,1.0545932,-1.7677699635186663,2617187.5,6.550911e-07,1.8419533e-07,0.9455545792651214,0.0037093990319980084,/content/drive/MyDrive/N-MON/ALTRO/spectograms/LINEAR-WIDE-20/1552.npy,LINEAR-WIDE-20
-0.004342579,-0.015637146,0.9569415,0.93890095,0.9569514,-0.9960307,0.99612325,1.9921539425849915,0.008249367,1.0638942,-1.7106776126944052,-3632812.5,7.1518457e-07,1.8198935e-07,0.9402355994155337,0.002434967440272784,/content/drive/MyDrive/N-MON/ALTRO/spectograms/LINEAR-WIDE-20/1553.npy,LINEAR-WIDE-20
-0.008855558,-0.067273006,0.9610046,0.94502515,0.96104544,-0.9969951,0.995141,1.9921361058950424,0.014274529,1.0573739,-1.7798546968995794,2910156.25,6.366973e-07,1.847818e-07,0.9367425210333643,0.007418195534357535,/content/drive/MyDrive/N-MON/ALTRO/spectograms/LINEAR-WIDE-20/1554.npy,LINEAR-WIDE-20
-0.013890753,-0.1296146,0.9614882,0.94503856,0.9615885,-0.99672985,0.9954371,1.9921669363975525,0.026204057,1.0573033,-1.7964674875421907,-3476562.5,5.047412e-07,1.8473597e-07,0.9374914504289226,0.009533665685538014,/content/drive/MyDrive/N-MON/ALTRO/spectograms/LINEAR-WIDE-20/1555.npy,LINEAR-WIDE-20
-0.0031098565,-0.06754473,0.9621099,0.9466804,0.96211493,-0.9971995,0.99495584,1.9921553134918213,0.0063416306,1.0544978,-1.7728073083578828,-2441406.25,6.0976186e-07,1.838961e-07,0.9425262471625228,0.010117466678700634,/content/drive/MyDrive/N-MON/ALTRO/spectograms/LINEAR-WIDE-20/1556.npy,LINEAR-WIDE-20
-0.00051609037,-0.0075496063,0.96611655,0.9526669,0.9661167,-0.9958056,0.99628615,1.992091804742813,0.00026091668,1.0480294,-1.8398136974486194,2675781.25,5.36286e-07,1.8539615e-07,0.9456562371330222,0.006792546324076749,/content/drive/MyDrive/N-MON/ALTRO/spectograms/LINEAR-WIDE-20/1557.npy,LINEAR-WIDE-20
0.02239342,0.29872656,0.96200716,0.94648075,0.96226776,-0.9983789,0.99375296,1.9921318590641022,-0.05178435,1.0573118,-1.7992936938003876,-2441406.25,5.9647186e-07,1.8422816e-07,0.9475661605263627,0.004189220536825566,/content/drive/MyDrive/N-MON/ALTRO/spectograms/LINEAR-WIDE-20/1558.npy,LINEAR-WIDE-20
-0.018491974,-0.13452786,0.96064997,0.9438663,0.96082795,-0.99780357,0.9943326,1.9921361953020096,0.030652605,1.0590966,-1.7886074663170597,2929687.5,5.4913204e-07,1.8352256e-07,0.9441211668431455,0.0029359309986539007,/content/drive/MyDrive/N-MON/ALTRO/spectograms/LINEAR-WIDE-20/1559.npy,LINEAR-WIDE-20
-0.0033740392,-0.042533487,0.95892745,0.9409843,0.9589334,-0.99560225,0.99653864,1.9921408891677856,0.006987977,1.0627357,-1.7665795399300308,-3789062.5,5.494397e-07,1.8457546e-07,0.9417595853467289,0.0028281624871836896,/content/drive/MyDrive/N-MON/ALTRO/spectograms/LINEAR-WIDE-20/1560.npy,LINEAR-WIDE-20
-0.008511724,-0.04785639,0.95913476,0.9421536,0.9591725,-0.99700606,0.9951533,1.9921593964099884,0.015737336,1.060194,-1.7450029917186909,-4355468.75,6.775071e-07,1.8363178e-07,0.9337811570737091,0.007619553785465421,/content/drive/MyDrive/N-MON/ALTRO/spectograms/LINEAR-WIDE-20/1561.npy,LINEAR-WIDE-20
0.0074920845,0.08207908,0.9614572,0.9461762,0.96148634,-0.99600077,0.9960374,1.9920381903648376,-0.0148149375,1.0556513,-1.7749223452901604,2578125.0,5.5696177e-07,1.8468393e-07,0.9397652492147874,0.011100721218261956,/content/drive/MyDrive/N-MON/ALTRO/spectograms/LINEAR-WIDE-20/1562.npy,LINEAR-WIDE-20
0.023334328,0.26333216,0.9600371,0.9433554,0.96032065,-0.9983487,0.9937906,1.9921393692493439,-0.056311376,1.06114,-1.777953199333638,-3886718.75,6.571971e-07,1.8384813e-07,0.9452970494002486,0.007880200043982653,/content/drive/MyDrive/N-MON/ALTRO/spectograms/LINEAR-WIDE-20/1563.npy,LINEAR-WIDE-20
-0.0036346284,0.00673804,0.9581342,0.941342,0.9581411,-0.9970582,0.9950264,1.9920846372842789,0.0021207947,1.0607429,-1.7195135013589626,-2363281.25,5.3763716e-07,1.8457715e-07,0.9457398018943723,0.004995057799416579,/content/drive/MyDrive/N-MON/ALTRO/spectograms/LINEAR-WIDE-20/1564.npy,LINEAR-WIDE-20
-0.011107824,-0.105400234,0.9616024,0.94526917,0.9616665,-0.9961648,0.99593043,1.9920952916145325,0.021945164,1.0574688,-1.8122014532845345,-3789062.5,5.6446675e-07,1.837531e-07,0.9477050264039294,0.003152447608763898,/content/drive/MyDrive/N-MON/ALTRO/spectograms/LINEAR-WIDE-20/1565.npy,LINEAR-WIDE-20
0.0080510955,0.014809173,0.9630982,0.94696766,0.9631319,-0.99699974,0.995143,1.992142766714096,-0.014626738,1.054864,-1.8207916570990508,3671875.0,6.403064e-07,1.8410331e-07,0.9434002914585831,0.0025342860068434383,/content/drive/MyDrive/N-MON/ALTRO/spectograms/LINEAR-WIDE-20/1566.npy,LINEAR-WIDE-20
-0.0048802337,-0.085860975,0.96234107,0.9469927,0.9623535,-0.9958729,0.996264,1.992136925458908,0.012392844,1.0545003,-1.7814100141156202,-2402343.75,5.5400056e-07,1.841038e-07,0.9391822704733517,0.004714692375702888,/content/drive/MyDrive/N-MON/ALTRO/spectograms/LINEAR-WIDE-20/1567.npy,LINEAR-WIDE-20
0.002136034,-0.020562597,0.96139705,0.94674885,0.9613995,-0.9969595,0.99513984,1.9920993447303772,-0.003791765,1.0546821,-1.7611919050496667,-4785156.25,5.001162e-07,1.8387196e-07,0.9379525749458549,0.009216290436792401,/content/drive/MyDrive/N-MON/ALTRO/spectograms/LINEAR-WIDE-20/1568.npy,LINEAR-WIDE-20
0.0034792095,-0.012148598,0.96056944,0.945632,0.9605757,-0.9963411,0.99577737,1.992118462920189,-0.0033961264,1.0556302,-1.7491246822236308,-2246093.75,6.570506e-07,1.8456666e-07,0.9403350564801157,0.00997315664590337,/content/drive/MyDrive/N-MON/ALTRO/spectograms/LINEAR-WIDE-20/1569.npy,LINEAR-WIDE-20
0.027682347,0.23791447,0.9614172,0.9448839,0.96181566,-0.99614227,0.99580175,1.9919440299272537,-0.055701986,1.0592089,-1.7884023399067257,4726562.5,5.3388425e-07,1.843705e-07,0.9460193911988142,0.006470261986070924,/content/drive/MyDrive/N-MON/ALTRO/spectograms/LINEAR-WIDE-20/1570.npy,LINEAR-WIDE-20
0.0072863307,0.074146226,0.9609672,0.9451372,0.9609948,-0.99611455,0.99601996,1.9921345114707947,-0.014765198,1.0572424,-1.7762718782164006,-2363281.25,5.4424714e-07,1.848912e-07,0.9454883455807566,0.003505733947139874,/content/drive/MyDrive/N-MON/ALTRO/spectograms/LINEAR-WIDE-20/1571.npy,LINEAR-WIDE-20
0.0016047677,-0.046877734,0.9578567,0.94039625,0.957858,-0.995804,0.9963438,1.9921478033065796,0.0011764687,1.0625495,-1.7340968272547423,2480468.75,5.3107544e-07,1.8438433e-07,0.9464999035635099,0.0029763147333463904,/content/drive/MyDrive/N-MON/ALTRO/spectograms/LINEAR-WIDE-20/1572.npy,LINEAR-WIDE-20
-0.006148848,-0.082406655,0.96027744,0.9442972,0.96029717,-0.996561,0.9956046,1.992165595293045,0.011993036,1.0579344,-1.7607558732199842,2929687.5,5.6184933e-07,1.8529015e-07,0.9411664351534967,0.003976626441183515,/content/drive/MyDrive/N-MON/ALTRO/spectograms/LINEAR-WIDE-20/1573.npy,LINEAR-WIDE-20
-0.0043737213,-0.028549971,0.9607616,0.9450632,0.9607716,-0.9974539,0.99465483,1.992108777165413,0.0063715978,1.0565062,-1.7629285085730395,-3203125.0,5.6344885e-07,1.8318498e-07,0.9373009345188738,0.00748217579419196,/content/drive/MyDrive/N-MON/ALTRO/spectograms/LINEAR-WIDE-20/1574.npy,LINEAR-WIDE-20
-0.005718465,-0.0049980753,0.95998067,0.943266,0.9599977,-0.99717563,0.9949897,1.9921653419733047,0.007661636,1.0595852,-1.7765648446624873,-2382812.5,5.175176e-07,1.8409168e-07,0.9393400494360711,0.009735637035008007,/content/drive/MyDrive/N-MON/ALTRO/spectograms/LINEAR-WIDE-20/1575.npy,LINEAR-WIDE-20
-0.01771793,-0.15327255,0.9617287,0.94495654,0.9618919,-0.99707925,0.99507403,1.9921532720327377,0.033114392,1.0581934,-1.7984164174092563,2460937.5,5.981979e-07,1.8473455e-07,0.9443392347845215,0.009600070771388284,/content/drive/MyDrive/N-MON/ALTRO/spectograms/LINEAR-WIDE-20/1576.npy,LINEAR-WIDE-20
0.028236607,0.2523666,0.9616644,0.9454277,0.96207887,-0.9976185,0.9945032,1.9921216815710068,-0.057725143,1.0588229,-1.7851458724678404,3652343.75,5.679771e-07,1.8431405e-07,0.9471936767797091,0.00481518808798025,/content/drive/MyDrive/N-MON/ALTRO/spectograms/LINEAR-WIDE-20/1577.npy,LINEAR-WIDE-20
-0.018307883,-0.1806646,0.960485,0.94427013,0.96065944,-0.9971658,0.9949924,1.9921581745147705,0.032182965,1.0595301,-1.7908009303997166,-2460937.5,6.265221e-07,1.8468148e-07,0.9466620115309794,0.0027030875431019647,/content/drive/MyDrive/N-MON/ALTRO/spectograms/LINEAR-WIDE-20/1578.npy,LINEAR-WIDE-20
-0.016379243,-0.16448838,0.96083075,0.9442984,0.9609704,-0.9963628,0.9957927,1.9921554923057556,0.0329225,1.0583398,-1.768368312176711,4394531.25,6.0655685e-07,1.8336056e-07,0.94306441699507,0.0038695231330936487,/content/drive/MyDrive/N-MON/ALTRO/spectograms/LINEAR-WIDE-20/1579.npy,LINEAR-WIDE-20
0.004408344,0.14305636,0.95972836,0.9436607,0.9597385,-0.99762183,0.9945196,1.9921414256095886,-0.016739575,1.0589403,-1.7562847379271942,2617187.5,6.869867e-07,1.8476908e-07,0.9372052446076167,0.0074111156432923,/content/drive/MyDrive/N-MON/ALTRO/spectograms/LINEAR-WIDE-20/1580.npy,LINEAR-WIDE-20
-0.0017641726,0.045140203,0.95947933,0.9440188,0.959481,-0.99783945,0.99427843,1.9921178817749023,0.00017052177,1.058138,-1.7444782770176677,4707031.25,5.775305e-07,1.8441185e-07,0.9375334272043723,0.009855335716546421,/content/drive/MyDrive/N-MON/ALTRO/spectograms/LINEAR-WIDE-20/1581.npy,LINEAR-WIDE-20
-0.0036698384,-0.04004725,0.9617667,0.9467696,0.9617737,-0.9970109,0.99514973,1.9921605736017227,0.0057942034,1.0553447,-1.7963439887512023,-4199218.75,5.381845e-07,1.8414613e-07,0.941256539242491,0.009943711962894277,/content/drive/MyDrive/N-MON/ALTRO/spectograms/LINEAR-WIDE-20/1582.npy,LINEAR-WIDE-20
0.012237593,0.10551361,0.95586824,0.937215,0.95594656,-0.9959946,0.99615246,1.9921471029520035,-0.022202924,1.0666856,-1.7007580940824447,-4667968.75,5.9267626e-07,1.8311997e-07,0.9455492099884121,0.007110225952326689,/content/drive/MyDrive/N-MON/ALTRO/spectograms/LINEAR-WIDE-20/1583.npy,LINEAR-WIDE-20
-0.02193346,-0.21930361,0.96158546,0.9448357,0.9618355,-0.99661994,0.99547374,1.9920936524868011,0.043060362,1.0590196,-1.7992085062786203,4140625.0,5.2865107e-07,1.8357943e-07,0.9475534255154778,0.0032142958996170504,/content/drive/MyDrive/N-MON/ALTRO/spectograms/LINEAR-WIDE-20/1584.npy,LINEAR-WIDE-20
-0.0031863824,-0.1340982,0.960422,0.9454107,0.9604273,-0.99741566,0.99469006,1.9921057373285294,0.0062604765,1.0567925,-1.761620514528235,-3164062.5,6.035161e-07,1.8425641e-07,0.9459073243653189,0.003995613230741928,/content/drive/MyDrive/N-MON/ALTRO/spectograms/LINEAR-WIDE-20/1585.npy,LINEAR-WIDE-20
-0.013477314,-0.14476636,0.9617751,0.9466664,0.96186954,-0.9963349,0.9957402,1.99207504093647,0.025987467,1.0556823,-1.786901424481455,-2402343.75,5.3632135e-07,1.8432445e-07,0.9423650143926259,0.004137142273880318,/content/drive/MyDrive/N-MON/ALTRO/spectograms/LINEAR-WIDE-20/1586.npy,LINEAR-WIDE-20
0.018676583,0.20229334,0.9628792,0.94729406,0.9630603,-0.99678236,0.9953371,1.99211947619915,-0.03840066,1.0553668,-1.8047069663639725,2714843.75,5.938417e-07,1.8404943e-07,0.9365534457893329,0.006398320155472006,/content/drive/MyDrive/N-MON/ALTRO/spectograms/LINEAR-WIDE-20/1587.npy,LINEAR-WIDE-20
-0.0024858322,-0.00854606,0.9569884,0.93861836,0.95699155,-0.99693906,0.9951446,1.9920836687088013,-0.0003327692,1.0648609,-1.7361680691109138,2460937.5,5.276907e-07,1.8383872e-07,0.9371219036999104,0.010409408863482364,/content/drive/MyDrive/N-MON/ALTRO/spectograms/LINEAR-WIDE-20/1588.npy,LINEAR-WIDE-20
-0.023431022,-0.23531878,0.95537573,0.9365327,0.95566297,-0.99701446,0.99511075,1.9921251982450485,0.050271016,1.0687354,-1.7099869659644586,3613281.25,5.627026e-07,1.8290555e-07,0.9428609532827558,0.009724792123886498,/content/drive/MyDrive/N-MON/ALTRO/spectograms/LINEAR-WIDE-20/1589.npy,LINEAR-WIDE-20
0.011898828,0.13683346,0.9575901,0.93985915,0.957664,-0.9959382,0.9962134,1.9921515583992004,-0.02550119,1.064684,-1.7516066790417784,-4453125.0,5.021166e-07,1.8352367e-07,0.9472126799162075,0.004880919320820311,/content/drive/MyDrive/N-MON/ALTRO/spectograms/LINEAR-WIDE-20/1590.npy,LINEAR-WIDE-20
0.0144323455,0.18678072,0.9594083,0.94221646,0.95951676,-0.9967323,0.9953074,1.9920396953821182,-0.03413565,1.0612917,-1.774962022702135,-2929687.5,5.3559495e-07,1.8368952e-07,0.9462936832983055,0.002680828843783999,/content/drive/MyDrive/N-MON/ALTRO/spectograms/LINEAR-WIDE-20/1591.npy,LINEAR-WIDE-20
4.801464e-05,0.002681139,0.9612683,0.9458021,0.9612683,-0.9971309,0.9949379,1.992068737745285,0.0012684781,1.0554668,-1.7586539508853403,2500000.0,5.573389e-07,1.8438229e-07,0.9447911633559297,0.003643747632925986,/content/drive/MyDrive/N-MON/ALTRO/spectograms/LINEAR-WIDE-20/1592.npy,LINEAR-WIDE-20
-0.025279585,-0.26268864,0.96129364,0.94428116,0.96162593,-0.99699163,0.9951601,1.9921517372131348,0.05025208,1.0598063,-1.7977565857691113,-2890625.0,5.374508e-07,1.841014e-07,0.9390362132383766,0.0028479751907675827,/content/drive/MyDrive/N-MON/ALTRO/spectograms/LINEAR-WIDE-20/1593.npy,LINEAR-WIDE-20
-0.011371343,-0.10975766,0.96278787,0.94709927,0.962855,-0.99631876,0.9957826,1.9921013563871384,0.024423227,1.055453,-1.8167187619802212,-2968750.0,5.243719e-07,1.8440349e-07,0.9368992029206951,0.0078037953217773934,/content/drive/MyDrive/N-MON/ALTRO/spectograms/LINEAR-WIDE-20/1594.npy,LINEAR-WIDE-20
0.00021804238,-0.0006701051,0.9615983,0.9466441,0.96159834,-0.99674046,0.9953424,1.9920828342437744,-0.0011285634,1.055669,-1.7900905920829253,-3164062.5,7.7263167e-07,1.8503405e-07,0.9449020985487661,0.006223114749375756,/content/drive/MyDrive/N-MON/ALTRO/spectograms/LINEAR-WIDE-20/1595.npy,LINEAR-WIDE-20
0.010657307,0.09948529,0.9635657,0.94795644,0.9636247,-0.99818885,0.99395156,1.9921403527259827,-0.022278966,1.0543298,-1.8335817476708212,3183593.75,5.224663e-07,1.84765e-07,0.9440923796034189,0.009209911188027576,/content/drive/MyDrive/N-MON/ALTRO/spectograms/LINEAR-WIDE-20/1596.npy,LINEAR-WIDE-20
0.017694885,0.22553778,0.96012443,0.9436747,0.96028745,-0.9970839,0.99506027,1.9921442121267319,-0.036805402,1.0604664,-1.7853063420396407,2929687.5,5.5031785e-07,1.8410644e-07,0.9465080025208991,0.005269344550686808,/content/drive/MyDrive/N-MON/ALTRO/spectograms/LINEAR-WIDE-20/1597.npy,LINEAR-WIDE-20
-0.01635831,-0.13717285,0.9627172,0.9477659,0.9628562,-0.9962907,0.99578744,1.9920781403779984,0.030446926,1.0547656,-1.8105899403157777,3437500.0,5.943141e-07,1.8454827e-07,0.9469772371130782,0.003175508121106557,/content/drive/MyDrive/N-MON/ALTRO/spectograms/LINEAR-WIDE-20/1598.npy,LINEAR-WIDE-20
-0.019102704,-0.18826619,0.9595417,0.94315743,0.95973176,-0.99677414,0.9953765,1.99215067923069,0.037288066,1.0600297,-1.733707815732948,-4570312.5,6.5440145e-07,1.8397668e-07,0.9446446620849017,0.002873336393249013,/content/drive/MyDrive/N-MON/ALTRO/spectograms/LINEAR-WIDE-20/1599.npy,LINEAR-WIDE-20
0.013393619,0.12032512,0.9596869,0.9427205,0.95978034,-0.9968701,0.99529415,1.99216428399086,-0.027191041,1.0596663,-1.746006225970561,4765625.0,5.817779e-07,1.8408787e-07,0.9379557654294401,0.0045035422515617984,/content/drive/MyDrive/N-MON/ALTRO/spectograms/LINEAR-WIDE-20/1600.npy,LINEAR-WIDE-20
0.0032803917,0.10029335,0.9601346,0.94398475,0.9601402,-0.9974065,0.9947572,1.9921636283397675,-0.010841644,1.0587066,-1.7622277279801575,-2382812.5,7.590609e-07,1.8351079e-07,0.9332577757332463,0.007819084181686902,/content/drive/MyDrive/N-MON/ALTRO/spectograms/LINEAR-WIDE-20/1601.npy,LINEAR-WIDE-20
-0.0030016357,-0.12977433,0.9610807,0.9449883,0.9610853,-0.99700177,0.99514264,1.9921444058418274,0.008156985,1.057221,-1.7837495100212595,3535156.25,6.362256e-07,1.8388027e-07,0.9401286916653577,0.011440871313676373,/content/drive/MyDrive/N-MON/ALTRO/spectograms/LINEAR-WIDE-20/1602.npy,LINEAR-WIDE-20
-0.012663776,-0.093066454,0.9597233,0.9432339,0.9598068,-0.9954024,0.99675167,1.992154061794281,0.025370887,1.0595202,-1.760103431870257,-2500000.0,5.401423e-07,1.8421409e-07,0.9452814409238892,0.00737379725114194,/content/drive/MyDrive/N-MON/ALTRO/spectograms/LINEAR-WIDE-20/1603.npy,LINEAR-WIDE-20
-0.00040278197,0.050238155,0.9609432,0.9453703,0.9609433,-0.9966697,0.99542665,1.9920963943004608,-0.0015243614,1.0574001,-1.7974622378490361,-3437500.0,5.59969e-07,1.8517298e-07,0.9464364059883033,0.004083659014240491,/content/drive/MyDrive/N-MON/ALTRO/spectograms/LINEAR-WIDE-20/1604.npy,LINEAR-WIDE-20
-0.00053506566,0.007451919,0.9632652,0.9489016,0.9632653,-0.9966243,0.99549955,1.9921238422393799,-0.00097159535,1.05186,-1.7886354629781398,3437500.0,4.836203e-07,1.8467804e-07,0.9474880853765577,0.0031347153089476385,/content/drive/MyDrive/N-MON/ALTRO/spectograms/LINEAR-WIDE-20/1605.npy,LINEAR-WIDE-20
-0.004630612,-0.05532881,0.9586436,0.94022506,0.95865476,-0.99672663,0.9953338,1.9920604228973389,0.009893383,1.063191,-1.76882712901534,-3867187.5,5.4208226e-07,1.8323159e-07,0.9414369769441566,0.0038837881819986774,/content/drive/MyDrive/N-MON/ALTRO/spectograms/LINEAR-WIDE-20/1606.npy,LINEAR-WIDE-20
0.00092838285,0.11994423,0.96440095,0.95050025,0.96440136,-0.9971625,0.9949868,1.992149293422699,-0.010006028,1.0498977,-1.8102330242474391,2636718.75,5.910315e-07,1.8515391e-07,0.9368792479109511,0.0071761345447819945,/content/drive/MyDrive/N-MON/ALTRO/spectograms/LINEAR-WIDE-20/1607.npy,LINEAR-WIDE-20
0.002310832,-0.05127576,0.95671743,0.93834215,0.95672023,-0.9964981,0.99562407,1.9921222180128098,-0.00058653456,1.0652024,-1.7167032015402868,-4199218.75,7.0343594e-07,1.8339159e-07,0.9408017280739867,0.006093152241986159,/content/drive/MyDrive/N-MON/ALTRO/spectograms/LINEAR-WIDE-20/1608.npy,LINEAR-WIDE-20
0.009833278,0.16741228,0.9604676,0.9443482,0.9605179,-0.9965528,0.9956128,1.9921656548976898,-0.024738615,1.0584954,-1.7691748105712934,2578125.0,5.6051124e-07,1.8383125e-07,0.9446956353505145,0.008923170994330548,/content/drive/MyDrive/N-MON/ALTRO/spectograms/LINEAR-WIDE-20/1609.npy,LINEAR-WIDE-20
0.008347161,0.027134636,0.96062106,0.94366544,0.9606573,-0.99638873,0.995767,1.9921557158231735,-0.017845154,1.0591329,-1.7797387903709743,-3945312.5,5.904397e-07,1.8351236e-07,0.9480730861416323,0.004587822619003486,/content/drive/MyDrive/N-MON/ALTRO/spectograms/LINEAR-WIDE-20/1610.npy,LINEAR-WIDE-20
0.0007401657,0.095998675,0.95826787,0.94071156,0.9582682,-0.9977881,0.99434227,1.9921303391456604,-0.011015042,1.0615197,-1.7309027061194027,2929687.5,6.8416244e-07,1.838713e-07,0.9469163459663358,0.002822356159008131,/content/drive/MyDrive/N-MON/ALTRO/spectograms/LINEAR-WIDE-20/1611.npy,LINEAR-WIDE-20
-0.018234087,-0.2036561,0.964071,0.9496099,0.9642434,-0.9969054,0.99525005,1.9921554625034332,0.036907557,1.0516667,-1.802705949101995,-2460937.5,5.435095e-07,1.854178e-07,0.946921316619725,0.003417783632716682,/content/drive/MyDrive/N-MON/ALTRO/spectograms/LINEAR-WIDE-20/1612.npy,LINEAR-WIDE-20
-0.004691421,-0.087048456,0.95988727,0.9426773,0.9598987,-0.99724513,0.9949065,1.9921516180038452,0.008700795,1.0605431,-1.7666121113433049,-2539062.5,5.7766914e-07,1.8368294e-07,0.9376206371327946,0.004558027682254761,/content/drive/MyDrive/N-MON/ALTRO/spectograms/LINEAR-WIDE-20/1613.npy,LINEAR-WIDE-20
0.0017079201,0.06531716,0.95841944,0.9408543,0.95842093,-0.9971411,0.9949757,1.9921168237924576,-0.0065155323,1.0619847,-1.744050235167353,4335937.5,5.8292335e-07,1.8411143e-07,0.9375768104009876,0.009348250669542278,/content/drive/MyDrive/N-MON/ALTRO/spectograms/LINEAR-WIDE-20/1614.npy,LINEAR-WIDE-20
-0.0061390693,-0.055781856,0.95893544,0.94158834,0.95895505,-0.9971715,0.99499035,1.9921618103981018,0.010597399,1.0611659,-1.7513225936484427,4570312.5,5.87663e-07,1.8305357e-07,0.9424470257082378,0.009927347951480491,/content/drive/MyDrive/N-MON/ALTRO/spectograms/LINEAR-WIDE-20/1615.npy,LINEAR-WIDE-20
-0.012482791,-0.10809481,0.96218437,0.9470035,0.9622653,-0.9985261,0.9935762,1.9921023398637772,0.019919103,1.0549806,-1.7924071502687309,2460937.5,5.3034114e-07,1.84528e-07,0.9450314755408071,0.006734388107106194,/content/drive/MyDrive/N-MON/ALTRO/spectograms/LINEAR-WIDE-20/1616.npy,LINEAR-WIDE-20
-0.0153995855,-0.19586796,0.96161616,0.94584394,0.9617395,-0.9966221,0.9955418,1.992163896560669,0.031251874,1.0561001,-1.784148770412424,-4101562.5,6.9754736e-07,1.8431638e-07,0.9477914469129566,0.004167930328416751,/content/drive/MyDrive/N-MON/ALTRO/spectograms/LINEAR-WIDE-20/1617.npy,LINEAR-WIDE-20
-0.009848895,-0.1605078,0.9612434,0.94584936,0.9612938,-0.9964054,0.9957491,1.9921545535326004,0.020899778,1.056572,-1.7924905293964175,-2480468.75,5.669877e-07,1.847186e-07,0.9450265431959167,0.0034378595765194022,/content/drive/MyDrive/N-MON/ALTRO/spectograms/LINEAR-WIDE-20/1618.npy,LINEAR-WIDE-20
-0.011009966,-0.09972635,0.9601537,0.94335216,0.9602168,-0.9981241,0.99403006,1.992154210805893,0.015020002,1.0591931,-1.7665350416083527,-4648437.5,5.8648936e-07,1.8426171e-07,0.9399345208936024,0.0052127862134207685,/content/drive/MyDrive/N-MON/ALTRO/spectograms/LINEAR-WIDE-20/1619.npy,LINEAR-WIDE-20
0.005502496,0.10796301,0.95872235,0.94266224,0.95873815,-0.99747986,0.99467623,1.9921561032533646,-0.014781028,1.0596082,-1.7266003894669792,3300781.25,5.660562e-07,1.8473497e-07,0.9367701104842896,0.007991167367515336,/content/drive/MyDrive/N-MON/ALTRO/spectograms/LINEAR-WIDE-20/1620.npy,LINEAR-WIDE-20
0.0044276095,-0.016414192,0.95751435,0.9393126,0.9575246,-0.9969743,0.99517584,1.9921501129865646,-0.005801995,1.0644379,-1.7418574790397818,-3964843.75,6.728297e-07,1.8329762e-07,0.9406781068221657,0.00997198490044626,/content/drive/MyDrive/N-MON/ALTRO/spectograms/LINEAR-WIDE-20/1621.npy,LINEAR-WIDE-20
0.02036963,0.15630123,0.9546742,0.9356672,0.9548915,-0.9960553,0.99608827,1.9921435564756393,-0.04106182,1.0700172,-1.6921331370482247,3554687.5,6.142785e-07,1.831848e-07,0.9472051284958427,0.006131204084310698,/content/drive/MyDrive/N-MON/ALTRO/spectograms/LINEAR-WIDE-20/1622.npy,LINEAR-WIDE-20
0.024953214,0.27591068,0.9601967,0.9436846,0.96052086,-0.9976983,0.99441504,1.9921133667230606,-0.05679125,1.0617331,-1.778712777739819,-3222656.25,5.9125944e-07,1.8490746e-07,0.9469018267427054,0.0040080879049855305,/content/drive/MyDrive/N-MON/ALTRO/spectograms/LINEAR-WIDE-20/1623.npy,LINEAR-WIDE-20
-0.010960242,-0.11687665,0.963,0.9480743,0.9630624,-0.99578154,0.9963725,1.992154061794281,0.020808268,1.0540305,-1.8153544999015028,3652343.75,5.9412497e-07,1.8334492e-07,0.9446756260505703,0.003412104999984774,/content/drive/MyDrive/N-MON/ALTRO/spectograms/LINEAR-WIDE-20/1624.npy,LINEAR-WIDE-20
0.012147087,0.100618646,0.95916283,0.94155335,0.95923966,-0.9969798,0.99514496,1.9921247214078903,-0.027213654,1.0614517,-1.7475825248083414,-2968750.0,6.3095854e-07,1.8461958e-07,0.940011794984754,0.004217756946313984,/content/drive/MyDrive/N-MON/ALTRO/spectograms/LINEAR-WIDE-20/1625.npy,LINEAR-WIDE-20
0.014829647,0.046175733,0.95714754,0.93885803,0.9572624,-0.99679226,0.9953085,1.992100790143013,-0.02839839,1.0648513,-1.74163002963146,4492187.5,6.190863e-07,1.8384122e-07,0.9357652235799595,0.008991180384127516,/content/drive/MyDrive/N-MON/ALTRO/spectograms/LINEAR-WIDE-20/1626.npy,LINEAR-WIDE-20
0.0027830834,0.061600007,0.95637447,0.93795764,0.9563785,-0.996965,0.99515045,1.992115467786789,-0.008912336,1.0660819,-1.7275679496848204,-2382812.5,5.5515255e-07,1.8421596e-07,0.9398225071423407,0.009549472965490767,/content/drive/MyDrive/N-MON/ALTRO/spectograms/LINEAR-WIDE-20/1627.npy,LINEAR-WIDE-20
0.004454318,0.10044578,0.96149987,0.9469691,0.96151024,-0.99715394,0.9949873,1.9921412765979767,-0.011165692,1.0541672,-1.7643831486595698,3476562.5,5.2035836e-07,1.8430474e-07,0.9458067487431804,0.00798597953507245,/content/drive/MyDrive/N-MON/ALTRO/spectograms/LINEAR-WIDE-20/1628.npy,LINEAR-WIDE-20
0.014422527,0.14289546,0.95947653,0.9425671,0.95958495,-0.9977517,0.99430543,1.9920571595430374,-0.030678166,1.0611093,-1.7613020889468818,4882812.5,5.083516e-07,1.8402807e-07,0.9489581591554459,0.004404641919509862,/content/drive/MyDrive/N-MON/ALTRO/spectograms/LINEAR-WIDE-20/1629.npy,LINEAR-WIDE-20
-0.012908173,-0.06001879,0.9598025,0.94268835,0.9598893,-0.9975299,0.99462605,1.992155984044075,0.01990662,1.0593895,-1.755066761150781,-2480468.75,5.921287e-07,1.8430475e-07,0.9452118525974459,0.0031456026382843676,/content/drive/MyDrive/N-MON/ALTRO/spectograms/LINEAR-WIDE-20/1630.npy,LINEAR-WIDE-20
-0.018591981,-0.11495361,0.95786786,0.9391253,0.9580483,-0.99762875,0.99445254,1.9920812845230103,0.030984666,1.065086,-1.7501022699465552,-2402343.75,5.5775513e-07,1.8433367e-07,0.9423272833007892,0.004245441161971307,/content/drive/MyDrive/N-MON/ALTRO/spectograms/LINEAR-WIDE-20/1631.npy,LINEAR-WIDE-20
-0.012952428,-0.17557469,0.9621079,0.9477825,0.96219504,-0.9959535,0.9962059,1.9921593964099884,0.025892787,1.0539815,-1.7674749612515115,2500000.0,5.2897377e-07,1.8385813e-07,0.9365573635220961,0.007932729903750943,/content/drive/MyDrive/N-MON/ALTRO/spectograms/LINEAR-WIDE-20/1632.npy,LINEAR-WIDE-20
-0.017085304,-0.23129234,0.96208936,0.946932,0.9622411,-0.9970484,0.9951125,1.9921608716249466,0.03511609,1.055971,-1.8036865727211728,2460937.5,6.0110597e-07,1.8468185e-07,0.9410406980832515,0.010329392396794018,/content/drive/MyDrive/N-MON/ALTRO/spectograms/LINEAR-WIDE-20/1633.npy,LINEAR-WIDE-20
0.0054483465,0.012276616,0.9583832,0.94153124,0.95839864,-0.9956149,0.9964664,1.9920812994241714,-0.00972842,1.061504,-1.7413203668842139,2910156.25,5.222299e-07,1.8360653e-07,0.9451864021563988,0.00797558048235694,/content/drive/MyDrive/N-MON/ALTRO/spectograms/LINEAR-WIDE-20/1634.npy,LINEAR-WIDE-20
-0.018721119,-0.20708656,0.9603565,0.9431326,0.9605389,-0.9961109,0.9960399,1.9921508431434631,0.03959222,1.060841,-1.783809694992483,2558593.75,5.449468e-07,1.8473952e-07,0.9488215714387502,0.0041804526770077245,/content/drive/MyDrive/N-MON/ALTRO/spectograms/LINEAR-WIDE-20/1635.npy,LINEAR-WIDE-20
-0.008723984,-0.07152666,0.9588125,0.9409112,0.9588521,-0.99725187,0.9948848,1.9921366274356842,0.01543233,1.0625056,-1.763118335077935,3652343.75,5.420048e-07,1.8435396e-07,0.9474112739474111,0.002934756509995531,/content/drive/MyDrive/N-MON/ALTRO/spectograms/LINEAR-WIDE-20/1636.npy,LINEAR-WIDE-20
-0.011613005,-0.11824809,0.9581922,0.9412347,0.95826256,-0.9970637,0.99509615,1.9921598583459854,0.022186773,1.061811,-1.7479951299735508,-3125000.0,5.792891e-07,1.8389044e-07,0.9406850289323845,0.003305628365880152,/content/drive/MyDrive/N-MON/ALTRO/spectograms/LINEAR-WIDE-20/1637.npy,LINEAR-WIDE-20
-0.008093686,-0.03259722,0.9604811,0.9444049,0.9605152,-0.99741894,0.9947439,1.9921628385782242,0.014000794,1.0571785,-1.7565288279558564,3691406.25,6.317348e-07,1.839071e-07,0.9357607100432328,0.008655690273512965,/content/drive/MyDrive/N-MON/ALTRO/spectograms/LINEAR-WIDE-20/1638.npy,LINEAR-WIDE-20
0.006470614,0.011233801,0.95923275,0.94258124,0.95925456,-0.99643004,0.9957341,1.992164134979248,-0.009945312,1.06025,-1.7599654400568137,-2382812.5,5.7630774e-07,1.8436337e-07,0.9394968336436993,0.011348893836264019,/content/drive/MyDrive/N-MON/ALTRO/spectograms/LINEAR-WIDE-20/1639.npy,LINEAR-WIDE-20
-0.00018447304,-0.019741476,0.9590476,0.9419992,0.9590477,-0.99627745,0.99589205,1.9921695291996002,0.0035424968,1.060666,-1.7519434620757581,4335937.5,5.58111e-07,1.8384065e-07,0.9448253949962093,0.007484611061351828,/content/drive/MyDrive/N-MON/ALTRO/spectograms/LINEAR-WIDE-20/1640.npy,LINEAR-WIDE-20
-0.025003728,-0.22656366,0.9629194,0.94721925,0.963244,-0.9959245,0.99617994,1.992104411125183,0.049761727,1.0568043,-1.8149265298300155,3867187.5,5.0720377e-07,1.844814e-07,0.9480543176746572,0.003615668659119697,/content/drive/MyDrive/N-MON/ALTRO/spectograms/LINEAR-WIDE-20/1641.npy,LINEAR-WIDE-20
0.012480634,0.16380101,0.9602464,0.94311,0.9603275,-0.99634266,0.9958087,1.9921514093875885,-0.030173829,1.0602877,-1.788602676206157,-4667968.75,5.630081e-07,1.8317309e-07,0.9424186665132815,0.0032577690270162735,/content/drive/MyDrive/N-MON/ALTRO/spectograms/LINEAR-WIDE-20/1642.npy,LINEAR-WIDE-20
0.0141706625,0.2445252,0.96044147,0.944082,0.960546,-0.99747115,0.9946232,1.9920942932367325,-0.036807112,1.0588179,-1.7682839235372179,2480468.75,5.5389165e-07,1.8429091e-07,0.9400883156752564,0.004018311993249228,/content/drive/MyDrive/N-MON/ALTRO/spectograms/LINEAR-WIDE-20/1643.npy,LINEAR-WIDE-20
0.01250066,0.18551373,0.96223116,0.946985,0.96231234,-0.99803245,0.99411225,1.99214468896389,-0.032807644,1.055046,-1.7791070404205727,3867187.5,5.7189374e-07,1.8378068e-07,0.9378423142038995,0.008533452799614663,/content/drive/MyDrive/N-MON/ALTRO/spectograms/LINEAR-WIDE-20/1644.npy,LINEAR-WIDE-20
-0.0008801508,0.053742237,0.9596827,0.94303757,0.9596832,-0.9969279,0.99521077,1.9921387135982513,-0.0038609586,1.0604231,-1.7830216786536826,2890625.0,6.1495274e-07,1.8325412e-07,0.9424746179706532,0.009814546696225366,/content/drive/MyDrive/N-MON/ALTRO/spectograms/LINEAR-WIDE-20/1645.npy,LINEAR-WIDE-20
0.022237346,0.29491642,0.9612205,0.94554347,0.9614777,-0.99761236,0.994542,1.9921543598175049,-0.050647035,1.0581418,-1.7832883739616234,-3886718.75,6.3901496e-07,1.83585e-07,0.9465527828123128,0.007995913481112202,/content/drive/MyDrive/N-MON/ALTRO/spectograms/LINEAR-WIDE-20/1646.npy,LINEAR-WIDE-20
0.022175668,0.24228403,0.95922744,0.94278383,0.9594838,-0.9960542,0.9961094,1.9921636134386063,-0.043860406,1.0619137,-1.765887878426992,3476562.5,5.882657e-07,1.8424514e-07,0.9461473000759726,0.003537454963251177,/content/drive/MyDrive/N-MON/ALTRO/spectograms/LINEAR-WIDE-20/1647.npy,LINEAR-WIDE-20
0.0059661744,0.10014758,0.9658859,0.9530247,0.96590436,-0.9973699,0.9947534,1.9921232908964157,-0.01508552,1.047798,-1.830887360272554,-3789062.5,5.7854515e-07,1.847551e-07,0.9460261357488435,0.004389345353099089,/content/drive/MyDrive/N-MON/ALTRO/spectograms/LINEAR-WIDE-20/1648.npy,LINEAR-WIDE-20
-0.0034930124,-0.024386086,0.96161246,0.9460552,0.9616188,-0.99698174,0.99517316,1.9921549260616302,0.0031644742,1.0558767,-1.7922851594129254,-2539062.5,5.9111073e-07,1.8352313e-07,0.9401251219899384,0.0035055872651822387,/content/drive/MyDrive/N-MON/ALTRO/spectograms/LINEAR-WIDE-20/1649.npy,LINEAR-WIDE-20
-0.024405593,-0.16095415,0.9546525,0.93529016,0.9549644,-0.99687725,0.99526256,1.9921398311853409,0.043097977,1.0713246,-1.7133804562464514,-2519531.25,5.880032e-07,1.8368723e-07,0.9353136658325276,0.008751653717345717,/content/drive/MyDrive/N-MON/ALTRO/spectograms/LINEAR-WIDE-20/1650.npy,LINEAR-WIDE-20
-0.017948365,-0.19108959,0.9580088,0.94041884,0.958177,-0.9957842,0.9963231,1.9921073764562607,0.036588386,1.0646757,-1.7561298960152245,-3027343.75,4.995122e-07,1.8399095e-07,0.9422529349999116,0.00997351013675345,/content/drive/MyDrive/N-MON/ALTRO/spectograms/LINEAR-WIDE-20/1651.npy,LINEAR-WIDE-20
0.012164904,0.17203486,0.9599546,0.94386786,0.96003175,-0.99594,0.9961865,1.9921264946460724,-0.024486927,1.059225,-1.7654869822029167,4375000.0,5.6945197e-07,1.8403587e-07,0.9453821198740362,0.007031864116672729,/content/drive/MyDrive/N-MON/ALTRO/spectograms/LINEAR-WIDE-20/1652.npy,LINEAR-WIDE-20
-0.013607276,-0.10721136,0.9617358,0.9456475,0.961832,-0.99781376,0.99433804,1.9921518415212631,0.02341622,1.0561526,-1.7778452279030017,-2988281.25,6.0824993e-07,1.8467458e-07,0.9481298542074522,0.003886000145790172,/content/drive/MyDrive/N-MON/ALTRO/spectograms/LINEAR-WIDE-20/1653.npy,LINEAR-WIDE-20
-0.0004221425,0.0024583787,0.9652351,0.9506788,0.9652352,-0.99751574,0.99454784,1.9920636117458344,-0.002528044,1.0503827,-1.848105121015012,4375000.0,6.878536e-07,1.8438766e-07,0.9455159271342035,0.002675997743750156,/content/drive/MyDrive/N-MON/ALTRO/spectograms/LINEAR-WIDE-20/1654.npy,LINEAR-WIDE-20
0.005800622,0.088865206,0.96121645,0.94523245,0.9612339,-0.99711037,0.9950029,1.9921132922172546,-0.015674524,1.0573504,-1.7890603809355066,-2343750.0,6.2179333e-07,1.8412018e-07,0.9407351219795792,0.004795527843321204,/content/drive/MyDrive/N-MON/ALTRO/spectograms/LINEAR-WIDE-20/1655.npy,LINEAR-WIDE-20
0.015616084,0.14027885,0.9601707,0.94386524,0.96029764,-0.99643433,0.995709,1.9921433478593826,-0.030651288,1.0593568,-1.7724422066473615,-4199218.75,6.6338526e-07,1.8452795e-07,0.9387415820815286,0.009051848634655265,/content/drive/MyDrive/N-MON/ALTRO/spectograms/LINEAR-WIDE-20/1656.npy,LINEAR-WIDE-20
0.009497579,0.1786029,0.96190757,0.94722056,0.96195453,-0.9971691,0.99498034,1.9921494126319885,-0.023969917,1.0537374,-1.7617874054358869,2578125.0,5.414142e-07,1.8438863e-07,0.9411019575431623,0.010308940058140368,/content/drive/MyDrive/N-MON/ALTRO/spectograms/LINEAR-WIDE-20/1657.npy,LINEAR-WIDE-20
-0.01824547,-0.1384758,0.9572098,0.9389418,0.9573837,-0.99790823,0.99423426,1.9921424835920334,0.03473026,1.0653532,-1.7233581135718554,-4589843.75,5.5325376e-07,1.8395657e-07,0.9480164077071798,0.005462042872404859,/content/drive/MyDrive/N-MON/ALTRO/spectograms/LINEAR-WIDE-20/1658.npy,LINEAR-WIDE-20
0.008318208,0.1476417,0.9625906,0.947042,0.9626265,-0.99677527,0.995292,1.9920673072338104,-0.020868668,1.0552262,-1.8074308909199825,2773437.5,5.598977e-07,1.8482311e-07,0.947314260551295,0.004156089151364479,/content/drive/MyDrive/N-MON/ALTRO/spectograms/LINEAR-WIDE-20/1659.npy,LINEAR-WIDE-20
0.0125859035,0.10210644,0.9576077,0.93926436,0.9576904,-0.99552995,0.9966152,1.992145135998726,-0.02303339,1.064348,-1.745342886375281,-3144531.25,6.381916e-07,1.836735e-07,0.9451506228809496,0.002545106993234769,/content/drive/MyDrive/N-MON/ALTRO/spectograms/LINEAR-WIDE-20/1660.npy,LINEAR-WIDE-20
-0.0008236999,-0.005732432,0.9572587,0.93989503,0.957259,-0.9978544,0.9942554,1.9921098351478577,1.8384668e-05,1.0631332,-1.7157973203703742,3457031.25,6.185584e-07,1.8385579e-07,0.9411393286782949,0.003776272754004258,/content/drive/MyDrive/N-MON/ALTRO/spectograms/LINEAR-WIDE-20/1661.npy,LINEAR-WIDE-20
0.009285688,0.12750974,0.9578941,0.94007164,0.95793915,-0.99725044,0.9949025,1.9921529442071915,-0.024269082,1.0633869,-1.7301139451446244,-2949218.75,5.698117e-07,1.8372529e-07,0.939832966273335,0.00930638266006036,/content/drive/MyDrive/N-MON/ALTRO/spectograms/LINEAR-WIDE-20/1662.npy,LINEAR-WIDE-20
0.014930261,0.26204762,0.9599945,0.9440768,0.96011055,-0.9957142,0.9964101,1.992124229669571,-0.033359595,1.0596057,-1.7806263640178364,-2441406.25,6.213953e-07,1.8252962e-07,0.9417297195964689,0.009155893651904059,/content/drive/MyDrive/N-MON/ALTRO/spectograms/LINEAR-WIDE-20/1663.npy,LINEAR-WIDE-20
-0.005380717,-0.024707228,0.9609693,0.94335425,0.9609844,-0.9974072,0.99474055,1.9921477288007736,0.0073418897,1.0595417,-1.8173681975357499,-2363281.25,6.629572e-07,1.8299338e-07,0.9450824844310349,0.007809222385969934,/content/drive/MyDrive/N-MON/ALTRO/spectograms/LINEAR-WIDE-20/1664.npy,LINEAR-WIDE-20
-0.0074625392,-0.035452828,0.961014,0.94385844,0.961043,-0.9963445,0.9958134,1.9921579360961914,0.014251885,1.0585275,-1.7894688882126826,4453125.0,6.021638e-07,1.8454023e-07,0.9445310094382057,0.0034251789803335857,/content/drive/MyDrive/N-MON/ALTRO/spectograms/LINEAR-WIDE-20/1665.npy,LINEAR-WIDE-20
0.017566368,0.14001139,0.9583963,0.9405902,0.95855737,-0.9967844,0.99537253,1.9921569228172302,-0.037670765,1.0636405,-1.7453013375695268,-3417968.75,5.5246267e-07,1.8372961e-07,0.943249107225492,0.0030245872132041896,/content/drive/MyDrive/N-MON/ALTRO/spectograms/LINEAR-WIDE-20/1666.npy,LINEAR-WIDE-20
-0.0075456775,-0.12989768,0.9600708,0.9434521,0.9601005,-0.9970271,0.9951344,1.992161512374878,0.016886398,1.0592647,-1.7716447212827442,3046875.0,5.3129025e-07,1.8398282e-07,0.9417116101972607,0.003942105849404198,/content/drive/MyDrive/N-MON/ALTRO/spectograms/LINEAR-WIDE-20/1667.npy,LINEAR-WIDE-20
-0.009288675,-0.094080254,0.95615065,0.93728113,0.9561957,-0.99641347,0.99574256,1.9921560138463974,0.017273083,1.0671258,-1.7153859626029206,4218750.0,5.1517526e-07,1.8352983e-07,0.9366593668246371,0.008980732422100776,/content/drive/MyDrive/N-MON/ALTRO/spectograms/LINEAR-WIDE-20/1668.npy,LINEAR-WIDE-20
-0.005223377,-0.074747734,0.96428186,0.9496328,0.96429604,-0.99666953,0.99548304,1.9921525716781616,0.0068434053,1.0508633,-1.822399687792201,-3808593.75,5.384973e-07,1.8439566e-07,0.9413832617989963,0.00890938977592246,/content/drive/MyDrive/N-MON/ALTRO/spectograms/LINEAR-WIDE-20/1669.npy,LINEAR-WIDE-20
0.016568149,0.13819593,0.95905936,0.9429439,0.95920247,-0.9984105,0.99372476,1.992135301232338,-0.03479754,1.0610193,-1.7543904019631251,2910156.25,7.964101e-07,1.8316712e-07,0.9462216435098239,0.006679287089348561,/content/drive/MyDrive/N-MON/ALTRO/spectograms/LINEAR-WIDE-20/1670.npy,LINEAR-WIDE-20
0.029007062,0.29575413,0.95794845,0.93998104,0.95838755,-0.99708587,0.99501854,1.9921044409275055,-0.060870904,1.0657454,-1.7467241656760397,-3222656.25,5.9040804e-07,1.843386e-07,0.9471587479514768,0.0033930996574766253,/content/drive/MyDrive/N-MON/ALTRO/spectograms/LINEAR-WIDE-20/1671.npy,LINEAR-WIDE-20
-0.00092143676,-0.023178715,0.9618342,0.9458691,0.9618346,-0.99578005,0.99632424,1.9921043068170547,0.003278275,1.056263,-1.7990027961026824,3593750.0,5.273526e-07,1.8436575e-07,0.9444627237401304,0.0031209146933942264,/content/drive/MyDrive/N-MON/ALTRO/spectograms/LINEAR-WIDE-20/1672.npy,LINEAR-WIDE-20
-0.004744426,-0.07030474,0.9595017,0.94315886,0.9595134,-0.99608946,0.9959876,1.9920770674943924,0.010109503,1.0595964,-1.7648246413363335,-2910156.25,5.703657e-07,1.8390043e-07,0.9377470093154545,0.005539861635326158,/content/drive/MyDrive/N-MON/ALTRO/spectograms/LINEAR-WIDE-20/1673.npy,LINEAR-WIDE-20
0.01090435,0.1319584,0.9604252,0.9443428,0.9604871,-0.9967898,0.995358,1.9921477884054184,-0.023557179,1.0585264,-1.7690212015783555,3691406.25,6.3736087e-07,1.8422955e-07,0.9369574091901007,0.00975582588406943,/content/drive/MyDrive/N-MON/ALTRO/spectograms/LINEAR-WIDE-20/1674.npy,LINEAR-WIDE-20
-0.018306732,-0.20416653,0.96120685,0.94537437,0.9613812,-0.9969966,0.9951457,1.9921422600746155,0.03773412,1.0564611,-1.763042681995053,-2382812.5,6.6393545e-07,1.8471519e-07,0.944176793964522,0.007931710780194577,/content/drive/MyDrive/N-MON/ALTRO/spectograms/LINEAR-WIDE-20/1675.npy,LINEAR-WIDE-20
0.016914662,0.21359083,0.9627325,0.9476685,0.9628811,-0.9970484,0.9950881,1.992136538028717,-0.037500087,1.0544331,-1.7865995123033074,4375000.0,5.7569747e-07,1.8458562e-07,0.9451069796244629,0.006213002796437576,/content/drive/MyDrive/N-MON/ALTRO/spectograms/LINEAR-WIDE-20/1676.npy,LINEAR-WIDE-20
-0.016916418,-0.10795781,0.95754284,0.9403335,0.9576922,-0.99837166,0.99378127,1.9921529442071915,0.028683016,1.0622945,-1.7151606704214146,-2285156.25,5.4952864e-07,1.8380813e-07,0.9476063074719933,0.002578009537454984,/content/drive/MyDrive/N-MON/ALTRO/spectograms/LINEAR-WIDE-20/1677.npy,LINEAR-WIDE-20
0.010067402,0.17906988,0.96101433,0.9466229,0.9610671,-0.9966933,0.99546534,1.99215866625309,-0.02375085,1.0556117,-1.7657278739073237,-4667968.75,5.734828e-07,1.8418845e-07,0.9429520060112204,0.0030166998856355444,/content/drive/MyDrive/N-MON/ALTRO/spectograms/LINEAR-WIDE-20/1678.npy,LINEAR-WIDE-20
-0.009707515,-0.12156356,0.9643073,0.94865346,0.9643561,-0.996528,0.99562925,1.9921573102474213,0.020660002,1.0536877,-1.8401327447630458,2636718.75,5.9367716e-07,1.8355283e-07,0.9376310678324236,0.005705931519208903,/content/drive/MyDrive/N-MON/ALTRO/spectograms/LINEAR-WIDE-20/1679.npy,LINEAR-WIDE-20
0.002506589,0.11284621,0.96051145,0.94467825,0.9605148,-0.9965588,0.99553645,1.992095246911049,-0.007674592,1.0577587,-1.770527121094933,-4628906.25,5.75652e-07,1.8398994e-07,0.9397349464793661,0.010191367266176742,/content/drive/MyDrive/N-MON/ALTRO/spectograms/LINEAR-WIDE-20/1680.npy,LINEAR-WIDE-20
-0.0040013636,-0.074036956,0.96116436,0.94545805,0.96117276,-0.9960005,0.9961588,1.9921593070030212,0.0070200404,1.0567364,-1.787381082868474,3906250.0,6.052369e-07,1.8580768e-07,0.944447085638813,0.008270521504721028,/content/drive/MyDrive/N-MON/ALTRO/spectograms/LINEAR-WIDE-20/1681.npy,LINEAR-WIDE-20
0.003469575,0.01064913,0.95809406,0.94025344,0.9581004,-0.99709487,0.9950428,1.992137685418129,-0.007688009,1.0636822,-1.752311851505768,2500000.0,5.728212e-07,1.8419837e-07,0.9476610562460545,0.0038512575468045186,/content/drive/MyDrive/N-MON/ALTRO/spectograms/LINEAR-WIDE-20/1682.npy,LINEAR-WIDE-20
-0.013882515,-0.14375621,0.9610393,0.9458025,0.9611396,-0.99544466,0.996709,1.9921536296606064,0.027255923,1.056071,-1.7634694170263503,3671875.0,5.247452e-07,1.8457246e-07,0.9438718117978755,0.0032518864633711004,/content/drive/MyDrive/N-MON/ALTRO/spectograms/LINEAR-WIDE-20/1683.npy,LINEAR-WIDE-20
-0.0047654114,-0.029428722,0.95944756,0.94288564,0.95945936,-0.9982531,0.99390566,1.9921587258577347,0.0040106564,1.0603049,-1.7644604190432853,-3847656.25,7.0258136e-07,1.843782e-07,0.9419233297340828,0.004524986690784838,/content/drive/MyDrive/N-MON/ALTRO/spectograms/LINEAR-WIDE-20/1684.npy,LINEAR-WIDE-20
-0.003083315,-0.07997857,0.9627561,0.9485448,0.96276104,-0.99780667,0.9942776,1.9920842945575714,0.0060533653,1.0523695,-1.774095583588472,3671875.0,7.1286166e-07,1.8449185e-07,0.9375491895234602,0.008505550407605481,/content/drive/MyDrive/N-MON/ALTRO/spectograms/LINEAR-WIDE-20/1685.npy,LINEAR-WIDE-20
-0.020085167,-0.1411376,0.9602773,0.94225025,0.96048737,-0.9965595,0.99559987,1.9921593368053436,0.04045612,1.06143,-1.7793031404696082,2460937.5,5.5433975e-07,1.8388104e-07,0.9434087261439881,0.00973949876428003,/content/drive/MyDrive/N-MON/ALTRO/spectograms/LINEAR-WIDE-20/1686.npy,LINEAR-WIDE-20
0.021998096,0.26319242,0.9611705,0.9450992,0.9614222,-0.9984356,0.99366164,1.9920972734689713,-0.051370148,1.0592057,-1.7859450055867907,4414062.5,6.080331e-07,1.8313295e-07,0.9460446323726963,0.0063984078822120075,/content/drive/MyDrive/N-MON/ALTRO/spectograms/LINEAR-WIDE-20/1687.npy,LINEAR-WIDE-20
0.02318613,0.24762918,0.9568457,0.93779737,0.9571266,-0.9983319,0.9938233,1.9921551942825317,-0.053319987,1.0677073,-1.7405827696746343,-2363281.25,6.2873045e-07,1.8307955e-07,0.9473972871389014,0.0031246927252401996,/content/drive/MyDrive/N-MON/ALTRO/spectograms/LINEAR-WIDE-20/1688.npy,LINEAR-WIDE-20
-0.021606388,-0.17406097,0.95825076,0.9407866,0.9584943,-0.99812996,0.9939589,1.9920888096094131,0.038055316,1.0639422,-1.7623968122226847,-4746093.75,5.427539e-07,1.8376588e-07,0.943517910274162,0.003335831806433399,/content/drive/MyDrive/N-MON/ALTRO/spectograms/LINEAR-WIDE-20/1689.npy,LINEAR-WIDE-20
-0.021754716,-0.23566084,0.96407646,0.94989574,0.96432185,-0.9972826,0.99487275,1.9921553879976273,0.040403325,1.0522186,-1.811665396169784,2617187.5,6.0770356e-07,1.8501099e-07,0.9380407854312327,0.007526768393968151,/content/drive/MyDrive/N-MON/ALTRO/spectograms/LINEAR-WIDE-20/1690.npy,LINEAR-WIDE-20
0.0022748786,0.034450263,0.958796,0.9421869,0.9587987,-0.9966877,0.99545705,1.9921447932720184,-0.0053027608,1.0602685,-1.7436410952110049,3242187.5,7.5591885e-07,1.8443129e-07,0.9355748480759809,0.009091111804878881,/content/drive/MyDrive/N-MON/ALTRO/spectograms/LINEAR-WIDE-20/1691.npy,LINEAR-WIDE-20
0.014415167,0.210466,0.95921385,0.94313866,0.9593221,-0.9967027,0.99543536,1.9921380281448364,-0.032515544,1.0601817,-1.7435589467100796,3457031.25,5.9874486e-07,1.8307904e-07,0.944264457642369,0.008662529156690957,/content/drive/MyDrive/N-MON/ALTRO/spectograms/LINEAR-WIDE-20/1692.npy,LINEAR-WIDE-20
0.008946997,0.054944653,0.9608629,0.9446155,0.96090454,-0.99583185,0.9963232,1.9921550750732422,-0.015867973,1.0581706,-1.7761421803445006,-3964843.75,5.961208e-07,1.8352144e-07,0.9462734753600306,0.003930386780654893,/content/drive/MyDrive/N-MON/ALTRO/spectograms/LINEAR-WIDE-20/1693.npy,LINEAR-WIDE-20
-0.0019105396,0.06801224,0.957206,0.939364,0.9572079,-0.9983378,0.9937805,1.9921182841062546,-0.00597664,1.0645205,-1.7347841470802507,3496093.75,6.1425e-07,1.8342567e-07,0.9395352364986717,0.007648666597077629,/content/drive/MyDrive/N-MON/ALTRO/spectograms/LINEAR-WIDE-20/1694.npy,LINEAR-WIDE-20
0.004760479,0.1291121,0.9591066,0.9434186,0.9591185,-0.99592745,0.9961973,1.9921247363090515,-0.014977405,1.0588791,-1.7415097261549397,-3125000.0,5.6818953e-07,1.8393516e-07,0.938750835216607,0.004345019850773949,/content/drive/MyDrive/N-MON/ALTRO/spectograms/LINEAR-WIDE-20/1695.npy,LINEAR-WIDE-20
0.0021278553,-0.0057789832,0.95818067,0.9395608,0.958183,-0.99787337,0.9941992,1.992072582244873,-0.0068256254,1.0643412,-1.7592804445986856,3691406.25,5.6407794e-07,1.835694e-07,0.9378975490530831,0.009340165305440472,/content/drive/MyDrive/N-MON/ALTRO/spectograms/LINEAR-WIDE-20/1696.npy,LINEAR-WIDE-20
-0.014536221,-0.15832525,0.9610809,0.94500744,0.9611908,-0.998288,0.9938628,1.9921508133411407,0.026866257,1.0563816,-1.7549747782173226,-3535156.25,5.7556247e-07,1.8398543e-07,0.943270728101979,0.009070630038504387,/content/drive/MyDrive/N-MON/ALTRO/spectograms/LINEAR-WIDE-20/1697.npy,LINEAR-WIDE-20
-0.03302325,-0.453567,0.9640848,0.9491251,0.96465015,-0.99642473,0.9956877,1.9921124577522278,0.0715377,1.0558112,-1.8346990138604522,4589843.75,6.262631e-07,1.8397462e-07,0.945505678067249,0.006830206866801644,/content/drive/MyDrive/N-MON/ALTRO/spectograms/LINEAR-WIDE-20/1698.npy,LINEAR-WIDE-20
-0.007720607,-0.069787815,0.96335804,0.9477146,0.963389,-0.9954893,0.99665844,1.992147758603096,0.016313087,1.0539783,-1.8122819875269756,-2285156.25,5.851666e-07,1.8338541e-07,0.9451808726669679,0.0034384553231186967,/content/drive/MyDrive/N-MON/ALTRO/spectograms/LINEAR-WIDE-20/1699.npy,LINEAR-WIDE-20
0.005110572,0.06542201,0.96215665,0.9464095,0.9621702,-0.99704385,0.9951205,1.9921644032001495,-0.013720644,1.055817,-1.8131551221918196,4472656.25,6.9612497e-07,1.8468245e-07,0.9346752883861811,0.006177529119101301,/content/drive/MyDrive/N-MON/ALTRO/spectograms/LINEAR-WIDE-20/1700.npy,LINEAR-WIDE-20
0.0026760835,-0.023015818,0.96098274,0.94495136,0.96098644,-0.99571186,0.99645525,1.9921671450138092,-0.0007738203,1.0576947,-1.7809941878812598,-3457031.25,6.0632647e-07,1.8459312e-07,0.9423841441027472,0.00962884084850232,/content/drive/MyDrive/N-MON/ALTRO/spectograms/LINEAR-WIDE-20/1701.npy,LINEAR-WIDE-20
-0.01077839,-0.05727243,0.96055984,0.94407994,0.9606203,-0.9985721,0.99357724,1.9921493828296661,0.015787842,1.0581678,-1.7688753485780133,-3242187.5,6.053711e-07,1.8405497e-07,0.9473381830651317,0.006632531287810462,/content/drive/MyDrive/N-MON/ALTRO/spectograms/LINEAR-WIDE-20/1702.npy,LINEAR-WIDE-20
-0.0022298135,0.018196668,0.9598106,0.94241965,0.95981324,-0.9974548,0.9946874,1.9921422004699707,-0.00077065435,1.0597037,-1.7538554221114115,4472656.25,6.4869334e-07,1.8432914e-07,0.9414450806763088,0.003049758376033618,/content/drive/MyDrive/N-MON/ALTRO/spectograms/LINEAR-WIDE-20/1703.npy,LINEAR-WIDE-20
0.0023839164,-0.025351226,0.96170014,0.9464837,0.96170306,-0.99785656,0.99429387,1.9921504259109497,-0.0053875134,1.0555649,-1.786612339646535,4238281.25,5.2228773e-07,1.8523666e-07,0.9376267058256611,0.010585175385744603,/content/drive/MyDrive/N-MON/ALTRO/spectograms/LINEAR-WIDE-20/1704.npy,LINEAR-WIDE-20
-0.008468398,-0.02223754,0.95797265,0.93973136,0.9580101,-0.9988002,0.99335474,1.9921549409627914,0.012627259,1.0639575,-1.742041572145639,-2500000.0,6.232625e-07,1.8361713e-07,0.9453464990393207,0.005965027101735579,/content/drive/MyDrive/N-MON/ALTRO/spectograms/LINEAR-WIDE-20/1705.npy,LINEAR-WIDE-20
-0.021497406,-0.262086,0.959817,0.94339687,0.9600577,-0.99647045,0.99566925,1.9921396970748901,0.0428768,1.060352,-1.7692842474296298,4316406.25,6.105063e-07,1.8403807e-07,0.9450925851985738,0.003211330788450622,/content/drive/MyDrive/N-MON/ALTRO/spectograms/LINEAR-WIDE-20/1706.npy,LINEAR-WIDE-20
-0.0054069995,-0.017375313,0.96076626,0.9439596,0.9607815,-0.9976955,0.9944667,1.9921622276306152,0.007600584,1.0587208,-1.7977462473494301,-2402343.75,5.5082774e-07,1.8466184e-07,0.9427806091961486,0.0025717462465209536,/content/drive/MyDrive/N-MON/ALTRO/spectograms/LINEAR-WIDE-20/1707.npy,LINEAR-WIDE-20
0.0066283466,0.12025307,0.9629707,0.94732606,0.9629935,-0.9969094,0.9952435,1.9921528846025467,-0.017938267,1.0551074,-1.819985850319113,4472656.25,7.3104e-07,1.8358642e-07,0.9384571566162002,0.006450055528290933,/content/drive/MyDrive/N-MON/ALTRO/spectograms/LINEAR-WIDE-20/1708.npy,LINEAR-WIDE-20
-0.004594759,-0.12874785,0.95837605,0.9415704,0.958387,-0.9959373,0.99620944,1.9921467304229736,0.012175123,1.0614911,-1.7323292189119501,-2402343.75,5.7306954e-07,1.8430882e-07,0.9391206618029402,0.010304694813823569,/content/drive/MyDrive/N-MON/ALTRO/spectograms/LINEAR-WIDE-20/1709.npy,LINEAR-WIDE-20
0.00023616504,-0.035981856,0.9580267,0.9410125,0.9580267,-0.99685264,0.9952591,1.992111712694168,-0.0006836718,1.062054,-1.734929052561503,-4687500.0,5.790903e-07,1.8380912e-07,0.9444089875797872,0.008917691255864703,/content/drive/MyDrive/N-MON/ALTRO/spectograms/LINEAR-WIDE-20/1710.npy,LINEAR-WIDE-20
0.01537334,0.17926785,0.95974636,0.9431588,0.9598695,-0.9964406,0.9957069,1.992147535085678,-0.03318267,1.0602689,-1.7608187233709842,2617187.5,6.011904e-07,1.842936e-07,0.9456495910715118,0.004095625795828707,/content/drive/MyDrive/N-MON/ALTRO/spectograms/LINEAR-WIDE-20/1711.npy,LINEAR-WIDE-20
-0.028685886,-0.25830048,0.9565054,0.9384011,0.95693547,-0.9965621,0.9955532,1.9921153038740158,0.057243228,1.0671047,-1.7220444445905205,-4648437.5,5.6382794e-07,1.8521658e-07,0.9456718414758779,0.0029663192327689584,/content/drive/MyDrive/N-MON/ALTRO/spectograms/LINEAR-WIDE-20/1712.npy,LINEAR-WIDE-20
0.006496,0.023863956,0.9646483,0.9504313,0.9646702,-0.9955489,0.99649847,1.9920473545789719,-0.010598682,1.0509402,-1.8349073182789024,2714843.75,5.9280745e-07,1.8543628e-07,0.9418193304347586,0.0034616250372590876,/content/drive/MyDrive/N-MON/ALTRO/spectograms/LINEAR-WIDE-20/1713.npy,LINEAR-WIDE-20
0.0213775,0.27427062,0.95879126,0.94231725,0.95902956,-0.99531686,0.9968329,1.9921497851610184,-0.046809226,1.0613937,-1.7357598382021024,-3847656.25,6.280556e-07,1.8439378e-07,0.9358394723464608,0.010136030034184038,/content/drive/MyDrive/N-MON/ALTRO/spectograms/LINEAR-WIDE-20/1714.npy,LINEAR-WIDE-20
0.025324332,0.29123217,0.96030235,0.9441655,0.96063626,-0.997619,0.9945084,1.992127388715744,-0.05718271,1.0605081,-1.7646589157208707,2910156.25,5.581211e-07,1.8470723e-07,0.9409264078575315,0.010264920822704337,/content/drive/MyDrive/N-MON/ALTRO/spectograms/LINEAR-WIDE-20/1715.npy,LINEAR-WIDE-20
0.010476267,0.1397627,0.956018,0.93723595,0.9560754,-0.996968,0.99519414,1.9921621084213257,-0.024481684,1.0674418,-1.7120256398186087,-3007812.5,6.5059993e-07,1.8340047e-07,0.946671894530386,0.004408232237768377,/content/drive/MyDrive/N-MON/ALTRO/spectograms/LINEAR-WIDE-20/1716.npy,LINEAR-WIDE-20
-0.009183498,-0.09268279,0.96436745,0.9492179,0.96441114,-0.99509436,0.9970679,1.9921623021364212,0.0193663,1.052737,-1.8479564909818793,3652343.75,7.2707763e-07,1.8364135e-07,0.9451783779629038,0.0029336240704240946,/content/drive/MyDrive/N-MON/ALTRO/spectograms/LINEAR-WIDE-20/1717.npy,LINEAR-WIDE-20
0.0011213283,0.026314288,0.9582616,0.9414628,0.95826226,-0.9971081,0.9950451,1.9921531975269318,-0.0052147377,1.0614913,-1.7661813700003999,-2324218.75,6.890916e-07,1.8310993e-07,0.9398836233212604,0.0027492985897679713,/content/drive/MyDrive/N-MON/ALTRO/spectograms/LINEAR-WIDE-20/1718.npy,LINEAR-WIDE-20
0.0009604035,-0.0038319826,0.9586072,0.9409365,0.9586077,-0.9959539,0.9961729,1.992126852273941,-0.0024432756,1.0615667,-1.73650530089384,4492187.5,6.801918e-07,1.8478372e-07,0.9372378742762316,0.008381495653720511,/content/drive/MyDrive/N-MON/ALTRO/spectograms/LINEAR-WIDE-20/1719.npy,LINEAR-WIDE-20
-0.013230751,-0.08474626,0.95756745,0.93899673,0.9576589,-0.99877584,0.99328506,1.9920609146356583,0.022364784,1.0643638,-1.7322633299323489,-2441406.25,4.811447e-07,1.8365351e-07,0.9406671931443602,0.01047711379777028,/content/drive/MyDrive/N-MON/ALTRO/spectograms/LINEAR-WIDE-20/1720.npy,LINEAR-WIDE-20
-0.019592335,-0.16401279,0.96209776,0.9457507,0.96229726,-0.99588305,0.9962689,1.9921519756317139,0.03898862,1.0578312,-1.8017378605199987,-4824218.75,5.7480486e-07,1.840013e-07,0.945936652304652,0.007383818038201945,/content/drive/MyDrive/N-MON/ALTRO/spectograms/LINEAR-WIDE-20/1721.npy,LINEAR-WIDE-20
-0.010875691,-0.081162,0.957102,0.9388651,0.9571638,-0.9993092,0.99282706,1.9921362102031708,0.017141206,1.0645634,-1.7181496196324322,2539062.5,5.97342e-07,1.8429017e-07,0.9481305007032983,0.00359208745012314,/content/drive/MyDrive/N-MON/ALTRO/spectograms/LINEAR-WIDE-20/1722.npy,LINEAR-WIDE-20
-0.007111991,-0.09781784,0.96294373,0.9477228,0.96296996,-0.9962028,0.99592584,1.9921286702156067,0.014610032,1.0535237,-1.781738787965159,-2910156.25,6.379997e-07,1.853579e-07,0.9429406810529366,0.003137649941860473,/content/drive/MyDrive/N-MON/ALTRO/spectograms/LINEAR-WIDE-20/1723.npy,LINEAR-WIDE-20
0.024911331,0.31851524,0.9572056,0.93989855,0.9575297,-0.9977553,0.9943744,1.9921297132968903,-0.055966593,1.0651736,-1.7173122779148218,2792968.75,5.1946796e-07,1.8335626e-07,0.9379438617619642,0.005223297198239681,/content/drive/MyDrive/N-MON/ALTRO/spectograms/LINEAR-WIDE-20/1724.npy,LINEAR-WIDE-20
0.005386626,0.09799241,0.96158355,0.94589686,0.9615987,-0.9958813,0.9962825,1.9921638667583466,-0.010448267,1.0569885,-1.8003354761584387,-4199218.75,5.15194e-07,1.8337367e-07,0.9382403063748295,0.010576893468832758,/content/drive/MyDrive/N-MON/ALTRO/spectograms/LINEAR-WIDE-20/1725.npy,LINEAR-WIDE-20
0.006769893,0.11968827,0.9606521,0.94520134,0.960676,-0.99756974,0.9945973,1.9921670705080032,-0.018977806,1.0568947,-1.7822334537899416,4960937.5,6.950617e-07,1.8425044e-07,0.9448141946062005,0.008054689422751678,/content/drive/MyDrive/N-MON/ALTRO/spectograms/LINEAR-WIDE-20/1726.npy,LINEAR-WIDE-20
0.0041223704,0.055153847,0.95808643,0.9410477,0.95809525,-0.9957724,0.99638104,1.9921534657478333,-0.010731658,1.0622991,-1.749472576666837,-2500000.0,4.868691e-07,1.8410326e-07,0.9493100180040359,0.0038800829128750824,/content/drive/MyDrive/N-MON/ALTRO/spectograms/LINEAR-WIDE-20/1727.npy,LINEAR-WIDE-20
-0.025125828,-0.27766627,0.96108985,0.94434386,0.9614182,-0.99606735,0.99605346,1.992120772600174,0.054879837,1.0602708,-1.7913331035438642,3730468.75,6.05006e-07,1.849279e-07,0.9445961919249273,0.0042482616473685526,/content/drive/MyDrive/N-MON/ALTRO/spectograms/LINEAR-WIDE-20/1728.npy,LINEAR-WIDE-20
-0.0022313772,0.0063425372,0.9607677,0.94437397,0.96077025,-0.9975864,0.9945375,1.992123931646347,0.00028647805,1.0581608,-1.7835617515231548,-2519531.25,5.7108736e-07,1.845144e-07,0.9417485995869794,0.003463698240487282,/content/drive/MyDrive/N-MON/ALTRO/spectograms/LINEAR-WIDE-20/1729.npy,LINEAR-WIDE-20
-3.120041e-05,0.05212734,0.95820135,0.9419438,0.9582014,-0.99856514,0.9935743,1.9921394735574722,-0.0071836794,1.0602052,-1.7186539820683129,4472656.25,6.6977617e-07,1.8417578e-07,0.9357299625516651,0.00960349017889781,/content/drive/MyDrive/N-MON/ALTRO/spectograms/LINEAR-WIDE-20/1730.npy,LINEAR-WIDE-20
0.013020242,0.156172,0.9620758,0.9468638,0.96216387,-0.9961266,0.9960029,1.9921295195817947,-0.026424013,1.0553706,-1.7893753442280158,-4921875.0,5.568255e-07,1.8424787e-07,0.9421827894810432,0.009982652157736567,/content/drive/MyDrive/N-MON/ALTRO/spectograms/LINEAR-WIDE-20/1731.npy,LINEAR-WIDE-20
-0.044673387,-0.45569408,0.9648764,0.94923806,0.96591,-0.9985415,0.9936107,1.992152139544487,0.088486746,1.0578765,-1.849158896295757,4511718.75,6.170153e-07,1.8370667e-07,0.948717963950132,0.005472432171566193,/content/drive/MyDrive/N-MON/ALTRO/spectograms/LINEAR-WIDE-20/1732.npy,LINEAR-WIDE-20
-0.022570463,-0.31267208,0.96248734,0.94819534,0.962752,-0.9963499,0.9957862,1.99213607609272,0.04501665,1.0546113,-1.7870457224836571,3203125.0,5.89037e-07,1.8524568e-07,0.946817583769723,0.002823307060714942,/content/drive/MyDrive/N-MON/ALTRO/spectograms/LINEAR-WIDE-20/1733.npy,LINEAR-WIDE-20
0.0020873318,0.03984634,0.9576437,0.9402013,0.95764595,-0.9951183,0.99700034,1.9921186864376068,-0.0037592046,1.0635544,-1.7432971576526317,-3847656.25,5.963165e-07,1.8280866e-07,0.9415532633818956,0.003107041466932,/content/drive/MyDrive/N-MON/ALTRO/spectograms/LINEAR-WIDE-20/1734.npy,LINEAR-WIDE-20
-0.00018188477,0.018355317,0.95942956,0.9432169,0.9594296,-0.99719775,0.9949517,1.9921494722366333,-0.0009171423,1.0592377,-1.7426606700255827,2812500.0,5.999957e-07,1.8425526e-07,0.9358612601507906,0.008077883284264344,/content/drive/MyDrive/N-MON/ALTRO/spectograms/LINEAR-WIDE-20/1735.npy,LINEAR-WIDE-20
-0.004936754,-0.15827578,0.9622068,0.9486797,0.9622194,-0.9980743,0.99408,1.9921543151140213,0.0097575765,1.0519108,-1.7572181804357723,-3964843.75,5.6347506e-07,1.8449738e-07,0.9405987513730181,0.010175713552587725,/content/drive/MyDrive/N-MON/ALTRO/spectograms/LINEAR-WIDE-20/1736.npy,LINEAR-WIDE-20
0.0060847187,0.06499277,0.9613597,0.94456595,0.961379,-0.9975291,0.9946325,1.992161586880684,-0.014727008,1.0582033,-1.795945702372242,3554687.5,6.212227e-07,1.8420545e-07,0.9406265590591816,0.008934100667081868,/content/drive/MyDrive/N-MON/ALTRO/spectograms/LINEAR-WIDE-20/1737.npy,LINEAR-WIDE-20
-0.020900276,-0.0840766,0.95964307,0.9416348,0.95987064,-0.9980677,0.99408007,1.992147758603096,0.035021733,1.0618085,-1.7843427168325718,-3222656.25,6.000523e-07,1.8439583e-07,0.9462255745627846,0.0039046215108779216,/content/drive/MyDrive/N-MON/ALTRO/spectograms/LINEAR-WIDE-20/1738.npy,LINEAR-WIDE-20
-0.0067612934,-0.07818803,0.9600058,0.94364256,0.96002966,-0.9962963,0.99577653,1.992072805762291,0.012644841,1.0586532,-1.7598664706320994,3750000.0,6.752651e-07,1.838489e-07,0.9437717066209086,0.0035467905925963402,/content/drive/MyDrive/N-MON/ALTRO/spectograms/LINEAR-WIDE-20/1739.npy,LINEAR-WIDE-20
-0.0031893607,0.0034404546,0.96371955,0.9490124,0.9637248,-0.9965403,0.99562526,1.9921655356884003,0.0062259906,1.0519888,-1.8121451412914056,-2968750.0,6.8412055e-07,1.8407587e-07,0.9372516530132293,0.006736090987117557,/content/drive/MyDrive/N-MON/ALTRO/spectograms/LINEAR-WIDE-20/1740.npy,LINEAR-WIDE-20
-0.010288346,-0.13300237,0.96105266,0.9450594,0.9611078,-0.9963127,0.9957884,1.9921010583639145,0.02220348,1.0570812,-1.7764222486963928,4492187.5,6.7965624e-07,1.8376451e-07,0.9398323317810242,0.009462097471400194,/content/drive/MyDrive/N-MON/ALTRO/spectograms/LINEAR-WIDE-20/1741.npy,LINEAR-WIDE-20
0.031040208,0.317711,0.96147805,0.9440658,0.9619789,-0.9988592,0.9930686,1.9919277876615524,-0.06903825,1.0621566,-1.8026160820465364,-4472656.25,5.6659405e-07,1.8465451e-07,0.9448276000845974,0.007152827259292751,/content/drive/MyDrive/N-MON/ALTRO/spectograms/LINEAR-WIDE-20/1742.npy,LINEAR-WIDE-20
-0.02285767,-0.29366517,0.96254694,0.9482509,0.9628183,-0.99676406,0.9953683,1.9921323508024216,0.04582655,1.0545722,-1.7917927619841774,4472656.25,5.648387e-07,1.8496524e-07,0.9475217300390564,0.003673504847100934,/content/drive/MyDrive/N-MON/ALTRO/spectograms/LINEAR-WIDE-20/1743.npy,LINEAR-WIDE-20
0.0071369484,0.13252704,0.96042454,0.9442624,0.960451,-0.9963129,0.99579763,1.992110550403595,-0.016902046,1.058379,-1.7722824732884546,2695312.5,5.107932e-07,1.843074e-07,0.9450996747188909,0.0030612723756572708,/content/drive/MyDrive/N-MON/ALTRO/spectograms/LINEAR-WIDE-20/1744.npy,LINEAR-WIDE-20
0.0041323826,0.017938802,0.96052366,0.9443255,0.96053255,-0.9976618,0.99449515,1.992156982421875,-0.011513999,1.0575355,-1.7712826792348964,-3984375.0,5.8527695e-07,1.8384128e-07,0.9379287390839877,0.00534550642182129,/content/drive/MyDrive/N-MON/ALTRO/spectograms/LINEAR-WIDE-20/1745.npy,LINEAR-WIDE-20
-0.010272953,-0.08605717,0.96203303,0.94548607,0.9620879,-0.9960958,0.99599564,1.9920914471149445,0.021725591,1.0560968,-1.7949882937836181,3320312.5,5.964016e-07,1.8512935e-07,0.9371645225635439,0.009701488394259869,/content/drive/MyDrive/N-MON/ALTRO/spectograms/LINEAR-WIDE-20/1746.npy,LINEAR-WIDE-20
0.0044843215,0.09587148,0.9595203,0.9426775,0.9595307,-0.9978838,0.99422884,1.9921126812696457,-0.01360584,1.0598768,-1.7527453188043938,-3730468.75,5.939869e-07,1.8355342e-07,0.9441850996084028,0.007529331096791769,/content/drive/MyDrive/N-MON/ALTRO/spectograms/LINEAR-WIDE-20/1747.npy,LINEAR-WIDE-20
0.019035758,0.26050913,0.9629194,0.94834816,0.9631076,-0.99737036,0.9947751,1.9921454787254333,-0.041100986,1.0537883,-1.7971143332352837,-3417968.75,5.442374e-07,1.8392934e-07,0.9471595520245807,0.004271955464159959,/content/drive/MyDrive/N-MON/ALTRO/spectograms/LINEAR-WIDE-20/1748.npy,LINEAR-WIDE-20
0.013304988,0.17054448,0.95853513,0.941723,0.95862746,-0.9974975,0.9946479,1.9921454340219498,-0.029783543,1.0616934,-1.7424970923488197,-3945312.5,5.5706784e-07,1.8407097e-07,0.9456370279412651,0.0031649521730279934,/content/drive/MyDrive/N-MON/ALTRO/spectograms/LINEAR-WIDE-20/1749.npy,LINEAR-WIDE-20
0.0032114773,-0.005088415,0.9593881,0.9414694,0.9593935,-0.9972768,0.9948249,1.9921016842126846,-0.00796105,1.0613189,-1.7692246461099563,2929687.5,6.1348817e-07,1.8453571e-07,0.9391310821570036,0.004200605073666396,/content/drive/MyDrive/N-MON/ALTRO/spectograms/LINEAR-WIDE-20/1750.npy,LINEAR-WIDE-20
-0.011517409,-0.14949213,0.9597312,0.9425093,0.9598003,-0.997192,0.99496275,1.9921547919511795,0.024123307,1.0608944,-1.7725832338841283,-3203125.0,5.7372233e-07,1.8342922e-07,0.9376571065265145,0.010103192257192377,/content/drive/MyDrive/N-MON/ALTRO/spectograms/LINEAR-WIDE-20/1751.npy,LINEAR-WIDE-20
0.024377193,0.2872656,0.95848906,0.9415894,0.958799,-0.99767095,0.99447316,1.9921440929174423,-0.054441582,1.063612,-1.7500593429317084,4511718.75,6.1519023e-07,1.8383984e-07,0.9470572875529172,0.007488605403725675,/content/drive/MyDrive/N-MON/ALTRO/spectograms/LINEAR-WIDE-20/1752.npy,LINEAR-WIDE-20
-0.026986813,-0.32112598,0.96116143,0.9454422,0.9615402,-0.9968188,0.9953394,1.9921581745147705,0.05222164,1.0593153,-1.7844922599300477,-2363281.25,6.4717227e-07,1.8413878e-07,0.9470033428432115,0.004105461662925271,/content/drive/MyDrive/N-MON/ALTRO/spectograms/LINEAR-WIDE-20/1753.npy,LINEAR-WIDE-20
0.008275173,0.050284438,0.9659171,0.952781,0.9659525,-0.99651295,0.9955973,1.9921102672815323,-0.015126571,1.0488394,-1.8652650515659401,-4648437.5,5.99342e-07,1.8456157e-07,0.9450568086514657,0.005593740367119857,/content/drive/MyDrive/N-MON/ALTRO/spectograms/LINEAR-WIDE-20/1754.npy,LINEAR-WIDE-20
-0.0043369867,0.006420003,0.9619358,0.9463233,0.9619456,-0.99732584,0.99482024,1.9921460896730423,0.00841805,1.0550773,-1.7764175501349124,2617187.5,5.895087e-07,1.8438479e-07,0.9369793189025788,0.005304942756831294,/content/drive/MyDrive/N-MON/ALTRO/spectograms/LINEAR-WIDE-20/1755.npy,LINEAR-WIDE-20
-0.023256829,-0.15676087,0.95583946,0.93678516,0.95612234,-0.99651587,0.9956331,1.992148995399475,0.045751728,1.0684499,-1.7114310467183211,-4707031.25,6.1935486e-07,1.8418595e-07,0.9363716294221557,0.010552903957749249,/content/drive/MyDrive/N-MON/ALTRO/spectograms/LINEAR-WIDE-20/1756.npy,LINEAR-WIDE-20
0.028623018,0.30722234,0.9605991,0.944031,0.96102554,-0.99755436,0.99456584,1.9921202063560486,-0.06154515,1.0610847,-1.765089455915309,2910156.25,6.936034e-07,1.8462389e-07,0.9452557205222817,0.008954061883366364,/content/drive/MyDrive/N-MON/ALTRO/spectograms/LINEAR-WIDE-20/1757.npy,LINEAR-WIDE-20
0.009257212,0.097358204,0.9615049,0.94581825,0.9615494,-0.9963025,0.99582756,1.9921300262212753,-0.020575048,1.055778,-1.7721364132462327,-3808593.75,6.052642e-07,1.8458455e-07,0.9453857708608544,0.0044695372459741065,/content/drive/MyDrive/N-MON/ALTRO/spectograms/LINEAR-WIDE-20/1758.npy,LINEAR-WIDE-20
0.010379353,0.04277347,0.9579866,0.940113,0.9580429,-0.9963201,0.99583054,1.9921506494283676,-0.019051468,1.0634415,-1.7464591191468284,3593750.0,5.860829e-07,1.8397806e-07,0.9446524560276119,0.0033413282903629296,/content/drive/MyDrive/N-MON/ALTRO/spectograms/LINEAR-WIDE-20/1759.npy,LINEAR-WIDE-20
0.0093208095,0.092170805,0.96112454,0.9443627,0.9611698,-0.9975724,0.99455214,1.9921246021986008,-0.022519147,1.057679,-1.7792764278419029,-3281250.0,5.891602e-07,1.8491022e-07,0.9391159619233853,0.004300886717220418,/content/drive/MyDrive/N-MON/ALTRO/spectograms/LINEAR-WIDE-20/1760.npy,LINEAR-WIDE-20
0.008465947,0.15598801,0.9606722,0.9453599,0.9607095,-0.9962243,0.99592894,1.9921532422304153,-0.020838661,1.056578,-1.7561549816307862,3691406.25,6.143863e-07,1.8364987e-07,0.9382178550578422,0.01122408284307459,/content/drive/MyDrive/N-MON/ALTRO/spectograms/LINEAR-WIDE-20/1761.npy,LINEAR-WIDE-20
-0.023575984,-0.22601521,0.963377,0.94731325,0.96366537,-0.9955376,0.9966003,1.992137849330902,0.046782896,1.0565405,-1.824777103401692,-2382812.5,6.0157737e-07,1.8385863e-07,0.9362350899087267,0.005543236149526174,/content/drive/MyDrive/N-MON/ALTRO/spectograms/LINEAR-WIDE-20/1762.npy,LINEAR-WIDE-20
0.010058629,0.11965821,0.9595798,0.9432642,0.9596326,-0.99730456,0.99482644,1.9921310096979141,-0.022434223,1.0593419,-1.7421500977839728,4433593.75,5.5966234e-07,1.8379555e-07,0.9478149457650877,0.004435086559721862,/content/drive/MyDrive/N-MON/ALTRO/spectograms/LINEAR-WIDE-20/1763.npy,LINEAR-WIDE-20
0.029848132,0.4015466,0.9632967,0.9488644,0.963759,-0.9970843,0.99506575,1.9921500831842422,-0.06215688,1.055509,-1.8095444070829807,2597656.25,5.3461434e-07,1.8418848e-07,0.9452072248707435,0.0036008922780663534,/content/drive/MyDrive/N-MON/ALTRO/spectograms/LINEAR-WIDE-20/1764.npy,LINEAR-WIDE-20
0.0055190073,0.13548823,0.9581024,0.9409972,0.9581183,-0.9973562,0.99470085,1.992057055234909,-0.01925466,1.0623395,-1.734394558279939,4472656.25,6.2850927e-07,1.8393523e-07,0.938008852344021,0.005519084735095519,/content/drive/MyDrive/N-MON/ALTRO/spectograms/LINEAR-WIDE-20/1765.npy,LINEAR-WIDE-20
0.00029238893,-0.004367648,0.96170056,0.9451642,0.96170056,-0.99656713,0.99559045,1.9921575635671616,-0.00026038766,1.0569694,-1.7867350556868253,2832031.25,5.425288e-07,1.834618e-07,0.9379305296002546,0.009756072693867045,/content/drive/MyDrive/N-MON/ALTRO/spectograms/LINEAR-WIDE-20/1766.npy,LINEAR-WIDE-20
-0.023783207,-0.19660038,0.956104,0.9370081,0.95639974,-0.99753714,0.9945752,1.9921123683452606,0.04497124,1.0695357,-1.746945605108386,2597656.25,5.510298e-07,1.832667e-07,0.9456313320805241,0.0073710325680293905,/content/drive/MyDrive/N-MON/ALTRO/spectograms/LINEAR-WIDE-20/1767.npy,LINEAR-WIDE-20
0.016046155,0.15864629,0.96055883,0.9436644,0.9606928,-0.9976453,0.9944837,1.9921290278434753,-0.03590983,1.0594946,-1.7788983645894867,2675781.25,6.151483e-07,1.8385649e-07,0.9471447411889857,0.004384160434870631,/content/drive/MyDrive/N-MON/ALTRO/spectograms/LINEAR-WIDE-20/1768.npy,LINEAR-WIDE-20
-0.0016048241,0.048920967,0.96324587,0.9474515,0.9632472,-0.99773353,0.994421,1.9921545684337616,0.0025438431,1.0535553,-1.8087740496208256,-3691406.25,5.492862e-07,1.843014e-07,0.9443580242452825,0.003982661654334824,/content/drive/MyDrive/N-MON/ALTRO/spectograms/LINEAR-WIDE-20/1769.npy,LINEAR-WIDE-20
0.0008860598,0.0029141642,0.9643069,0.94980943,0.9643073,-0.9970068,0.99514854,1.9921553581953049,-0.00014641556,1.0505861,-1.814756623533737,-2421875.0,5.95543e-07,1.8586711e-07,0.9393707761175794,0.003460033366098184,/content/drive/MyDrive/N-MON/ALTRO/spectograms/LINEAR-WIDE-20/1770.npy,LINEAR-WIDE-20
0.009761366,0.07694347,0.96392983,0.9496147,0.96397924,-0.9972803,0.99483675,1.9921170473098755,-0.018924704,1.0523969,-1.8192120448788807,-3203125.0,6.420445e-07,1.849973e-07,0.937399699775049,0.010168388630289845,/content/drive/MyDrive/N-MON/ALTRO/spectograms/LINEAR-WIDE-20/1771.npy,LINEAR-WIDE-20
0.0035400353,0.055850357,0.9609572,0.9448576,0.9609638,-0.998724,0.9934102,1.992134228348732,-0.012813215,1.0570784,-1.774057179757251,2968750.0,5.8454566e-07,1.8378469e-07,0.945209100233176,0.007783355833828843,/content/drive/MyDrive/N-MON/ALTRO/spectograms/LINEAR-WIDE-20/1772.npy,LINEAR-WIDE-20
-0.01915992,-0.2358615,0.9603791,0.9448943,0.9605703,-0.9976132,0.9945238,1.9921370446681976,0.03636683,1.0581067,-1.742851714850617,-3164062.5,5.693694e-07,1.8411338e-07,0.947076196749733,0.0042327076135565845,/content/drive/MyDrive/N-MON/ALTRO/spectograms/LINEAR-WIDE-20/1773.npy,LINEAR-WIDE-20
0.0026811098,-0.052831024,0.96165836,0.94589025,0.96166205,-0.9980492,0.9940907,1.992139846086502,-0.0057334425,1.0560429,-1.7960554676278202,4394531.25,6.2880343e-07,1.8391317e-07,0.9459169615028522,0.0037781601489442016,/content/drive/MyDrive/N-MON/ALTRO/spectograms/LINEAR-WIDE-20/1774.npy,LINEAR-WIDE-20
0.004881651,0.057208475,0.9632063,0.94887143,0.9632187,-0.9975356,0.99459565,1.9921312034130096,-0.012515867,1.0516229,-1.781615023769371,-2968750.0,6.029709e-07,1.8491401e-07,0.9399366529874669,0.0043472663586457,/content/drive/MyDrive/N-MON/ALTRO/spectograms/LINEAR-WIDE-20/1775.npy,LINEAR-WIDE-20
0.006791828,0.121175125,0.9612401,0.94593495,0.9612641,-0.99600685,0.9961181,1.9921249598264694,-0.016276868,1.0555649,-1.7687874604468539,2578125.0,5.6425034e-07,1.8424714e-07,0.9388368861542158,0.009725794711233872,/content/drive/MyDrive/N-MON/ALTRO/spectograms/LINEAR-WIDE-20/1776.npy,LINEAR-WIDE-20
-0.015307274,-0.15932441,0.96480614,0.9496109,0.96492755,-0.99544215,0.996703,1.992145150899887,0.031473868,1.0529479,-1.8535006859030754,3554687.5,4.493596e-07,1.8559524e-07,0.9408532913465557,0.006726441948313655,/content/drive/MyDrive/N-MON/ALTRO/spectograms/LINEAR-WIDE-20/1777.npy,LINEAR-WIDE-20
-0.020902716,-0.21936227,0.9603495,0.9438077,0.96057695,-0.99652743,0.99559885,1.9921262860298157,0.039666258,1.0598466,-1.7727634018753922,-2363281.25,5.8071026e-07,1.8506273e-07,0.9468101226185947,0.004172083785880323,/content/drive/MyDrive/N-MON/ALTRO/spectograms/LINEAR-WIDE-20/1778.npy,LINEAR-WIDE-20
-0.022604916,-0.18381405,0.95621794,0.9380402,0.9564851,-0.9963695,0.9957675,1.9921369403600693,0.04316831,1.0660743,-1.6996959154293123,2695312.5,5.3672073e-07,1.8425428e-07,0.9453899154446264,0.0030584018371274837,/content/drive/MyDrive/N-MON/ALTRO/spectograms/LINEAR-WIDE-20/1779.npy,LINEAR-WIDE-20
-0.015189858,-0.12938003,0.9555112,0.9368713,0.95563203,-0.9967882,0.9953382,1.9921264499425888,0.028854987,1.0677996,-1.6932140503166633,2500000.0,6.218021e-07,1.832505e-07,0.9373537603108175,0.005333417156437828,/content/drive/MyDrive/N-MON/ALTRO/spectograms/LINEAR-WIDE-20/1780.npy,LINEAR-WIDE-20
0.006237807,-0.036843132,0.9609233,0.9452573,0.9609435,-0.99766886,0.9944874,1.9921563118696213,-0.010488245,1.0568769,-1.7696456626018586,3691406.25,5.534386e-07,1.8368742e-07,0.9369550227375179,0.01015206080051527,/content/drive/MyDrive/N-MON/ALTRO/spectograms/LINEAR-WIDE-20/1781.npy,LINEAR-WIDE-20
-0.021721445,-0.25493056,0.95763886,0.9400312,0.9578852,-0.99704385,0.9950429,1.9920867532491684,0.045785077,1.0646334,-1.7399684757755438,-3183593.75,5.4293474e-07,1.8391074e-07,0.9463708499786513,0.007063096465386702,/content/drive/MyDrive/N-MON/ALTRO/spectograms/LINEAR-WIDE-20/1782.npy,LINEAR-WIDE-20
0.024076395,0.2912366,0.9612167,0.9449248,0.96151817,-0.99764127,0.99445474,1.992096021771431,-0.053006392,1.0597404,-1.7947521965668722,-2460937.5,5.6907925e-07,1.8423216e-07,0.9464407767497072,0.0036357905060527135,/content/drive/MyDrive/N-MON/ALTRO/spectograms/LINEAR-WIDE-20/1783.npy,LINEAR-WIDE-20
0.0010011144,-0.056296244,0.95588905,0.93788344,0.9558896,-0.9976646,0.99443746,1.9921020418405533,-0.0022607145,1.0651807,-1.7008535323303706,-3144531.25,6.583917e-07,1.845077e-07,0.9453850632689385,0.002930891829938214,/content/drive/MyDrive/N-MON/ALTRO/spectograms/LINEAR-WIDE-20/1784.npy,LINEAR-WIDE-20
0.002630125,0.061658956,0.9602959,0.94329995,0.9602996,-0.99693537,0.995228,1.9921633750200272,-0.008515482,1.0598872,-1.7770111326913993,4472656.25,6.6672027e-07,1.8277763e-07,0.9384189500006381,0.005689425279116037,/content/drive/MyDrive/N-MON/ALTRO/spectograms/LINEAR-WIDE-20/1785.npy,LINEAR-WIDE-20
-0.0030639735,0.05448173,0.9635888,0.948995,0.96359366,-0.9963275,0.9957738,1.9921013414859772,0.002668243,1.0518409,-1.8118122201608398,-3203125.0,6.241974e-07,1.8409143e-07,0.9375156947145555,0.010985089346567443,/content/drive/MyDrive/N-MON/ALTRO/spectograms/LINEAR-WIDE-20/1786.npy,LINEAR-WIDE-20
0.0076421914,0.15785389,0.96187764,0.947185,0.96190804,-0.9983484,0.99378496,1.9921333640813828,-0.017804263,1.0545113,-1.7864571587570641,-4687500.0,5.760318e-07,1.8443421e-07,0.9435662200214991,0.008484884583468393,/content/drive/MyDrive/N-MON/ALTRO/spectograms/LINEAR-WIDE-20/1787.npy,LINEAR-WIDE-20
-0.0026025935,-0.020212166,0.9601128,0.94252056,0.9601164,-0.996691,0.9954595,1.9921505004167557,0.0046390323,1.060576,-1.792886979371419,-2421875.0,5.711954e-07,1.8458054e-07,0.9465504395435504,0.0034867903238862304,/content/drive/MyDrive/N-MON/ALTRO/spectograms/LINEAR-WIDE-20/1788.npy,LINEAR-WIDE-20
0.007931162,0.117242634,0.9626002,0.9478329,0.9626329,-0.996014,0.99609995,1.992113932967186,-0.018090468,1.0539776,-1.8053258424664833,-3417968.75,5.181854e-07,1.8443416e-07,0.9469052407949902,0.0033543967761624285,/content/drive/MyDrive/N-MON/ALTRO/spectograms/LINEAR-WIDE-20/1789.npy,LINEAR-WIDE-20
-0.007795402,-0.075934835,0.96247697,0.9474697,0.96250856,-0.99784875,0.9942906,1.9921393543481827,0.012349353,1.0539844,-1.7770549907839028,-2910156.25,5.46145e-07,1.8503064e-07,0.9406903888899422,0.004815545439871495,/content/drive/MyDrive/N-MON/ALTRO/spectograms/LINEAR-WIDE-20/1790.npy,LINEAR-WIDE-20
0.005907973,0.08127506,0.95945483,0.9430116,0.959473,-0.9967771,0.9953214,1.9920984655618668,-0.016754407,1.0593467,-1.7468348527296629,-4707031.25,5.828504e-07,1.8370237e-07,0.9378574481347708,0.011612311187071452,/content/drive/MyDrive/N-MON/ALTRO/spectograms/LINEAR-WIDE-20/1791.npy,LINEAR-WIDE-20
-0.014945747,-0.12991351,0.96114576,0.9446709,0.9612619,-0.99707925,0.99485004,1.9919292777776718,0.027664643,1.0580181,-1.7858329697300503,-2500000.0,5.550106e-07,1.8458246e-07,0.9448227864340466,0.007799655387018269,/content/drive/MyDrive/N-MON/ALTRO/spectograms/LINEAR-WIDE-20/1792.npy,LINEAR-WIDE-20
-0.022550754,-0.22400224,0.95998275,0.94300175,0.9602476,-0.9975628,0.99459964,1.9921624511480331,0.043135148,1.0608752,-1.7667179800457842,-3808593.75,6.176033e-07,1.8415456e-07,0.9476594948873942,0.0040047291754290665,/content/drive/MyDrive/N-MON/ALTRO/spectograms/LINEAR-WIDE-20/1793.npy,LINEAR-WIDE-20
0.023747064,0.25398472,0.96111214,0.94451565,0.96140546,-0.99591863,0.9962177,1.9921363592147827,-0.0496101,1.0586771,-1.7633419056510677,2421875.0,5.1932636e-07,1.8486422e-07,0.9440553204810862,0.0035422042616635022,/content/drive/MyDrive/N-MON/ALTRO/spectograms/LINEAR-WIDE-20/1794.npy,LINEAR-WIDE-20
0.023331983,0.3264172,0.96152097,0.946338,0.96180403,-0.99762297,0.99453336,1.9921563118696213,-0.05313758,1.0579844,-1.775196314445137,-3027343.75,6.023269e-07,1.8474032e-07,0.9379017315746201,0.005533391943850954,/content/drive/MyDrive/N-MON/ALTRO/spectograms/LINEAR-WIDE-20/1795.npy,LINEAR-WIDE-20
0.0070093432,0.103522375,0.9597192,0.94301164,0.95974475,-0.9979464,0.99415386,1.9921002984046936,-0.018580597,1.0599613,-1.7503393204971591,2460937.5,5.6943907e-07,1.84565e-07,0.9380233451352453,0.010647597134157768,/content/drive/MyDrive/N-MON/ALTRO/spectograms/LINEAR-WIDE-20/1796.npy,LINEAR-WIDE-20
0.016531697,0.13808475,0.9587018,0.9405923,0.9588443,-0.9986645,0.9934602,1.9921246767044067,-0.037618868,1.062943,-1.7570425411888773,-2285156.25,5.408793e-07,1.8379318e-07,0.9457525468269476,0.0077262842263290665,/content/drive/MyDrive/N-MON/ALTRO/spectograms/LINEAR-WIDE-20/1797.npy,LINEAR-WIDE-20
0.031223549,0.3739932,0.96266276,0.94662243,0.963169,-0.9970949,0.9949907,1.9920856207609177,-0.06650906,1.0584166,-1.8099967114336695,-4453125.0,5.657698e-07,1.8462691e-07,0.9475070255268047,0.004288882309153081,/content/drive/MyDrive/N-MON/ALTRO/spectograms/LINEAR-WIDE-20/1798.npy,LINEAR-WIDE-20
0.0031537514,0.07440238,0.9575492,0.940025,0.9575544,-0.9959624,0.9961765,1.9921388924121857,-0.0071043367,1.0633775,-1.726527774404736,-3789062.5,6.339381e-07,1.8352385e-07,0.940862415772157,0.004721616489285041,/content/drive/MyDrive/N-MON/ALTRO/spectograms/LINEAR-WIDE-20/1799.npy,LINEAR-WIDE-20
0.008459074,0.23654336,0.96127814,0.94737595,0.9613154,-0.9977121,0.99424595,1.991958037018776,-0.024353102,1.0542144,-1.7546547713763474,-2539062.5,8.47907e-07,1.8323964e-07,0.9406422290409446,0.005704600384676922,/content/drive/MyDrive/N-MON/ALTRO/spectograms/LINEAR-WIDE-20/1800.npy,LINEAR-WIDE-20
0.010021483,0.1393203,0.9589872,0.9417021,0.9590395,-0.997449,0.9947059,1.9921548813581467,-0.025519567,1.0611786,-1.734834101940524,4492187.5,5.992393e-07,1.8404651e-07,0.9395890775719031,0.010310327432115208,/content/drive/MyDrive/N-MON/ALTRO/spectograms/LINEAR-WIDE-20/1801.npy,LINEAR-WIDE-20
-0.017580517,-0.16739139,0.96314824,0.94844407,0.9633087,-0.99533117,0.9967606,1.9920918345451355,0.036730114,1.0531234,-1.799564783935778,-4316406.25,5.006958e-07,1.8463571e-07,0.9460530444761939,0.006449764457108705,/content/drive/MyDrive/N-MON/ALTRO/spectograms/LINEAR-WIDE-20/1802.npy,LINEAR-WIDE-20
0.0110137295,0.10761298,0.95975584,0.9435778,0.959819,-0.9977626,0.99440616,1.9921687990427017,-0.023483397,1.0597285,-1.7632249387322985,-4667968.75,6.000718e-07,1.8358912e-07,0.9475585756020918,0.003460139514492606,/content/drive/MyDrive/N-MON/ALTRO/spectograms/LINEAR-WIDE-20/1803.npy,LINEAR-WIDE-20
-0.004421005,-0.04318144,0.9640589,0.95012367,0.964069,-0.9962502,0.9958996,1.9921498447656631,0.008849687,1.0507765,-1.8118233927170524,2695312.5,6.124801e-07,1.8481104e-07,0.9450804219846358,0.0030120844264990465,/content/drive/MyDrive/N-MON/ALTRO/spectograms/LINEAR-WIDE-20/1804.npy,LINEAR-WIDE-20
0.004053981,0.08122316,0.9571382,0.938948,0.95714676,-0.99689746,0.9952639,1.9921613335609436,-0.011060252,1.0644163,-1.717770720234449,-2539062.5,6.5093104e-07,1.825552e-07,0.9311048778894587,0.00825197655289914,/content/drive/MyDrive/N-MON/ALTRO/spectograms/LINEAR-WIDE-20/1805.npy,LINEAR-WIDE-20
0.010648021,0.112737015,0.9592243,0.94090515,0.95928335,-0.9966037,0.99549705,1.992100790143013,-0.020231936,1.0633025,-1.7845469068802988,3535156.25,5.910598e-07,1.828823e-07,0.9414097762920863,0.009883781157590874,/content/drive/MyDrive/N-MON/ALTRO/spectograms/LINEAR-WIDE-20/1806.npy,LINEAR-WIDE-20
0.024169417,0.2431367,0.9577102,0.9404452,0.95801514,-0.99513,0.9970147,1.9921447038650513,-0.04877918,1.0646386,-1.734249750548629,-2500000.0,5.417672e-07,1.8474351e-07,0.9471819542832214,0.006157676783852646,/content/drive/MyDrive/N-MON/ALTRO/spectograms/LINEAR-WIDE-20/1807.npy,LINEAR-WIDE-20
0.0018906812,-0.015960941,0.9647693,0.95047057,0.9647712,-0.9963785,0.9957065,1.9920849800109863,-0.0038582536,1.0508752,-1.8323937369823435,3671875.0,5.730883e-07,1.849954e-07,0.9465758637989077,0.002974007196294713,/content/drive/MyDrive/N-MON/ALTRO/spectograms/LINEAR-WIDE-20/1808.npy,LINEAR-WIDE-20
0.011310959,0.07030728,0.9563388,0.9371508,0.9564057,-0.99615854,0.9960025,1.992161050438881,-0.021599514,1.0677761,-1.7316088461168724,-2890625.0,6.1459104e-07,1.8333039e-07,0.9419621430880685,0.0037522484972394884,/content/drive/MyDrive/N-MON/ALTRO/spectograms/LINEAR-WIDE-20/1809.npy,LINEAR-WIDE-20
-0.016886365,-0.181108,0.95901287,0.9419387,0.9591615,-0.9974144,0.9947073,1.9921217113733292,0.032381404,1.0617374,-1.7614487752272698,3671875.0,5.942001e-07,1.8408406e-07,0.9364998363983973,0.00926306742122184,/content/drive/MyDrive/N-MON/ALTRO/spectograms/LINEAR-WIDE-20/1810.npy,LINEAR-WIDE-20
-0.01970617,-0.20798993,0.9621153,0.94658554,0.96231705,-0.99714565,0.9949982,1.9921438694000244,0.036343277,1.0561025,-1.7878661030791927,-4609375.0,5.1886565e-07,1.8472406e-07,0.9434719441994825,0.008363066244006269,/content/drive/MyDrive/N-MON/ALTRO/spectograms/LINEAR-WIDE-20/1811.npy,LINEAR-WIDE-20
-0.03578239,-0.40324455,0.9633113,0.948807,0.96397567,-0.99691206,0.9952149,1.9921269565820694,0.07092435,1.0560191,-1.8039278586525953,3457031.25,5.363468e-07,1.8392282e-07,0.9481158531822442,0.005038854280045639,/content/drive/MyDrive/N-MON/ALTRO/spectograms/LINEAR-WIDE-20/1812.npy,LINEAR-WIDE-20
-0.019921603,-0.18479401,0.96312636,0.9479481,0.96333236,-0.99728954,0.9948654,1.9921549707651138,0.036820415,1.055203,-1.8278644176357972,-2480468.75,5.7645326e-07,1.8491653e-07,0.9448534816910026,0.003263867463182339,/content/drive/MyDrive/N-MON/ALTRO/spectograms/LINEAR-WIDE-20/1813.npy,LINEAR-WIDE-20
-0.012842307,-0.16132066,0.9621959,0.9474243,0.9622816,-0.997156,0.9949684,1.9921244829893112,0.025043365,1.054783,-1.7897718665921902,2480468.75,5.5749825e-07,1.8495848e-07,0.9402790735856672,0.003561510049234671,/content/drive/MyDrive/N-MON/ALTRO/spectograms/LINEAR-WIDE-20/1814.npy,LINEAR-WIDE-20
-0.00049190805,0.037841033,0.959832,0.9428866,0.95983213,-0.9972984,0.99483764,1.9921360909938812,-0.0030727352,1.0595427,-1.7739955468929829,2812500.0,6.0451436e-07,1.8536794e-07,0.9354532800921082,0.010046670746666772,/content/drive/MyDrive/N-MON/ALTRO/spectograms/LINEAR-WIDE-20/1815.npy,LINEAR-WIDE-20
-0.0024799332,0.026710521,0.9622341,0.9466851,0.96223724,-0.9965703,0.9955829,1.9921531826257706,0.0053126505,1.0552663,-1.7997254168414634,3261718.75,5.4075883e-07,1.8491939e-07,0.9430782978021048,0.009109912874414476,/content/drive/MyDrive/N-MON/ALTRO/spectograms/LINEAR-WIDE-20/1816.npy,LINEAR-WIDE-20
-0.0124741215,-0.07819557,0.9550811,0.935258,0.9551626,-0.99626076,0.9958595,1.9921202957630157,0.021605374,1.0698617,-1.7168341908678972,3496093.75,6.3282187e-07,1.834378e-07,0.9472745514796928,0.006369914289789167,/content/drive/MyDrive/N-MON/ALTRO/spectograms/LINEAR-WIDE-20/1817.npy,LINEAR-WIDE-20
0.009938684,0.09706715,0.96267134,0.9468931,0.9627226,-0.9965663,0.9955721,1.9921384006738663,-0.021441093,1.0552247,-1.7874377435640236,-4453125.0,5.4315154e-07,1.8552569e-07,0.9447899063066261,0.0042111194120302824,/content/drive/MyDrive/N-MON/ALTRO/spectograms/LINEAR-WIDE-20/1818.npy,LINEAR-WIDE-20
0.011858548,0.120415896,0.9625877,0.94814414,0.96266073,-0.9966938,0.9953763,1.9920700937509537,-0.023261953,1.0532568,-1.7797464093889677,-2402343.75,6.0819644e-07,1.8482031e-07,0.9403318262771341,0.0054788478940154825,/content/drive/MyDrive/N-MON/ALTRO/spectograms/LINEAR-WIDE-20/1819.npy,LINEAR-WIDE-20
0.015733829,0.100427985,0.95894265,0.94186354,0.95907176,-0.9972607,0.99472916,1.9919898062944412,-0.033307135,1.0605546,-1.7431709899890981,2441406.25,5.334794e-07,1.8448644e-07,0.939503704780159,0.010492598426439752,/content/drive/MyDrive/N-MON/ALTRO/spectograms/LINEAR-WIDE-20/1820.npy,LINEAR-WIDE-20
-0.016404992,-0.18435849,0.9610603,0.9450029,0.9612003,-0.9969545,0.99517727,1.9921317547559738,0.033165358,1.0580257,-1.768613828679005,-2304687.5,5.6937347e-07,1.8527979e-07,0.9439368638931678,0.007085043286645033,/content/drive/MyDrive/N-MON/ALTRO/spectograms/LINEAR-WIDE-20/1821.npy,LINEAR-WIDE-20
0.019594949,0.20586695,0.95872587,0.9406126,0.95892614,-0.997234,0.99491495,1.9921489655971527,-0.044745963,1.0635369,-1.7526592303122552,-2500000.0,6.3303355e-07,1.839282e-07,0.9476373598615948,0.0033422489840566724,/content/drive/MyDrive/N-MON/ALTRO/spectograms/LINEAR-WIDE-20/1822.npy,LINEAR-WIDE-20
-0.0028389764,-0.036609404,0.96061206,0.94499695,0.96061623,-0.9973383,0.99476355,1.9921018481254578,0.0034410364,1.0572635,-1.778369909589846,2558593.75,5.6848506e-07,1.8463894e-07,0.94324980579351,0.003227400075465924,/content/drive/MyDrive/N-MON/ALTRO/spectograms/LINEAR-WIDE-20/1823.npy,LINEAR-WIDE-20
-0.00923361,-0.14895718,0.9607345,0.9461036,0.96077883,-0.9964644,0.99562854,1.9920928627252579,0.0187607,1.0553354,-1.7482929416454376,2519531.25,7.2617075e-07,1.8328524e-07,0.93680835643691,0.006534512602940678,/content/drive/MyDrive/N-MON/ALTRO/spectograms/LINEAR-WIDE-20/1824.npy,LINEAR-WIDE-20
0.018265575,0.18573076,0.95893306,0.9419164,0.95910704,-0.99787426,0.9942388,1.9921130388975143,-0.0444952,1.0616671,-1.745773256012986,-2441406.25,5.47713e-07,1.8468883e-07,0.9391457135832096,0.010722467440122573,/content/drive/MyDrive/N-MON/ALTRO/spectograms/LINEAR-WIDE-20/1825.npy,LINEAR-WIDE-20
0.01085891,0.12360342,0.9612998,0.945552,0.9613611,-0.99747473,0.9946841,1.9921588152647018,-0.026920913,1.0557369,-1.7445326988780725,-2558593.75,5.666741e-07,1.8432956e-07,0.9456054078343998,0.00827164408817997,/content/drive/MyDrive/N-MON/ALTRO/spectograms/LINEAR-WIDE-20/1826.npy,LINEAR-WIDE-20
-0.01144277,-0.05050715,0.95680207,0.93773705,0.9568705,-0.9958941,0.99625844,1.9921525418758392,0.023208616,1.0672746,-1.7474562623008911,2968750.0,5.61657e-07,1.8419269e-07,0.9490331958040196,0.0033815475212438367,/content/drive/MyDrive/N-MON/ALTRO/spectograms/LINEAR-WIDE-20/1827.npy,LINEAR-WIDE-20
-0.0041298876,-0.03613294,0.9560342,0.93695015,0.9560431,-0.99716556,0.9949328,1.9920983463525772,0.0065791933,1.0673358,-1.722537624845468,-2968750.0,6.7438646e-07,1.8318379e-07,0.9443605813498117,0.0033702549251522474,/content/drive/MyDrive/N-MON/ALTRO/spectograms/LINEAR-WIDE-20/1828.npy,LINEAR-WIDE-20
0.010364261,0.16618995,0.965951,0.9523839,0.96600664,-0.9978182,0.9943259,1.9921440482139587,-0.024417613,1.0483834,-1.8431742302019816,-2460937.5,5.686955e-07,1.8425354e-07,0.9381152243262934,0.007378487692129988,/content/drive/MyDrive/N-MON/ALTRO/spectograms/LINEAR-WIDE-20/1829.npy,LINEAR-WIDE-20
-0.0125987,-0.0055574095,0.95623684,0.93793875,0.95631975,-0.99784225,0.99429876,1.9921410232782364,0.016451089,1.066428,-1.72771265547173,-2382812.5,6.093436e-07,1.8353285e-07,0.9423869994337354,0.008738495601589851,/content/drive/MyDrive/N-MON/ALTRO/spectograms/LINEAR-WIDE-20/1830.npy,LINEAR-WIDE-20
0.0069410056,0.041921474,0.9623241,0.946673,0.9623491,-0.9972224,0.9949349,1.9921573549509048,-0.018338202,1.0550371,-1.7912421335707542,-3007812.5,5.410865e-07,1.8494654e-07,0.9463881181991473,0.005459995224353357,/content/drive/MyDrive/N-MON/ALTRO/spectograms/LINEAR-WIDE-20/1831.npy,LINEAR-WIDE-20
-0.008519981,-0.065528035,0.9662975,0.9521738,0.96633506,-0.99534786,0.9968074,1.9921552687883377,0.016826801,1.0481825,-1.844182400988463,-2343750.0,5.250234e-07,1.8477846e-07,0.9450188423111906,0.003922981053286561,/content/drive/MyDrive/N-MON/ALTRO/spectograms/LINEAR-WIDE-20/1832.npy,LINEAR-WIDE-20
-0.005451915,-0.09509133,0.96037,0.94359654,0.9603855,-0.9975407,0.9945887,1.9921293705701828,0.00999455,1.0593073,-1.7846051956540994,-4726562.5,6.320694e-07,1.8436555e-07,0.9439564414215758,0.0027511223175864827,/content/drive/MyDrive/N-MON/ALTRO/spectograms/LINEAR-WIDE-20/1833.npy,LINEAR-WIDE-20
0.0051134047,0.0309815,0.96445346,0.95031035,0.964467,-0.9963154,0.9958008,1.9921161979436874,-0.0080817565,1.0507487,-1.8203104513513833,-2519531.25,5.763394e-07,1.8488848e-07,0.9383582010606475,0.009110917762457047,/content/drive/MyDrive/N-MON/ALTRO/spectograms/LINEAR-WIDE-20/1834.npy,LINEAR-WIDE-20
0.014299759,0.057671476,0.9600522,0.94266975,0.9601587,-0.99703,0.9951136,1.9921436458826065,-0.02753439,1.0603664,-1.7786065811545007,-3886718.75,5.46692e-07,1.8407638e-07,0.9444467707185411,0.009808465292569181,/content/drive/MyDrive/N-MON/ALTRO/spectograms/LINEAR-WIDE-20/1835.npy,LINEAR-WIDE-20
0.0059109884,0.05781928,0.96045125,0.94397765,0.96046937,-0.9968814,0.99527574,1.9921571910381317,-0.012501273,1.0588896,-1.786271682070897,-3222656.25,5.4030755e-07,1.847168e-07,0.946886949819996,0.004873014903590723,/content/drive/MyDrive/N-MON/ALTRO/spectograms/LINEAR-WIDE-20/1836.npy,LINEAR-WIDE-20
0.006211522,0.021909758,0.9535494,0.9338127,0.95356965,-0.9976295,0.9945088,1.9921383559703827,-0.014476849,1.0719466,-1.6990011725149163,3867187.5,6.583271e-07,1.81456e-07,0.9445489055863101,0.004948561051482416,/content/drive/MyDrive/N-MON/ALTRO/spectograms/LINEAR-WIDE-20/1837.npy,LINEAR-WIDE-20
-0.002289629,-0.032144267,0.9626029,0.94784665,0.96260566,-0.9968733,0.9952653,1.9921386241912842,0.004363503,1.0536629,-1.791521765857125,3886718.75,5.338221e-07,1.8484012e-07,0.9398540311697507,0.0036528634688676475,/content/drive/MyDrive/N-MON/ALTRO/spectograms/LINEAR-WIDE-20/1838.npy,LINEAR-WIDE-20
-0.0026850586,-0.019557662,0.961676,0.9457666,0.96167976,-0.9961947,0.9959171,1.9921118319034576,0.0040863864,1.0556442,-1.7845342183502118,3535156.25,5.882385e-07,1.838448e-07,0.9374336458083887,0.010050802744496604,/content/drive/MyDrive/N-MON/ALTRO/spectograms/LINEAR-WIDE-20/1839.npy,LINEAR-WIDE-20
0.016146526,0.1438253,0.9561414,0.9369444,0.9562778,-0.9967408,0.99539924,1.9921400398015976,-0.03416736,1.0684104,-1.7244332443153747,-3730468.75,6.76933e-07,1.8378233e-07,0.9356865057975892,0.010547308278695697,/content/drive/MyDrive/N-MON/ALTRO/spectograms/LINEAR-WIDE-20/1840.npy,LINEAR-WIDE-20
-0.007977468,-0.031570822,0.9593761,0.94203925,0.9594093,-0.99635845,0.9958004,1.9921588599681854,0.014172415,1.0614269,-1.7610946701158474,2929687.5,6.5465196e-07,1.8365334e-07,0.947925627587457,0.003950238138843144,/content/drive/MyDrive/N-MON/ALTRO/spectograms/LINEAR-WIDE-20/1841.npy,LINEAR-WIDE-20
-0.0058771297,-0.0713516,0.96192056,0.9463856,0.96193856,-0.99703324,0.9950979,1.9921311438083649,0.010860396,1.054692,-1.7851786513576215,-3046875.0,6.1914915e-07,1.8513607e-07,0.943783120352256,0.002838715253239276,/content/drive/MyDrive/N-MON/ALTRO/spectograms/LINEAR-WIDE-20/1842.npy,LINEAR-WIDE-20
-0.005559804,-0.036176085,0.9610489,0.94481385,0.96106493,-0.9971423,0.9950244,1.9921666830778122,0.007887814,1.0570011,-1.7673657323370187,4472656.25,5.816298e-07,1.8513244e-07,0.9368949366426242,0.004171376040868127,/content/drive/MyDrive/N-MON/ALTRO/spectograms/LINEAR-WIDE-20/1843.npy,LINEAR-WIDE-20
-0.008314289,-0.07483228,0.9563332,0.93714404,0.9563694,-0.9966762,0.9954674,1.9921436607837677,0.01641608,1.0669165,-1.7269982052190846,2675781.25,5.066464e-07,1.8285019e-07,0.9372150341389652,0.009763613323347268,/content/drive/MyDrive/N-MON/ALTRO/spectograms/LINEAR-WIDE-20/1844.npy,LINEAR-WIDE-20
0.034105487,0.39420068,0.9608031,0.94487816,0.96140826,-0.9964796,0.9956828,1.9921623468399048,-0.07084642,1.0616817,-1.787812149814018,3457031.25,5.508708e-07,1.8298044e-07,0.946306040981365,0.007586748002120091,/content/drive/MyDrive/N-MON/ALTRO/spectograms/LINEAR-WIDE-20/1845.npy,LINEAR-WIDE-20
-0.02909438,-0.38702357,0.96353763,0.9492742,0.96397674,-0.9963362,0.99579275,1.992128998041153,0.057577163,1.0538679,-1.8074552877952403,2675781.25,6.0716695e-07,1.8484482e-07,0.9460810172742219,0.0030441937463264106,/content/drive/MyDrive/N-MON/ALTRO/spectograms/LINEAR-WIDE-20/1846.npy,LINEAR-WIDE-20
-0.0042847777,0.018818723,0.95951205,0.9431658,0.95952165,-0.9967325,0.9953836,1.9921161085367203,0.007669503,1.0590949,-1.7573043007775795,-4746093.75,5.866478e-07,1.8401673e-07,0.9436893551569709,0.0033452643716422267,/content/drive/MyDrive/N-MON/ALTRO/spectograms/LINEAR-WIDE-20/1847.npy,LINEAR-WIDE-20
0.0049621467,0.10044858,0.96072465,0.9433342,0.96073747,-0.997133,0.99498844,1.9921214878559113,-0.014034779,1.060676,-1.8105883761926382,3320312.5,5.610302e-07,1.8418909e-07,0.9379531290017553,0.007853589625191231,/content/drive/MyDrive/N-MON/ALTRO/spectograms/LINEAR-WIDE-20/1848.npy,LINEAR-WIDE-20
-0.012801037,-0.121399544,0.96114784,0.9443335,0.9612331,-0.9964585,0.9956898,1.9921482801437378,0.025349712,1.0574507,-1.7696783275652346,-4453125.0,5.747893e-07,1.8319952e-07,0.9410824034727665,0.009831097633254437,/content/drive/MyDrive/N-MON/ALTRO/spectograms/LINEAR-WIDE-20/1849.npy,LINEAR-WIDE-20
-0.029413069,-0.26379746,0.9623882,0.94633955,0.9628375,-0.99828005,0.9938478,1.9921278059482574,0.054763164,1.0579051,-1.8008657672474284,2910156.25,6.0953573e-07,1.8348206e-07,0.9462680011643093,0.0068204763207819555,/content/drive/MyDrive/N-MON/ALTRO/spectograms/LINEAR-WIDE-20/1850.npy,LINEAR-WIDE-20
-0.014449724,-0.1682989,0.95576304,0.9370598,0.95587224,-0.9966314,0.9955069,1.992138311266899,0.02896448,1.0677942,-1.7190371684001085,-2460937.5,5.529898e-07,1.8431092e-07,0.9453155688723827,0.0035525181163448,/content/drive/MyDrive/N-MON/ALTRO/spectograms/LINEAR-WIDE-20/1851.npy,LINEAR-WIDE-20
-0.018540239,-0.2335735,0.96096563,0.945125,0.96114445,-0.9952637,0.99686474,1.9921284466981888,0.04018516,1.0583998,-1.7927126081627682,3652343.75,6.114251e-07,1.8432598e-07,0.9411736832094885,0.0027262532819028276,/content/drive/MyDrive/N-MON/ALTRO/spectograms/LINEAR-WIDE-20/1852.npy,LINEAR-WIDE-20
0.0149729,0.13549158,0.9575331,0.9385427,0.9576502,-0.99710596,0.9950524,1.9921583384275436,-0.032160982,1.0670267,-1.765695217363896,-3183593.75,6.069239e-07,1.8385822e-07,0.9365696085372551,0.009571595044297788,/content/drive/MyDrive/N-MON/ALTRO/spectograms/LINEAR-WIDE-20/1853.npy,LINEAR-WIDE-20
0.0030958098,0.088917926,0.9617017,0.94610023,0.9617067,-0.9970336,0.995125,1.9921586066484451,-0.011827885,1.0562606,-1.7853533203914058,4335937.5,6.1856804e-07,1.8433117e-07,0.9425511938806914,0.009279287008853165,/content/drive/MyDrive/N-MON/ALTRO/spectograms/LINEAR-WIDE-20/1854.npy,LINEAR-WIDE-20
0.018930564,0.28477734,0.96373636,0.9493567,0.9639222,-0.99644053,0.9956864,1.9921269565820694,-0.04158871,1.0535356,-1.8235977846304972,-2285156.25,5.775547e-07,1.8402572e-07,0.9466634733672794,0.005334739910972515,/content/drive/MyDrive/N-MON/ALTRO/spectograms/LINEAR-WIDE-20/1855.npy,LINEAR-WIDE-20
0.010716979,0.06144843,0.96283597,0.9477404,0.9628956,-0.9970666,0.9950845,1.9921511113643646,-0.021779144,1.054075,-1.8142837061185866,-3320312.5,5.475279e-07,1.8562922e-07,0.9410373948592116,0.005410632691781326,/content/drive/MyDrive/N-MON/ALTRO/spectograms/LINEAR-WIDE-20/1856.npy,LINEAR-WIDE-20
0.026588243,0.25250995,0.9563688,0.9365623,0.9567383,-0.9975188,0.99461025,1.9921290576457977,-0.06086097,1.0701637,-1.731259421182153,-2343750.0,6.148082e-07,1.8303618e-07,0.9404126930766258,0.003815203228879251,/content/drive/MyDrive/N-MON/ALTRO/spectograms/LINEAR-WIDE-20/1857.npy,LINEAR-WIDE-20
-0.008123575,-0.02124339,0.96290785,0.94803333,0.9629421,-0.9978484,0.9942975,1.992145910859108,0.010843372,1.0539572,-1.8114995979001807,4570312.5,5.3746936e-07,1.8442852e-07,0.9378916440552911,0.009160753686854532,/content/drive/MyDrive/N-MON/ALTRO/spectograms/LINEAR-WIDE-20/1858.npy,LINEAR-WIDE-20
-0.00078636763,5.0908653e-05,0.9599797,0.94213897,0.95998,-0.99605787,0.99610084,1.9921587109565735,0.00030483937,1.0612582,-1.7855787287355442,2675781.25,6.1675956e-07,1.8418524e-07,0.9430546696571722,0.00922971148572234,/content/drive/MyDrive/N-MON/ALTRO/spectograms/LINEAR-WIDE-20/1859.npy,LINEAR-WIDE-20
-0.005785224,-0.06529323,0.95951396,0.9425129,0.95953137,-0.99493974,0.9971915,1.992131233215332,0.01323812,1.0607297,-1.772793389719012,-3945312.5,5.515085e-07,1.8436988e-07,0.9480206830578896,0.0027784186044299154,/content/drive/MyDrive/N-MON/ALTRO/spectograms/LINEAR-WIDE-20/1860.npy,LINEAR-WIDE-20
-0.0034377328,-0.008580707,0.9605428,0.9443008,0.96054894,-0.9969,0.9952583,1.99215829372406,0.004315982,1.0575542,-1.7572359081480757,-4570312.5,6.334664e-07,1.837082e-07,0.9398637657526951,0.0049226586510120645,/content/drive/MyDrive/N-MON/ALTRO/spectograms/LINEAR-WIDE-20/1861.npy,LINEAR-WIDE-20
-0.0024471607,0.0016037885,0.9641627,0.9488621,0.9641658,-0.9985229,0.99363863,1.9921614825725555,-0.0018354806,1.0519025,-1.8296691378311325,-3847656.25,6.7236004e-07,1.8407991e-07,0.9384010202189951,0.007348511621415672,/content/drive/MyDrive/N-MON/ALTRO/spectograms/LINEAR-WIDE-20/1862.npy,LINEAR-WIDE-20
-0.002514557,0.053176768,0.9600705,0.94374716,0.96007377,-0.9976295,0.9944931,1.9921226799488068,-0.001929867,1.0582378,-1.7611188852702153,2910156.25,5.976487e-07,1.8432283e-07,0.9390246944039152,0.011155335549498633,/content/drive/MyDrive/N-MON/ALTRO/spectograms/LINEAR-WIDE-20/1863.npy,LINEAR-WIDE-20
-0.021564294,-0.20829652,0.96221584,0.9466626,0.9624575,-0.99749374,0.99464494,1.9921386986970901,0.041502587,1.0552758,-1.7885182278955496,-3007812.5,6.404143e-07,1.8379795e-07,0.945733264928375,0.007585094200177499,/content/drive/MyDrive/N-MON/ALTRO/spectograms/LINEAR-WIDE-20/1864.npy,LINEAR-WIDE-20
-0.0052560815,-0.019797023,0.9611906,0.9458602,0.96120495,-0.9963565,0.9958023,1.9921587705612183,0.010105816,1.0554565,-1.756355509701771,4355468.75,5.7246206e-07,1.8599191e-07,0.946433961725468,0.00347450516521059,/content/drive/MyDrive/N-MON/ALTRO/spectograms/LINEAR-WIDE-20/1865.npy,LINEAR-WIDE-20
0.00031780053,0.041756645,0.96214104,0.9475319,0.9621411,-0.99728245,0.9948159,1.992098331451416,-0.005468147,1.0538963,-1.7823539778589013,-2968750.0,5.6879855e-07,1.8383888e-07,0.9427161993978748,0.002924604188755595,/content/drive/MyDrive/N-MON/ALTRO/spectograms/LINEAR-WIDE-20/1866.npy,LINEAR-WIDE-20
0.020297598,0.17182466,0.95899737,0.9412545,0.9592122,-0.9961029,0.99603635,1.9921392798423767,-0.042242378,1.0632663,-1.7587725706177715,4492187.5,6.364902e-07,1.8361342e-07,0.936946074231781,0.008598346568028485,/content/drive/MyDrive/N-MON/ALTRO/spectograms/LINEAR-WIDE-20/1867.npy,LINEAR-WIDE-20
0.0076709357,0.1350092,0.9613092,0.9456586,0.9613398,-0.99787784,0.99415326,1.9920310974121094,-0.020494081,1.0568339,-1.7859495130580039,-4199218.75,5.610841e-07,1.8418805e-07,0.94203929389933,0.009702924684334053,/content/drive/MyDrive/N-MON/ALTRO/spectograms/LINEAR-WIDE-20/1868.npy,LINEAR-WIDE-20
0.026694864,0.31912318,0.96083105,0.94567823,0.96120185,-0.99726987,0.99487036,1.9921402335166931,-0.057001304,1.0581667,-1.768550939610406,-4667968.75,6.341946e-07,1.8418577e-07,0.9475837726229375,0.004615246744938487,/content/drive/MyDrive/N-MON/ALTRO/spectograms/LINEAR-WIDE-20/1869.npy,LINEAR-WIDE-20
-0.023021476,-0.16528597,0.9594924,0.94285065,0.9597685,-0.99719536,0.9949237,1.9921190589666367,0.04104255,1.0615524,-1.7780320893915065,4023437.5,5.7568957e-07,1.8440446e-07,0.9483563333194307,0.003017114296925331,/content/drive/MyDrive/N-MON/ALTRO/spectograms/LINEAR-WIDE-20/1870.npy,LINEAR-WIDE-20
-0.008182219,-0.058763295,0.95659226,0.93865013,0.95662725,-0.99637866,0.9957859,1.9921645522117615,0.015099632,1.064854,-1.7182238571439783,4042968.75,5.361672e-07,1.8535042e-07,0.9392878830046365,0.004136057529473238,/content/drive/MyDrive/N-MON/ALTRO/spectograms/LINEAR-WIDE-20/1871.npy,LINEAR-WIDE-20
0.017587118,0.15542889,0.957365,0.9396598,0.95752656,-0.99696153,0.9951491,1.992110624909401,-0.03631374,1.0649602,-1.7389069955614682,-2519531.25,5.5792634e-07,1.8430634e-07,0.9373154392465647,0.010418158836488353,/content/drive/MyDrive/N-MON/ALTRO/spectograms/LINEAR-WIDE-20/1872.npy,LINEAR-WIDE-20
-0.002638443,0.017074924,0.9615545,0.9459446,0.96155816,-0.99830574,0.99384534,1.9921510368585587,0.0002568972,1.0558304,-1.7871488933690902,-3886718.75,6.6699835e-07,1.8394351e-07,0.9441892002864496,0.007768088168187374,/content/drive/MyDrive/N-MON/ALTRO/spectograms/LINEAR-WIDE-20/1873.npy,LINEAR-WIDE-20
0.013568667,0.15566295,0.95956486,0.94235706,0.9596608,-0.9967336,0.99541724,1.9921508729457855,-0.03094994,1.0609692,-1.766740466446927,-4453125.0,5.5386045e-07,1.8436722e-07,0.9463852030888622,0.004001539548207962,/content/drive/MyDrive/N-MON/ALTRO/spectograms/LINEAR-WIDE-20/1874.npy,LINEAR-WIDE-20
0.026321234,0.18405923,0.9583062,0.93989444,0.95866764,-0.9956156,0.99649084,1.9921064376831055,-0.05090997,1.0659876,-1.7671867779498769,-3144531.25,6.398339e-07,1.8324414e-07,0.9451189524634565,0.0031954221394552337,/content/drive/MyDrive/N-MON/ALTRO/spectograms/LINEAR-WIDE-20/1875.npy,LINEAR-WIDE-20
0.0039601126,0.09693443,0.961162,0.9450996,0.9611701,-0.9968337,0.995329,1.9921627044677734,-0.010909282,1.0575494,-1.7858949249316238,4472656.25,6.406074e-07,1.8367717e-07,0.9376948786153959,0.005420110577102624,/content/drive/MyDrive/N-MON/ALTRO/spectograms/LINEAR-WIDE-20/1876.npy,LINEAR-WIDE-20
-0.01664692,-0.18401642,0.96171516,0.9462753,0.9618592,-0.9964427,0.99569786,1.9921405166387558,0.031118838,1.0563166,-1.7863443707248818,-2949218.75,6.450842e-07,1.8465461e-07,0.9381679038283048,0.010495920072635325,/content/drive/MyDrive/N-MON/ALTRO/spectograms/LINEAR-WIDE-20/1877.npy,LINEAR-WIDE-20
0.02550905,0.22193451,0.9549174,0.9362009,0.955258,-0.9967511,0.9953785,1.9921296387910843,-0.05362255,1.0703964,-1.7023977517344335,4511718.75,5.342757e-07,1.8357923e-07,0.9487852147422362,0.0060715326911657905,/content/drive/MyDrive/N-MON/ALTRO/spectograms/LINEAR-WIDE-20/1878.npy,LINEAR-WIDE-20
-0.0021484261,-0.071531065,0.96154565,0.9449392,0.9615481,-0.997229,0.9949336,1.9921625703573227,0.0037672182,1.0575588,-1.7904318766134948,-4453125.0,5.72461e-07,1.8475633e-07,0.9459827293895234,0.002783973321893742,/content/drive/MyDrive/N-MON/ALTRO/spectograms/LINEAR-WIDE-20/1879.npy,LINEAR-WIDE-20
-0.012181866,-0.14012682,0.962099,0.9470442,0.9621762,-0.9956306,0.99648297,1.9921136051416397,0.024074793,1.0550572,-1.7876728147854346,-4746093.75,6.2148246e-07,1.8471447e-07,0.9429237459145332,0.0027188027133422253,/content/drive/MyDrive/N-MON/ALTRO/spectograms/LINEAR-WIDE-20/1880.npy,LINEAR-WIDE-20
-0.015112875,-0.209564,0.96230346,0.946278,0.96242213,-0.9983181,0.99356973,1.991887852549553,0.029461505,1.0566089,-1.815967979013654,-2968750.0,5.5949613e-07,1.8502985e-07,0.9369197352943508,0.0055316119008961126,/content/drive/MyDrive/N-MON/ALTRO/spectograms/LINEAR-WIDE-20/1881.npy,LINEAR-WIDE-20
-0.010458563,-0.1229446,0.9594515,0.94288474,0.9595085,-0.997895,0.99425936,1.9921543449163437,0.019151282,1.0597713,-1.7506651143620522,-3964843.75,5.7821075e-07,1.840791e-07,0.9411676799548733,0.00931725209105661,/content/drive/MyDrive/N-MON/ALTRO/spectograms/LINEAR-WIDE-20/1882.npy,LINEAR-WIDE-20
0.018484382,0.20534986,0.9595868,0.94273144,0.9597648,-0.99776864,0.994317,1.9920856058597565,-0.040824387,1.0612622,-1.7679348523548184,3496093.75,5.3316313e-07,1.8353745e-07,0.9448776623396412,0.005268772985755394,/content/drive/MyDrive/N-MON/ALTRO/spectograms/LINEAR-WIDE-20/1883.npy,LINEAR-WIDE-20
-0.0106501635,-0.106739014,0.9581707,0.9405905,0.9582299,-0.997482,0.99462104,1.9921030104160309,0.016416505,1.0629072,-1.7344569641086907,-3222656.25,5.8924735e-07,1.8402332e-07,0.9461188020768788,0.002740481956563017,/content/drive/MyDrive/N-MON/ALTRO/spectograms/LINEAR-WIDE-20/1884.npy,LINEAR-WIDE-20
-0.0025258497,-0.0016857877,0.9580574,0.9395768,0.95806074,-0.99774575,0.9944204,1.9921661764383316,0.0014972446,1.0643209,-1.7547991899729125,2949218.75,6.828433e-07,1.8359614e-07,0.9392531142843346,0.0038179850727996074,/content/drive/MyDrive/N-MON/ALTRO/spectograms/LINEAR-WIDE-20/1885.npy,LINEAR-WIDE-20
-0.00029004907,0.014806511,0.9590314,0.9425887,0.9590314,-0.9968982,0.9951634,1.9920615553855896,-0.00042209186,1.0599717,-1.7445095900039453,-3027343.75,6.079293e-07,1.8410674e-07,0.9392528271007863,0.010800478547997722,/content/drive/MyDrive/N-MON/ALTRO/spectograms/LINEAR-WIDE-20/1886.npy,LINEAR-WIDE-20
0.0074180104,0.0554529,0.9612903,0.9458608,0.9613189,-0.99539894,0.9967532,1.9921521544456482,-0.013392331,1.0555433,-1.7581643578124437,4375000.0,6.0619726e-07,1.845827e-07,0.9455470522248257,0.007176516355361598,/content/drive/MyDrive/N-MON/ALTRO/spectograms/LINEAR-WIDE-20/1887.npy,LINEAR-WIDE-20
-0.0009780979,-0.05968827,0.9621972,0.9474098,0.9621977,-0.9971243,0.9949531,1.9920774549245834,0.00089374185,1.0538534,-1.7797689451588223,-2285156.25,5.670881e-07,1.8419367e-07,0.9452856938117883,0.003997680188245295,/content/drive/MyDrive/N-MON/ALTRO/spectograms/LINEAR-WIDE-20/1888.npy,LINEAR-WIDE-20
0.0033704557,-0.03426885,0.9604912,0.94353783,0.9604971,-0.99518496,0.99697495,1.9921598732471466,-0.00239024,1.0589166,-1.787825124846827,-2539062.5,5.493577e-07,1.8461768e-07,0.9409689046287497,0.0025162279485072716,/content/drive/MyDrive/N-MON/ALTRO/spectograms/LINEAR-WIDE-20/1889.npy,LINEAR-WIDE-20
0.0069632204,0.07607656,0.9647847,0.9502355,0.96480983,-0.99801683,0.994113,1.9921298921108246,-0.014975913,1.0510923,-1.8399685451673105,-2246093.75,6.499619e-07,1.8464931e-07,0.93706487906004,0.0082608423956012,/content/drive/MyDrive/N-MON/ALTRO/spectograms/LINEAR-WIDE-20/1890.npy,LINEAR-WIDE-20
-0.012176015,-0.1476251,0.96168494,0.94619334,0.96176195,-0.995208,0.9968006,1.9920086115598679,0.029435908,1.0557796,-1.7934201454135155,2441406.25,5.469514e-07,1.8463646e-07,0.9431344249944209,0.008980995889713787,/content/drive/MyDrive/N-MON/ALTRO/spectograms/LINEAR-WIDE-20/1891.npy,LINEAR-WIDE-20
-0.020745117,-0.1708954,0.9610565,0.9448728,0.9612803,-0.99514484,0.9970093,1.9921541512012482,0.042042222,1.0593547,-1.799465942276463,4003906.25,5.911818e-07,1.8436644e-07,0.9474922168371713,0.005074722705197642,/content/drive/MyDrive/N-MON/ALTRO/spectograms/LINEAR-WIDE-20/1892.npy,LINEAR-WIDE-20
0.020078719,0.17738788,0.95588666,0.93755,0.95609754,-0.9983028,0.9938115,1.9921142607927322,-0.042895857,1.0673378,-1.719021940854023,4023437.5,5.4922975e-07,1.8453802e-07,0.9454392027374134,0.0025029782601521007,/content/drive/MyDrive/N-MON/ALTRO/spectograms/LINEAR-WIDE-20/1893.npy,LINEAR-WIDE-20
-0.020801397,-0.25126928,0.960563,0.9450771,0.9607882,-0.9973647,0.9947545,1.9921191930770874,0.04158889,1.0579447,-1.7646407908828945,2500000.0,5.473236e-07,1.8480114e-07,0.93841380158477,0.00580278190631303,/content/drive/MyDrive/N-MON/ALTRO/spectograms/LINEAR-WIDE-20/1894.npy,LINEAR-WIDE-20
-0.01254815,-0.098149955,0.9598451,0.94350487,0.9599271,-0.9966486,0.995509,1.99215766787529,0.02065177,1.0596843,-1.768455017651225,2636718.75,5.9243604e-07,1.8366283e-07,0.9377069346200169,0.009831928540725541,/content/drive/MyDrive/N-MON/ALTRO/spectograms/LINEAR-WIDE-20/1895.npy,LINEAR-WIDE-20
0.0101063475,0.082155116,0.95964926,0.94304603,0.9597025,-0.9960941,0.9960315,1.9921256750822067,-0.02097678,1.059035,-1.749943576093295,-4316406.25,5.1511364e-07,1.8400068e-07,0.9446677406430912,0.007573257234281564,/content/drive/MyDrive/N-MON/ALTRO/spectograms/LINEAR-WIDE-20/1896.npy,LINEAR-WIDE-20
-0.023567306,-0.24437213,0.9631212,0.94824326,0.9634095,-0.99825686,0.9938931,1.992149978876114,0.04497145,1.0545988,-1.794285979895321,2675781.25,5.6745665e-07,1.8457506e-07,0.9455630492273103,0.002699322924990574,/content/drive/MyDrive/N-MON/ALTRO/spectograms/LINEAR-WIDE-20/1897.npy,LINEAR-WIDE-20
-0.0030637837,0.0029666172,0.9608758,0.9447613,0.9608807,-0.9970388,0.9951056,1.992144450545311,0.0056181573,1.0573193,-1.776323479791482,-3847656.25,6.6410564e-07,1.8375401e-07,0.9420681287201212,0.0027115734188521263,/content/drive/MyDrive/N-MON/ALTRO/spectograms/LINEAR-WIDE-20/1898.npy,LINEAR-WIDE-20
0.0127237085,0.12895533,0.9576752,0.93994665,0.9577597,-0.9960552,0.99609864,1.992153838276863,-0.023135789,1.0642647,-1.7494824057300928,-2578125.0,5.976064e-07,1.8338928e-07,0.9383589472042267,0.009402176628158985,/content/drive/MyDrive/N-MON/ALTRO/spectograms/LINEAR-WIDE-20/1899.npy,LINEAR-WIDE-20
0.018422661,0.19471583,0.96044403,0.9437125,0.9606207,-0.99663335,0.99550086,1.9921342134475708,-0.037617784,1.0600066,-1.775461482489437,-3007812.5,6.33234e-07,1.8374249e-07,0.9438809193855073,0.008582809146928631,/content/drive/MyDrive/N-MON/ALTRO/spectograms/LINEAR-WIDE-20/1900.npy,LINEAR-WIDE-20
0.0068436908,0.12824596,0.9587685,0.9424177,0.9587928,-0.9966658,0.99548084,1.9921466261148453,-0.014219273,1.0599962,-1.7322115130195812,4355468.75,6.0542266e-07,1.8564141e-07,0.9480403520601254,0.0030250130603603153,/content/drive/MyDrive/N-MON/ALTRO/spectograms/LINEAR-WIDE-20/1901.npy,LINEAR-WIDE-20
0.029252425,0.37028944,0.96037185,0.9437201,0.9608172,-0.99687743,0.99526554,1.9921429753303528,-0.063706145,1.0615079,-1.7787117968971684,2519531.25,7.0478814e-07,1.8469122e-07,0.9425331431871882,0.002969475348214046,/content/drive/MyDrive/N-MON/ALTRO/spectograms/LINEAR-WIDE-20/1902.npy,LINEAR-WIDE-20
0.010255369,0.1394552,0.9639145,0.9497924,0.9639691,-0.9973107,0.9948411,1.9921517968177795,-0.023054035,1.0510622,-1.805799688061548,4492187.5,6.83719e-07,1.8417191e-07,0.9385316770198794,0.007496371636798147,/content/drive/MyDrive/N-MON/ALTRO/spectograms/LINEAR-WIDE-20/1903.npy,LINEAR-WIDE-20
0.009681052,0.054559343,0.9586463,0.94139403,0.9586952,-0.9963049,0.995854,1.9921589493751526,-0.019362997,1.0615218,-1.7434860657928468,-2382812.5,5.8722594e-07,1.8348723e-07,0.9416730690939521,0.010190949596740412,/content/drive/MyDrive/N-MON/ALTRO/spectograms/LINEAR-WIDE-20/1904.npy,LINEAR-WIDE-20
0.022486942,0.1447637,0.96099746,0.94449306,0.9612605,-0.99587506,0.9962808,1.9921558648347855,-0.040691186,1.0589004,-1.7803630632273804,-4824218.75,5.749701e-07,1.8482942e-07,0.9461289244542981,0.004148174250358129,/content/drive/MyDrive/N-MON/ALTRO/spectograms/LINEAR-WIDE-20/1905.npy,LINEAR-WIDE-20
0.0022306575,0.09247118,0.96177083,0.9465332,0.9617734,-0.997305,0.994823,1.9921279549598694,-0.009200217,1.0554011,-1.7766492569173222,-2539062.5,5.1960166e-07,1.8542649e-07,0.9396719139742373,0.0044412998796964165,/content/drive/MyDrive/N-MON/ALTRO/spectograms/LINEAR-WIDE-20/1906.npy,LINEAR-WIDE-20
-0.008274243,-0.12219691,0.9616279,0.9448463,0.96166354,-0.9971155,0.99499816,1.9921136796474457,0.018817756,1.0579658,-1.8171388148966463,-3925781.25,5.721049e-07,1.8409624e-07,0.9394619196718048,0.005934010398994999,/content/drive/MyDrive/N-MON/ALTRO/spectograms/LINEAR-WIDE-20/1907.npy,LINEAR-WIDE-20
-0.010687472,-0.051290598,0.9615101,0.945217,0.96156955,-0.9966218,0.9955356,1.9921574145555496,0.017566366,1.0565217,-1.7803133546966008,2832031.25,5.981303e-07,1.8358926e-07,0.9411035822840517,0.009682535872466756,/content/drive/MyDrive/N-MON/ALTRO/spectograms/LINEAR-WIDE-20/1908.npy,LINEAR-WIDE-20
-0.0012670746,-0.0109203365,0.9605909,0.9442103,0.96059173,-0.99529797,0.996806,1.9921039640903473,0.0049386034,1.0578197,-1.774271384370776,-3886718.75,5.662541e-07,1.8462322e-07,0.9465995950200295,0.005826884101980885,/content/drive/MyDrive/N-MON/ALTRO/spectograms/LINEAR-WIDE-20/1909.npy,LINEAR-WIDE-20
-0.014963677,-0.079473466,0.95916903,0.9422603,0.95928574,-0.9973513,0.994804,1.9921553432941437,0.021765584,1.0612371,-1.7616202871412618,3671875.0,5.788753e-07,1.8418632e-07,0.9456971915823615,0.003080206995741793,/content/drive/MyDrive/N-MON/ALTRO/spectograms/LINEAR-WIDE-20/1910.npy,LINEAR-WIDE-20
0.01339486,0.11615281,0.96251184,0.9477874,0.96260506,-0.9972061,0.99494165,1.9921477437019348,-0.027385097,1.0541483,-1.7955448683722344,-3046875.0,5.7329595e-07,1.8464506e-07,0.9401609175070647,0.0025841245907921163,/content/drive/MyDrive/N-MON/ALTRO/spectograms/LINEAR-WIDE-20/1911.npy,LINEAR-WIDE-20
0.0009515238,-0.011279287,0.9572361,0.93929595,0.95723665,-0.9956796,0.9964308,1.9921104460954666,-4.6057332e-05,1.0643262,-1.7356479015127404,3671875.0,5.7092956e-07,1.8349009e-07,0.9382097544426539,0.009649227523949595,/content/drive/MyDrive/N-MON/ALTRO/spectograms/LINEAR-WIDE-20/1912.npy,LINEAR-WIDE-20
-0.008536326,-0.046934888,0.9638494,0.95071834,0.9638873,-0.9961227,0.9960231,1.9921458512544632,0.014771116,1.0496325,-1.7907755511456795,-2949218.75,5.6845613e-07,1.8466298e-07,0.9445413680147305,0.009376950174458063,/content/drive/MyDrive/N-MON/ALTRO/spectograms/LINEAR-WIDE-20/1913.npy,LINEAR-WIDE-20
0.029607404,0.343808,0.9613465,0.9447992,0.96180236,-0.9960263,0.9961084,1.9921346753835678,-0.059601575,1.0592132,-1.7807452408548292,4511718.75,5.5256925e-07,1.8371442e-07,0.9485559377828685,0.0038272338725112744,/content/drive/MyDrive/N-MON/ALTRO/spectograms/LINEAR-WIDE-20/1914.npy,LINEAR-WIDE-20
-0.016183378,-0.20080566,0.9573671,0.9399634,0.95750386,-0.99759257,0.9945574,1.9921499490737915,0.032337878,1.0637885,-1.7330919153908086,2617187.5,5.8687107e-07,1.839438e-07,0.9449568345534216,0.0032676476910910124,/content/drive/MyDrive/N-MON/ALTRO/spectograms/LINEAR-WIDE-20/1915.npy,LINEAR-WIDE-20
0.010540325,0.10005206,0.96010244,0.94292206,0.9601603,-0.9974529,0.99468094,1.9921338707208633,-0.022219136,1.0608262,-1.7823361353169418,-4003906.25,5.952207e-07,1.8350721e-07,0.937135927587682,0.008047667237105819,/content/drive/MyDrive/N-MON/ALTRO/spectograms/LINEAR-WIDE-20/1916.npy,LINEAR-WIDE-20
-0.024863802,-0.1698081,0.957978,0.93989664,0.9583006,-0.9978852,0.9942672,1.9921524673700333,0.045900334,1.0647719,-1.7448615967481447,2910156.25,6.2672757e-07,1.834605e-07,0.942325639304477,0.00922724119842636,/content/drive/MyDrive/N-MON/ALTRO/spectograms/LINEAR-WIDE-20/1917.npy,LINEAR-WIDE-20
-0.018600617,-0.2810411,0.9612823,0.94582105,0.96146226,-0.99593496,0.9961958,1.9921307861804962,0.04372135,1.0569922,-1.7724666355658123,-3867187.5,5.7926445e-07,1.8412126e-07,0.9470197141237648,0.006336971040096311,/content/drive/MyDrive/N-MON/ALTRO/spectograms/LINEAR-WIDE-20/1918.npy,LINEAR-WIDE-20
0.020477675,0.31493497,0.96275705,0.9471614,0.9629748,-0.9974856,0.99466807,1.9921536594629288,-0.04865489,1.0563658,-1.8224257154503276,2949218.75,5.7530747e-07,1.8438652e-07,0.9453759739179033,0.003628465668822954,/content/drive/MyDrive/N-MON/ALTRO/spectograms/LINEAR-WIDE-20/1919.npy,LINEAR-WIDE-20
-0.03331485,-0.4105984,0.96129733,0.9464468,0.96187437,-0.99656194,0.99559,1.992151901125908,0.06980351,1.0584488,-1.7828416985366584,-3867187.5,5.4753554e-07,1.8461384e-07,0.9396754826006399,0.006107743568885179,/content/drive/MyDrive/N-MON/ALTRO/spectograms/LINEAR-WIDE-20/1920.npy,LINEAR-WIDE-20
0.001272521,0.05418181,0.9612044,0.94515663,0.96120524,-0.99659216,0.9955722,1.9921643882989883,-0.0068194377,1.0570538,-1.782423743094306,3535156.25,6.297902e-07,1.8449835e-07,0.9403038587018416,0.010379565771297514,/content/drive/MyDrive/N-MON/ALTRO/spectograms/LINEAR-WIDE-20/1921.npy,LINEAR-WIDE-20
0.026628224,0.3551293,0.9597229,0.9437612,0.9600922,-0.9965178,0.99562615,1.9921439290046692,-0.056574415,1.0608226,-1.7541610239547512,-2871093.75,5.736475e-07,1.8339907e-07,0.9483846057028158,0.0058885911788245544,/content/drive/MyDrive/N-MON/ALTRO/spectograms/LINEAR-WIDE-20/1922.npy,LINEAR-WIDE-20
-0.0014584756,0.0074667954,0.95954263,0.9430549,0.9595437,-0.9963568,0.9957969,1.9921537041664124,0.006175842,1.0589329,-1.7402455705249518,4375000.0,6.3055387e-07,1.8428285e-07,0.9459408700936817,0.0032931500259169447,/content/drive/MyDrive/N-MON/ALTRO/spectograms/LINEAR-WIDE-20/1923.npy,LINEAR-WIDE-20
-0.004474494,-0.05112399,0.9598958,0.9432832,0.9599062,-0.9963792,0.9957209,1.9921001344919205,0.009249528,1.0595697,-1.7693620174834168,-2402343.75,6.28788e-07,1.8388468e-07,0.9413401028343658,0.003918638281243041,/content/drive/MyDrive/N-MON/ALTRO/spectograms/LINEAR-WIDE-20/1924.npy,LINEAR-WIDE-20
-0.0015683251,0.010746425,0.95531297,0.936179,0.9553142,-0.9971758,0.99499005,1.9921658635139465,-0.0012223334,1.0672075,-1.7043342749339658,-4785156.25,5.9802136e-07,1.8302973e-07,0.9379711834226023,0.009792284638249564,/content/drive/MyDrive/N-MON/ALTRO/spectograms/LINEAR-WIDE-20/1925.npy,LINEAR-WIDE-20
-0.019646732,-0.24663986,0.95989233,0.9434756,0.9600934,-0.9966419,0.99552226,1.9921641498804092,0.0393075,1.0607177,-1.758788171271463,-2304687.5,5.862435e-07,1.8388559e-07,0.9460317594866432,0.007466687821875416,/content/drive/MyDrive/N-MON/ALTRO/spectograms/LINEAR-WIDE-20/1926.npy,LINEAR-WIDE-20
-0.020917121,-0.22071396,0.96048903,0.94453883,0.9607167,-0.99808466,0.9940486,1.9921332597732544,0.04044555,1.0580289,-1.755060086102093,-4746093.75,5.39206e-07,1.8415635e-07,0.9491758873644851,0.0035807283643036892,/content/drive/MyDrive/N-MON/ALTRO/spectograms/LINEAR-WIDE-20/1927.npy,LINEAR-WIDE-20
-0.0015602207,0.04278772,0.96155435,0.9454095,0.9615556,-0.9960878,0.99598193,1.992069736123085,0.00045054397,1.0567046,-1.7867017599892565,2617187.5,6.3930514e-07,1.8422972e-07,0.9440047602495567,0.003129236749099285,/content/drive/MyDrive/N-MON/ALTRO/spectograms/LINEAR-WIDE-20/1928.npy,LINEAR-WIDE-20
0.0013561745,0.042432245,0.95919216,0.9410953,0.9591931,-0.9963422,0.99576455,1.9921067208051682,-0.0068088123,1.0618075,-1.7618815461223971,-2890625.0,5.57276e-07,1.8401053e-07,0.937100838208035,0.009843336041763719,/content/drive/MyDrive/N-MON/ALTRO/spectograms/LINEAR-WIDE-20/1929.npy,LINEAR-WIDE-20
0.02250934,0.2556193,0.96192676,0.9467996,0.96219003,-0.99813765,0.994026,1.9921636581420898,-0.04711327,1.0567265,-1.7936909829922236,2695312.5,5.879212e-07,1.846046e-07,0.9423792129484123,0.009325402007116488,/content/drive/MyDrive/N-MON/ALTRO/spectograms/LINEAR-WIDE-20/1930.npy,LINEAR-WIDE-20
0.0064267376,0.15043077,0.95926255,0.9417727,0.95928407,-0.99805284,0.99410254,1.9921553879976273,-0.020256232,1.0618664,-1.7591362023570138,-3808593.75,5.767605e-07,1.8355576e-07,0.9470674259087688,0.004587503023301065,/content/drive/MyDrive/N-MON/ALTRO/spectograms/LINEAR-WIDE-20/1931.npy,LINEAR-WIDE-20
0.02292003,0.20798856,0.9619362,0.9458376,0.96220917,-0.9951118,0.9970388,1.9921506196260452,-0.04359096,1.0570692,-1.789956120041005,3652343.75,6.529992e-07,1.8414511e-07,0.9446731017506098,0.0032828154975862852,/content/drive/MyDrive/N-MON/ALTRO/spectograms/LINEAR-WIDE-20/1932.npy,LINEAR-WIDE-20
-0.014514549,-0.11506906,0.96116215,0.9451472,0.96127176,-0.9977739,0.9943702,1.992144137620926,0.025772164,1.0573981,-1.7837500150126193,-2968750.0,5.872176e-07,1.8374523e-07,0.936825064107025,0.007270308901255956,/content/drive/MyDrive/N-MON/ALTRO/spectograms/LINEAR-WIDE-20/1933.npy,LINEAR-WIDE-20
0.0007420368,-0.0099380845,0.95843863,0.9410485,0.95843893,-0.9981083,0.99401236,1.9921207278966904,-0.0060318257,1.0624698,-1.7591390540533764,2578125.0,6.282167e-07,1.8421005e-07,0.9377577029473027,0.009195000942936392,/content/drive/MyDrive/N-MON/ALTRO/spectograms/LINEAR-WIDE-20/1934.npy,LINEAR-WIDE-20
0.04520394,0.5144934,0.9629223,0.9456334,0.96398276,-0.9971175,0.9950209,1.992138460278511,-0.09846299,1.0634902,-1.8381574115456234,-2441406.25,5.752847e-07,1.8356513e-07,0.9492249653225112,0.005794475380312315,/content/drive/MyDrive/N-MON/ALTRO/spectograms/LINEAR-WIDE-20/1935.npy,LINEAR-WIDE-20
0.016664905,0.16718237,0.96356785,0.9478949,0.963712,-0.9968442,0.9953104,1.992154598236084,-0.035826623,1.0541402,-1.8173157569259015,4375000.0,6.2865837e-07,1.8429688e-07,0.944940989951685,0.0030901317981311092,/content/drive/MyDrive/N-MON/ALTRO/spectograms/LINEAR-WIDE-20/1936.npy,LINEAR-WIDE-20
0.0025577927,0.08567125,0.95995736,0.9431659,0.95996076,-0.9962908,0.9957825,1.9920732825994492,-0.007924542,1.0593243,-1.762084932969578,-2402343.75,5.814636e-07,1.840574e-07,0.9389894996590026,0.004193173793298501,/content/drive/MyDrive/N-MON/ALTRO/spectograms/LINEAR-WIDE-20/1937.npy,LINEAR-WIDE-20
0.009775294,0.095305435,0.9566522,0.938008,0.9567021,-0.99833846,0.9938261,1.9921645820140839,-0.024520783,1.0659708,-1.7119796299286618,-4785156.25,6.393833e-07,1.8280873e-07,0.9372662096531976,0.011474361008919565,/content/drive/MyDrive/N-MON/ALTRO/spectograms/LINEAR-WIDE-20/1938.npy,LINEAR-WIDE-20
0.015154321,0.13306722,0.9569138,0.9391897,0.9570338,-0.99591124,0.99623954,1.9921507835388184,-0.02804139,1.0644952,-1.7193448767247237,2734375.0,5.855983e-07,1.8325338e-07,0.9454560110013555,0.007126377916464483,/content/drive/MyDrive/N-MON/ALTRO/spectograms/LINEAR-WIDE-20/1939.npy,LINEAR-WIDE-20
0.0031572198,0.10326682,0.96455884,0.95077324,0.964564,-0.9982756,0.99386406,1.9921396374702454,-0.013053406,1.049876,-1.8000278912991405,-3945312.5,5.483509e-07,1.8584801e-07,0.9449890838134509,0.003770715880923208,/content/drive/MyDrive/N-MON/ALTRO/spectograms/LINEAR-WIDE-20/1940.npy,LINEAR-WIDE-20
-0.003924095,-0.011992365,0.9616472,0.94573826,0.96165526,-0.9963609,0.9957657,1.992126613855362,0.008122299,1.0558184,-1.7767860318478272,2871093.75,6.9682153e-07,1.8364044e-07,0.9412715441544778,0.0024451758590809123,/content/drive/MyDrive/N-MON/ALTRO/spectograms/LINEAR-WIDE-20/1941.npy,LINEAR-WIDE-20
0.00044248105,-0.023676194,0.96396744,0.94998693,0.9639675,-0.99636954,0.9957546,1.9921241402626038,-0.002632325,1.0504482,-1.8003544892350283,-3847656.25,5.614909e-07,1.8377473e-07,0.9352084822885277,0.009490122713235044,/content/drive/MyDrive/N-MON/ALTRO/spectograms/LINEAR-WIDE-20/1942.npy,LINEAR-WIDE-20
0.01990967,0.23764572,0.96089154,0.944162,0.9610978,-0.99665797,0.9954743,1.9921322464942932,-0.043242257,1.0597613,-1.7932038263768952,3652343.75,5.96362e-07,1.843558e-07,0.9431021577017855,0.01047729526015876,/content/drive/MyDrive/N-MON/ALTRO/spectograms/LINEAR-WIDE-20/1943.npy,LINEAR-WIDE-20
0.005204381,-0.01148226,0.9588584,0.94069505,0.95887244,-0.99577403,0.99637353,1.9921475499868393,-0.007533782,1.062435,-1.7612873498730839,-3007812.5,6.0206753e-07,1.830648e-07,0.9462445109447231,0.0038356252653864316,/content/drive/MyDrive/N-MON/ALTRO/spectograms/LINEAR-WIDE-20/1944.npy,LINEAR-WIDE-20
-0.006969901,-0.083955795,0.9617701,0.9449035,0.96179545,-0.9980637,0.9940845,1.9921481758356094,0.010586545,1.0581683,-1.8186313434389512,3007812.5,5.929786e-07,1.8351336e-07,0.9453452555276123,0.0034713096510719226,/content/drive/MyDrive/N-MON/ALTRO/spectograms/LINEAR-WIDE-20/1945.npy,LINEAR-WIDE-20
-0.004752605,-0.062027592,0.95921844,0.94232994,0.9592302,-0.995512,0.99661225,1.9921242743730545,0.008634251,1.0598122,-1.7470591195937353,-2968750.0,6.2519166e-07,1.8448816e-07,0.9377574645496954,0.007167624541613552,/content/drive/MyDrive/N-MON/ALTRO/spectograms/LINEAR-WIDE-20/1946.npy,LINEAR-WIDE-20
-0.009102371,-0.11348547,0.9584345,0.94056773,0.95847774,-0.99649477,0.9956533,1.9921480566263199,0.020639915,1.0626622,-1.7615555845151498,4492187.5,5.5767975e-07,1.8393706e-07,0.9407778400104726,0.010150598669516366,/content/drive/MyDrive/N-MON/ALTRO/spectograms/LINEAR-WIDE-20/1947.npy,LINEAR-WIDE-20
-0.023352947,-0.25377345,0.96509784,0.9497523,0.9653804,-0.99592894,0.9962384,1.992167353630066,0.047544777,1.0537578,-1.8735199985626745,-2441406.25,5.3172437e-07,1.8587376e-07,0.9426149540568165,0.006077609999827318,/content/drive/MyDrive/N-MON/ALTRO/spectograms/LINEAR-WIDE-20/1948.npy,LINEAR-WIDE-20
-0.022945156,-0.2749073,0.96259725,0.94706964,0.96287066,-0.9976901,0.9944678,1.9921578913927078,0.047125306,1.0559558,-1.8055797360061432,-4726562.5,5.6005666e-07,1.851007e-07,0.9435323109100957,0.004462587090136363,/content/drive/MyDrive/N-MON/ALTRO/spectograms/LINEAR-WIDE-20/1949.npy,LINEAR-WIDE-20
-0.0027153692,-0.015953502,0.96219003,0.9466369,0.96219385,-0.99637026,0.9957747,1.9921449273824692,0.0048955246,1.0550896,-1.7957615324883822,-2460937.5,6.3517047e-07,1.8411077e-07,0.9398889640283714,0.004331921539706079,/content/drive/MyDrive/N-MON/ALTRO/spectograms/LINEAR-WIDE-20/1950.npy,LINEAR-WIDE-20
0.00056126213,-0.0099885585,0.9588649,0.9415464,0.95886517,-0.9982548,0.9938925,1.9921472519636154,-0.0049841255,1.0617474,-1.7629450707161667,-4941406.25,6.3806584e-07,1.8337448e-07,0.9353179259847032,0.009575209360108911,/content/drive/MyDrive/N-MON/ALTRO/spectograms/LINEAR-WIDE-20/1951.npy,LINEAR-WIDE-20
-0.019647725,-0.26269647,0.96359503,0.9486786,0.9637953,-0.99710137,0.9950087,1.9921100735664368,0.04158141,1.0532001,-1.8043164545222574,2460937.5,6.196345e-07,1.8480789e-07,0.9454155030008864,0.006706640957267062,/content/drive/MyDrive/N-MON/ALTRO/spectograms/LINEAR-WIDE-20/1952.npy,LINEAR-WIDE-20
-0.00047231102,0.044627175,0.95998853,0.94313246,0.95998865,-0.99839073,0.99376786,1.992158591747284,-0.0050933342,1.0590018,-1.7603751293149117,-3691406.25,5.7856994e-07,1.8381567e-07,0.9465166717398954,0.002889530835906605,/content/drive/MyDrive/N-MON/ALTRO/spectograms/LINEAR-WIDE-20/1953.npy,LINEAR-WIDE-20
0.002178526,0.05059131,0.9594601,0.9419522,0.9594626,-0.99642706,0.9956569,1.9920839816331863,-0.00706036,1.0607448,-1.7591454711263632,3671875.0,5.0664175e-07,1.8438332e-07,0.942968314366379,0.003363291191919875,/content/drive/MyDrive/N-MON/ALTRO/spectograms/LINEAR-WIDE-20/1954.npy,LINEAR-WIDE-20
0.011107158,0.14093977,0.9611261,0.94541955,0.9611902,-0.9957315,0.9964015,1.9921329766511917,-0.02067487,1.0574628,-1.7945788550115351,2460937.5,5.391482e-07,1.8359981e-07,0.9366056220624808,0.009690713010921566,/content/drive/MyDrive/N-MON/ALTRO/spectograms/LINEAR-WIDE-20/1955.npy,LINEAR-WIDE-20
0.01973555,0.24925187,0.9629736,0.9487293,0.96317583,-0.99686664,0.99529696,1.9921635836362839,-0.043053813,1.0535822,-1.7788159839733304,3398437.5,6.505828e-07,1.8485892e-07,0.9440827505161355,0.008797642550367763,/content/drive/MyDrive/N-MON/ALTRO/spectograms/LINEAR-WIDE-20/1956.npy,LINEAR-WIDE-20
-0.017554753,-0.19199413,0.9618185,0.9466315,0.96197873,-0.99675477,0.99529004,1.992044821381569,0.035139106,1.0552673,-1.7748258659418783,-3222656.25,5.9581214e-07,1.8430998e-07,0.9464787523132547,0.003758537893150569,/content/drive/MyDrive/N-MON/ALTRO/spectograms/LINEAR-WIDE-20/1957.npy,LINEAR-WIDE-20
0.0041682958,0.06815109,0.9638355,0.9490366,0.9638445,-0.9982012,0.99393934,1.992140531539917,-0.012647041,1.0523509,-1.8145442684326423,4453125.0,6.052347e-07,1.8388349e-07,0.9433384335936661,0.0032539222645206235,/content/drive/MyDrive/N-MON/ALTRO/spectograms/LINEAR-WIDE-20/1958.npy,LINEAR-WIDE-20
-0.0028674698,-0.034966566,0.9613571,0.94612974,0.9613614,-0.9959347,0.99613446,1.992069199681282,0.0051006046,1.055573,-1.7690297326430058,-4199218.75,5.7949165e-07,1.8301277e-07,0.9381332733073233,0.009987815729811635,/content/drive/MyDrive/N-MON/ALTRO/spectograms/LINEAR-WIDE-20/1959.npy,LINEAR-WIDE-20
0.010908811,0.11999619,0.956688,0.9382386,0.95675015,-0.9971484,0.9950134,1.992161825299263,-0.024743784,1.06592,-1.721758666021571,-4707031.25,6.52447e-07,1.8338218e-07,0.9444156086068008,0.00857202611583178,/content/drive/MyDrive/N-MON/ALTRO/spectograms/LINEAR-WIDE-20/1960.npy,LINEAR-WIDE-20
-0.032088704,-0.3747149,0.9658118,0.95208293,0.96634465,-0.99587804,0.9962741,1.992152139544487,0.06426447,1.0516193,-1.839317337343654,3398437.5,4.769419e-07,1.857018e-07,0.9473000782150236,0.004885683364931073,/content/drive/MyDrive/N-MON/ALTRO/spectograms/LINEAR-WIDE-20/1961.npy,LINEAR-WIDE-20
0.0014118782,0.05735331,0.9607234,0.9436167,0.9607244,-0.9972874,0.9948155,1.9921028912067413,-0.0077679846,1.0587324,-1.783453675526521,-4023437.5,5.570811e-07,1.8454394e-07,0.9438361466815601,0.0025585935798506385,/content/drive/MyDrive/N-MON/ALTRO/spectograms/LINEAR-WIDE-20/1962.npy,LINEAR-WIDE-20
-0.0054375,0.02662563,0.9654686,0.9507118,0.9654839,-0.9968672,0.99527454,1.992141768336296,0.008040084,1.0502714,-1.8413006027016723,2578125.0,5.755231e-07,1.8394792e-07,0.9378448320718222,0.007158070272973909,/content/drive/MyDrive/N-MON/ALTRO/spectograms/LINEAR-WIDE-20/1963.npy,LINEAR-WIDE-20
-0.011245636,-0.09093429,0.9613951,0.9454038,0.9614608,-0.9971076,0.99502945,1.9921370446681976,0.02097417,1.0567536,-1.7764113247878826,-3828125.0,6.4562005e-07,1.8471202e-07,0.9420081855398832,0.010744481739661124,/content/drive/MyDrive/N-MON/ALTRO/spectograms/LINEAR-WIDE-20/1964.npy,LINEAR-WIDE-20
0.023959137,0.2562062,0.96161526,0.9450924,0.96191376,-0.99768394,0.99447036,1.9921543300151825,-0.05175959,1.0595593,-1.806012800411039,-3808593.75,5.0100874e-07,1.8521897e-07,0.9471532977963678,0.004964240401459082,/content/drive/MyDrive/N-MON/ALTRO/spectograms/LINEAR-WIDE-20/1965.npy,LINEAR-WIDE-20
-0.003621521,-0.012376107,0.9620617,0.94664747,0.9620685,-0.99677294,0.99531484,1.992087796330452,0.0024403129,1.0555582,-1.796003682982681,-3789062.5,5.7520316e-07,1.841785e-07,0.9459112887632526,0.0045848414515080585,/content/drive/MyDrive/N-MON/ALTRO/spectograms/LINEAR-WIDE-20/1966.npy,LINEAR-WIDE-20
-0.006823875,-0.0720688,0.9603376,0.9439156,0.96036184,-0.99787974,0.99424404,1.992123782634735,0.011650067,1.0586413,-1.772782844342052,3671875.0,6.352581e-07,1.8415224e-07,0.9391770848710258,0.0065195256573388535,/content/drive/MyDrive/N-MON/ALTRO/spectograms/LINEAR-WIDE-20/1967.npy,LINEAR-WIDE-20
0.012891556,0.16678381,0.9598179,0.94250876,0.95990443,-0.99714446,0.9949918,1.9921362102031708,-0.031330485,1.0608704,-1.772657633697999,-2949218.75,5.9669117e-07,1.8331116e-07,0.9410169069310157,0.009039905012245131,/content/drive/MyDrive/N-MON/ALTRO/spectograms/LINEAR-WIDE-20/1968.npy,LINEAR-WIDE-20
-0.006790266,-0.031964928,0.9598498,0.94338894,0.95987386,-0.996758,0.99539614,1.9921541213989258,0.014475165,1.0593102,-1.773067478261914,4453125.0,7.420896e-07,1.8332742e-07,0.9466725579336346,0.005530623751672877,/content/drive/MyDrive/N-MON/ALTRO/spectograms/LINEAR-WIDE-20/1969.npy,LINEAR-WIDE-20
0.0061411103,0.073342204,0.9589552,0.94134456,0.9589749,-0.9969027,0.9952137,1.9921164363622665,-0.0136219645,1.0619737,-1.7559370888547081,-2421875.0,5.6679676e-07,1.8424663e-07,0.9467460958725726,0.003102270881481301,/content/drive/MyDrive/N-MON/ALTRO/spectograms/LINEAR-WIDE-20/1970.npy,LINEAR-WIDE-20
-0.022383178,-0.27410728,0.9610221,0.9458842,0.96128273,-0.9967819,0.9953656,1.992147520184517,0.04447026,1.0572162,-1.7571377937792143,-4804687.5,6.176721e-07,1.8484563e-07,0.9382830522443822,0.00576175536429011,/content/drive/MyDrive/N-MON/ALTRO/spectograms/LINEAR-WIDE-20/1971.npy,LINEAR-WIDE-20
0.006807461,0.0029672147,0.95608735,0.9369749,0.95611155,-0.9969828,0.9951701,1.9921529442071915,-0.011584334,1.0676682,-1.7349762336564283,2597656.25,5.9889965e-07,1.8443875e-07,0.9396230010102345,0.010331413974371467,/content/drive/MyDrive/N-MON/ALTRO/spectograms/LINEAR-WIDE-20/1972.npy,LINEAR-WIDE-20
-0.0034802542,0.11898312,0.9585359,0.941695,0.9585423,-0.9980967,0.99405915,1.992155835032463,-0.0035719597,1.0612146,-1.7409695410975188,-3261718.75,5.835049e-07,1.8417609e-07,0.9453976953526428,0.005943218302715517,/content/drive/MyDrive/N-MON/ALTRO/spectograms/LINEAR-WIDE-20/1973.npy,LINEAR-WIDE-20
-0.017138682,-0.14897119,0.9614067,0.94500357,0.9615594,-0.99659514,0.99556875,1.9921638667583466,0.03355936,1.0580701,-1.7915452537875354,2480468.75,5.958379e-07,1.8463243e-07,0.9455390369451079,0.0054110429328583075,/content/drive/MyDrive/N-MON/ALTRO/spectograms/LINEAR-WIDE-20/1974.npy,LINEAR-WIDE-20
0.0015884567,0.09645086,0.95702374,0.9389157,0.95702505,-0.99725515,0.9948686,1.9921237230300903,-0.008718028,1.0643761,-1.7211647077426087,-3984375.0,5.574458e-07,1.8408436e-07,0.938730216137215,0.00521438344640123,/content/drive/MyDrive/N-MON/ALTRO/spectograms/LINEAR-WIDE-20/1975.npy,LINEAR-WIDE-20
0.015731351,0.20955226,0.96407115,0.9493015,0.9641995,-0.9973146,0.9946155,1.9919300377368927,-0.037118163,1.0527713,-1.8167734533970334,2519531.25,6.428062e-07,1.854929e-07,0.9384032115148754,0.007291836951601388,/content/drive/MyDrive/N-MON/ALTRO/spectograms/LINEAR-WIDE-20/1976.npy,LINEAR-WIDE-20
-0.038878486,-0.46534395,0.9622788,0.9465338,0.9630639,-0.99662125,0.99551356,1.9921348094940186,0.082232565,1.0600594,-1.8029736335864854,-3183593.75,5.5329315e-07,1.8485768e-07,0.9485044012642356,0.006372553686193444,/content/drive/MyDrive/N-MON/ALTRO/spectograms/LINEAR-WIDE-20/1977.npy,LINEAR-WIDE-20
-0.0013759794,0.041698217,0.9623759,0.9474866,0.9623769,-0.997297,0.994832,1.9921289831399918,-0.0015827289,1.0544189,-1.801123955662477,2558593.75,6.001749e-07,1.8571671e-07,0.9456968924007352,0.004005506486793651,/content/drive/MyDrive/N-MON/ALTRO/spectograms/LINEAR-WIDE-20/1978.npy,LINEAR-WIDE-20
-0.015351806,-0.076431304,0.95812833,0.9404182,0.95825136,-0.998278,0.9938805,1.992158591747284,0.025144814,1.0630167,-1.740097924311286,2578125.0,5.8640074e-07,1.8478416e-07,0.9392378054219606,0.004385320931739771,/content/drive/MyDrive/N-MON/ALTRO/spectograms/LINEAR-WIDE-20/1979.npy,LINEAR-WIDE-20
0.0121171,0.16299611,0.9621416,0.94627905,0.96221787,-0.9971617,0.9950042,1.9921658635139465,-0.02955429,1.0560538,-1.7875498891732982,-2578125.0,6.022348e-07,1.8443961e-07,0.9398575472343025,0.010653630798129313,/content/drive/MyDrive/N-MON/ALTRO/spectograms/LINEAR-WIDE-20/1980.npy,LINEAR-WIDE-20
0.019428017,0.18992199,0.9623764,0.94689745,0.9625725,-0.9974366,0.99469,1.9921265840530396,-0.04161616,1.0562471,-1.796861240728248,-2363281.25,6.09368e-07,1.8445448e-07,0.946444807733944,0.006576410252376252,/content/drive/MyDrive/N-MON/ALTRO/spectograms/LINEAR-WIDE-20/1981.npy,LINEAR-WIDE-20
-0.027780887,-0.25462458,0.9616867,0.9456433,0.9620879,-0.99681664,0.9953343,1.9921509772539139,0.05313998,1.0581199,-1.7720561265272166,-4746093.75,6.214024e-07,1.8433394e-07,0.9480101635215299,0.002962065902143894,/content/drive/MyDrive/N-MON/ALTRO/spectograms/LINEAR-WIDE-20/1982.npy,LINEAR-WIDE-20
0.0019944943,0.04239881,0.96149683,0.94632006,0.9614989,-0.99659234,0.9955693,1.9921616315841675,-0.005718297,1.0551722,-1.7730888309622632,2617187.5,7.739507e-07,1.8392556e-07,0.938464227964129,0.0037910271394392646,/content/drive/MyDrive/N-MON/ALTRO/spectograms/LINEAR-WIDE-20/1983.npy,LINEAR-WIDE-20
0.0018605046,0.06564602,0.9621196,0.9469609,0.96212137,-0.99691254,0.99525255,1.9921651035547256,-0.0040795235,1.0546345,-1.7878181417719274,-4707031.25,6.233182e-07,1.8496408e-07,0.9394831160701733,0.009761570209244204,/content/drive/MyDrive/N-MON/ALTRO/spectograms/LINEAR-WIDE-20/1984.npy,LINEAR-WIDE-20
-0.0051033157,-0.058591127,0.9588693,0.9406259,0.95888287,-0.9961072,0.9960427,1.9921499341726303,0.007991534,1.0624505,-1.7652528459698857,2910156.25,6.9190844e-07,1.8414605e-07,0.9460166606650993,0.006856897498878783,/content/drive/MyDrive/N-MON/ALTRO/spectograms/LINEAR-WIDE-20/1985.npy,LINEAR-WIDE-20
-0.010346148,-0.11058807,0.962246,0.9460802,0.9623016,-0.99724567,0.9948153,1.992060974240303,0.018596953,1.056455,-1.810660517189523,-4570312.5,5.732403e-07,1.8467173e-07,0.9419877046914145,0.007080752332274148,/content/drive/MyDrive/N-MON/ALTRO/spectograms/LINEAR-WIDE-20/1986.npy,LINEAR-WIDE-20
0.013719201,0.09665739,0.9553779,0.93649817,0.95547634,-0.99708265,0.99505496,1.9921376407146454,-0.030431008,1.0668353,-1.6915190396545736,3691406.25,6.889512e-07,1.8302015e-07,0.9392381673770075,0.004559010232545649,/content/drive/MyDrive/N-MON/ALTRO/spectograms/LINEAR-WIDE-20/1987.npy,LINEAR-WIDE-20
0.0047723935,0.04657109,0.9557063,0.9367987,0.9557182,-0.99641424,0.99569905,1.992113322019577,-0.012763417,1.0666022,-1.7015341382087181,4570312.5,5.8876554e-07,1.8381456e-07,0.9396322716121562,0.01043121621507634,/content/drive/MyDrive/N-MON/ALTRO/spectograms/LINEAR-WIDE-20/1988.npy,LINEAR-WIDE-20
-0.006849204,-0.058946498,0.958358,0.94248277,0.9583825,-0.99654424,0.9956134,1.9921576529741287,0.011948544,1.06003,-1.7251525000665524,3789062.5,5.750996e-07,1.8468401e-07,0.9475408491651691,0.005416115274993438,/content/drive/MyDrive/N-MON/ALTRO/spectograms/LINEAR-WIDE-20/1989.npy,LINEAR-WIDE-20
0.010232561,0.054222792,0.9586831,0.9410912,0.9587377,-0.99659544,0.99556315,1.992158591747284,-0.018688215,1.0616176,-1.7412546487485916,-2343750.0,6.1958093e-07,1.8437596e-07,0.9466696273762985,0.003992939966932939,/content/drive/MyDrive/N-MON/ALTRO/spectograms/LINEAR-WIDE-20/1990.npy,LINEAR-WIDE-20
-0.012241392,-0.14571396,0.9560687,0.9383412,0.9561471,-0.997285,0.99475104,1.9920360296964645,0.024688577,1.0659908,-1.71562650600798,3886718.75,5.497189e-07,1.8464813e-07,0.9382240624446252,0.0058975650753443735,/content/drive/MyDrive/N-MON/ALTRO/spectograms/LINEAR-WIDE-20/1991.npy,LINEAR-WIDE-20
-0.0018565473,0.0036016016,0.95980775,0.9426421,0.95980954,-0.99637556,0.99578416,1.9921597242355347,0.0015525849,1.0594535,-1.7665581552459237,-2792968.75,5.5880326e-07,1.8469761e-07,0.9404757449150559,0.010293290617539922,/content/drive/MyDrive/N-MON/ALTRO/spectograms/LINEAR-WIDE-20/1992.npy,LINEAR-WIDE-20
-0.030765537,-0.34344873,0.962287,0.9462499,0.9627786,-0.9957849,0.996371,1.9921558499336243,0.06520103,1.0589169,-1.8044519323373998,-4746093.75,5.6671456e-07,1.8498775e-07,0.9492647617490031,0.005919374209994872,/content/drive/MyDrive/N-MON/ALTRO/spectograms/LINEAR-WIDE-20/1993.npy,LINEAR-WIDE-20
0.0029701733,0.0923042,0.96178794,0.9455411,0.9617925,-0.9974392,0.9946794,1.9921185821294785,-0.012593568,1.0562872,-1.7872954652077297,2558593.75,5.710844e-07,1.8539876e-07,0.9454580317638728,0.004013461253057431,/content/drive/MyDrive/N-MON/ALTRO/spectograms/LINEAR-WIDE-20/1994.npy,LINEAR-WIDE-20
-0.00820573,-0.06812916,0.9611608,0.9460229,0.96119577,-0.99798375,0.99416214,1.992145910859108,0.0140484525,1.0549082,-1.764144825908,-4003906.25,5.7167097e-07,1.839128e-07,0.9387145327918872,0.0060985261424767465,/content/drive/MyDrive/N-MON/ALTRO/spectograms/LINEAR-WIDE-20/1995.npy,LINEAR-WIDE-20
0.007944478,0.030975511,0.9659135,0.95225173,0.96594614,-0.99638593,0.9957785,1.9921644628047943,-0.015958792,1.0481157,-1.8311802541119706,2265625.0,6.08511e-07,1.845315e-07,0.9394920987894837,0.009591015331021704,/content/drive/MyDrive/N-MON/ALTRO/spectograms/LINEAR-WIDE-20/1996.npy,LINEAR-WIDE-20
0.012349323,0.08150703,0.95819426,0.94009364,0.95827377,-0.99656194,0.9955859,1.9921478629112244,-0.024675256,1.0643164,-1.754723996604563,-3808593.75,6.58786e-07,1.8348544e-07,0.9467511971615682,0.006571736767913089,/content/drive/MyDrive/N-MON/ALTRO/spectograms/LINEAR-WIDE-20/1997.npy,LINEAR-WIDE-20
0.00996888,0.074115396,0.9578226,0.9399021,0.9578745,-0.99621135,0.995935,1.992146372795105,-0.019253196,1.0634327,-1.7362964511471868,-2500000.0,5.213413e-07,1.8417441e-07,0.9462439280166136,0.002854920276843439,/content/drive/MyDrive/N-MON/ALTRO/spectograms/LINEAR-WIDE-20/1998.npy,LINEAR-WIDE-20
0.00054314424,-0.019797435,0.9644057,0.9504265,0.9644059,-0.9964987,0.9956569,1.9921556264162064,-1.2660755e-05,1.0506536,-1.8225627940496791,-2519531.25,6.108112e-07,1.8439424e-07,0.9393628511604692,0.005158217184391217,/content/drive/MyDrive/N-MON/ALTRO/spectograms/LINEAR-WIDE-20/1999.npy,LINEAR-WIDE-20
